Blender 4.5.14 LTS (hash 62c1db4208e8 built 2026-09-15 01:33:49)
Fra:0 Mem:36.05M (Peak 37.24M) | Time:00:00.85 | Mem:0.00M, Peak:0.00M | Scene, ViewLayer | Synchronizing object | t0
Fra:0 Mem:39.96M (Peak 39.96M) | Time:00:00.86 | Mem:0.00M, Peak:0.00M | Scene, ViewLayer | Synchronizing object | t1
Fra:0 Mem:47.49M (Peak 48.32M) | Time:00:00.87 | Mem:0.00M, Peak:0.00M | Scene, ViewLayer | Synchronizing object | near_vol
Fra:0 Mem:47.49M (Peak 48.32M) | Time:00:00.87 | Mem:0.00M, Peak:0.00M | Scene, ViewLayer | Synchronizing object | far_vol
Fra:0 Mem:47.49M (Peak 48.32M) | Time:00:00.87 | Mem:0.00M, Peak:0.00M | Scene, ViewLayer | Synchronizing object | main_vol
Fra:0 Mem:47.49M (Peak 48.32M) | Time:00:00.87 | Mem:0.00M, Peak:0.00M | Scene, ViewLayer | Synchronizing object | fill
Fra:0 Mem:47.49M (Peak 48.32M) | Time:00:00.88 | Mem:0.00M, Peak:0.00M | Scene, ViewLayer | Synchronizing object | rim
Fra:0 Mem:47.49M (Peak 48.32M) | Time:00:00.90 | Mem:0.00M, Peak:0.00M | Scene, ViewLayer | Initializing
Fra:0 Mem:47.48M (Peak 48.32M) | Time:00:00.90 | Mem:0.00M, Peak:0.00M | Scene, ViewLayer | Waiting for render to start
Fra:0 Mem:47.48M (Peak 48.32M) | Time:00:00.90 | Mem:0.00M, Peak:0.00M | Scene, ViewLayer | Updating Scene
Fra:0 Mem:47.48M (Peak 48.32M) | Time:00:00.90 | Mem:0.00M, Peak:0.00M | Scene, ViewLayer | Updating Shaders
Fra:0 Mem:47.48M (Peak 48.32M) | Time:00:00.90 | Mem:0.00M, Peak:0.00M | Scene, ViewLayer | Loading render kernels (may take a few minutes the first time)
Fra:0 Mem:47.57M (Peak 74.65M) | Time:00:01.08 | Mem:0.00M, Peak:0.00M | Scene, ViewLayer | Updating Procedurals
Fra:0 Mem:47.57M (Peak 74.65M) | Time:00:01.08 | Mem:0.00M, Peak:0.00M | Scene, ViewLayer | Updating Background
Fra:0 Mem:47.57M (Peak 74.65M) | Time:00:01.08 | Mem:0.00M, Peak:0.00M | Scene, ViewLayer | Updating Camera
Fra:0 Mem:47.57M (Peak 74.65M) | Time:00:01.08 | Mem:0.00M, Peak:0.00M | Scene, ViewLayer | Updating Meshes Flags
Fra:0 Mem:47.57M (Peak 74.65M) | Time:00:01.08 | Mem:0.00M, Peak:0.00M | Scene, ViewLayer | Updating Meshes Volume Bounds
Fra:0 Mem:47.57M (Peak 74.65M) | Time:00:01.08 | Mem:0.00M, Peak:0.00M | Scene, ViewLayer | Updating Volume Images
Fra:0 Mem:47.57M (Peak 74.65M) | Time:00:01.08 | Mem:0.00M, Peak:0.00M | Scene, ViewLayer | Updating Mesh | Computing Volume Mesh main_vol
Fra:0 Mem:47.57M (Peak 74.65M) | Time:00:01.08 | Mem:0.00M, Peak:0.00M | Scene, ViewLayer | Updating Mesh | Computing Volume Mesh far_vol
Fra:0 Mem:47.57M (Peak 74.65M) | Time:00:01.08 | Mem:0.00M, Peak:0.00M | Scene, ViewLayer | Updating Mesh | Computing Volume Mesh near_vol
Fra:0 Mem:47.57M (Peak 74.65M) | Time:00:01.08 | Mem:0.00M, Peak:0.00M | Scene, ViewLayer | Updating Objects
Fra:0 Mem:47.57M (Peak 74.65M) | Time:00:01.08 | Mem:0.00M, Peak:0.00M | Scene, ViewLayer | Updating Objects | Copying Transformations to device
Fra:0 Mem:47.57M (Peak 74.65M) | Time:00:01.08 | Mem:0.00M, Peak:0.00M | Scene, ViewLayer | Updating Particle Systems
Fra:0 Mem:47.57M (Peak 74.65M) | Time:00:01.08 | Mem:0.00M, Peak:0.00M | Scene, ViewLayer | Updating Particle Systems | Copying Particles to device
Fra:0 Mem:47.57M (Peak 74.65M) | Time:00:01.08 | Mem:0.00M, Peak:0.00M | Scene, ViewLayer | Updating Meshes
Fra:0 Mem:47.57M (Peak 74.65M) | Time:00:01.08 | Mem:0.00M, Peak:0.00M | Scene, ViewLayer | Updating Objects | Applying Static Transformations
Fra:0 Mem:47.57M (Peak 74.65M) | Time:00:01.09 | Mem:0.00M, Peak:0.00M | Scene, ViewLayer | Updating Mesh | Computing attributes
Fra:0 Mem:48.53M (Peak 74.65M) | Time:00:01.09 | Mem:0.01M, Peak:0.01M | Scene, ViewLayer | Updating Mesh | Copying Attributes to device
Fra:0 Mem:48.53M (Peak 74.65M) | Time:00:01.09 | Mem:0.96M, Peak:0.96M | Scene, ViewLayer | Updating Geometry BVH light 10/9 | Building BVH
Fra:0 Mem:48.53M (Peak 74.65M) | Time:00:01.09 | Mem:0.96M, Peak:0.96M | Scene, ViewLayer | Updating Geometry BVH main_vol 5/9 | Building BVH
Fra:0 Mem:48.53M (Peak 74.65M) | Time:00:01.09 | Mem:0.96M, Peak:0.96M | Scene, ViewLayer | Updating Geometry BVH t1 9/9 | Building BVH
Fra:0 Mem:48.53M (Peak 74.65M) | Time:00:01.09 | Mem:0.96M, Peak:0.96M | Scene, ViewLayer | Updating Geometry BVH t1 9/9 | Building OptiX acceleration structure
Fra:0 Mem:48.53M (Peak 74.65M) | Time:00:01.13 | Mem:0.96M, Peak:0.96M | Scene, ViewLayer | Updating Scene BVH | Building
Fra:0 Mem:48.53M (Peak 74.65M) | Time:00:01.13 | Mem:0.96M, Peak:0.96M | Scene, ViewLayer | Updating Scene BVH | Building OptiX acceleration structure
Fra:0 Mem:48.53M (Peak 74.65M) | Time:00:01.13 | Mem:0.96M, Peak:0.96M | Scene, ViewLayer | Updating Scene BVH | Building BVH
Fra:0 Mem:48.53M (Peak 74.65M) | Time:00:01.13 | Mem:0.96M, Peak:0.96M | Scene, ViewLayer | Updating Scene BVH | Building BVH 0%
Fra:0 Mem:48.53M (Peak 74.65M) | Time:00:01.19 | Mem:0.96M, Peak:0.96M | Scene, ViewLayer | Updating Scene BVH | Copying BVH to device
Fra:0 Mem:48.53M (Peak 74.65M) | Time:00:01.19 | Mem:0.96M, Peak:0.96M | Scene, ViewLayer | Updating Mesh | Computing normals
Fra:0 Mem:52.55M (Peak 74.65M) | Time:00:01.20 | Mem:0.96M, Peak:0.96M | Scene, ViewLayer | Updating Mesh | Copying Mesh to device
Fra:0 Mem:52.55M (Peak 74.65M) | Time:00:01.20 | Mem:4.98M, Peak:4.98M | Scene, ViewLayer | Updating Objects Flags
Fra:0 Mem:52.55M (Peak 74.65M) | Time:00:01.20 | Mem:4.98M, Peak:4.98M | Scene, ViewLayer | Updating Primitive Offsets
Fra:0 Mem:52.55M (Peak 74.65M) | Time:00:01.20 | Mem:4.98M, Peak:4.98M | Scene, ViewLayer | Updating Images
Fra:0 Mem:52.55M (Peak 74.65M) | Time:00:01.20 | Mem:4.98M, Peak:4.98M | Scene, ViewLayer | Updating Camera Volume
Fra:0 Mem:52.55M (Peak 74.65M) | Time:00:01.20 | Mem:4.98M, Peak:4.98M | Scene, ViewLayer | Updating Lookup Tables
Fra:0 Mem:52.55M (Peak 74.65M) | Time:00:01.20 | Mem:5.07M, Peak:5.07M | Scene, ViewLayer | Updating Lights
Fra:0 Mem:52.55M (Peak 74.65M) | Time:00:01.20 | Mem:5.07M, Peak:5.07M | Scene, ViewLayer | Updating Lights | Computing tree
Fra:0 Mem:52.55M (Peak 74.65M) | Time:00:01.20 | Mem:5.07M, Peak:5.07M | Scene, ViewLayer | Updating Integrator
Fra:0 Mem:52.55M (Peak 74.65M) | Time:00:01.20 | Mem:5.07M, Peak:5.07M | Scene, ViewLayer | Updating Film
Fra:0 Mem:52.56M (Peak 74.65M) | Time:00:01.20 | Mem:4.99M, Peak:5.07M | Scene, ViewLayer | Updating Lookup Tables
Fra:0 Mem:52.56M (Peak 74.65M) | Time:00:01.20 | Mem:5.07M, Peak:5.07M | Scene, ViewLayer | Updating Baking
Fra:0 Mem:52.56M (Peak 74.65M) | Time:00:01.20 | Mem:5.07M, Peak:5.07M | Scene, ViewLayer | Updating Device | Writing constant memory
Fra:0 Mem:52.56M (Peak 74.65M) | Time:00:01.20 | Mem:5.07M, Peak:5.07M | Scene, ViewLayer | Loading denoising kernels (may take a few minutes the first time)
Fra:0 Mem:56.56M (Peak 74.65M) | Time:00:01.57 | Mem:5.07M, Peak:5.07M | Scene, ViewLayer | Sample 0/24
Fra:0 Mem:141.29M (Peak 141.29M) | Time:00:01.62 | Remaining:00:01.22 | Mem:5.07M, Peak:5.07M | Scene, ViewLayer | Sample 1/24
Fra:0 Mem:141.30M (Peak 253.70M) | Time:00:01.80 | Remaining:00:00.85 | Mem:5.07M, Peak:89.61M | Scene, ViewLayer | Sample 5/24
Fra:0 Mem:141.30M (Peak 253.70M) | Time:00:01.93 | Remaining:00:00.30 | Mem:5.07M, Peak:89.61M | Scene, ViewLayer | Sample 13/24
Fra:0 Mem:261.44M (Peak 314.84M) | Time:00:02.17 | Mem:5.07M, Peak:89.61M | Scene, ViewLayer | Sample 24/24
Fra:0 Mem:261.44M (Peak 314.84M) | Time:00:02.17 | Mem:5.07M, Peak:89.61M | Scene, ViewLayer | Finished
Saved: 'C:\Work\domin8te-build\daysky\out\b\f0000.png'
Time: 00:02.50 (Saving: 00:00.33)

Fra:1 Mem:225.85M (Peak 314.84M) | Time:00:00.98 | Mem:5.07M, Peak:5.07M | Scene, ViewLayer | Synchronizing object | t0
Fra:1 Mem:225.85M (Peak 314.84M) | Time:00:00.98 | Mem:5.07M, Peak:5.07M | Scene, ViewLayer | Synchronizing object | t1
Fra:1 Mem:225.85M (Peak 314.84M) | Time:00:00.98 | Mem:5.07M, Peak:5.07M | Scene, ViewLayer | Synchronizing object | near_vol
Fra:1 Mem:225.85M (Peak 314.84M) | Time:00:00.98 | Mem:5.07M, Peak:5.07M | Scene, ViewLayer | Synchronizing object | far_vol
Fra:1 Mem:225.85M (Peak 314.84M) | Time:00:00.98 | Mem:5.07M, Peak:5.07M | Scene, ViewLayer | Synchronizing object | main_vol
Fra:1 Mem:225.85M (Peak 314.84M) | Time:00:00.98 | Mem:5.07M, Peak:5.07M | Scene, ViewLayer | Initializing
Fra:1 Mem:225.84M (Peak 314.84M) | Time:00:00.98 | Mem:5.07M, Peak:5.07M | Scene, ViewLayer | Waiting for render to start
Fra:1 Mem:225.84M (Peak 314.84M) | Time:00:00.98 | Mem:5.07M, Peak:5.07M | Scene, ViewLayer | Updating Scene
Fra:1 Mem:225.84M (Peak 314.84M) | Time:00:00.98 | Mem:5.07M, Peak:5.07M | Scene, ViewLayer | Updating Shaders
Fra:1 Mem:225.84M (Peak 314.84M) | Time:00:00.98 | Mem:5.07M, Peak:5.07M | Scene, ViewLayer | Updating Procedurals
Fra:1 Mem:225.84M (Peak 314.84M) | Time:00:00.98 | Mem:5.07M, Peak:5.07M | Scene, ViewLayer | Updating Background
Fra:1 Mem:225.84M (Peak 314.84M) | Time:00:00.98 | Mem:5.07M, Peak:5.07M | Scene, ViewLayer | Updating Camera
Fra:1 Mem:225.84M (Peak 314.84M) | Time:00:00.98 | Mem:5.07M, Peak:5.07M | Scene, ViewLayer | Updating Meshes Flags
Fra:1 Mem:225.84M (Peak 314.84M) | Time:00:00.98 | Mem:5.07M, Peak:5.07M | Scene, ViewLayer | Updating Meshes Volume Bounds
Fra:1 Mem:225.84M (Peak 314.84M) | Time:00:00.98 | Mem:5.07M, Peak:5.07M | Scene, ViewLayer | Updating Volume Images
Fra:1 Mem:225.84M (Peak 314.84M) | Time:00:00.98 | Mem:5.07M, Peak:5.07M | Scene, ViewLayer | Updating Mesh | Computing Volume Mesh main_vol
Fra:1 Mem:225.90M (Peak 314.84M) | Time:00:00.99 | Mem:5.07M, Peak:5.07M | Scene, ViewLayer | Updating Mesh | Computing Volume Mesh far_vol
Fra:1 Mem:225.93M (Peak 314.84M) | Time:00:01.00 | Mem:5.07M, Peak:5.07M | Scene, ViewLayer | Updating Mesh | Computing Volume Mesh near_vol
Fra:1 Mem:225.95M (Peak 314.84M) | Time:00:01.00 | Mem:5.07M, Peak:5.07M | Scene, ViewLayer | Updating Objects
Fra:1 Mem:225.95M (Peak 314.84M) | Time:00:01.00 | Mem:5.07M, Peak:5.07M | Scene, ViewLayer | Updating Objects | Copying Transformations to device
Fra:1 Mem:225.95M (Peak 314.84M) | Time:00:01.00 | Mem:5.07M, Peak:5.07M | Scene, ViewLayer | Updating Particle Systems
Fra:1 Mem:225.95M (Peak 314.84M) | Time:00:01.00 | Mem:5.07M, Peak:5.07M | Scene, ViewLayer | Updating Meshes
Fra:1 Mem:221.00M (Peak 314.84M) | Time:00:01.00 | Mem:0.09M, Peak:5.07M | Scene, ViewLayer | Updating Objects | Applying Static Transformations
Fra:1 Mem:221.00M (Peak 314.84M) | Time:00:01.00 | Mem:0.09M, Peak:5.07M | Scene, ViewLayer | Updating Mesh | Computing attributes
Fra:1 Mem:221.95M (Peak 314.84M) | Time:00:01.00 | Mem:0.09M, Peak:5.07M | Scene, ViewLayer | Updating Mesh | Copying Attributes to device
Fra:1 Mem:221.95M (Peak 314.84M) | Time:00:01.00 | Mem:1.05M, Peak:5.07M | Scene, ViewLayer | Updating Geometry BVH t1 6/5 | Building BVH
Fra:1 Mem:221.95M (Peak 314.84M) | Time:00:01.00 | Mem:1.05M, Peak:5.07M | Scene, ViewLayer | Updating Geometry BVH t1 6/5 | Building OptiX acceleration structure
Fra:1 Mem:221.95M (Peak 314.84M) | Time:00:01.01 | Mem:1.05M, Peak:5.07M | Scene, ViewLayer | Updating Geometry BVH t0 5/5 | Building BVH
Fra:1 Mem:221.95M (Peak 314.84M) | Time:00:01.01 | Mem:1.05M, Peak:5.07M | Scene, ViewLayer | Updating Geometry BVH t0 5/5 | Building OptiX acceleration structure
Fra:1 Mem:221.95M (Peak 314.84M) | Time:00:01.01 | Mem:1.05M, Peak:5.07M | Scene, ViewLayer | Updating Geometry BVH near_vol 4/5 | Building BVH
Fra:1 Mem:221.95M (Peak 314.84M) | Time:00:01.01 | Mem:1.05M, Peak:5.07M | Scene, ViewLayer | Updating Geometry BVH near_vol 4/5 | Building OptiX acceleration structure
Fra:1 Mem:221.95M (Peak 314.84M) | Time:00:01.01 | Mem:1.05M, Peak:5.07M | Scene, ViewLayer | Updating Geometry BVH far_vol 3/5 | Building BVH
Fra:1 Mem:221.95M (Peak 314.84M) | Time:00:01.01 | Mem:1.05M, Peak:5.07M | Scene, ViewLayer | Updating Geometry BVH far_vol 3/5 | Building OptiX acceleration structure
Fra:1 Mem:221.95M (Peak 314.84M) | Time:00:01.01 | Mem:1.05M, Peak:5.07M | Scene, ViewLayer | Updating Geometry BVH main_vol 2/5 | Building BVH
Fra:1 Mem:221.95M (Peak 314.84M) | Time:00:01.01 | Mem:1.05M, Peak:5.07M | Scene, ViewLayer | Updating Geometry BVH main_vol 2/5 | Building OptiX acceleration structure
Fra:1 Mem:221.95M (Peak 314.84M) | Time:00:01.01 | Mem:1.05M, Peak:5.07M | Scene, ViewLayer | Updating Scene BVH | Building
Fra:1 Mem:221.95M (Peak 314.84M) | Time:00:01.01 | Mem:1.05M, Peak:5.07M | Scene, ViewLayer | Updating Scene BVH | Building OptiX acceleration structure
Fra:1 Mem:221.95M (Peak 314.84M) | Time:00:01.01 | Mem:1.05M, Peak:5.07M | Scene, ViewLayer | Updating Scene BVH | Building BVH
Fra:1 Mem:221.95M (Peak 314.84M) | Time:00:01.01 | Mem:1.05M, Peak:5.07M | Scene, ViewLayer | Updating Scene BVH | Building BVH 0%
Fra:1 Mem:221.95M (Peak 314.84M) | Time:00:01.06 | Mem:1.05M, Peak:5.07M | Scene, ViewLayer | Updating Scene BVH | Copying BVH to device
Fra:1 Mem:221.95M (Peak 314.84M) | Time:00:01.06 | Mem:1.05M, Peak:5.07M | Scene, ViewLayer | Updating Mesh | Computing normals
Fra:1 Mem:226.09M (Peak 314.84M) | Time:00:01.07 | Mem:1.05M, Peak:5.07M | Scene, ViewLayer | Updating Mesh | Copying Mesh to device
Fra:1 Mem:226.09M (Peak 314.84M) | Time:00:01.07 | Mem:5.18M, Peak:5.18M | Scene, ViewLayer | Updating Objects Flags
Fra:1 Mem:226.09M (Peak 314.84M) | Time:00:01.36 | Mem:5.18M, Peak:5.18M | Scene, ViewLayer | Updating Primitive Offsets
Fra:1 Mem:226.09M (Peak 314.84M) | Time:00:01.36 | Mem:5.18M, Peak:5.18M | Scene, ViewLayer | Updating Images
Fra:1 Mem:226.09M (Peak 314.84M) | Time:00:01.36 | Mem:5.18M, Peak:5.18M | Scene, ViewLayer | Updating Images | Loading density
Fra:1 Mem:229.65M (Peak 314.84M) | Time:00:01.36 | Mem:8.71M, Peak:8.71M | Scene, ViewLayer | Updating Camera Volume
Fra:1 Mem:229.65M (Peak 314.84M) | Time:00:01.36 | Mem:8.71M, Peak:8.71M | Scene, ViewLayer | Updating Lookup Tables
Fra:1 Mem:229.65M (Peak 314.84M) | Time:00:01.36 | Mem:8.71M, Peak:8.71M | Scene, ViewLayer | Updating Lights
Fra:1 Mem:229.65M (Peak 314.84M) | Time:00:01.36 | Mem:8.71M, Peak:8.71M | Scene, ViewLayer | Updating Lights | Computing tree
Fra:1 Mem:229.65M (Peak 314.84M) | Time:00:01.36 | Mem:8.71M, Peak:8.71M | Scene, ViewLayer | Updating Integrator
Fra:1 Mem:229.65M (Peak 314.84M) | Time:00:01.36 | Mem:8.71M, Peak:8.71M | Scene, ViewLayer | Updating Film
Fra:1 Mem:229.65M (Peak 314.84M) | Time:00:01.36 | Mem:8.71M, Peak:8.71M | Scene, ViewLayer | Updating Lookup Tables
Fra:1 Mem:229.65M (Peak 314.84M) | Time:00:01.36 | Mem:8.71M, Peak:8.71M | Scene, ViewLayer | Updating Baking
Fra:1 Mem:229.65M (Peak 314.84M) | Time:00:01.36 | Mem:8.71M, Peak:8.71M | Scene, ViewLayer | Updating Device | Writing constant memory
Fra:1 Mem:229.65M (Peak 314.84M) | Time:00:01.36 | Mem:8.71M, Peak:8.71M | Scene, ViewLayer | Sample 0/24
Fra:1 Mem:229.65M (Peak 314.84M) | Time:00:01.61 | Remaining:00:05.61 | Mem:8.71M, Peak:8.71M | Scene, ViewLayer | Sample 1/24
Fra:1 Mem:229.65M (Peak 314.84M) | Time:00:01.81 | Remaining:00:04.88 | Mem:8.71M, Peak:93.25M | Scene, ViewLayer | Sample 2/24
Fra:1 Mem:229.65M (Peak 314.84M) | Time:00:02.13 | Remaining:00:05.34 | Mem:8.71M, Peak:93.25M | Scene, ViewLayer | Sample 3/24
Fra:1 Mem:229.65M (Peak 316.69M) | Time:00:02.36 | Remaining:00:04.98 | Mem:8.71M, Peak:93.25M | Scene, ViewLayer | Sample 4/24
Fra:1 Mem:229.65M (Peak 316.69M) | Time:00:02.62 | Remaining:00:04.76 | Mem:8.71M, Peak:93.25M | Scene, ViewLayer | Sample 5/24
Fra:1 Mem:229.65M (Peak 316.69M) | Time:00:02.77 | Remaining:00:04.22 | Mem:8.71M, Peak:93.25M | Scene, ViewLayer | Sample 6/24
Fra:1 Mem:265.24M (Peak 318.64M) | Time:00:04.94 | Mem:8.71M, Peak:93.25M | Scene, ViewLayer | Sample 24/24
Fra:1 Mem:265.24M (Peak 318.64M) | Time:00:04.94 | Mem:8.71M, Peak:93.25M | Scene, ViewLayer | Finished
Saved: 'C:\Work\domin8te-build\daysky\out\b\f0001.png'
Time: 00:05.08 (Saving: 00:00.13)

Fra:2 Mem:229.65M (Peak 318.64M) | Time:00:00.88 | Mem:8.71M, Peak:8.71M | Scene, ViewLayer | Synchronizing object | t0
Fra:2 Mem:229.65M (Peak 318.64M) | Time:00:00.88 | Mem:8.71M, Peak:8.71M | Scene, ViewLayer | Synchronizing object | t1
Fra:2 Mem:229.65M (Peak 318.64M) | Time:00:00.88 | Mem:8.71M, Peak:8.71M | Scene, ViewLayer | Synchronizing object | near_vol
Fra:2 Mem:229.63M (Peak 318.64M) | Time:00:00.88 | Mem:8.71M, Peak:8.71M | Scene, ViewLayer | Synchronizing object | far_vol
Fra:2 Mem:229.59M (Peak 318.64M) | Time:00:00.88 | Mem:8.71M, Peak:8.71M | Scene, ViewLayer | Synchronizing object | main_vol
Fra:2 Mem:229.52M (Peak 318.64M) | Time:00:00.88 | Mem:8.71M, Peak:8.71M | Scene, ViewLayer | Initializing
Fra:2 Mem:229.51M (Peak 318.64M) | Time:00:00.88 | Mem:8.71M, Peak:8.71M | Scene, ViewLayer | Waiting for render to start
Fra:2 Mem:229.51M (Peak 318.64M) | Time:00:00.88 | Mem:8.71M, Peak:8.71M | Scene, ViewLayer | Updating Scene
Fra:2 Mem:229.51M (Peak 318.64M) | Time:00:00.88 | Mem:8.71M, Peak:8.71M | Scene, ViewLayer | Updating Shaders
Fra:2 Mem:229.51M (Peak 318.64M) | Time:00:00.88 | Mem:8.71M, Peak:8.71M | Scene, ViewLayer | Updating Background
Fra:2 Mem:229.51M (Peak 318.64M) | Time:00:00.88 | Mem:8.71M, Peak:8.71M | Scene, ViewLayer | Updating Camera
Fra:2 Mem:229.51M (Peak 318.64M) | Time:00:00.88 | Mem:8.71M, Peak:8.71M | Scene, ViewLayer | Updating Meshes Flags
Fra:2 Mem:229.51M (Peak 318.64M) | Time:00:00.88 | Mem:8.71M, Peak:8.71M | Scene, ViewLayer | Updating Meshes Volume Bounds
Fra:2 Mem:229.51M (Peak 318.64M) | Time:00:00.88 | Mem:8.71M, Peak:8.71M | Scene, ViewLayer | Updating Volume Images
Fra:2 Mem:229.51M (Peak 318.64M) | Time:00:00.88 | Mem:8.71M, Peak:8.71M | Scene, ViewLayer | Updating Mesh | Computing Volume Mesh main_vol
Fra:2 Mem:229.57M (Peak 318.64M) | Time:00:00.90 | Mem:8.71M, Peak:8.71M | Scene, ViewLayer | Updating Mesh | Computing Volume Mesh far_vol
Fra:2 Mem:229.60M (Peak 318.64M) | Time:00:00.90 | Mem:8.71M, Peak:8.71M | Scene, ViewLayer | Updating Mesh | Computing Volume Mesh near_vol
Fra:2 Mem:229.61M (Peak 318.64M) | Time:00:00.91 | Mem:8.71M, Peak:8.71M | Scene, ViewLayer | Updating Objects
Fra:2 Mem:229.61M (Peak 318.64M) | Time:00:00.91 | Mem:8.71M, Peak:8.71M | Scene, ViewLayer | Updating Objects | Copying Transformations to device
Fra:2 Mem:229.61M (Peak 318.64M) | Time:00:00.91 | Mem:8.71M, Peak:8.71M | Scene, ViewLayer | Updating Particle Systems
Fra:2 Mem:229.61M (Peak 318.64M) | Time:00:00.91 | Mem:8.71M, Peak:8.71M | Scene, ViewLayer | Updating Meshes
Fra:2 Mem:224.55M (Peak 318.64M) | Time:00:00.91 | Mem:3.62M, Peak:8.71M | Scene, ViewLayer | Updating Objects | Applying Static Transformations
Fra:2 Mem:224.55M (Peak 318.64M) | Time:00:00.91 | Mem:3.62M, Peak:8.71M | Scene, ViewLayer | Updating Mesh | Computing attributes
Fra:2 Mem:225.51M (Peak 318.64M) | Time:00:00.91 | Mem:3.62M, Peak:8.71M | Scene, ViewLayer | Updating Mesh | Copying Attributes to device
Fra:2 Mem:225.51M (Peak 318.64M) | Time:00:00.91 | Mem:4.58M, Peak:8.71M | Scene, ViewLayer | Updating Geometry BVH t1 6/5 | Building BVH
Fra:2 Mem:225.51M (Peak 318.64M) | Time:00:00.91 | Mem:4.58M, Peak:8.71M | Scene, ViewLayer | Updating Geometry BVH t1 6/5 | Building OptiX acceleration structure
Fra:2 Mem:225.51M (Peak 318.64M) | Time:00:00.91 | Mem:4.58M, Peak:8.71M | Scene, ViewLayer | Updating Geometry BVH t0 5/5 | Building BVH
Fra:2 Mem:225.51M (Peak 318.64M) | Time:00:00.91 | Mem:4.58M, Peak:8.71M | Scene, ViewLayer | Updating Geometry BVH t0 5/5 | Building OptiX acceleration structure
Fra:2 Mem:225.51M (Peak 318.64M) | Time:00:00.91 | Mem:4.58M, Peak:8.71M | Scene, ViewLayer | Updating Geometry BVH near_vol 4/5 | Building BVH
Fra:2 Mem:225.51M (Peak 318.64M) | Time:00:00.91 | Mem:4.58M, Peak:8.71M | Scene, ViewLayer | Updating Geometry BVH near_vol 4/5 | Building OptiX acceleration structure
Fra:2 Mem:225.51M (Peak 318.64M) | Time:00:00.91 | Mem:4.58M, Peak:8.71M | Scene, ViewLayer | Updating Geometry BVH far_vol 3/5 | Building BVH
Fra:2 Mem:225.51M (Peak 318.64M) | Time:00:00.91 | Mem:4.58M, Peak:8.71M | Scene, ViewLayer | Updating Geometry BVH far_vol 3/5 | Building OptiX acceleration structure
Fra:2 Mem:225.51M (Peak 318.64M) | Time:00:00.91 | Mem:4.58M, Peak:8.71M | Scene, ViewLayer | Updating Geometry BVH main_vol 2/5 | Building BVH
Fra:2 Mem:225.51M (Peak 318.64M) | Time:00:00.91 | Mem:4.58M, Peak:8.71M | Scene, ViewLayer | Updating Geometry BVH main_vol 2/5 | Building OptiX acceleration structure
Fra:2 Mem:225.51M (Peak 318.64M) | Time:00:00.91 | Mem:4.58M, Peak:8.71M | Scene, ViewLayer | Updating Scene BVH | Building
Fra:2 Mem:225.51M (Peak 318.64M) | Time:00:00.91 | Mem:4.58M, Peak:8.71M | Scene, ViewLayer | Updating Scene BVH | Building OptiX acceleration structure
Fra:2 Mem:225.51M (Peak 318.64M) | Time:00:00.92 | Mem:4.58M, Peak:8.71M | Scene, ViewLayer | Updating Scene BVH | Building BVH
Fra:2 Mem:225.51M (Peak 318.64M) | Time:00:00.92 | Mem:4.58M, Peak:8.71M | Scene, ViewLayer | Updating Scene BVH | Building BVH 0%
Fra:2 Mem:225.51M (Peak 318.64M) | Time:00:00.99 | Mem:4.58M, Peak:8.71M | Scene, ViewLayer | Updating Scene BVH | Copying BVH to device
Fra:2 Mem:225.51M (Peak 318.64M) | Time:00:00.99 | Mem:4.58M, Peak:8.71M | Scene, ViewLayer | Updating Mesh | Computing normals
Fra:2 Mem:229.65M (Peak 318.64M) | Time:00:00.99 | Mem:4.58M, Peak:8.71M | Scene, ViewLayer | Updating Mesh | Copying Mesh to device
Fra:2 Mem:229.65M (Peak 318.64M) | Time:00:00.99 | Mem:8.71M, Peak:8.71M | Scene, ViewLayer | Updating Objects Flags
Fra:2 Mem:229.65M (Peak 318.64M) | Time:00:01.22 | Mem:8.71M, Peak:8.71M | Scene, ViewLayer | Updating Primitive Offsets
Fra:2 Mem:229.65M (Peak 318.64M) | Time:00:01.22 | Mem:8.71M, Peak:8.71M | Scene, ViewLayer | Updating Images
Fra:2 Mem:226.12M (Peak 318.64M) | Time:00:01.22 | Mem:5.18M, Peak:8.71M | Scene, ViewLayer | Updating Images | Loading density
Fra:2 Mem:229.65M (Peak 318.64M) | Time:00:01.22 | Mem:8.72M, Peak:8.72M | Scene, ViewLayer | Updating Camera Volume
Fra:2 Mem:229.65M (Peak 318.64M) | Time:00:01.22 | Mem:8.72M, Peak:8.72M | Scene, ViewLayer | Updating Lookup Tables
Fra:2 Mem:229.65M (Peak 318.64M) | Time:00:01.22 | Mem:8.72M, Peak:8.72M | Scene, ViewLayer | Updating Lights
Fra:2 Mem:229.65M (Peak 318.64M) | Time:00:01.22 | Mem:8.72M, Peak:8.72M | Scene, ViewLayer | Updating Lights | Computing tree
Fra:2 Mem:229.65M (Peak 318.64M) | Time:00:01.22 | Mem:8.72M, Peak:8.72M | Scene, ViewLayer | Updating Integrator
Fra:2 Mem:229.65M (Peak 318.64M) | Time:00:01.22 | Mem:8.72M, Peak:8.72M | Scene, ViewLayer | Updating Film
Fra:2 Mem:229.65M (Peak 318.64M) | Time:00:01.22 | Mem:8.72M, Peak:8.72M | Scene, ViewLayer | Updating Lookup Tables
Fra:2 Mem:229.65M (Peak 318.64M) | Time:00:01.22 | Mem:8.72M, Peak:8.72M | Scene, ViewLayer | Updating Baking
Fra:2 Mem:229.65M (Peak 318.64M) | Time:00:01.22 | Mem:8.72M, Peak:8.72M | Scene, ViewLayer | Updating Device | Writing constant memory
Fra:2 Mem:229.65M (Peak 318.64M) | Time:00:01.22 | Mem:8.72M, Peak:8.72M | Scene, ViewLayer | Sample 0/24
Fra:2 Mem:229.65M (Peak 318.64M) | Time:00:01.34 | Remaining:00:02.73 | Mem:8.72M, Peak:8.72M | Scene, ViewLayer | Sample 1/24
Fra:2 Mem:229.65M (Peak 318.64M) | Time:00:01.57 | Remaining:00:03.79 | Mem:8.72M, Peak:93.26M | Scene, ViewLayer | Sample 2/24
Fra:2 Mem:229.65M (Peak 318.64M) | Time:00:01.77 | Remaining:00:03.84 | Mem:8.72M, Peak:93.26M | Scene, ViewLayer | Sample 3/24
Fra:2 Mem:229.65M (Peak 318.64M) | Time:00:02.03 | Remaining:00:04.06 | Mem:8.72M, Peak:93.26M | Scene, ViewLayer | Sample 4/24
Fra:2 Mem:265.25M (Peak 318.64M) | Time:00:05.18 | Mem:8.72M, Peak:93.26M | Scene, ViewLayer | Sample 24/24
Fra:2 Mem:265.25M (Peak 318.64M) | Time:00:05.18 | Mem:8.72M, Peak:93.26M | Scene, ViewLayer | Finished
Saved: 'C:\Work\domin8te-build\daysky\out\b\f0002.png'
Time: 00:05.31 (Saving: 00:00.12)

Fra:3 Mem:229.65M (Peak 318.64M) | Time:00:01.37 | Mem:8.72M, Peak:8.72M | Scene, ViewLayer | Synchronizing object | main_vol
Fra:3 Mem:229.58M (Peak 318.64M) | Time:00:01.37 | Mem:8.72M, Peak:8.72M | Scene, ViewLayer | Synchronizing object | t0
Fra:3 Mem:229.52M (Peak 318.64M) | Time:00:01.37 | Mem:8.72M, Peak:8.72M | Scene, ViewLayer | Synchronizing object | t1
Fra:3 Mem:229.52M (Peak 318.64M) | Time:00:01.37 | Mem:8.72M, Peak:8.72M | Scene, ViewLayer | Initializing
Fra:3 Mem:229.51M (Peak 318.64M) | Time:00:01.37 | Mem:8.72M, Peak:8.72M | Scene, ViewLayer | Waiting for render to start
Fra:3 Mem:229.51M (Peak 318.64M) | Time:00:01.37 | Mem:8.72M, Peak:8.72M | Scene, ViewLayer | Updating Scene
Fra:3 Mem:229.51M (Peak 318.64M) | Time:00:01.37 | Mem:8.72M, Peak:8.72M | Scene, ViewLayer | Updating Shaders
Fra:3 Mem:229.51M (Peak 318.64M) | Time:00:01.37 | Mem:8.72M, Peak:8.72M | Scene, ViewLayer | Updating Background
Fra:3 Mem:229.51M (Peak 318.64M) | Time:00:01.37 | Mem:8.72M, Peak:8.72M | Scene, ViewLayer | Updating Camera
Fra:3 Mem:229.51M (Peak 318.64M) | Time:00:01.37 | Mem:8.72M, Peak:8.72M | Scene, ViewLayer | Updating Meshes Flags
Fra:3 Mem:229.51M (Peak 318.64M) | Time:00:01.37 | Mem:8.72M, Peak:8.72M | Scene, ViewLayer | Updating Meshes Volume Bounds
Fra:3 Mem:229.51M (Peak 318.64M) | Time:00:01.37 | Mem:8.72M, Peak:8.72M | Scene, ViewLayer | Updating Volume Images
Fra:3 Mem:229.51M (Peak 318.64M) | Time:00:01.37 | Mem:8.72M, Peak:8.72M | Scene, ViewLayer | Updating Mesh | Computing Volume Mesh main_vol
Fra:3 Mem:229.57M (Peak 318.64M) | Time:00:01.38 | Mem:8.72M, Peak:8.72M | Scene, ViewLayer | Updating Mesh | Computing Volume Mesh far_vol
Fra:3 Mem:229.60M (Peak 318.64M) | Time:00:01.39 | Mem:8.72M, Peak:8.72M | Scene, ViewLayer | Updating Mesh | Computing Volume Mesh near_vol
Fra:3 Mem:229.62M (Peak 318.64M) | Time:00:01.39 | Mem:8.72M, Peak:8.72M | Scene, ViewLayer | Updating Objects
Fra:3 Mem:229.62M (Peak 318.64M) | Time:00:01.39 | Mem:8.72M, Peak:8.72M | Scene, ViewLayer | Updating Objects | Copying Transformations to device
Fra:3 Mem:229.62M (Peak 318.64M) | Time:00:01.39 | Mem:8.72M, Peak:8.72M | Scene, ViewLayer | Updating Particle Systems
Fra:3 Mem:229.62M (Peak 318.64M) | Time:00:01.39 | Mem:8.72M, Peak:8.72M | Scene, ViewLayer | Updating Meshes
Fra:3 Mem:224.56M (Peak 318.64M) | Time:00:01.39 | Mem:3.62M, Peak:8.72M | Scene, ViewLayer | Updating Objects | Applying Static Transformations
Fra:3 Mem:224.56M (Peak 318.64M) | Time:00:01.39 | Mem:3.62M, Peak:8.72M | Scene, ViewLayer | Updating Mesh | Computing attributes
Fra:3 Mem:225.51M (Peak 318.64M) | Time:00:01.39 | Mem:3.62M, Peak:8.72M | Scene, ViewLayer | Updating Mesh | Copying Attributes to device
Fra:3 Mem:225.51M (Peak 318.64M) | Time:00:01.39 | Mem:4.58M, Peak:8.72M | Scene, ViewLayer | Updating Geometry BVH main_vol 2/5 | Building BVH
Fra:3 Mem:225.51M (Peak 318.64M) | Time:00:01.39 | Mem:4.58M, Peak:8.72M | Scene, ViewLayer | Updating Geometry BVH t1 6/5 | Building BVH
Fra:3 Mem:225.51M (Peak 318.64M) | Time:00:01.39 | Mem:4.58M, Peak:8.72M | Scene, ViewLayer | Updating Geometry BVH t0 5/5 | Building BVH
Fra:3 Mem:225.51M (Peak 318.64M) | Time:00:01.39 | Mem:4.58M, Peak:8.72M | Scene, ViewLayer | Updating Geometry BVH t0 5/5 | Building OptiX acceleration structure
Fra:3 Mem:225.51M (Peak 318.64M) | Time:00:01.40 | Mem:4.58M, Peak:8.72M | Scene, ViewLayer | Updating Scene BVH | Building
Fra:3 Mem:225.51M (Peak 318.64M) | Time:00:01.40 | Mem:4.58M, Peak:8.72M | Scene, ViewLayer | Updating Scene BVH | Building OptiX acceleration structure
Fra:3 Mem:225.51M (Peak 318.64M) | Time:00:01.40 | Mem:4.58M, Peak:8.72M | Scene, ViewLayer | Updating Scene BVH | Building BVH
Fra:3 Mem:225.51M (Peak 318.64M) | Time:00:01.40 | Mem:4.58M, Peak:8.72M | Scene, ViewLayer | Updating Scene BVH | Building BVH 0%
Fra:3 Mem:225.51M (Peak 318.64M) | Time:00:01.41 | Mem:4.58M, Peak:8.72M | Scene, ViewLayer | Updating Scene BVH | Copying BVH to device
Fra:3 Mem:225.51M (Peak 318.64M) | Time:00:01.41 | Mem:4.58M, Peak:8.72M | Scene, ViewLayer | Updating Mesh | Computing normals
Fra:3 Mem:229.65M (Peak 318.64M) | Time:00:01.41 | Mem:4.58M, Peak:8.72M | Scene, ViewLayer | Updating Mesh | Copying Mesh to device
Fra:3 Mem:229.65M (Peak 318.64M) | Time:00:01.41 | Mem:8.72M, Peak:8.72M | Scene, ViewLayer | Updating Objects Flags
Fra:3 Mem:229.65M (Peak 318.64M) | Time:00:01.43 | Mem:8.72M, Peak:8.72M | Scene, ViewLayer | Updating Primitive Offsets
Fra:3 Mem:229.65M (Peak 318.64M) | Time:00:01.43 | Mem:8.72M, Peak:8.72M | Scene, ViewLayer | Updating Images
Fra:3 Mem:228.97M (Peak 318.64M) | Time:00:01.43 | Mem:8.72M, Peak:8.72M | Scene, ViewLayer | Updating Images | Loading density
Fra:3 Mem:229.65M (Peak 318.64M) | Time:00:01.43 | Mem:8.72M, Peak:11.57M | Scene, ViewLayer | Updating Camera Volume
Fra:3 Mem:229.65M (Peak 318.64M) | Time:00:01.43 | Mem:8.72M, Peak:11.57M | Scene, ViewLayer | Updating Lookup Tables
Fra:3 Mem:229.65M (Peak 318.64M) | Time:00:01.43 | Mem:8.72M, Peak:11.57M | Scene, ViewLayer | Updating Lights
Fra:3 Mem:229.65M (Peak 318.64M) | Time:00:01.43 | Mem:8.72M, Peak:11.57M | Scene, ViewLayer | Updating Lights | Computing tree
Fra:3 Mem:229.65M (Peak 318.64M) | Time:00:01.43 | Mem:8.72M, Peak:11.57M | Scene, ViewLayer | Updating Integrator
Fra:3 Mem:229.65M (Peak 318.64M) | Time:00:01.43 | Mem:8.72M, Peak:11.57M | Scene, ViewLayer | Updating Film
Fra:3 Mem:229.65M (Peak 318.64M) | Time:00:01.43 | Mem:8.72M, Peak:11.57M | Scene, ViewLayer | Updating Lookup Tables
Fra:3 Mem:229.65M (Peak 318.64M) | Time:00:01.43 | Mem:8.72M, Peak:11.57M | Scene, ViewLayer | Updating Baking
Fra:3 Mem:229.65M (Peak 318.64M) | Time:00:01.43 | Mem:8.72M, Peak:11.57M | Scene, ViewLayer | Updating Device | Writing constant memory
Fra:3 Mem:229.65M (Peak 318.64M) | Time:00:01.43 | Mem:8.72M, Peak:11.57M | Scene, ViewLayer | Sample 0/24
Fra:3 Mem:229.65M (Peak 318.64M) | Time:00:01.72 | Remaining:00:06.65 | Mem:8.72M, Peak:11.57M | Scene, ViewLayer | Sample 1/24
Fra:3 Mem:229.65M (Peak 318.64M) | Time:00:02.07 | Remaining:00:06.99 | Mem:8.72M, Peak:93.26M | Scene, ViewLayer | Sample 2/24
Fra:3 Mem:229.65M (Peak 318.64M) | Time:00:02.38 | Remaining:00:06.60 | Mem:8.72M, Peak:93.26M | Scene, ViewLayer | Sample 3/24
Fra:3 Mem:229.65M (Peak 318.64M) | Time:00:02.55 | Remaining:00:05.57 | Mem:8.72M, Peak:93.26M | Scene, ViewLayer | Sample 4/24
Fra:3 Mem:265.25M (Peak 318.65M) | Time:00:05.03 | Mem:8.72M, Peak:93.26M | Scene, ViewLayer | Sample 24/24
Fra:3 Mem:265.25M (Peak 318.65M) | Time:00:05.03 | Mem:8.72M, Peak:93.26M | Scene, ViewLayer | Finished
Saved: 'C:\Work\domin8te-build\daysky\out\b\f0003.png'
Time: 00:05.17 (Saving: 00:00.14)

Fra:4 Mem:229.66M (Peak 318.65M) | Time:00:00.97 | Mem:8.72M, Peak:8.72M | Scene, ViewLayer | Synchronizing object | t0
Fra:4 Mem:229.66M (Peak 318.65M) | Time:00:00.97 | Mem:8.72M, Peak:8.72M | Scene, ViewLayer | Synchronizing object | t1
Fra:4 Mem:229.66M (Peak 318.65M) | Time:00:00.97 | Mem:8.72M, Peak:8.72M | Scene, ViewLayer | Synchronizing object | near_vol
Fra:4 Mem:229.63M (Peak 318.65M) | Time:00:00.97 | Mem:8.72M, Peak:8.72M | Scene, ViewLayer | Synchronizing object | far_vol
Fra:4 Mem:229.59M (Peak 318.65M) | Time:00:00.97 | Mem:8.72M, Peak:8.72M | Scene, ViewLayer | Synchronizing object | main_vol
Fra:4 Mem:229.52M (Peak 318.65M) | Time:00:00.97 | Mem:8.72M, Peak:8.72M | Scene, ViewLayer | Initializing
Fra:4 Mem:229.52M (Peak 318.65M) | Time:00:00.97 | Mem:8.72M, Peak:8.72M | Scene, ViewLayer | Waiting for render to start
Fra:4 Mem:229.52M (Peak 318.65M) | Time:00:00.97 | Mem:8.72M, Peak:8.72M | Scene, ViewLayer | Updating Scene
Fra:4 Mem:229.52M (Peak 318.65M) | Time:00:00.97 | Mem:8.72M, Peak:8.72M | Scene, ViewLayer | Updating Shaders
Fra:4 Mem:229.52M (Peak 318.65M) | Time:00:00.97 | Mem:8.72M, Peak:8.72M | Scene, ViewLayer | Updating Background
Fra:4 Mem:229.52M (Peak 318.65M) | Time:00:00.97 | Mem:8.72M, Peak:8.72M | Scene, ViewLayer | Updating Camera
Fra:4 Mem:229.52M (Peak 318.65M) | Time:00:00.97 | Mem:8.72M, Peak:8.72M | Scene, ViewLayer | Updating Meshes Flags
Fra:4 Mem:229.52M (Peak 318.65M) | Time:00:00.97 | Mem:8.72M, Peak:8.72M | Scene, ViewLayer | Updating Meshes Volume Bounds
Fra:4 Mem:229.52M (Peak 318.65M) | Time:00:00.97 | Mem:8.72M, Peak:8.72M | Scene, ViewLayer | Updating Volume Images
Fra:4 Mem:229.52M (Peak 318.65M) | Time:00:00.97 | Mem:8.72M, Peak:8.72M | Scene, ViewLayer | Updating Mesh | Computing Volume Mesh main_vol
Fra:4 Mem:229.57M (Peak 318.65M) | Time:00:00.99 | Mem:8.72M, Peak:8.72M | Scene, ViewLayer | Updating Mesh | Computing Volume Mesh far_vol
Fra:4 Mem:229.60M (Peak 318.65M) | Time:00:00.99 | Mem:8.72M, Peak:8.72M | Scene, ViewLayer | Updating Mesh | Computing Volume Mesh near_vol
Fra:4 Mem:229.62M (Peak 318.65M) | Time:00:01.00 | Mem:8.72M, Peak:8.72M | Scene, ViewLayer | Updating Objects
Fra:4 Mem:229.62M (Peak 318.65M) | Time:00:01.00 | Mem:8.72M, Peak:8.72M | Scene, ViewLayer | Updating Objects | Copying Transformations to device
Fra:4 Mem:229.62M (Peak 318.65M) | Time:00:01.00 | Mem:8.72M, Peak:8.72M | Scene, ViewLayer | Updating Particle Systems
Fra:4 Mem:229.62M (Peak 318.65M) | Time:00:01.00 | Mem:8.72M, Peak:8.72M | Scene, ViewLayer | Updating Meshes
Fra:4 Mem:224.56M (Peak 318.65M) | Time:00:01.00 | Mem:3.62M, Peak:8.72M | Scene, ViewLayer | Updating Objects | Applying Static Transformations
Fra:4 Mem:224.56M (Peak 318.65M) | Time:00:01.00 | Mem:3.62M, Peak:8.72M | Scene, ViewLayer | Updating Mesh | Computing attributes
Fra:4 Mem:225.51M (Peak 318.65M) | Time:00:01.00 | Mem:3.63M, Peak:8.72M | Scene, ViewLayer | Updating Mesh | Copying Attributes to device
Fra:4 Mem:225.51M (Peak 318.65M) | Time:00:01.00 | Mem:4.58M, Peak:8.72M | Scene, ViewLayer | Updating Geometry BVH t1 6/5 | Building BVH
Fra:4 Mem:225.51M (Peak 318.65M) | Time:00:01.00 | Mem:4.58M, Peak:8.72M | Scene, ViewLayer | Updating Geometry BVH t1 6/5 | Building OptiX acceleration structure
Fra:4 Mem:225.51M (Peak 318.65M) | Time:00:01.01 | Mem:4.58M, Peak:8.72M | Scene, ViewLayer | Updating Geometry BVH t0 5/5 | Building BVH
Fra:4 Mem:225.51M (Peak 318.65M) | Time:00:01.01 | Mem:4.58M, Peak:8.72M | Scene, ViewLayer | Updating Geometry BVH t0 5/5 | Building OptiX acceleration structure
Fra:4 Mem:226.49M (Peak 318.65M) | Time:00:01.01 | Mem:4.58M, Peak:8.72M | Scene, ViewLayer | Updating Geometry BVH main_vol 2/5 | Building BVH
Fra:4 Mem:226.49M (Peak 318.65M) | Time:00:01.01 | Mem:4.58M, Peak:8.72M | Scene, ViewLayer | Updating Geometry BVH main_vol 2/5 | Building OptiX acceleration structure
Fra:4 Mem:226.53M (Peak 318.65M) | Time:00:01.02 | Mem:4.58M, Peak:8.72M | Scene, ViewLayer | Updating Geometry BVH far_vol 3/5 | Building BVH
Fra:4 Mem:226.53M (Peak 318.65M) | Time:00:01.02 | Mem:4.58M, Peak:8.72M | Scene, ViewLayer | Updating Geometry BVH far_vol 3/5 | Building OptiX acceleration structure
Fra:4 Mem:226.56M (Peak 318.65M) | Time:00:01.02 | Mem:4.58M, Peak:8.72M | Scene, ViewLayer | Updating Geometry BVH near_vol 4/5 | Building BVH
Fra:4 Mem:226.56M (Peak 318.65M) | Time:00:01.05 | Mem:4.58M, Peak:8.72M | Scene, ViewLayer | Updating Geometry BVH near_vol 4/5 | Building OptiX acceleration structure
Fra:4 Mem:225.51M (Peak 318.65M) | Time:00:01.07 | Mem:4.58M, Peak:8.72M | Scene, ViewLayer | Updating Scene BVH | Building
Fra:4 Mem:225.51M (Peak 318.65M) | Time:00:01.07 | Mem:4.58M, Peak:8.72M | Scene, ViewLayer | Updating Scene BVH | Building OptiX acceleration structure
Fra:4 Mem:225.51M (Peak 318.65M) | Time:00:01.07 | Mem:4.58M, Peak:8.72M | Scene, ViewLayer | Updating Scene BVH | Building BVH
Fra:4 Mem:225.51M (Peak 318.65M) | Time:00:01.07 | Mem:4.58M, Peak:8.72M | Scene, ViewLayer | Updating Scene BVH | Building BVH 0%
Fra:4 Mem:225.51M (Peak 318.65M) | Time:00:01.13 | Mem:4.58M, Peak:8.72M | Scene, ViewLayer | Updating Scene BVH | Copying BVH to device
Fra:4 Mem:225.51M (Peak 318.65M) | Time:00:01.13 | Mem:4.58M, Peak:8.72M | Scene, ViewLayer | Updating Mesh | Computing normals
Fra:4 Mem:229.65M (Peak 318.65M) | Time:00:01.13 | Mem:4.58M, Peak:8.72M | Scene, ViewLayer | Updating Mesh | Copying Mesh to device
Fra:4 Mem:229.65M (Peak 318.65M) | Time:00:01.13 | Mem:8.72M, Peak:8.72M | Scene, ViewLayer | Updating Objects Flags
Fra:4 Mem:229.65M (Peak 318.65M) | Time:00:01.24 | Mem:8.72M, Peak:8.72M | Scene, ViewLayer | Updating Primitive Offsets
Fra:4 Mem:229.65M (Peak 318.65M) | Time:00:01.24 | Mem:8.72M, Peak:8.72M | Scene, ViewLayer | Updating Images
Fra:4 Mem:226.12M (Peak 318.65M) | Time:00:01.24 | Mem:5.19M, Peak:8.72M | Scene, ViewLayer | Updating Images | Loading density
Fra:4 Mem:229.66M (Peak 318.65M) | Time:00:01.24 | Mem:8.73M, Peak:8.73M | Scene, ViewLayer | Updating Camera Volume
Fra:4 Mem:229.66M (Peak 318.65M) | Time:00:01.24 | Mem:8.73M, Peak:8.73M | Scene, ViewLayer | Updating Lookup Tables
Fra:4 Mem:229.66M (Peak 318.65M) | Time:00:01.24 | Mem:8.73M, Peak:8.73M | Scene, ViewLayer | Updating Lights
Fra:4 Mem:229.66M (Peak 318.65M) | Time:00:01.24 | Mem:8.73M, Peak:8.73M | Scene, ViewLayer | Updating Lights | Computing tree
Fra:4 Mem:229.66M (Peak 318.65M) | Time:00:01.24 | Mem:8.73M, Peak:8.73M | Scene, ViewLayer | Updating Integrator
Fra:4 Mem:229.66M (Peak 318.65M) | Time:00:01.24 | Mem:8.73M, Peak:8.73M | Scene, ViewLayer | Updating Film
Fra:4 Mem:229.66M (Peak 318.65M) | Time:00:01.24 | Mem:8.73M, Peak:8.73M | Scene, ViewLayer | Updating Lookup Tables
Fra:4 Mem:229.66M (Peak 318.65M) | Time:00:01.24 | Mem:8.73M, Peak:8.73M | Scene, ViewLayer | Updating Baking
Fra:4 Mem:229.66M (Peak 318.65M) | Time:00:01.24 | Mem:8.73M, Peak:8.73M | Scene, ViewLayer | Updating Device | Writing constant memory
Fra:4 Mem:229.66M (Peak 318.65M) | Time:00:01.24 | Mem:8.73M, Peak:8.73M | Scene, ViewLayer | Sample 0/24
Fra:4 Mem:229.66M (Peak 318.65M) | Time:00:01.37 | Remaining:00:02.84 | Mem:8.73M, Peak:8.73M | Scene, ViewLayer | Sample 1/24
Fra:4 Mem:229.66M (Peak 318.65M) | Time:00:01.56 | Remaining:00:03.48 | Mem:8.73M, Peak:93.27M | Scene, ViewLayer | Sample 2/24
Fra:4 Mem:229.66M (Peak 318.65M) | Time:00:01.89 | Remaining:00:04.54 | Mem:8.73M, Peak:93.27M | Scene, ViewLayer | Sample 3/24
Fra:4 Mem:229.66M (Peak 318.65M) | Time:00:02.20 | Remaining:00:04.76 | Mem:8.73M, Peak:93.27M | Scene, ViewLayer | Sample 4/24
Fra:4 Mem:229.66M (Peak 318.65M) | Time:00:02.48 | Remaining:00:04.69 | Mem:8.73M, Peak:93.27M | Scene, ViewLayer | Sample 5/24
Fra:4 Mem:229.66M (Peak 318.65M) | Time:00:02.81 | Remaining:00:04.68 | Mem:8.73M, Peak:93.27M | Scene, ViewLayer | Sample 6/24
Fra:4 Mem:229.66M (Peak 318.65M) | Time:00:02.97 | Remaining:00:04.19 | Mem:8.73M, Peak:93.27M | Scene, ViewLayer | Sample 7/24
Fra:4 Mem:265.26M (Peak 318.65M) | Time:00:04.91 | Mem:8.73M, Peak:93.27M | Scene, ViewLayer | Sample 24/24
Fra:4 Mem:265.26M (Peak 318.65M) | Time:00:04.91 | Mem:8.73M, Peak:93.27M | Scene, ViewLayer | Finished
Saved: 'C:\Work\domin8te-build\daysky\out\b\f0004.png'
Time: 00:05.05 (Saving: 00:00.14)

Fra:5 Mem:229.66M (Peak 318.65M) | Time:00:00.91 | Mem:8.73M, Peak:8.73M | Scene, ViewLayer | Synchronizing object | t0
Fra:5 Mem:231.74M (Peak 318.65M) | Time:00:00.91 | Mem:8.73M, Peak:8.73M | Scene, ViewLayer | Synchronizing object | main_vol
Fra:5 Mem:231.67M (Peak 318.65M) | Time:00:00.91 | Mem:8.73M, Peak:8.73M | Scene, ViewLayer | Synchronizing object | far_vol
Fra:5 Mem:231.63M (Peak 318.65M) | Time:00:00.91 | Mem:8.73M, Peak:8.73M | Scene, ViewLayer | Synchronizing object | near_vol
Fra:5 Mem:229.53M (Peak 318.65M) | Time:00:00.91 | Mem:8.73M, Peak:8.73M | Scene, ViewLayer | Synchronizing object | t1
Fra:5 Mem:229.53M (Peak 318.65M) | Time:00:00.91 | Mem:8.73M, Peak:8.73M | Scene, ViewLayer | Initializing
Fra:5 Mem:229.53M (Peak 318.65M) | Time:00:00.91 | Mem:8.73M, Peak:8.73M | Scene, ViewLayer | Waiting for render to start
Fra:5 Mem:229.53M (Peak 318.65M) | Time:00:00.91 | Mem:8.73M, Peak:8.73M | Scene, ViewLayer | Updating Scene
Fra:5 Mem:229.53M (Peak 318.65M) | Time:00:00.91 | Mem:8.73M, Peak:8.73M | Scene, ViewLayer | Updating Shaders
Fra:5 Mem:229.53M (Peak 318.65M) | Time:00:00.91 | Mem:8.73M, Peak:8.73M | Scene, ViewLayer | Updating Background
Fra:5 Mem:229.53M (Peak 318.65M) | Time:00:00.91 | Mem:8.73M, Peak:8.73M | Scene, ViewLayer | Updating Camera
Fra:5 Mem:229.53M (Peak 318.65M) | Time:00:00.91 | Mem:8.73M, Peak:8.73M | Scene, ViewLayer | Updating Meshes Flags
Fra:5 Mem:229.53M (Peak 318.65M) | Time:00:00.91 | Mem:8.73M, Peak:8.73M | Scene, ViewLayer | Updating Meshes Volume Bounds
Fra:5 Mem:229.53M (Peak 318.65M) | Time:00:00.91 | Mem:8.73M, Peak:8.73M | Scene, ViewLayer | Updating Volume Images
Fra:5 Mem:229.53M (Peak 318.65M) | Time:00:00.91 | Mem:8.73M, Peak:8.73M | Scene, ViewLayer | Updating Mesh | Computing Volume Mesh main_vol
Fra:5 Mem:229.58M (Peak 318.65M) | Time:00:00.93 | Mem:8.73M, Peak:8.73M | Scene, ViewLayer | Updating Mesh | Computing Volume Mesh far_vol
Fra:5 Mem:229.61M (Peak 318.65M) | Time:00:00.93 | Mem:8.73M, Peak:8.73M | Scene, ViewLayer | Updating Mesh | Computing Volume Mesh near_vol
Fra:5 Mem:229.63M (Peak 318.65M) | Time:00:00.93 | Mem:8.73M, Peak:8.73M | Scene, ViewLayer | Updating Objects
Fra:5 Mem:229.63M (Peak 318.65M) | Time:00:00.93 | Mem:8.73M, Peak:8.73M | Scene, ViewLayer | Updating Objects | Copying Transformations to device
Fra:5 Mem:229.63M (Peak 318.65M) | Time:00:00.93 | Mem:8.73M, Peak:8.73M | Scene, ViewLayer | Updating Particle Systems
Fra:5 Mem:229.63M (Peak 318.65M) | Time:00:00.93 | Mem:8.73M, Peak:8.73M | Scene, ViewLayer | Updating Meshes
Fra:5 Mem:224.57M (Peak 318.65M) | Time:00:00.93 | Mem:3.63M, Peak:8.73M | Scene, ViewLayer | Updating Objects | Applying Static Transformations
Fra:5 Mem:224.57M (Peak 318.65M) | Time:00:00.93 | Mem:3.63M, Peak:8.73M | Scene, ViewLayer | Updating Mesh | Computing attributes
Fra:5 Mem:225.52M (Peak 318.65M) | Time:00:00.93 | Mem:3.63M, Peak:8.73M | Scene, ViewLayer | Updating Mesh | Copying Attributes to device
Fra:5 Mem:225.52M (Peak 318.65M) | Time:00:00.93 | Mem:4.59M, Peak:8.73M | Scene, ViewLayer | Updating Geometry BVH main_vol 2/5 | Building BVH
Fra:5 Mem:225.52M (Peak 318.65M) | Time:00:00.93 | Mem:4.59M, Peak:8.73M | Scene, ViewLayer | Updating Geometry BVH far_vol 3/5 | Building BVH
Fra:5 Mem:225.52M (Peak 318.65M) | Time:00:00.93 | Mem:4.59M, Peak:8.73M | Scene, ViewLayer | Updating Geometry BVH t1 6/5 | Building OptiX acceleration structure
Fra:5 Mem:225.59M (Peak 318.65M) | Time:00:00.93 | Mem:4.59M, Peak:8.73M | Scene, ViewLayer | Updating Geometry BVH t0 5/5 | Building BVH
Fra:5 Mem:225.59M (Peak 318.65M) | Time:00:00.94 | Mem:4.59M, Peak:8.73M | Scene, ViewLayer | Updating Geometry BVH t0 5/5 | Building OptiX acceleration structure
Fra:5 Mem:225.52M (Peak 318.65M) | Time:00:00.94 | Mem:4.59M, Peak:8.73M | Scene, ViewLayer | Updating Scene BVH | Building
Fra:5 Mem:225.52M (Peak 318.65M) | Time:00:00.94 | Mem:4.59M, Peak:8.73M | Scene, ViewLayer | Updating Scene BVH | Building OptiX acceleration structure
Fra:5 Mem:225.52M (Peak 318.65M) | Time:00:00.94 | Mem:4.59M, Peak:8.73M | Scene, ViewLayer | Updating Scene BVH | Building BVH
Fra:5 Mem:225.52M (Peak 318.65M) | Time:00:00.94 | Mem:4.59M, Peak:8.73M | Scene, ViewLayer | Updating Scene BVH | Building BVH 0%
Fra:5 Mem:225.52M (Peak 318.65M) | Time:00:00.95 | Mem:4.59M, Peak:8.73M | Scene, ViewLayer | Updating Scene BVH | Copying BVH to device
Fra:5 Mem:225.52M (Peak 318.65M) | Time:00:00.95 | Mem:4.59M, Peak:8.73M | Scene, ViewLayer | Updating Mesh | Computing normals
Fra:5 Mem:229.66M (Peak 318.65M) | Time:00:00.95 | Mem:4.59M, Peak:8.73M | Scene, ViewLayer | Updating Mesh | Copying Mesh to device
Fra:5 Mem:229.66M (Peak 318.65M) | Time:00:00.95 | Mem:8.73M, Peak:8.73M | Scene, ViewLayer | Updating Objects Flags
Fra:5 Mem:229.66M (Peak 318.65M) | Time:00:00.97 | Mem:8.73M, Peak:8.73M | Scene, ViewLayer | Updating Primitive Offsets
Fra:5 Mem:229.66M (Peak 318.65M) | Time:00:00.97 | Mem:8.73M, Peak:8.73M | Scene, ViewLayer | Updating Images
Fra:5 Mem:228.98M (Peak 318.65M) | Time:00:00.97 | Mem:8.73M, Peak:8.73M | Scene, ViewLayer | Updating Images | Loading density
Fra:5 Mem:229.67M (Peak 318.65M) | Time:00:00.97 | Mem:8.74M, Peak:11.60M | Scene, ViewLayer | Updating Camera Volume
Fra:5 Mem:229.67M (Peak 318.65M) | Time:00:00.97 | Mem:8.74M, Peak:11.60M | Scene, ViewLayer | Updating Lookup Tables
Fra:5 Mem:229.67M (Peak 318.65M) | Time:00:00.97 | Mem:8.74M, Peak:11.60M | Scene, ViewLayer | Updating Lights
Fra:5 Mem:229.67M (Peak 318.65M) | Time:00:00.97 | Mem:8.74M, Peak:11.60M | Scene, ViewLayer | Updating Lights | Computing tree
Fra:5 Mem:229.67M (Peak 318.65M) | Time:00:00.97 | Mem:8.74M, Peak:11.60M | Scene, ViewLayer | Updating Integrator
Fra:5 Mem:229.67M (Peak 318.65M) | Time:00:00.97 | Mem:8.74M, Peak:11.60M | Scene, ViewLayer | Updating Film
Fra:5 Mem:229.67M (Peak 318.65M) | Time:00:00.97 | Mem:8.74M, Peak:11.60M | Scene, ViewLayer | Updating Lookup Tables
Fra:5 Mem:229.67M (Peak 318.65M) | Time:00:00.97 | Mem:8.74M, Peak:11.60M | Scene, ViewLayer | Updating Baking
Fra:5 Mem:229.67M (Peak 318.65M) | Time:00:00.97 | Mem:8.74M, Peak:11.60M | Scene, ViewLayer | Updating Device | Writing constant memory
Fra:5 Mem:229.67M (Peak 318.65M) | Time:00:00.97 | Mem:8.74M, Peak:11.60M | Scene, ViewLayer | Sample 0/24
Fra:5 Mem:229.67M (Peak 318.65M) | Time:00:01.11 | Remaining:00:03.03 | Mem:8.74M, Peak:11.60M | Scene, ViewLayer | Sample 1/24
Fra:5 Mem:229.67M (Peak 318.65M) | Time:00:01.34 | Remaining:00:03.98 | Mem:8.74M, Peak:93.28M | Scene, ViewLayer | Sample 2/24
Fra:5 Mem:229.67M (Peak 318.65M) | Time:00:01.75 | Remaining:00:05.39 | Mem:8.74M, Peak:93.28M | Scene, ViewLayer | Sample 3/24
Fra:5 Mem:229.67M (Peak 318.65M) | Time:00:02.07 | Remaining:00:05.48 | Mem:8.74M, Peak:93.28M | Scene, ViewLayer | Sample 4/24
Fra:5 Mem:229.67M (Peak 318.65M) | Time:00:02.24 | Remaining:00:04.80 | Mem:8.74M, Peak:93.28M | Scene, ViewLayer | Sample 5/24
Fra:5 Mem:265.27M (Peak 318.66M) | Time:00:04.43 | Mem:8.74M, Peak:93.28M | Scene, ViewLayer | Sample 24/24
Fra:5 Mem:265.27M (Peak 318.66M) | Time:00:04.43 | Mem:8.74M, Peak:93.28M | Scene, ViewLayer | Finished
Saved: 'C:\Work\domin8te-build\daysky\out\b\f0005.png'
Time: 00:04.55 (Saving: 00:00.12)

Fra:6 Mem:229.67M (Peak 318.66M) | Time:00:01.10 | Mem:8.74M, Peak:8.74M | Scene, ViewLayer | Synchronizing object | t0
Fra:6 Mem:229.67M (Peak 318.66M) | Time:00:01.10 | Mem:8.74M, Peak:8.74M | Scene, ViewLayer | Synchronizing object | t1
Fra:6 Mem:229.67M (Peak 318.66M) | Time:00:01.10 | Mem:8.74M, Peak:8.74M | Scene, ViewLayer | Synchronizing object | main_vol
Fra:6 Mem:231.92M (Peak 318.66M) | Time:00:01.10 | Mem:8.74M, Peak:8.74M | Scene, ViewLayer | Synchronizing object | far_vol
Fra:6 Mem:231.88M (Peak 318.66M) | Time:00:01.10 | Mem:8.74M, Peak:8.74M | Scene, ViewLayer | Synchronizing object | near_vol
Fra:6 Mem:229.54M (Peak 318.66M) | Time:00:01.11 | Mem:8.74M, Peak:8.74M | Scene, ViewLayer | Initializing
Fra:6 Mem:229.53M (Peak 318.66M) | Time:00:01.11 | Mem:8.74M, Peak:8.74M | Scene, ViewLayer | Waiting for render to start
Fra:6 Mem:229.53M (Peak 318.66M) | Time:00:01.11 | Mem:8.74M, Peak:8.74M | Scene, ViewLayer | Updating Scene
Fra:6 Mem:229.53M (Peak 318.66M) | Time:00:01.11 | Mem:8.74M, Peak:8.74M | Scene, ViewLayer | Updating Shaders
Fra:6 Mem:229.53M (Peak 318.66M) | Time:00:01.11 | Mem:8.74M, Peak:8.74M | Scene, ViewLayer | Updating Background
Fra:6 Mem:229.53M (Peak 318.66M) | Time:00:01.11 | Mem:8.74M, Peak:8.74M | Scene, ViewLayer | Updating Camera
Fra:6 Mem:229.53M (Peak 318.66M) | Time:00:01.11 | Mem:8.74M, Peak:8.74M | Scene, ViewLayer | Updating Meshes Flags
Fra:6 Mem:229.53M (Peak 318.66M) | Time:00:01.11 | Mem:8.74M, Peak:8.74M | Scene, ViewLayer | Updating Meshes Volume Bounds
Fra:6 Mem:229.53M (Peak 318.66M) | Time:00:01.11 | Mem:8.74M, Peak:8.74M | Scene, ViewLayer | Updating Volume Images
Fra:6 Mem:229.53M (Peak 318.66M) | Time:00:01.11 | Mem:8.74M, Peak:8.74M | Scene, ViewLayer | Updating Mesh | Computing Volume Mesh main_vol
Fra:6 Mem:229.59M (Peak 318.66M) | Time:00:01.12 | Mem:8.74M, Peak:8.74M | Scene, ViewLayer | Updating Mesh | Computing Volume Mesh far_vol
Fra:6 Mem:229.62M (Peak 318.66M) | Time:00:01.13 | Mem:8.74M, Peak:8.74M | Scene, ViewLayer | Updating Mesh | Computing Volume Mesh near_vol
Fra:6 Mem:229.64M (Peak 318.66M) | Time:00:01.14 | Mem:8.74M, Peak:8.74M | Scene, ViewLayer | Updating Objects
Fra:6 Mem:229.64M (Peak 318.66M) | Time:00:01.14 | Mem:8.74M, Peak:8.74M | Scene, ViewLayer | Updating Objects | Copying Transformations to device
Fra:6 Mem:229.64M (Peak 318.66M) | Time:00:01.14 | Mem:8.74M, Peak:8.74M | Scene, ViewLayer | Updating Particle Systems
Fra:6 Mem:229.64M (Peak 318.66M) | Time:00:01.14 | Mem:8.74M, Peak:8.74M | Scene, ViewLayer | Updating Meshes
Fra:6 Mem:224.58M (Peak 318.66M) | Time:00:01.14 | Mem:3.64M, Peak:8.74M | Scene, ViewLayer | Updating Objects | Applying Static Transformations
Fra:6 Mem:224.58M (Peak 318.66M) | Time:00:01.14 | Mem:3.64M, Peak:8.74M | Scene, ViewLayer | Updating Mesh | Computing attributes
Fra:6 Mem:225.53M (Peak 318.66M) | Time:00:01.14 | Mem:3.64M, Peak:8.74M | Scene, ViewLayer | Updating Mesh | Copying Attributes to device
Fra:6 Mem:225.53M (Peak 318.66M) | Time:00:01.14 | Mem:4.60M, Peak:8.74M | Scene, ViewLayer | Updating Geometry BVH t1 6/5 | Building BVH
Fra:6 Mem:225.53M (Peak 318.66M) | Time:00:01.14 | Mem:4.60M, Peak:8.74M | Scene, ViewLayer | Updating Geometry BVH main_vol 2/5 | Building BVH
Fra:6 Mem:225.53M (Peak 318.66M) | Time:00:01.14 | Mem:4.60M, Peak:8.74M | Scene, ViewLayer | Updating Geometry BVH main_vol 2/5 | Building OptiX acceleration structure
Fra:6 Mem:225.57M (Peak 318.66M) | Time:00:01.14 | Mem:4.60M, Peak:8.74M | Scene, ViewLayer | Updating Geometry BVH far_vol 3/5 | Building BVH
Fra:6 Mem:225.57M (Peak 318.66M) | Time:00:01.14 | Mem:4.60M, Peak:8.74M | Scene, ViewLayer | Updating Geometry BVH far_vol 3/5 | Building OptiX acceleration structure
Fra:6 Mem:226.62M (Peak 318.66M) | Time:00:01.14 | Mem:4.60M, Peak:8.74M | Scene, ViewLayer | Updating Geometry BVH near_vol 4/5 | Building BVH
Fra:6 Mem:226.64M (Peak 318.66M) | Time:00:01.14 | Mem:4.60M, Peak:8.74M | Scene, ViewLayer | Updating Geometry BVH near_vol 4/5 | Building OptiX acceleration structure
Fra:6 Mem:227.45M (Peak 318.66M) | Time:00:01.14 | Mem:4.60M, Peak:8.74M | Scene, ViewLayer | Updating Geometry BVH t0 5/5 | Building BVH
Fra:6 Mem:227.45M (Peak 318.66M) | Time:00:01.14 | Mem:4.60M, Peak:8.74M | Scene, ViewLayer | Updating Geometry BVH t0 5/5 | Building OptiX acceleration structure
Fra:6 Mem:225.53M (Peak 318.66M) | Time:00:01.16 | Mem:4.60M, Peak:8.74M | Scene, ViewLayer | Updating Scene BVH | Building
Fra:6 Mem:225.53M (Peak 318.66M) | Time:00:01.16 | Mem:4.60M, Peak:8.74M | Scene, ViewLayer | Updating Scene BVH | Building OptiX acceleration structure
Fra:6 Mem:225.53M (Peak 318.66M) | Time:00:01.16 | Mem:4.60M, Peak:8.74M | Scene, ViewLayer | Updating Scene BVH | Building BVH
Fra:6 Mem:225.53M (Peak 318.66M) | Time:00:01.16 | Mem:4.60M, Peak:8.74M | Scene, ViewLayer | Updating Scene BVH | Building BVH 0%
Fra:6 Mem:225.53M (Peak 318.66M) | Time:00:01.21 | Mem:4.60M, Peak:8.74M | Scene, ViewLayer | Updating Scene BVH | Copying BVH to device
Fra:6 Mem:225.53M (Peak 318.66M) | Time:00:01.21 | Mem:4.60M, Peak:8.74M | Scene, ViewLayer | Updating Mesh | Computing normals
Fra:6 Mem:229.67M (Peak 318.66M) | Time:00:01.21 | Mem:4.60M, Peak:8.74M | Scene, ViewLayer | Updating Mesh | Copying Mesh to device
Fra:6 Mem:229.67M (Peak 318.66M) | Time:00:01.21 | Mem:8.74M, Peak:8.74M | Scene, ViewLayer | Updating Objects Flags
Fra:6 Mem:229.67M (Peak 318.66M) | Time:00:01.42 | Mem:8.74M, Peak:8.74M | Scene, ViewLayer | Updating Primitive Offsets
Fra:6 Mem:229.67M (Peak 318.66M) | Time:00:01.42 | Mem:8.74M, Peak:8.74M | Scene, ViewLayer | Updating Images
Fra:6 Mem:226.12M (Peak 318.66M) | Time:00:01.43 | Mem:5.19M, Peak:8.74M | Scene, ViewLayer | Updating Images | Loading density
Fra:6 Mem:229.68M (Peak 318.66M) | Time:00:01.43 | Mem:8.75M, Peak:8.75M | Scene, ViewLayer | Updating Camera Volume
Fra:6 Mem:229.68M (Peak 318.66M) | Time:00:01.43 | Mem:8.75M, Peak:8.75M | Scene, ViewLayer | Updating Lookup Tables
Fra:6 Mem:229.68M (Peak 318.66M) | Time:00:01.43 | Mem:8.75M, Peak:8.75M | Scene, ViewLayer | Updating Lights
Fra:6 Mem:229.68M (Peak 318.66M) | Time:00:01.43 | Mem:8.75M, Peak:8.75M | Scene, ViewLayer | Updating Lights | Computing tree
Fra:6 Mem:229.68M (Peak 318.66M) | Time:00:01.43 | Mem:8.75M, Peak:8.75M | Scene, ViewLayer | Updating Integrator
Fra:6 Mem:229.68M (Peak 318.66M) | Time:00:01.43 | Mem:8.75M, Peak:8.75M | Scene, ViewLayer | Updating Film
Fra:6 Mem:229.68M (Peak 318.66M) | Time:00:01.43 | Mem:8.75M, Peak:8.75M | Scene, ViewLayer | Updating Lookup Tables
Fra:6 Mem:229.68M (Peak 318.66M) | Time:00:01.43 | Mem:8.75M, Peak:8.75M | Scene, ViewLayer | Updating Baking
Fra:6 Mem:229.68M (Peak 318.66M) | Time:00:01.43 | Mem:8.75M, Peak:8.75M | Scene, ViewLayer | Updating Device | Writing constant memory
Fra:6 Mem:229.68M (Peak 318.66M) | Time:00:01.43 | Mem:8.75M, Peak:8.75M | Scene, ViewLayer | Sample 0/24
Fra:6 Mem:229.68M (Peak 318.66M) | Time:00:01.56 | Remaining:00:02.99 | Mem:8.75M, Peak:8.75M | Scene, ViewLayer | Sample 1/24
Fra:6 Mem:229.68M (Peak 318.66M) | Time:00:01.69 | Remaining:00:02.86 | Mem:8.75M, Peak:8.75M | Scene, ViewLayer | Sample 2/24
Fra:6 Mem:265.28M (Peak 318.68M) | Time:00:04.42 | Mem:8.75M, Peak:8.75M | Scene, ViewLayer | Sample 24/24
Fra:6 Mem:265.28M (Peak 318.68M) | Time:00:04.42 | Mem:8.75M, Peak:8.75M | Scene, ViewLayer | Finished
Saved: 'C:\Work\domin8te-build\daysky\out\b\f0006.png'
Time: 00:04.58 (Saving: 00:00.16)

Fra:7 Mem:229.69M (Peak 318.68M) | Time:00:00.43 | Mem:8.75M, Peak:8.75M | Scene, ViewLayer | Synchronizing object | main_vol
Fra:7 Mem:229.61M (Peak 318.68M) | Time:00:00.43 | Mem:8.75M, Peak:8.75M | Scene, ViewLayer | Synchronizing object | t0
Fra:7 Mem:229.61M (Peak 318.68M) | Time:00:00.43 | Mem:8.75M, Peak:8.75M | Scene, ViewLayer | Synchronizing object | near_vol
Fra:7 Mem:229.55M (Peak 318.68M) | Time:00:00.43 | Mem:8.75M, Peak:8.75M | Scene, ViewLayer | Synchronizing object | t1
Fra:7 Mem:229.55M (Peak 318.68M) | Time:00:00.43 | Mem:8.75M, Peak:8.75M | Scene, ViewLayer | Initializing
Fra:7 Mem:229.55M (Peak 318.68M) | Time:00:00.43 | Mem:8.75M, Peak:8.75M | Scene, ViewLayer | Waiting for render to start
Fra:7 Mem:229.55M (Peak 318.68M) | Time:00:00.43 | Mem:8.75M, Peak:8.75M | Scene, ViewLayer | Updating Scene
Fra:7 Mem:229.55M (Peak 318.68M) | Time:00:00.43 | Mem:8.75M, Peak:8.75M | Scene, ViewLayer | Updating Shaders
Fra:7 Mem:229.55M (Peak 318.68M) | Time:00:00.44 | Mem:8.75M, Peak:8.75M | Scene, ViewLayer | Updating Background
Fra:7 Mem:229.55M (Peak 318.68M) | Time:00:00.44 | Mem:8.75M, Peak:8.75M | Scene, ViewLayer | Updating Camera
Fra:7 Mem:229.55M (Peak 318.68M) | Time:00:00.44 | Mem:8.75M, Peak:8.75M | Scene, ViewLayer | Updating Meshes Flags
Fra:7 Mem:229.55M (Peak 318.68M) | Time:00:00.44 | Mem:8.75M, Peak:8.75M | Scene, ViewLayer | Updating Meshes Volume Bounds
Fra:7 Mem:229.55M (Peak 318.68M) | Time:00:00.44 | Mem:8.75M, Peak:8.75M | Scene, ViewLayer | Updating Volume Images
Fra:7 Mem:229.55M (Peak 318.68M) | Time:00:00.44 | Mem:8.75M, Peak:8.75M | Scene, ViewLayer | Updating Mesh | Computing Volume Mesh main_vol
Fra:7 Mem:229.60M (Peak 318.68M) | Time:00:00.49 | Mem:8.75M, Peak:8.75M | Scene, ViewLayer | Updating Mesh | Computing Volume Mesh far_vol
Fra:7 Mem:229.63M (Peak 318.68M) | Time:00:00.49 | Mem:8.75M, Peak:8.75M | Scene, ViewLayer | Updating Mesh | Computing Volume Mesh near_vol
Fra:7 Mem:229.65M (Peak 318.68M) | Time:00:00.50 | Mem:8.75M, Peak:8.75M | Scene, ViewLayer | Updating Objects
Fra:7 Mem:229.65M (Peak 318.68M) | Time:00:00.50 | Mem:8.75M, Peak:8.75M | Scene, ViewLayer | Updating Objects | Copying Transformations to device
Fra:7 Mem:229.65M (Peak 318.68M) | Time:00:00.50 | Mem:8.75M, Peak:8.75M | Scene, ViewLayer | Updating Particle Systems
Fra:7 Mem:229.65M (Peak 318.68M) | Time:00:00.50 | Mem:8.75M, Peak:8.75M | Scene, ViewLayer | Updating Meshes
Fra:7 Mem:224.59M (Peak 318.68M) | Time:00:00.53 | Mem:3.65M, Peak:8.75M | Scene, ViewLayer | Updating Objects | Applying Static Transformations
Fra:7 Mem:224.59M (Peak 318.68M) | Time:00:00.53 | Mem:3.65M, Peak:8.75M | Scene, ViewLayer | Updating Mesh | Computing attributes
Fra:7 Mem:225.54M (Peak 318.68M) | Time:00:00.53 | Mem:3.65M, Peak:8.75M | Scene, ViewLayer | Updating Mesh | Copying Attributes to device
Fra:7 Mem:225.54M (Peak 318.68M) | Time:00:00.53 | Mem:4.61M, Peak:8.75M | Scene, ViewLayer | Updating Geometry BVH t1 6/5 | Building BVH
Fra:7 Mem:225.54M (Peak 318.68M) | Time:00:00.55 | Mem:4.61M, Peak:8.75M | Scene, ViewLayer | Updating Geometry BVH main_vol 2/5 | Building BVH
Fra:7 Mem:225.54M (Peak 318.68M) | Time:00:00.55 | Mem:4.61M, Peak:8.75M | Scene, ViewLayer | Updating Geometry BVH near_vol 4/5 | Building BVH
Fra:7 Mem:225.54M (Peak 318.68M) | Time:00:00.55 | Mem:4.61M, Peak:8.75M | Scene, ViewLayer | Updating Geometry BVH near_vol 4/5 | Building OptiX acceleration structure
Fra:7 Mem:227.51M (Peak 318.68M) | Time:00:00.55 | Mem:4.61M, Peak:8.75M | Scene, ViewLayer | Updating Geometry BVH t0 5/5 | Building BVH
Fra:7 Mem:227.51M (Peak 318.68M) | Time:00:00.55 | Mem:4.61M, Peak:8.75M | Scene, ViewLayer | Updating Geometry BVH t0 5/5 | Building OptiX acceleration structure
Fra:7 Mem:225.54M (Peak 318.68M) | Time:00:00.56 | Mem:4.61M, Peak:8.75M | Scene, ViewLayer | Updating Scene BVH | Building
Fra:7 Mem:225.54M (Peak 318.68M) | Time:00:00.56 | Mem:4.61M, Peak:8.75M | Scene, ViewLayer | Updating Scene BVH | Building OptiX acceleration structure
Fra:7 Mem:225.54M (Peak 318.68M) | Time:00:00.56 | Mem:4.61M, Peak:8.75M | Scene, ViewLayer | Updating Scene BVH | Building BVH
Fra:7 Mem:225.54M (Peak 318.68M) | Time:00:00.56 | Mem:4.61M, Peak:8.75M | Scene, ViewLayer | Updating Scene BVH | Building BVH 0%
Fra:7 Mem:225.54M (Peak 318.68M) | Time:00:00.63 | Mem:4.61M, Peak:8.75M | Scene, ViewLayer | Updating Scene BVH | Copying BVH to device
Fra:7 Mem:225.54M (Peak 318.68M) | Time:00:00.63 | Mem:4.61M, Peak:8.75M | Scene, ViewLayer | Updating Mesh | Computing normals
Fra:7 Mem:229.68M (Peak 318.68M) | Time:00:00.64 | Mem:4.61M, Peak:8.75M | Scene, ViewLayer | Updating Mesh | Copying Mesh to device
Fra:7 Mem:229.68M (Peak 318.68M) | Time:00:00.64 | Mem:8.75M, Peak:8.75M | Scene, ViewLayer | Updating Objects Flags
Fra:7 Mem:229.68M (Peak 318.68M) | Time:00:01.19 | Mem:8.75M, Peak:8.75M | Scene, ViewLayer | Updating Primitive Offsets
Fra:7 Mem:229.68M (Peak 318.68M) | Time:00:01.19 | Mem:8.75M, Peak:8.75M | Scene, ViewLayer | Updating Images
Fra:7 Mem:227.77M (Peak 318.68M) | Time:00:01.19 | Mem:8.75M, Peak:8.75M | Scene, ViewLayer | Updating Images | Loading density
Fra:7 Mem:229.69M (Peak 318.68M) | Time:00:01.19 | Mem:8.76M, Peak:10.41M | Scene, ViewLayer | Updating Camera Volume
Fra:7 Mem:229.69M (Peak 318.68M) | Time:00:01.19 | Mem:8.76M, Peak:10.41M | Scene, ViewLayer | Updating Lookup Tables
Fra:7 Mem:229.69M (Peak 318.68M) | Time:00:01.19 | Mem:8.76M, Peak:10.41M | Scene, ViewLayer | Updating Lights
Fra:7 Mem:229.69M (Peak 318.68M) | Time:00:01.19 | Mem:8.76M, Peak:10.41M | Scene, ViewLayer | Updating Lights | Computing tree
Fra:7 Mem:229.69M (Peak 318.68M) | Time:00:01.19 | Mem:8.76M, Peak:10.41M | Scene, ViewLayer | Updating Integrator
Fra:7 Mem:229.69M (Peak 318.68M) | Time:00:01.19 | Mem:8.76M, Peak:10.41M | Scene, ViewLayer | Updating Film
Fra:7 Mem:229.69M (Peak 318.68M) | Time:00:01.19 | Mem:8.76M, Peak:10.41M | Scene, ViewLayer | Updating Lookup Tables
Fra:7 Mem:229.69M (Peak 318.68M) | Time:00:01.19 | Mem:8.76M, Peak:10.41M | Scene, ViewLayer | Updating Baking
Fra:7 Mem:229.69M (Peak 318.68M) | Time:00:01.19 | Mem:8.76M, Peak:10.41M | Scene, ViewLayer | Updating Device | Writing constant memory
Fra:7 Mem:229.69M (Peak 318.68M) | Time:00:01.19 | Mem:8.76M, Peak:10.41M | Scene, ViewLayer | Sample 0/24
Fra:7 Mem:229.69M (Peak 318.68M) | Time:00:01.36 | Remaining:00:03.81 | Mem:8.76M, Peak:10.41M | Scene, ViewLayer | Sample 1/24
Fra:7 Mem:229.69M (Peak 318.68M) | Time:00:01.53 | Remaining:00:03.73 | Mem:8.76M, Peak:10.41M | Scene, ViewLayer | Sample 2/24
Fra:7 Mem:265.29M (Peak 318.68M) | Time:00:04.08 | Mem:8.76M, Peak:10.41M | Scene, ViewLayer | Sample 24/24
Fra:7 Mem:265.29M (Peak 318.68M) | Time:00:04.08 | Mem:8.76M, Peak:10.41M | Scene, ViewLayer | Finished
Saved: 'C:\Work\domin8te-build\daysky\out\b\f0007.png'
Time: 00:04.29 (Saving: 00:00.21)

Fra:8 Mem:229.69M (Peak 318.68M) | Time:00:01.03 | Mem:8.76M, Peak:8.76M | Scene, ViewLayer | Synchronizing object | main_vol
Fra:8 Mem:229.62M (Peak 318.68M) | Time:00:01.03 | Mem:8.76M, Peak:8.76M | Scene, ViewLayer | Synchronizing object | near_vol
Fra:8 Mem:229.56M (Peak 318.68M) | Time:00:01.03 | Mem:8.76M, Peak:8.76M | Scene, ViewLayer | Synchronizing object | t1
Fra:8 Mem:229.56M (Peak 318.68M) | Time:00:01.03 | Mem:8.76M, Peak:8.76M | Scene, ViewLayer | Initializing
Fra:8 Mem:229.55M (Peak 318.68M) | Time:00:01.03 | Mem:8.76M, Peak:8.76M | Scene, ViewLayer | Waiting for render to start
Fra:8 Mem:229.55M (Peak 318.68M) | Time:00:01.03 | Mem:8.76M, Peak:8.76M | Scene, ViewLayer | Updating Scene
Fra:8 Mem:229.55M (Peak 318.68M) | Time:00:01.03 | Mem:8.76M, Peak:8.76M | Scene, ViewLayer | Updating Shaders
Fra:8 Mem:229.55M (Peak 318.68M) | Time:00:01.03 | Mem:8.76M, Peak:8.76M | Scene, ViewLayer | Updating Background
Fra:8 Mem:229.55M (Peak 318.68M) | Time:00:01.03 | Mem:8.76M, Peak:8.76M | Scene, ViewLayer | Updating Camera
Fra:8 Mem:229.55M (Peak 318.68M) | Time:00:01.03 | Mem:8.76M, Peak:8.76M | Scene, ViewLayer | Updating Meshes Flags
Fra:8 Mem:229.55M (Peak 318.68M) | Time:00:01.03 | Mem:8.76M, Peak:8.76M | Scene, ViewLayer | Updating Meshes Volume Bounds
Fra:8 Mem:229.55M (Peak 318.68M) | Time:00:01.03 | Mem:8.76M, Peak:8.76M | Scene, ViewLayer | Updating Volume Images
Fra:8 Mem:229.55M (Peak 318.68M) | Time:00:01.03 | Mem:8.76M, Peak:8.76M | Scene, ViewLayer | Updating Mesh | Computing Volume Mesh main_vol
Fra:8 Mem:229.61M (Peak 318.68M) | Time:00:01.04 | Mem:8.76M, Peak:8.76M | Scene, ViewLayer | Updating Mesh | Computing Volume Mesh far_vol
Fra:8 Mem:229.64M (Peak 318.68M) | Time:00:01.05 | Mem:8.76M, Peak:8.76M | Scene, ViewLayer | Updating Mesh | Computing Volume Mesh near_vol
Fra:8 Mem:229.66M (Peak 318.68M) | Time:00:01.05 | Mem:8.76M, Peak:8.76M | Scene, ViewLayer | Updating Objects
Fra:8 Mem:229.66M (Peak 318.68M) | Time:00:01.05 | Mem:8.76M, Peak:8.76M | Scene, ViewLayer | Updating Objects | Copying Transformations to device
Fra:8 Mem:229.66M (Peak 318.68M) | Time:00:01.05 | Mem:8.76M, Peak:8.76M | Scene, ViewLayer | Updating Particle Systems
Fra:8 Mem:229.66M (Peak 318.68M) | Time:00:01.05 | Mem:8.76M, Peak:8.76M | Scene, ViewLayer | Updating Meshes
Fra:8 Mem:224.59M (Peak 318.68M) | Time:00:01.05 | Mem:3.66M, Peak:8.76M | Scene, ViewLayer | Updating Objects | Applying Static Transformations
Fra:8 Mem:224.59M (Peak 318.68M) | Time:00:01.05 | Mem:3.66M, Peak:8.76M | Scene, ViewLayer | Updating Mesh | Computing attributes
Fra:8 Mem:225.55M (Peak 318.68M) | Time:00:01.05 | Mem:3.66M, Peak:8.76M | Scene, ViewLayer | Updating Mesh | Copying Attributes to device
Fra:8 Mem:225.55M (Peak 318.68M) | Time:00:01.05 | Mem:4.61M, Peak:8.76M | Scene, ViewLayer | Updating Geometry BVH main_vol 2/5 | Building BVH
Fra:8 Mem:225.55M (Peak 318.68M) | Time:00:01.05 | Mem:4.61M, Peak:8.76M | Scene, ViewLayer | Updating Geometry BVH t0 5/5 | Building BVH
Fra:8 Mem:225.55M (Peak 318.68M) | Time:00:01.05 | Mem:4.61M, Peak:8.76M | Scene, ViewLayer | Updating Geometry BVH t1 6/5 | Building BVH
Fra:8 Mem:225.55M (Peak 318.68M) | Time:00:01.05 | Mem:4.61M, Peak:8.76M | Scene, ViewLayer | Updating Geometry BVH t1 6/5 | Building OptiX acceleration structure
Fra:8 Mem:225.55M (Peak 318.68M) | Time:00:01.06 | Mem:4.61M, Peak:8.76M | Scene, ViewLayer | Updating Scene BVH | Building
Fra:8 Mem:225.55M (Peak 318.68M) | Time:00:01.06 | Mem:4.61M, Peak:8.76M | Scene, ViewLayer | Updating Scene BVH | Building OptiX acceleration structure
Fra:8 Mem:225.55M (Peak 318.68M) | Time:00:01.06 | Mem:4.61M, Peak:8.76M | Scene, ViewLayer | Updating Scene BVH | Building BVH
Fra:8 Mem:225.55M (Peak 318.68M) | Time:00:01.06 | Mem:4.61M, Peak:8.76M | Scene, ViewLayer | Updating Scene BVH | Building BVH 0%
Fra:8 Mem:225.55M (Peak 318.68M) | Time:00:01.07 | Mem:4.61M, Peak:8.76M | Scene, ViewLayer | Updating Scene BVH | Copying BVH to device
Fra:8 Mem:225.55M (Peak 318.68M) | Time:00:01.07 | Mem:4.61M, Peak:8.76M | Scene, ViewLayer | Updating Mesh | Computing normals
Fra:8 Mem:229.69M (Peak 318.68M) | Time:00:01.07 | Mem:4.61M, Peak:8.76M | Scene, ViewLayer | Updating Mesh | Copying Mesh to device
Fra:8 Mem:229.69M (Peak 318.68M) | Time:00:01.07 | Mem:8.76M, Peak:8.76M | Scene, ViewLayer | Updating Objects Flags
Fra:8 Mem:229.69M (Peak 318.68M) | Time:00:01.09 | Mem:8.76M, Peak:8.76M | Scene, ViewLayer | Updating Primitive Offsets
Fra:8 Mem:229.69M (Peak 318.68M) | Time:00:01.09 | Mem:8.76M, Peak:8.76M | Scene, ViewLayer | Updating Images
Fra:8 Mem:226.12M (Peak 318.68M) | Time:00:01.09 | Mem:5.19M, Peak:8.76M | Scene, ViewLayer | Updating Images | Loading density
Fra:8 Mem:229.69M (Peak 318.68M) | Time:00:01.09 | Mem:8.76M, Peak:8.76M | Scene, ViewLayer | Updating Camera Volume
Fra:8 Mem:229.69M (Peak 318.68M) | Time:00:01.09 | Mem:8.76M, Peak:8.76M | Scene, ViewLayer | Updating Lookup Tables
Fra:8 Mem:229.69M (Peak 318.68M) | Time:00:01.09 | Mem:8.76M, Peak:8.76M | Scene, ViewLayer | Updating Lights
Fra:8 Mem:229.69M (Peak 318.68M) | Time:00:01.09 | Mem:8.76M, Peak:8.76M | Scene, ViewLayer | Updating Lights | Computing tree
Fra:8 Mem:229.69M (Peak 318.68M) | Time:00:01.09 | Mem:8.76M, Peak:8.76M | Scene, ViewLayer | Updating Integrator
Fra:8 Mem:229.69M (Peak 318.68M) | Time:00:01.09 | Mem:8.76M, Peak:8.76M | Scene, ViewLayer | Updating Film
Fra:8 Mem:229.69M (Peak 318.68M) | Time:00:01.09 | Mem:8.76M, Peak:8.76M | Scene, ViewLayer | Updating Lookup Tables
Fra:8 Mem:229.69M (Peak 318.68M) | Time:00:01.09 | Mem:8.76M, Peak:8.76M | Scene, ViewLayer | Updating Baking
Fra:8 Mem:229.69M (Peak 318.68M) | Time:00:01.09 | Mem:8.76M, Peak:8.76M | Scene, ViewLayer | Updating Device | Writing constant memory
Fra:8 Mem:229.69M (Peak 318.68M) | Time:00:01.09 | Mem:8.76M, Peak:8.76M | Scene, ViewLayer | Sample 0/24
Fra:8 Mem:229.69M (Peak 318.68M) | Time:00:01.22 | Remaining:00:03.08 | Mem:8.76M, Peak:8.76M | Scene, ViewLayer | Sample 1/24
Fra:8 Mem:229.69M (Peak 318.68M) | Time:00:01.45 | Remaining:00:03.98 | Mem:8.76M, Peak:93.30M | Scene, ViewLayer | Sample 2/24
Fra:8 Mem:229.69M (Peak 318.68M) | Time:00:01.88 | Remaining:00:05.55 | Mem:8.76M, Peak:93.30M | Scene, ViewLayer | Sample 3/24
Fra:8 Mem:229.69M (Peak 318.68M) | Time:00:02.19 | Remaining:00:05.50 | Mem:8.76M, Peak:93.30M | Scene, ViewLayer | Sample 4/24
Fra:8 Mem:229.69M (Peak 318.68M) | Time:00:02.48 | Remaining:00:05.26 | Mem:8.76M, Peak:93.30M | Scene, ViewLayer | Sample 5/24
Fra:8 Mem:229.69M (Peak 318.68M) | Time:00:02.80 | Remaining:00:05.13 | Mem:8.76M, Peak:93.30M | Scene, ViewLayer | Sample 6/24
Fra:8 Mem:229.69M (Peak 318.68M) | Time:00:03.02 | Remaining:00:04.69 | Mem:8.76M, Peak:93.30M | Scene, ViewLayer | Sample 7/24
Fra:8 Mem:265.29M (Peak 318.69M) | Time:00:05.01 | Mem:8.76M, Peak:93.30M | Scene, ViewLayer | Sample 24/24
Fra:8 Mem:265.29M (Peak 318.69M) | Time:00:05.01 | Mem:8.76M, Peak:93.30M | Scene, ViewLayer | Finished
Saved: 'C:\Work\domin8te-build\daysky\out\b\f0008.png'
Time: 00:05.14 (Saving: 00:00.13)

Fra:9 Mem:229.70M (Peak 318.69M) | Time:00:00.99 | Mem:8.76M, Peak:8.76M | Scene, ViewLayer | Synchronizing object | t0
Fra:9 Mem:231.77M (Peak 318.69M) | Time:00:00.99 | Mem:8.76M, Peak:8.76M | Scene, ViewLayer | Synchronizing object | main_vol
Fra:9 Mem:231.70M (Peak 318.69M) | Time:00:00.99 | Mem:8.76M, Peak:8.76M | Scene, ViewLayer | Synchronizing object | far_vol
Fra:9 Mem:231.66M (Peak 318.69M) | Time:00:00.99 | Mem:8.76M, Peak:8.76M | Scene, ViewLayer | Synchronizing object | near_vol
Fra:9 Mem:229.56M (Peak 318.69M) | Time:00:00.99 | Mem:8.76M, Peak:8.76M | Scene, ViewLayer | Synchronizing object | t1
Fra:9 Mem:229.56M (Peak 318.69M) | Time:00:00.99 | Mem:8.76M, Peak:8.76M | Scene, ViewLayer | Initializing
Fra:9 Mem:229.56M (Peak 318.69M) | Time:00:00.99 | Mem:8.76M, Peak:8.76M | Scene, ViewLayer | Waiting for render to start
Fra:9 Mem:229.56M (Peak 318.69M) | Time:00:00.99 | Mem:8.76M, Peak:8.76M | Scene, ViewLayer | Updating Scene
Fra:9 Mem:229.56M (Peak 318.69M) | Time:00:00.99 | Mem:8.76M, Peak:8.76M | Scene, ViewLayer | Updating Shaders
Fra:9 Mem:229.56M (Peak 318.69M) | Time:00:00.99 | Mem:8.76M, Peak:8.76M | Scene, ViewLayer | Updating Background
Fra:9 Mem:229.56M (Peak 318.69M) | Time:00:00.99 | Mem:8.76M, Peak:8.76M | Scene, ViewLayer | Updating Camera
Fra:9 Mem:229.56M (Peak 318.69M) | Time:00:00.99 | Mem:8.76M, Peak:8.76M | Scene, ViewLayer | Updating Meshes Flags
Fra:9 Mem:229.56M (Peak 318.69M) | Time:00:00.99 | Mem:8.76M, Peak:8.76M | Scene, ViewLayer | Updating Meshes Volume Bounds
Fra:9 Mem:229.56M (Peak 318.69M) | Time:00:00.99 | Mem:8.76M, Peak:8.76M | Scene, ViewLayer | Updating Volume Images
Fra:9 Mem:229.56M (Peak 318.69M) | Time:00:00.99 | Mem:8.76M, Peak:8.76M | Scene, ViewLayer | Updating Mesh | Computing Volume Mesh main_vol
Fra:9 Mem:229.61M (Peak 318.69M) | Time:00:01.00 | Mem:8.76M, Peak:8.76M | Scene, ViewLayer | Updating Mesh | Computing Volume Mesh far_vol
Fra:9 Mem:229.64M (Peak 318.69M) | Time:00:01.01 | Mem:8.76M, Peak:8.76M | Scene, ViewLayer | Updating Mesh | Computing Volume Mesh near_vol
Fra:9 Mem:229.66M (Peak 318.69M) | Time:00:01.02 | Mem:8.76M, Peak:8.76M | Scene, ViewLayer | Updating Objects
Fra:9 Mem:229.66M (Peak 318.69M) | Time:00:01.02 | Mem:8.76M, Peak:8.76M | Scene, ViewLayer | Updating Objects | Copying Transformations to device
Fra:9 Mem:229.66M (Peak 318.69M) | Time:00:01.02 | Mem:8.76M, Peak:8.76M | Scene, ViewLayer | Updating Particle Systems
Fra:9 Mem:229.66M (Peak 318.69M) | Time:00:01.02 | Mem:8.76M, Peak:8.76M | Scene, ViewLayer | Updating Meshes
Fra:9 Mem:224.60M (Peak 318.69M) | Time:00:01.06 | Mem:3.66M, Peak:8.76M | Scene, ViewLayer | Updating Objects | Applying Static Transformations
Fra:9 Mem:224.60M (Peak 318.69M) | Time:00:01.06 | Mem:3.66M, Peak:8.76M | Scene, ViewLayer | Updating Mesh | Computing attributes
Fra:9 Mem:225.56M (Peak 318.69M) | Time:00:01.06 | Mem:3.67M, Peak:8.76M | Scene, ViewLayer | Updating Mesh | Copying Attributes to device
Fra:9 Mem:225.55M (Peak 318.69M) | Time:00:01.06 | Mem:4.62M, Peak:8.76M | Scene, ViewLayer | Updating Geometry BVH t1 6/5 | Building BVH
Fra:9 Mem:225.55M (Peak 318.69M) | Time:00:01.06 | Mem:4.62M, Peak:8.76M | Scene, ViewLayer | Updating Geometry BVH t1 6/5 | Building OptiX acceleration structure
Fra:9 Mem:225.55M (Peak 318.69M) | Time:00:01.09 | Mem:4.62M, Peak:8.76M | Scene, ViewLayer | Updating Geometry BVH t0 5/5 | Building BVH
Fra:9 Mem:225.55M (Peak 318.69M) | Time:00:01.09 | Mem:4.62M, Peak:8.76M | Scene, ViewLayer | Updating Geometry BVH t0 5/5 | Building OptiX acceleration structure
Fra:9 Mem:226.53M (Peak 318.69M) | Time:00:01.09 | Mem:4.62M, Peak:8.76M | Scene, ViewLayer | Updating Geometry BVH main_vol 2/5 | Building BVH
Fra:9 Mem:226.53M (Peak 318.69M) | Time:00:01.09 | Mem:4.62M, Peak:8.76M | Scene, ViewLayer | Updating Geometry BVH far_vol 3/5 | Building BVH
Fra:9 Mem:226.53M (Peak 318.69M) | Time:00:01.11 | Mem:4.62M, Peak:8.76M | Scene, ViewLayer | Updating Geometry BVH near_vol 4/5 | Building BVH
Fra:9 Mem:226.53M (Peak 318.69M) | Time:00:01.12 | Mem:4.62M, Peak:8.76M | Scene, ViewLayer | Updating Geometry BVH near_vol 4/5 | Building OptiX acceleration structure
Fra:9 Mem:225.55M (Peak 318.69M) | Time:00:01.12 | Mem:4.62M, Peak:8.76M | Scene, ViewLayer | Updating Scene BVH | Building
Fra:9 Mem:225.55M (Peak 318.69M) | Time:00:01.12 | Mem:4.62M, Peak:8.76M | Scene, ViewLayer | Updating Scene BVH | Building OptiX acceleration structure
Fra:9 Mem:225.55M (Peak 318.69M) | Time:00:01.12 | Mem:4.62M, Peak:8.76M | Scene, ViewLayer | Updating Scene BVH | Building BVH
Fra:9 Mem:225.55M (Peak 318.69M) | Time:00:01.12 | Mem:4.62M, Peak:8.76M | Scene, ViewLayer | Updating Scene BVH | Building BVH 0%
Fra:9 Mem:225.55M (Peak 318.69M) | Time:00:01.16 | Mem:4.62M, Peak:8.76M | Scene, ViewLayer | Updating Scene BVH | Copying BVH to device
Fra:9 Mem:225.55M (Peak 318.69M) | Time:00:01.16 | Mem:4.62M, Peak:8.76M | Scene, ViewLayer | Updating Mesh | Computing normals
Fra:9 Mem:229.70M (Peak 318.69M) | Time:00:01.17 | Mem:4.62M, Peak:8.76M | Scene, ViewLayer | Updating Mesh | Copying Mesh to device
Fra:9 Mem:229.70M (Peak 318.69M) | Time:00:01.17 | Mem:8.76M, Peak:8.76M | Scene, ViewLayer | Updating Objects Flags
Fra:9 Mem:229.70M (Peak 318.69M) | Time:00:01.25 | Mem:8.76M, Peak:8.76M | Scene, ViewLayer | Updating Primitive Offsets
Fra:9 Mem:229.70M (Peak 318.69M) | Time:00:01.25 | Mem:8.76M, Peak:8.76M | Scene, ViewLayer | Updating Images
Fra:9 Mem:227.78M (Peak 318.69M) | Time:00:01.25 | Mem:8.76M, Peak:8.76M | Scene, ViewLayer | Updating Images | Loading density
Fra:9 Mem:229.71M (Peak 318.69M) | Time:00:01.25 | Mem:8.77M, Peak:10.43M | Scene, ViewLayer | Updating Camera Volume
Fra:9 Mem:229.71M (Peak 318.69M) | Time:00:01.25 | Mem:8.77M, Peak:10.43M | Scene, ViewLayer | Updating Lookup Tables
Fra:9 Mem:229.71M (Peak 318.69M) | Time:00:01.25 | Mem:8.77M, Peak:10.43M | Scene, ViewLayer | Updating Lights
Fra:9 Mem:229.71M (Peak 318.69M) | Time:00:01.25 | Mem:8.77M, Peak:10.43M | Scene, ViewLayer | Updating Lights | Computing tree
Fra:9 Mem:229.71M (Peak 318.69M) | Time:00:01.25 | Mem:8.77M, Peak:10.43M | Scene, ViewLayer | Updating Integrator
Fra:9 Mem:229.71M (Peak 318.69M) | Time:00:01.25 | Mem:8.77M, Peak:10.43M | Scene, ViewLayer | Updating Film
Fra:9 Mem:229.71M (Peak 318.69M) | Time:00:01.25 | Mem:8.77M, Peak:10.43M | Scene, ViewLayer | Updating Lookup Tables
Fra:9 Mem:229.71M (Peak 318.69M) | Time:00:01.25 | Mem:8.77M, Peak:10.43M | Scene, ViewLayer | Updating Baking
Fra:9 Mem:229.71M (Peak 318.69M) | Time:00:01.25 | Mem:8.77M, Peak:10.43M | Scene, ViewLayer | Updating Device | Writing constant memory
Fra:9 Mem:229.71M (Peak 318.69M) | Time:00:01.25 | Mem:8.77M, Peak:10.43M | Scene, ViewLayer | Sample 0/24
Fra:9 Mem:229.71M (Peak 318.69M) | Time:00:01.39 | Remaining:00:03.19 | Mem:8.77M, Peak:10.43M | Scene, ViewLayer | Sample 1/24
Fra:9 Mem:229.71M (Peak 318.69M) | Time:00:01.58 | Remaining:00:03.65 | Mem:8.77M, Peak:93.31M | Scene, ViewLayer | Sample 2/24
Fra:9 Mem:229.71M (Peak 318.69M) | Time:00:01.97 | Remaining:00:05.05 | Mem:8.77M, Peak:93.31M | Scene, ViewLayer | Sample 3/24
Fra:9 Mem:229.71M (Peak 318.69M) | Time:00:02.31 | Remaining:00:05.31 | Mem:8.77M, Peak:93.31M | Scene, ViewLayer | Sample 4/24
Fra:9 Mem:229.71M (Peak 318.69M) | Time:00:02.65 | Remaining:00:05.29 | Mem:8.77M, Peak:93.31M | Scene, ViewLayer | Sample 5/24
Fra:9 Mem:229.71M (Peak 318.69M) | Time:00:03.05 | Remaining:00:05.38 | Mem:8.77M, Peak:93.31M | Scene, ViewLayer | Sample 6/24
Fra:9 Mem:229.71M (Peak 318.69M) | Time:00:03.43 | Remaining:00:05.27 | Mem:8.77M, Peak:93.31M | Scene, ViewLayer | Sample 7/24
Fra:9 Mem:229.71M (Peak 318.69M) | Time:00:03.65 | Remaining:00:04.80 | Mem:8.77M, Peak:93.31M | Scene, ViewLayer | Sample 8/24
Fra:9 Mem:229.71M (Peak 318.69M) | Time:00:03.87 | Remaining:00:04.36 | Mem:8.77M, Peak:93.31M | Scene, ViewLayer | Sample 9/24
Fra:9 Mem:229.71M (Peak 318.69M) | Time:00:04.25 | Remaining:00:04.19 | Mem:8.77M, Peak:93.31M | Scene, ViewLayer | Sample 10/24
Fra:9 Mem:229.71M (Peak 318.69M) | Time:00:04.65 | Remaining:00:04.01 | Mem:8.77M, Peak:93.31M | Scene, ViewLayer | Sample 11/24
Fra:9 Mem:229.71M (Peak 318.69M) | Time:00:04.94 | Remaining:00:03.68 | Mem:8.77M, Peak:93.31M | Scene, ViewLayer | Sample 12/24
Fra:9 Mem:229.71M (Peak 318.69M) | Time:00:05.30 | Remaining:00:03.42 | Mem:8.77M, Peak:93.31M | Scene, ViewLayer | Sample 13/24
Fra:9 Mem:229.71M (Peak 318.69M) | Time:00:05.61 | Remaining:00:03.11 | Mem:8.77M, Peak:93.31M | Scene, ViewLayer | Sample 14/24
Fra:9 Mem:229.71M (Peak 318.69M) | Time:00:05.87 | Remaining:00:02.77 | Mem:8.77M, Peak:93.31M | Scene, ViewLayer | Sample 15/24
Fra:9 Mem:229.71M (Peak 318.69M) | Time:00:06.16 | Remaining:00:02.45 | Mem:8.77M, Peak:93.31M | Scene, ViewLayer | Sample 16/24
Fra:9 Mem:229.71M (Peak 318.69M) | Time:00:06.68 | Remaining:00:02.23 | Mem:8.77M, Peak:93.31M | Scene, ViewLayer | Sample 17/24
Fra:9 Mem:229.71M (Peak 318.69M) | Time:00:06.99 | Remaining:00:01.91 | Mem:8.77M, Peak:93.31M | Scene, ViewLayer | Sample 18/24
Fra:9 Mem:229.71M (Peak 318.69M) | Time:00:07.23 | Remaining:00:01.57 | Mem:8.77M, Peak:93.31M | Scene, ViewLayer | Sample 19/24
Fra:9 Mem:229.71M (Peak 318.69M) | Time:00:07.58 | Remaining:00:01.26 | Mem:8.77M, Peak:93.31M | Scene, ViewLayer | Sample 20/24
Fra:9 Mem:229.71M (Peak 318.69M) | Time:00:07.87 | Remaining:00:00.94 | Mem:8.77M, Peak:93.31M | Scene, ViewLayer | Sample 21/24
Fra:9 Mem:229.71M (Peak 318.69M) | Time:00:08.01 | Remaining:00:00.61 | Mem:8.77M, Peak:93.31M | Scene, ViewLayer | Sample 22/24
Fra:9 Mem:265.31M (Peak 318.70M) | Time:00:08.37 | Mem:8.77M, Peak:93.31M | Scene, ViewLayer | Sample 24/24
Fra:9 Mem:265.31M (Peak 318.70M) | Time:00:08.37 | Mem:8.77M, Peak:93.31M | Scene, ViewLayer | Finished
Saved: 'C:\Work\domin8te-build\daysky\out\b\f0009.png'
Time: 00:08.51 (Saving: 00:00.13)

Fra:10 Mem:229.71M (Peak 318.70M) | Time:00:00.91 | Mem:8.77M, Peak:8.77M | Scene, ViewLayer | Synchronizing object | t0
Fra:10 Mem:229.71M (Peak 318.70M) | Time:00:00.91 | Mem:8.77M, Peak:8.77M | Scene, ViewLayer | Synchronizing object | t1
Fra:10 Mem:229.71M (Peak 318.70M) | Time:00:00.91 | Mem:8.77M, Peak:8.77M | Scene, ViewLayer | Synchronizing object | near_vol
Fra:10 Mem:229.69M (Peak 318.70M) | Time:00:00.91 | Mem:8.77M, Peak:8.77M | Scene, ViewLayer | Synchronizing object | far_vol
Fra:10 Mem:229.65M (Peak 318.70M) | Time:00:00.91 | Mem:8.77M, Peak:8.77M | Scene, ViewLayer | Synchronizing object | main_vol
Fra:10 Mem:229.57M (Peak 318.70M) | Time:00:00.91 | Mem:8.77M, Peak:8.77M | Scene, ViewLayer | Initializing
Fra:10 Mem:229.57M (Peak 318.70M) | Time:00:00.91 | Mem:8.77M, Peak:8.77M | Scene, ViewLayer | Waiting for render to start
Fra:10 Mem:229.57M (Peak 318.70M) | Time:00:00.91 | Mem:8.77M, Peak:8.77M | Scene, ViewLayer | Updating Scene
Fra:10 Mem:229.57M (Peak 318.70M) | Time:00:00.91 | Mem:8.77M, Peak:8.77M | Scene, ViewLayer | Updating Shaders
Fra:10 Mem:229.57M (Peak 318.70M) | Time:00:00.91 | Mem:8.77M, Peak:8.77M | Scene, ViewLayer | Updating Background
Fra:10 Mem:229.57M (Peak 318.70M) | Time:00:00.91 | Mem:8.77M, Peak:8.77M | Scene, ViewLayer | Updating Camera
Fra:10 Mem:229.57M (Peak 318.70M) | Time:00:00.91 | Mem:8.77M, Peak:8.77M | Scene, ViewLayer | Updating Meshes Flags
Fra:10 Mem:229.57M (Peak 318.70M) | Time:00:00.91 | Mem:8.77M, Peak:8.77M | Scene, ViewLayer | Updating Meshes Volume Bounds
Fra:10 Mem:229.57M (Peak 318.70M) | Time:00:00.91 | Mem:8.77M, Peak:8.77M | Scene, ViewLayer | Updating Volume Images
Fra:10 Mem:229.57M (Peak 318.70M) | Time:00:00.91 | Mem:8.77M, Peak:8.77M | Scene, ViewLayer | Updating Mesh | Computing Volume Mesh main_vol
Fra:10 Mem:229.63M (Peak 318.70M) | Time:00:00.92 | Mem:8.77M, Peak:8.77M | Scene, ViewLayer | Updating Mesh | Computing Volume Mesh far_vol
Fra:10 Mem:229.66M (Peak 318.70M) | Time:00:00.93 | Mem:8.77M, Peak:8.77M | Scene, ViewLayer | Updating Mesh | Computing Volume Mesh near_vol
Fra:10 Mem:229.68M (Peak 318.70M) | Time:00:00.93 | Mem:8.77M, Peak:8.77M | Scene, ViewLayer | Updating Objects
Fra:10 Mem:229.68M (Peak 318.70M) | Time:00:00.93 | Mem:8.77M, Peak:8.77M | Scene, ViewLayer | Updating Objects | Copying Transformations to device
Fra:10 Mem:229.68M (Peak 318.70M) | Time:00:00.93 | Mem:8.77M, Peak:8.77M | Scene, ViewLayer | Updating Particle Systems
Fra:10 Mem:229.68M (Peak 318.70M) | Time:00:00.93 | Mem:8.77M, Peak:8.77M | Scene, ViewLayer | Updating Meshes
Fra:10 Mem:224.61M (Peak 318.70M) | Time:00:00.93 | Mem:3.68M, Peak:8.77M | Scene, ViewLayer | Updating Objects | Applying Static Transformations
Fra:10 Mem:224.61M (Peak 318.70M) | Time:00:00.93 | Mem:3.68M, Peak:8.77M | Scene, ViewLayer | Updating Mesh | Computing attributes
Fra:10 Mem:225.57M (Peak 318.70M) | Time:00:00.93 | Mem:3.68M, Peak:8.77M | Scene, ViewLayer | Updating Mesh | Copying Attributes to device
Fra:10 Mem:225.57M (Peak 318.70M) | Time:00:00.94 | Mem:4.63M, Peak:8.77M | Scene, ViewLayer | Updating Geometry BVH t1 6/5 | Building BVH
Fra:10 Mem:225.57M (Peak 318.70M) | Time:00:00.94 | Mem:4.63M, Peak:8.77M | Scene, ViewLayer | Updating Geometry BVH t1 6/5 | Building OptiX acceleration structure
Fra:10 Mem:225.57M (Peak 318.70M) | Time:00:00.94 | Mem:4.63M, Peak:8.77M | Scene, ViewLayer | Updating Geometry BVH t0 5/5 | Building BVH
Fra:10 Mem:225.57M (Peak 318.70M) | Time:00:00.94 | Mem:4.63M, Peak:8.77M | Scene, ViewLayer | Updating Geometry BVH t0 5/5 | Building OptiX acceleration structure
Fra:10 Mem:225.57M (Peak 318.70M) | Time:00:00.94 | Mem:4.63M, Peak:8.77M | Scene, ViewLayer | Updating Geometry BVH near_vol 4/5 | Building BVH
Fra:10 Mem:225.57M (Peak 318.70M) | Time:00:00.94 | Mem:4.63M, Peak:8.77M | Scene, ViewLayer | Updating Geometry BVH near_vol 4/5 | Building OptiX acceleration structure
Fra:10 Mem:225.57M (Peak 318.70M) | Time:00:00.94 | Mem:4.63M, Peak:8.77M | Scene, ViewLayer | Updating Geometry BVH far_vol 3/5 | Building BVH
Fra:10 Mem:225.57M (Peak 318.70M) | Time:00:00.94 | Mem:4.63M, Peak:8.77M | Scene, ViewLayer | Updating Geometry BVH far_vol 3/5 | Building OptiX acceleration structure
Fra:10 Mem:225.57M (Peak 318.70M) | Time:00:00.94 | Mem:4.63M, Peak:8.77M | Scene, ViewLayer | Updating Geometry BVH main_vol 2/5 | Building BVH
Fra:10 Mem:225.57M (Peak 318.70M) | Time:00:00.94 | Mem:4.63M, Peak:8.77M | Scene, ViewLayer | Updating Geometry BVH main_vol 2/5 | Building OptiX acceleration structure
Fra:10 Mem:225.57M (Peak 318.70M) | Time:00:00.94 | Mem:4.63M, Peak:8.77M | Scene, ViewLayer | Updating Scene BVH | Building
Fra:10 Mem:225.57M (Peak 318.70M) | Time:00:00.94 | Mem:4.63M, Peak:8.77M | Scene, ViewLayer | Updating Scene BVH | Building OptiX acceleration structure
Fra:10 Mem:225.57M (Peak 318.70M) | Time:00:00.94 | Mem:4.63M, Peak:8.77M | Scene, ViewLayer | Updating Scene BVH | Building BVH
Fra:10 Mem:225.57M (Peak 318.70M) | Time:00:00.94 | Mem:4.63M, Peak:8.77M | Scene, ViewLayer | Updating Scene BVH | Building BVH 0%
Fra:10 Mem:225.57M (Peak 318.70M) | Time:00:01.01 | Mem:4.63M, Peak:8.77M | Scene, ViewLayer | Updating Scene BVH | Copying BVH to device
Fra:10 Mem:225.57M (Peak 318.70M) | Time:00:01.01 | Mem:4.63M, Peak:8.77M | Scene, ViewLayer | Updating Mesh | Computing normals
Fra:10 Mem:229.71M (Peak 318.70M) | Time:00:01.01 | Mem:4.63M, Peak:8.77M | Scene, ViewLayer | Updating Mesh | Copying Mesh to device
Fra:10 Mem:229.71M (Peak 318.70M) | Time:00:01.02 | Mem:8.77M, Peak:8.77M | Scene, ViewLayer | Updating Objects Flags
Fra:10 Mem:229.71M (Peak 318.70M) | Time:00:01.52 | Mem:8.77M, Peak:8.77M | Scene, ViewLayer | Updating Primitive Offsets
Fra:10 Mem:229.71M (Peak 318.70M) | Time:00:01.52 | Mem:8.77M, Peak:8.77M | Scene, ViewLayer | Updating Images
Fra:10 Mem:226.12M (Peak 318.70M) | Time:00:01.52 | Mem:5.19M, Peak:8.77M | Scene, ViewLayer | Updating Images | Loading density
Fra:10 Mem:229.72M (Peak 318.70M) | Time:00:01.53 | Mem:8.79M, Peak:8.79M | Scene, ViewLayer | Updating Camera Volume
Fra:10 Mem:229.72M (Peak 318.70M) | Time:00:01.53 | Mem:8.79M, Peak:8.79M | Scene, ViewLayer | Updating Lookup Tables
Fra:10 Mem:229.72M (Peak 318.70M) | Time:00:01.53 | Mem:8.79M, Peak:8.79M | Scene, ViewLayer | Updating Lights
Fra:10 Mem:229.72M (Peak 318.70M) | Time:00:01.53 | Mem:8.79M, Peak:8.79M | Scene, ViewLayer | Updating Lights | Computing tree
Fra:10 Mem:229.72M (Peak 318.70M) | Time:00:01.53 | Mem:8.79M, Peak:8.79M | Scene, ViewLayer | Updating Integrator
Fra:10 Mem:229.72M (Peak 318.70M) | Time:00:01.53 | Mem:8.79M, Peak:8.79M | Scene, ViewLayer | Updating Film
Fra:10 Mem:229.72M (Peak 318.70M) | Time:00:01.53 | Mem:8.79M, Peak:8.79M | Scene, ViewLayer | Updating Lookup Tables
Fra:10 Mem:229.72M (Peak 318.70M) | Time:00:01.53 | Mem:8.79M, Peak:8.79M | Scene, ViewLayer | Updating Baking
Fra:10 Mem:229.72M (Peak 318.70M) | Time:00:01.53 | Mem:8.79M, Peak:8.79M | Scene, ViewLayer | Updating Device | Writing constant memory
Fra:10 Mem:229.72M (Peak 318.70M) | Time:00:01.53 | Mem:8.79M, Peak:8.79M | Scene, ViewLayer | Sample 0/24
Fra:10 Mem:229.72M (Peak 318.70M) | Time:00:01.68 | Remaining:00:03.37 | Mem:8.79M, Peak:8.79M | Scene, ViewLayer | Sample 1/24
Fra:10 Mem:229.72M (Peak 318.70M) | Time:00:01.93 | Remaining:00:04.42 | Mem:8.79M, Peak:93.33M | Scene, ViewLayer | Sample 2/24
Fra:10 Mem:229.72M (Peak 318.70M) | Time:00:02.41 | Remaining:00:06.13 | Mem:8.79M, Peak:93.33M | Scene, ViewLayer | Sample 3/24
Fra:10 Mem:229.72M (Peak 318.70M) | Time:00:02.67 | Remaining:00:05.69 | Mem:8.79M, Peak:93.33M | Scene, ViewLayer | Sample 4/24
Fra:10 Mem:229.72M (Peak 318.70M) | Time:00:02.87 | Remaining:00:05.08 | Mem:8.79M, Peak:93.33M | Scene, ViewLayer | Sample 5/24
Fra:10 Mem:265.32M (Peak 318.72M) | Time:00:05.25 | Mem:8.79M, Peak:93.33M | Scene, ViewLayer | Sample 24/24
Fra:10 Mem:265.32M (Peak 318.72M) | Time:00:05.25 | Mem:8.79M, Peak:93.33M | Scene, ViewLayer | Finished
Saved: 'C:\Work\domin8te-build\daysky\out\b\f0010.png'
Time: 00:05.41 (Saving: 00:00.15)

Fra:11 Mem:229.73M (Peak 318.72M) | Time:00:00.89 | Mem:8.79M, Peak:8.79M | Scene, ViewLayer | Synchronizing object | t0
Fra:11 Mem:229.73M (Peak 318.72M) | Time:00:00.89 | Mem:8.79M, Peak:8.79M | Scene, ViewLayer | Synchronizing object | t1
Fra:11 Mem:231.40M (Peak 318.72M) | Time:00:00.89 | Mem:8.79M, Peak:8.79M | Scene, ViewLayer | Synchronizing object | main_vol
Fra:11 Mem:229.66M (Peak 318.72M) | Time:00:00.89 | Mem:8.79M, Peak:8.79M | Scene, ViewLayer | Synchronizing object | near_vol
Fra:11 Mem:229.63M (Peak 318.72M) | Time:00:00.89 | Mem:8.79M, Peak:8.79M | Scene, ViewLayer | Synchronizing object | far_vol
Fra:11 Mem:229.59M (Peak 318.72M) | Time:00:00.89 | Mem:8.79M, Peak:8.79M | Scene, ViewLayer | Initializing
Fra:11 Mem:229.59M (Peak 318.72M) | Time:00:00.89 | Mem:8.79M, Peak:8.79M | Scene, ViewLayer | Waiting for render to start
Fra:11 Mem:229.59M (Peak 318.72M) | Time:00:00.89 | Mem:8.79M, Peak:8.79M | Scene, ViewLayer | Updating Scene
Fra:11 Mem:229.59M (Peak 318.72M) | Time:00:00.89 | Mem:8.79M, Peak:8.79M | Scene, ViewLayer | Updating Shaders
Fra:11 Mem:229.59M (Peak 318.72M) | Time:00:00.89 | Mem:8.79M, Peak:8.79M | Scene, ViewLayer | Updating Background
Fra:11 Mem:229.59M (Peak 318.72M) | Time:00:00.89 | Mem:8.79M, Peak:8.79M | Scene, ViewLayer | Updating Camera
Fra:11 Mem:229.59M (Peak 318.72M) | Time:00:00.89 | Mem:8.79M, Peak:8.79M | Scene, ViewLayer | Updating Meshes Flags
Fra:11 Mem:229.59M (Peak 318.72M) | Time:00:00.89 | Mem:8.79M, Peak:8.79M | Scene, ViewLayer | Updating Meshes Volume Bounds
Fra:11 Mem:229.59M (Peak 318.72M) | Time:00:00.89 | Mem:8.79M, Peak:8.79M | Scene, ViewLayer | Updating Volume Images
Fra:11 Mem:229.59M (Peak 318.72M) | Time:00:00.89 | Mem:8.79M, Peak:8.79M | Scene, ViewLayer | Updating Mesh | Computing Volume Mesh main_vol
Fra:11 Mem:229.64M (Peak 318.72M) | Time:00:00.90 | Mem:8.79M, Peak:8.79M | Scene, ViewLayer | Updating Mesh | Computing Volume Mesh far_vol
Fra:11 Mem:229.67M (Peak 318.72M) | Time:00:00.91 | Mem:8.79M, Peak:8.79M | Scene, ViewLayer | Updating Mesh | Computing Volume Mesh near_vol
Fra:11 Mem:229.69M (Peak 318.72M) | Time:00:00.91 | Mem:8.79M, Peak:8.79M | Scene, ViewLayer | Updating Objects
Fra:11 Mem:229.69M (Peak 318.72M) | Time:00:00.91 | Mem:8.79M, Peak:8.79M | Scene, ViewLayer | Updating Objects | Copying Transformations to device
Fra:11 Mem:229.69M (Peak 318.72M) | Time:00:00.91 | Mem:8.79M, Peak:8.79M | Scene, ViewLayer | Updating Particle Systems
Fra:11 Mem:229.69M (Peak 318.72M) | Time:00:00.91 | Mem:8.79M, Peak:8.79M | Scene, ViewLayer | Updating Meshes
Fra:11 Mem:224.63M (Peak 318.72M) | Time:00:00.91 | Mem:3.69M, Peak:8.79M | Scene, ViewLayer | Updating Objects | Applying Static Transformations
Fra:11 Mem:224.63M (Peak 318.72M) | Time:00:00.91 | Mem:3.69M, Peak:8.79M | Scene, ViewLayer | Updating Mesh | Computing attributes
Fra:11 Mem:225.58M (Peak 318.72M) | Time:00:00.91 | Mem:3.69M, Peak:8.79M | Scene, ViewLayer | Updating Mesh | Copying Attributes to device
Fra:11 Mem:225.58M (Peak 318.72M) | Time:00:00.91 | Mem:4.65M, Peak:8.79M | Scene, ViewLayer | Updating Geometry BVH t1 6/5 | Building BVH
Fra:11 Mem:225.58M (Peak 318.72M) | Time:00:00.91 | Mem:4.65M, Peak:8.79M | Scene, ViewLayer | Updating Geometry BVH t1 6/5 | Building OptiX acceleration structure
Fra:11 Mem:225.58M (Peak 318.72M) | Time:00:00.92 | Mem:4.65M, Peak:8.79M | Scene, ViewLayer | Updating Geometry BVH t0 5/5 | Building BVH
Fra:11 Mem:225.58M (Peak 318.72M) | Time:00:00.92 | Mem:4.65M, Peak:8.79M | Scene, ViewLayer | Updating Geometry BVH t0 5/5 | Building OptiX acceleration structure
Fra:11 Mem:225.58M (Peak 318.72M) | Time:00:00.92 | Mem:4.65M, Peak:8.79M | Scene, ViewLayer | Updating Geometry BVH near_vol 4/5 | Building BVH
Fra:11 Mem:225.58M (Peak 318.72M) | Time:00:00.92 | Mem:4.65M, Peak:8.79M | Scene, ViewLayer | Updating Geometry BVH near_vol 4/5 | Building OptiX acceleration structure
Fra:11 Mem:225.58M (Peak 318.72M) | Time:00:00.92 | Mem:4.65M, Peak:8.79M | Scene, ViewLayer | Updating Geometry BVH far_vol 3/5 | Building BVH
Fra:11 Mem:225.58M (Peak 318.72M) | Time:00:00.92 | Mem:4.65M, Peak:8.79M | Scene, ViewLayer | Updating Geometry BVH far_vol 3/5 | Building OptiX acceleration structure
Fra:11 Mem:225.58M (Peak 318.72M) | Time:00:00.92 | Mem:4.65M, Peak:8.79M | Scene, ViewLayer | Updating Geometry BVH main_vol 2/5 | Building BVH
Fra:11 Mem:225.58M (Peak 318.72M) | Time:00:00.92 | Mem:4.65M, Peak:8.79M | Scene, ViewLayer | Updating Geometry BVH main_vol 2/5 | Building OptiX acceleration structure
Fra:11 Mem:225.58M (Peak 318.72M) | Time:00:00.92 | Mem:4.65M, Peak:8.79M | Scene, ViewLayer | Updating Scene BVH | Building
Fra:11 Mem:225.58M (Peak 318.72M) | Time:00:00.92 | Mem:4.65M, Peak:8.79M | Scene, ViewLayer | Updating Scene BVH | Building OptiX acceleration structure
Fra:11 Mem:225.58M (Peak 318.72M) | Time:00:00.92 | Mem:4.65M, Peak:8.79M | Scene, ViewLayer | Updating Scene BVH | Building BVH
Fra:11 Mem:225.58M (Peak 318.72M) | Time:00:00.92 | Mem:4.65M, Peak:8.79M | Scene, ViewLayer | Updating Scene BVH | Building BVH 0%
Fra:11 Mem:225.58M (Peak 318.72M) | Time:00:00.97 | Mem:4.65M, Peak:8.79M | Scene, ViewLayer | Updating Scene BVH | Copying BVH to device
Fra:11 Mem:225.58M (Peak 318.72M) | Time:00:00.97 | Mem:4.65M, Peak:8.79M | Scene, ViewLayer | Updating Mesh | Computing normals
Fra:11 Mem:229.73M (Peak 318.72M) | Time:00:00.97 | Mem:4.65M, Peak:8.79M | Scene, ViewLayer | Updating Mesh | Copying Mesh to device
Fra:11 Mem:229.73M (Peak 318.72M) | Time:00:00.97 | Mem:8.79M, Peak:8.79M | Scene, ViewLayer | Updating Objects Flags
Fra:11 Mem:229.73M (Peak 318.72M) | Time:00:01.19 | Mem:8.79M, Peak:8.79M | Scene, ViewLayer | Updating Primitive Offsets
Fra:11 Mem:229.73M (Peak 318.72M) | Time:00:01.19 | Mem:8.79M, Peak:8.79M | Scene, ViewLayer | Updating Images
Fra:11 Mem:229.03M (Peak 318.72M) | Time:00:01.19 | Mem:8.79M, Peak:8.79M | Scene, ViewLayer | Updating Images | Loading density
Fra:11 Mem:229.74M (Peak 318.72M) | Time:00:01.19 | Mem:8.81M, Peak:11.71M | Scene, ViewLayer | Updating Camera Volume
Fra:11 Mem:229.74M (Peak 318.72M) | Time:00:01.19 | Mem:8.81M, Peak:11.71M | Scene, ViewLayer | Updating Lookup Tables
Fra:11 Mem:229.74M (Peak 318.72M) | Time:00:01.19 | Mem:8.81M, Peak:11.71M | Scene, ViewLayer | Updating Lights
Fra:11 Mem:229.74M (Peak 318.72M) | Time:00:01.20 | Mem:8.81M, Peak:11.71M | Scene, ViewLayer | Updating Lights | Computing tree
Fra:11 Mem:229.74M (Peak 318.72M) | Time:00:01.20 | Mem:8.81M, Peak:11.71M | Scene, ViewLayer | Updating Integrator
Fra:11 Mem:229.74M (Peak 318.72M) | Time:00:01.20 | Mem:8.81M, Peak:11.71M | Scene, ViewLayer | Updating Film
Fra:11 Mem:229.74M (Peak 318.72M) | Time:00:01.20 | Mem:8.81M, Peak:11.71M | Scene, ViewLayer | Updating Lookup Tables
Fra:11 Mem:229.74M (Peak 318.72M) | Time:00:01.20 | Mem:8.81M, Peak:11.71M | Scene, ViewLayer | Updating Baking
Fra:11 Mem:229.74M (Peak 318.72M) | Time:00:01.20 | Mem:8.81M, Peak:11.71M | Scene, ViewLayer | Updating Device | Writing constant memory
Fra:11 Mem:229.74M (Peak 318.72M) | Time:00:01.20 | Mem:8.81M, Peak:11.71M | Scene, ViewLayer | Sample 0/24
Fra:11 Mem:229.74M (Peak 318.72M) | Time:00:01.35 | Remaining:00:03.63 | Mem:8.81M, Peak:11.71M | Scene, ViewLayer | Sample 1/24
Fra:11 Mem:229.74M (Peak 318.72M) | Time:00:01.66 | Remaining:00:05.10 | Mem:8.81M, Peak:93.35M | Scene, ViewLayer | Sample 2/24
Fra:11 Mem:229.74M (Peak 318.72M) | Time:00:02.44 | Remaining:00:08.73 | Mem:8.81M, Peak:93.35M | Scene, ViewLayer | Sample 3/24
Fra:11 Mem:229.74M (Peak 320.76M) | Time:00:02.75 | Remaining:00:07.76 | Mem:8.81M, Peak:93.35M | Scene, ViewLayer | Sample 4/24
Fra:11 Mem:229.74M (Peak 320.76M) | Time:00:03.15 | Remaining:00:07.42 | Mem:8.81M, Peak:93.35M | Scene, ViewLayer | Sample 5/24
Fra:11 Mem:229.74M (Peak 320.76M) | Time:00:03.60 | Remaining:00:07.20 | Mem:8.81M, Peak:93.35M | Scene, ViewLayer | Sample 6/24
Fra:11 Mem:229.74M (Peak 320.76M) | Time:00:03.77 | Remaining:00:06.23 | Mem:8.81M, Peak:93.35M | Scene, ViewLayer | Sample 7/24
Fra:11 Mem:265.34M (Peak 320.76M) | Time:00:06.25 | Mem:8.81M, Peak:93.35M | Scene, ViewLayer | Sample 24/24
Fra:11 Mem:265.34M (Peak 320.76M) | Time:00:06.25 | Mem:8.81M, Peak:93.35M | Scene, ViewLayer | Finished
Saved: 'C:\Work\domin8te-build\daysky\out\b\f0011.png'
Time: 00:06.37 (Saving: 00:00.12)

Fra:12 Mem:229.75M (Peak 320.76M) | Time:00:00.94 | Mem:8.81M, Peak:8.81M | Scene, ViewLayer | Synchronizing object | main_vol
Fra:12 Mem:229.68M (Peak 320.76M) | Time:00:00.94 | Mem:8.81M, Peak:8.81M | Scene, ViewLayer | Synchronizing object | t0
Fra:12 Mem:229.61M (Peak 320.76M) | Time:00:00.95 | Mem:8.81M, Peak:8.81M | Scene, ViewLayer | Synchronizing object | t1
Fra:12 Mem:229.61M (Peak 320.76M) | Time:00:00.95 | Mem:8.81M, Peak:8.81M | Scene, ViewLayer | Initializing
Fra:12 Mem:229.61M (Peak 320.76M) | Time:00:00.95 | Mem:8.81M, Peak:8.81M | Scene, ViewLayer | Waiting for render to start
Fra:12 Mem:229.61M (Peak 320.76M) | Time:00:00.95 | Mem:8.81M, Peak:8.81M | Scene, ViewLayer | Updating Scene
Fra:12 Mem:229.61M (Peak 320.76M) | Time:00:00.95 | Mem:8.81M, Peak:8.81M | Scene, ViewLayer | Updating Shaders
Fra:12 Mem:229.61M (Peak 320.76M) | Time:00:00.95 | Mem:8.81M, Peak:8.81M | Scene, ViewLayer | Updating Background
Fra:12 Mem:229.61M (Peak 320.76M) | Time:00:00.95 | Mem:8.81M, Peak:8.81M | Scene, ViewLayer | Updating Camera
Fra:12 Mem:229.61M (Peak 320.76M) | Time:00:00.95 | Mem:8.81M, Peak:8.81M | Scene, ViewLayer | Updating Meshes Flags
Fra:12 Mem:229.61M (Peak 320.76M) | Time:00:00.95 | Mem:8.81M, Peak:8.81M | Scene, ViewLayer | Updating Meshes Volume Bounds
Fra:12 Mem:229.61M (Peak 320.76M) | Time:00:00.95 | Mem:8.81M, Peak:8.81M | Scene, ViewLayer | Updating Volume Images
Fra:12 Mem:229.61M (Peak 320.76M) | Time:00:00.95 | Mem:8.81M, Peak:8.81M | Scene, ViewLayer | Updating Mesh | Computing Volume Mesh main_vol
Fra:12 Mem:229.66M (Peak 320.76M) | Time:00:00.96 | Mem:8.81M, Peak:8.81M | Scene, ViewLayer | Updating Mesh | Computing Volume Mesh far_vol
Fra:12 Mem:229.69M (Peak 320.76M) | Time:00:00.96 | Mem:8.81M, Peak:8.81M | Scene, ViewLayer | Updating Mesh | Computing Volume Mesh near_vol
Fra:12 Mem:229.71M (Peak 320.76M) | Time:00:00.97 | Mem:8.81M, Peak:8.81M | Scene, ViewLayer | Updating Objects
Fra:12 Mem:229.71M (Peak 320.76M) | Time:00:00.97 | Mem:8.81M, Peak:8.81M | Scene, ViewLayer | Updating Objects | Copying Transformations to device
Fra:12 Mem:229.71M (Peak 320.76M) | Time:00:00.97 | Mem:8.81M, Peak:8.81M | Scene, ViewLayer | Updating Particle Systems
Fra:12 Mem:229.71M (Peak 320.76M) | Time:00:00.97 | Mem:8.81M, Peak:8.81M | Scene, ViewLayer | Updating Meshes
Fra:12 Mem:224.65M (Peak 320.76M) | Time:00:00.97 | Mem:3.71M, Peak:8.81M | Scene, ViewLayer | Updating Objects | Applying Static Transformations
Fra:12 Mem:224.65M (Peak 320.76M) | Time:00:00.97 | Mem:3.71M, Peak:8.81M | Scene, ViewLayer | Updating Mesh | Computing attributes
Fra:12 Mem:225.60M (Peak 320.76M) | Time:00:00.97 | Mem:3.71M, Peak:8.81M | Scene, ViewLayer | Updating Mesh | Copying Attributes to device
Fra:12 Mem:225.60M (Peak 320.76M) | Time:00:00.97 | Mem:4.66M, Peak:8.81M | Scene, ViewLayer | Updating Geometry BVH far_vol 3/5 | Building BVH
Fra:12 Mem:225.60M (Peak 320.76M) | Time:00:00.97 | Mem:4.66M, Peak:8.81M | Scene, ViewLayer | Updating Geometry BVH near_vol 4/5 | Building BVH
Fra:12 Mem:225.60M (Peak 320.76M) | Time:00:00.97 | Mem:4.66M, Peak:8.81M | Scene, ViewLayer | Updating Geometry BVH t0 5/5 | Building BVH
Fra:12 Mem:225.62M (Peak 320.76M) | Time:00:00.97 | Mem:4.66M, Peak:8.81M | Scene, ViewLayer | Updating Geometry BVH t1 6/5 | Building BVH
Fra:12 Mem:225.63M (Peak 320.76M) | Time:00:00.97 | Mem:4.66M, Peak:8.81M | Scene, ViewLayer | Updating Geometry BVH t1 6/5 | Building OptiX acceleration structure
Fra:12 Mem:225.60M (Peak 320.76M) | Time:00:00.98 | Mem:4.66M, Peak:8.81M | Scene, ViewLayer | Updating Scene BVH | Building
Fra:12 Mem:225.60M (Peak 320.76M) | Time:00:00.98 | Mem:4.66M, Peak:8.81M | Scene, ViewLayer | Updating Scene BVH | Building OptiX acceleration structure
Fra:12 Mem:225.60M (Peak 320.76M) | Time:00:00.98 | Mem:4.66M, Peak:8.81M | Scene, ViewLayer | Updating Scene BVH | Building BVH
Fra:12 Mem:225.60M (Peak 320.76M) | Time:00:00.98 | Mem:4.66M, Peak:8.81M | Scene, ViewLayer | Updating Scene BVH | Building BVH 0%
Fra:12 Mem:225.60M (Peak 320.76M) | Time:00:00.99 | Mem:4.66M, Peak:8.81M | Scene, ViewLayer | Updating Scene BVH | Copying BVH to device
Fra:12 Mem:225.60M (Peak 320.76M) | Time:00:00.99 | Mem:4.66M, Peak:8.81M | Scene, ViewLayer | Updating Mesh | Computing normals
Fra:12 Mem:229.75M (Peak 320.76M) | Time:00:00.99 | Mem:4.66M, Peak:8.81M | Scene, ViewLayer | Updating Mesh | Copying Mesh to device
Fra:12 Mem:229.75M (Peak 320.76M) | Time:00:00.99 | Mem:8.81M, Peak:8.81M | Scene, ViewLayer | Updating Objects Flags
Fra:12 Mem:229.75M (Peak 320.76M) | Time:00:01.01 | Mem:8.81M, Peak:8.81M | Scene, ViewLayer | Updating Primitive Offsets
Fra:12 Mem:229.75M (Peak 320.76M) | Time:00:01.01 | Mem:8.81M, Peak:8.81M | Scene, ViewLayer | Updating Images
Fra:12 Mem:226.13M (Peak 320.76M) | Time:00:01.01 | Mem:5.19M, Peak:8.81M | Scene, ViewLayer | Updating Images | Loading density
Fra:12 Mem:229.76M (Peak 320.76M) | Time:00:01.01 | Mem:8.82M, Peak:8.82M | Scene, ViewLayer | Updating Camera Volume
Fra:12 Mem:229.76M (Peak 320.76M) | Time:00:01.01 | Mem:8.82M, Peak:8.82M | Scene, ViewLayer | Updating Lookup Tables
Fra:12 Mem:229.76M (Peak 320.76M) | Time:00:01.01 | Mem:8.82M, Peak:8.82M | Scene, ViewLayer | Updating Lights
Fra:12 Mem:229.76M (Peak 320.76M) | Time:00:01.01 | Mem:8.82M, Peak:8.82M | Scene, ViewLayer | Updating Lights | Computing tree
Fra:12 Mem:229.76M (Peak 320.76M) | Time:00:01.01 | Mem:8.82M, Peak:8.82M | Scene, ViewLayer | Updating Integrator
Fra:12 Mem:229.76M (Peak 320.76M) | Time:00:01.01 | Mem:8.82M, Peak:8.82M | Scene, ViewLayer | Updating Film
Fra:12 Mem:229.76M (Peak 320.76M) | Time:00:01.01 | Mem:8.82M, Peak:8.82M | Scene, ViewLayer | Updating Lookup Tables
Fra:12 Mem:229.76M (Peak 320.76M) | Time:00:01.01 | Mem:8.82M, Peak:8.82M | Scene, ViewLayer | Updating Baking
Fra:12 Mem:229.76M (Peak 320.76M) | Time:00:01.01 | Mem:8.82M, Peak:8.82M | Scene, ViewLayer | Updating Device | Writing constant memory
Fra:12 Mem:229.76M (Peak 320.76M) | Time:00:01.01 | Mem:8.82M, Peak:8.82M | Scene, ViewLayer | Sample 0/24
Fra:12 Mem:229.76M (Peak 320.76M) | Time:00:01.18 | Remaining:00:03.88 | Mem:8.82M, Peak:8.82M | Scene, ViewLayer | Sample 1/24
Fra:12 Mem:229.76M (Peak 320.76M) | Time:00:01.39 | Remaining:00:04.07 | Mem:8.82M, Peak:8.82M | Scene, ViewLayer | Sample 2/24
Fra:12 Mem:265.36M (Peak 320.76M) | Time:00:05.04 | Mem:8.82M, Peak:8.82M | Scene, ViewLayer | Sample 24/24
Fra:12 Mem:265.36M (Peak 320.76M) | Time:00:05.04 | Mem:8.82M, Peak:8.82M | Scene, ViewLayer | Finished
Saved: 'C:\Work\domin8te-build\daysky\out\b\f0012.png'
Time: 00:05.20 (Saving: 00:00.15)

Fra:13 Mem:229.76M (Peak 320.76M) | Time:00:01.11 | Mem:8.82M, Peak:8.82M | Scene, ViewLayer | Synchronizing object | t0
Fra:13 Mem:229.76M (Peak 320.76M) | Time:00:01.11 | Mem:8.82M, Peak:8.82M | Scene, ViewLayer | Synchronizing object | t1
Fra:13 Mem:229.76M (Peak 320.76M) | Time:00:01.12 | Mem:8.82M, Peak:8.82M | Scene, ViewLayer | Synchronizing object | near_vol
Fra:13 Mem:229.74M (Peak 320.76M) | Time:00:01.12 | Mem:8.82M, Peak:8.82M | Scene, ViewLayer | Synchronizing object | far_vol
Fra:13 Mem:229.70M (Peak 320.76M) | Time:00:01.12 | Mem:8.82M, Peak:8.82M | Scene, ViewLayer | Synchronizing object | main_vol
Fra:13 Mem:229.62M (Peak 320.76M) | Time:00:01.12 | Mem:8.82M, Peak:8.82M | Scene, ViewLayer | Initializing
Fra:13 Mem:229.62M (Peak 320.76M) | Time:00:01.12 | Mem:8.82M, Peak:8.82M | Scene, ViewLayer | Waiting for render to start
Fra:13 Mem:229.62M (Peak 320.76M) | Time:00:01.12 | Mem:8.82M, Peak:8.82M | Scene, ViewLayer | Updating Scene
Fra:13 Mem:229.62M (Peak 320.76M) | Time:00:01.12 | Mem:8.82M, Peak:8.82M | Scene, ViewLayer | Updating Shaders
Fra:13 Mem:229.62M (Peak 320.76M) | Time:00:01.12 | Mem:8.82M, Peak:8.82M | Scene, ViewLayer | Updating Background
Fra:13 Mem:229.62M (Peak 320.76M) | Time:00:01.12 | Mem:8.82M, Peak:8.82M | Scene, ViewLayer | Updating Camera
Fra:13 Mem:229.62M (Peak 320.76M) | Time:00:01.12 | Mem:8.82M, Peak:8.82M | Scene, ViewLayer | Updating Meshes Flags
Fra:13 Mem:229.62M (Peak 320.76M) | Time:00:01.12 | Mem:8.82M, Peak:8.82M | Scene, ViewLayer | Updating Meshes Volume Bounds
Fra:13 Mem:229.62M (Peak 320.76M) | Time:00:01.12 | Mem:8.82M, Peak:8.82M | Scene, ViewLayer | Updating Volume Images
Fra:13 Mem:229.62M (Peak 320.76M) | Time:00:01.12 | Mem:8.82M, Peak:8.82M | Scene, ViewLayer | Updating Mesh | Computing Volume Mesh main_vol
Fra:13 Mem:229.68M (Peak 320.76M) | Time:00:01.13 | Mem:8.82M, Peak:8.82M | Scene, ViewLayer | Updating Mesh | Computing Volume Mesh far_vol
Fra:13 Mem:229.71M (Peak 320.76M) | Time:00:01.14 | Mem:8.82M, Peak:8.82M | Scene, ViewLayer | Updating Mesh | Computing Volume Mesh near_vol
Fra:13 Mem:229.73M (Peak 320.76M) | Time:00:01.14 | Mem:8.82M, Peak:8.82M | Scene, ViewLayer | Updating Objects
Fra:13 Mem:229.73M (Peak 320.76M) | Time:00:01.14 | Mem:8.82M, Peak:8.82M | Scene, ViewLayer | Updating Objects | Copying Transformations to device
Fra:13 Mem:229.73M (Peak 320.76M) | Time:00:01.14 | Mem:8.82M, Peak:8.82M | Scene, ViewLayer | Updating Particle Systems
Fra:13 Mem:229.73M (Peak 320.76M) | Time:00:01.14 | Mem:8.82M, Peak:8.82M | Scene, ViewLayer | Updating Meshes
Fra:13 Mem:224.66M (Peak 320.76M) | Time:00:01.14 | Mem:3.72M, Peak:8.82M | Scene, ViewLayer | Updating Objects | Applying Static Transformations
Fra:13 Mem:224.66M (Peak 320.76M) | Time:00:01.14 | Mem:3.72M, Peak:8.82M | Scene, ViewLayer | Updating Mesh | Computing attributes
Fra:13 Mem:225.62M (Peak 320.76M) | Time:00:01.15 | Mem:3.72M, Peak:8.82M | Scene, ViewLayer | Updating Mesh | Copying Attributes to device
Fra:13 Mem:225.62M (Peak 320.76M) | Time:00:01.15 | Mem:4.68M, Peak:8.82M | Scene, ViewLayer | Updating Geometry BVH t1 6/5 | Building BVH
Fra:13 Mem:225.62M (Peak 320.76M) | Time:00:01.15 | Mem:4.68M, Peak:8.82M | Scene, ViewLayer | Updating Geometry BVH t1 6/5 | Building OptiX acceleration structure
Fra:13 Mem:227.50M (Peak 320.76M) | Time:00:01.15 | Mem:4.68M, Peak:8.82M | Scene, ViewLayer | Updating Geometry BVH main_vol 2/5 | Building BVH
Fra:13 Mem:227.50M (Peak 320.76M) | Time:00:01.16 | Mem:4.68M, Peak:8.82M | Scene, ViewLayer | Updating Geometry BVH main_vol 2/5 | Building OptiX acceleration structure
Fra:13 Mem:225.66M (Peak 320.76M) | Time:00:01.16 | Mem:4.68M, Peak:8.82M | Scene, ViewLayer | Updating Geometry BVH t0 5/5 | Building BVH
Fra:13 Mem:225.66M (Peak 320.76M) | Time:00:01.16 | Mem:4.68M, Peak:8.82M | Scene, ViewLayer | Updating Geometry BVH t0 5/5 | Building OptiX acceleration structure
Fra:13 Mem:226.60M (Peak 320.76M) | Time:00:01.16 | Mem:4.68M, Peak:8.82M | Scene, ViewLayer | Updating Geometry BVH far_vol 3/5 | Building BVH
Fra:13 Mem:226.60M (Peak 320.76M) | Time:00:01.16 | Mem:4.68M, Peak:8.82M | Scene, ViewLayer | Updating Geometry BVH far_vol 3/5 | Building OptiX acceleration structure
Fra:13 Mem:225.64M (Peak 320.76M) | Time:00:01.16 | Mem:4.68M, Peak:8.82M | Scene, ViewLayer | Updating Geometry BVH near_vol 4/5 | Building BVH
Fra:13 Mem:225.64M (Peak 320.76M) | Time:00:01.16 | Mem:4.68M, Peak:8.82M | Scene, ViewLayer | Updating Geometry BVH near_vol 4/5 | Building OptiX acceleration structure
Fra:13 Mem:225.62M (Peak 320.76M) | Time:00:01.16 | Mem:4.68M, Peak:8.82M | Scene, ViewLayer | Updating Scene BVH | Building
Fra:13 Mem:225.62M (Peak 320.76M) | Time:00:01.16 | Mem:4.68M, Peak:8.82M | Scene, ViewLayer | Updating Scene BVH | Building OptiX acceleration structure
Fra:13 Mem:225.62M (Peak 320.76M) | Time:00:01.16 | Mem:4.68M, Peak:8.82M | Scene, ViewLayer | Updating Scene BVH | Building BVH
Fra:13 Mem:225.62M (Peak 320.76M) | Time:00:01.16 | Mem:4.68M, Peak:8.82M | Scene, ViewLayer | Updating Scene BVH | Building BVH 0%
Fra:13 Mem:225.62M (Peak 320.76M) | Time:00:01.24 | Mem:4.68M, Peak:8.82M | Scene, ViewLayer | Updating Scene BVH | Copying BVH to device
Fra:13 Mem:225.62M (Peak 320.76M) | Time:00:01.24 | Mem:4.68M, Peak:8.82M | Scene, ViewLayer | Updating Mesh | Computing normals
Fra:13 Mem:229.76M (Peak 320.76M) | Time:00:01.25 | Mem:4.68M, Peak:8.82M | Scene, ViewLayer | Updating Mesh | Copying Mesh to device
Fra:13 Mem:229.76M (Peak 320.76M) | Time:00:01.25 | Mem:8.82M, Peak:8.82M | Scene, ViewLayer | Updating Objects Flags
Fra:13 Mem:229.76M (Peak 320.76M) | Time:00:01.48 | Mem:8.82M, Peak:8.82M | Scene, ViewLayer | Updating Primitive Offsets
Fra:13 Mem:229.76M (Peak 320.76M) | Time:00:01.48 | Mem:8.82M, Peak:8.82M | Scene, ViewLayer | Updating Images
Fra:13 Mem:227.81M (Peak 320.76M) | Time:00:01.48 | Mem:8.82M, Peak:8.82M | Scene, ViewLayer | Updating Images | Loading density
Fra:13 Mem:229.78M (Peak 320.76M) | Time:00:01.49 | Mem:8.84M, Peak:10.52M | Scene, ViewLayer | Updating Camera Volume
Fra:13 Mem:229.78M (Peak 320.76M) | Time:00:01.49 | Mem:8.84M, Peak:10.52M | Scene, ViewLayer | Updating Lookup Tables
Fra:13 Mem:229.78M (Peak 320.76M) | Time:00:01.49 | Mem:8.84M, Peak:10.52M | Scene, ViewLayer | Updating Lights
Fra:13 Mem:229.78M (Peak 320.76M) | Time:00:01.49 | Mem:8.84M, Peak:10.52M | Scene, ViewLayer | Updating Lights | Computing tree
Fra:13 Mem:229.78M (Peak 320.76M) | Time:00:01.49 | Mem:8.84M, Peak:10.52M | Scene, ViewLayer | Updating Integrator
Fra:13 Mem:229.78M (Peak 320.76M) | Time:00:01.49 | Mem:8.84M, Peak:10.52M | Scene, ViewLayer | Updating Film
Fra:13 Mem:229.78M (Peak 320.76M) | Time:00:01.49 | Mem:8.84M, Peak:10.52M | Scene, ViewLayer | Updating Lookup Tables
Fra:13 Mem:229.78M (Peak 320.76M) | Time:00:01.49 | Mem:8.84M, Peak:10.52M | Scene, ViewLayer | Updating Baking
Fra:13 Mem:229.78M (Peak 320.76M) | Time:00:01.49 | Mem:8.84M, Peak:10.52M | Scene, ViewLayer | Updating Device | Writing constant memory
Fra:13 Mem:229.78M (Peak 320.76M) | Time:00:01.49 | Mem:8.84M, Peak:10.52M | Scene, ViewLayer | Sample 0/24
Fra:13 Mem:229.78M (Peak 320.76M) | Time:00:01.84 | Remaining:00:08.21 | Mem:8.84M, Peak:10.52M | Scene, ViewLayer | Sample 1/24
Fra:13 Mem:229.78M (Peak 320.76M) | Time:00:02.04 | Remaining:00:06.04 | Mem:8.84M, Peak:10.52M | Scene, ViewLayer | Sample 2/24
Fra:13 Mem:265.37M (Peak 320.76M) | Time:00:05.76 | Mem:8.84M, Peak:10.52M | Scene, ViewLayer | Sample 24/24
Fra:13 Mem:265.37M (Peak 320.76M) | Time:00:05.76 | Mem:8.84M, Peak:10.52M | Scene, ViewLayer | Finished
Saved: 'C:\Work\domin8te-build\daysky\out\b\f0013.png'
Time: 00:06.08 (Saving: 00:00.31)

Fra:14 Mem:229.78M (Peak 320.76M) | Time:00:01.02 | Mem:8.84M, Peak:8.84M | Scene, ViewLayer | Synchronizing object | t0
Fra:14 Mem:229.78M (Peak 320.76M) | Time:00:01.03 | Mem:8.84M, Peak:8.84M | Scene, ViewLayer | Synchronizing object | t1
Fra:14 Mem:229.78M (Peak 320.76M) | Time:00:01.03 | Mem:8.84M, Peak:8.84M | Scene, ViewLayer | Synchronizing object | near_vol
Fra:14 Mem:229.75M (Peak 320.76M) | Time:00:01.03 | Mem:8.84M, Peak:8.84M | Scene, ViewLayer | Synchronizing object | far_vol
Fra:14 Mem:229.71M (Peak 320.76M) | Time:00:01.03 | Mem:8.84M, Peak:8.84M | Scene, ViewLayer | Synchronizing object | main_vol
Fra:14 Mem:229.64M (Peak 320.76M) | Time:00:01.03 | Mem:8.84M, Peak:8.84M | Scene, ViewLayer | Initializing
Fra:14 Mem:229.63M (Peak 320.76M) | Time:00:01.03 | Mem:8.84M, Peak:8.84M | Scene, ViewLayer | Waiting for render to start
Fra:14 Mem:229.63M (Peak 320.76M) | Time:00:01.03 | Mem:8.84M, Peak:8.84M | Scene, ViewLayer | Updating Scene
Fra:14 Mem:229.63M (Peak 320.76M) | Time:00:01.03 | Mem:8.84M, Peak:8.84M | Scene, ViewLayer | Updating Shaders
Fra:14 Mem:229.63M (Peak 320.76M) | Time:00:01.03 | Mem:8.84M, Peak:8.84M | Scene, ViewLayer | Updating Background
Fra:14 Mem:229.63M (Peak 320.76M) | Time:00:01.03 | Mem:8.84M, Peak:8.84M | Scene, ViewLayer | Updating Camera
Fra:14 Mem:229.63M (Peak 320.76M) | Time:00:01.03 | Mem:8.84M, Peak:8.84M | Scene, ViewLayer | Updating Meshes Flags
Fra:14 Mem:229.63M (Peak 320.76M) | Time:00:01.03 | Mem:8.84M, Peak:8.84M | Scene, ViewLayer | Updating Meshes Volume Bounds
Fra:14 Mem:229.63M (Peak 320.76M) | Time:00:01.03 | Mem:8.84M, Peak:8.84M | Scene, ViewLayer | Updating Volume Images
Fra:14 Mem:229.63M (Peak 320.76M) | Time:00:01.03 | Mem:8.84M, Peak:8.84M | Scene, ViewLayer | Updating Mesh | Computing Volume Mesh main_vol
Fra:14 Mem:229.69M (Peak 320.76M) | Time:00:01.05 | Mem:8.84M, Peak:8.84M | Scene, ViewLayer | Updating Mesh | Computing Volume Mesh far_vol
Fra:14 Mem:229.72M (Peak 320.76M) | Time:00:01.05 | Mem:8.84M, Peak:8.84M | Scene, ViewLayer | Updating Mesh | Computing Volume Mesh near_vol
Fra:14 Mem:229.74M (Peak 320.76M) | Time:00:01.06 | Mem:8.84M, Peak:8.84M | Scene, ViewLayer | Updating Objects
Fra:14 Mem:229.74M (Peak 320.76M) | Time:00:01.06 | Mem:8.84M, Peak:8.84M | Scene, ViewLayer | Updating Objects | Copying Transformations to device
Fra:14 Mem:229.74M (Peak 320.76M) | Time:00:01.06 | Mem:8.84M, Peak:8.84M | Scene, ViewLayer | Updating Particle Systems
Fra:14 Mem:229.74M (Peak 320.76M) | Time:00:01.06 | Mem:8.84M, Peak:8.84M | Scene, ViewLayer | Updating Meshes
Fra:14 Mem:224.68M (Peak 320.76M) | Time:00:01.06 | Mem:3.74M, Peak:8.84M | Scene, ViewLayer | Updating Objects | Applying Static Transformations
Fra:14 Mem:224.68M (Peak 320.76M) | Time:00:01.06 | Mem:3.74M, Peak:8.84M | Scene, ViewLayer | Updating Mesh | Computing attributes
Fra:14 Mem:225.63M (Peak 320.76M) | Time:00:01.06 | Mem:3.74M, Peak:8.84M | Scene, ViewLayer | Updating Mesh | Copying Attributes to device
Fra:14 Mem:225.63M (Peak 320.76M) | Time:00:01.06 | Mem:4.69M, Peak:8.84M | Scene, ViewLayer | Updating Geometry BVH t1 6/5 | Building BVH
Fra:14 Mem:225.63M (Peak 320.76M) | Time:00:01.06 | Mem:4.69M, Peak:8.84M | Scene, ViewLayer | Updating Geometry BVH t1 6/5 | Building OptiX acceleration structure
Fra:14 Mem:227.51M (Peak 320.76M) | Time:00:01.06 | Mem:4.69M, Peak:8.84M | Scene, ViewLayer | Updating Geometry BVH main_vol 2/5 | Building BVH
Fra:14 Mem:227.51M (Peak 320.76M) | Time:00:01.06 | Mem:4.69M, Peak:8.84M | Scene, ViewLayer | Updating Geometry BVH main_vol 2/5 | Building OptiX acceleration structure
Fra:14 Mem:225.68M (Peak 320.76M) | Time:00:01.07 | Mem:4.69M, Peak:8.84M | Scene, ViewLayer | Updating Geometry BVH t0 5/5 | Building BVH
Fra:14 Mem:225.68M (Peak 320.76M) | Time:00:01.07 | Mem:4.69M, Peak:8.84M | Scene, ViewLayer | Updating Geometry BVH t0 5/5 | Building OptiX acceleration structure
Fra:14 Mem:226.17M (Peak 320.76M) | Time:00:01.07 | Mem:4.69M, Peak:8.84M | Scene, ViewLayer | Updating Geometry BVH far_vol 3/5 | Building BVH
Fra:14 Mem:226.61M (Peak 320.76M) | Time:00:01.07 | Mem:4.69M, Peak:8.84M | Scene, ViewLayer | Updating Geometry BVH far_vol 3/5 | Building OptiX acceleration structure
Fra:14 Mem:226.61M (Peak 320.76M) | Time:00:01.07 | Mem:4.69M, Peak:8.84M | Scene, ViewLayer | Updating Geometry BVH near_vol 4/5 | Building BVH
Fra:14 Mem:226.61M (Peak 320.76M) | Time:00:01.07 | Mem:4.69M, Peak:8.84M | Scene, ViewLayer | Updating Geometry BVH near_vol 4/5 | Building OptiX acceleration structure
Fra:14 Mem:225.63M (Peak 320.76M) | Time:00:01.11 | Mem:4.69M, Peak:8.84M | Scene, ViewLayer | Updating Scene BVH | Building
Fra:14 Mem:225.63M (Peak 320.76M) | Time:00:01.11 | Mem:4.69M, Peak:8.84M | Scene, ViewLayer | Updating Scene BVH | Building OptiX acceleration structure
Fra:14 Mem:225.63M (Peak 320.76M) | Time:00:01.11 | Mem:4.69M, Peak:8.84M | Scene, ViewLayer | Updating Scene BVH | Building BVH
Fra:14 Mem:225.63M (Peak 320.76M) | Time:00:01.11 | Mem:4.69M, Peak:8.84M | Scene, ViewLayer | Updating Scene BVH | Building BVH 0%
Fra:14 Mem:225.63M (Peak 320.76M) | Time:00:01.20 | Mem:4.69M, Peak:8.84M | Scene, ViewLayer | Updating Scene BVH | Copying BVH to device
Fra:14 Mem:225.63M (Peak 320.76M) | Time:00:01.20 | Mem:4.69M, Peak:8.84M | Scene, ViewLayer | Updating Mesh | Computing normals
Fra:14 Mem:229.78M (Peak 320.76M) | Time:00:01.21 | Mem:4.69M, Peak:8.84M | Scene, ViewLayer | Updating Mesh | Copying Mesh to device
Fra:14 Mem:229.78M (Peak 320.76M) | Time:00:01.21 | Mem:8.84M, Peak:8.84M | Scene, ViewLayer | Updating Objects Flags
Fra:14 Mem:229.78M (Peak 320.76M) | Time:00:01.41 | Mem:8.84M, Peak:8.84M | Scene, ViewLayer | Updating Primitive Offsets
Fra:14 Mem:229.78M (Peak 320.76M) | Time:00:01.41 | Mem:8.84M, Peak:8.84M | Scene, ViewLayer | Updating Images
Fra:14 Mem:226.13M (Peak 320.76M) | Time:00:01.42 | Mem:5.19M, Peak:8.84M | Scene, ViewLayer | Updating Images | Loading density
Fra:14 Mem:229.80M (Peak 320.76M) | Time:00:01.42 | Mem:8.86M, Peak:8.86M | Scene, ViewLayer | Updating Camera Volume
Fra:14 Mem:229.80M (Peak 320.76M) | Time:00:01.42 | Mem:8.86M, Peak:8.86M | Scene, ViewLayer | Updating Lookup Tables
Fra:14 Mem:229.80M (Peak 320.76M) | Time:00:01.42 | Mem:8.86M, Peak:8.86M | Scene, ViewLayer | Updating Lights
Fra:14 Mem:229.80M (Peak 320.76M) | Time:00:01.42 | Mem:8.86M, Peak:8.86M | Scene, ViewLayer | Updating Lights | Computing tree
Fra:14 Mem:229.80M (Peak 320.76M) | Time:00:01.42 | Mem:8.86M, Peak:8.86M | Scene, ViewLayer | Updating Integrator
Fra:14 Mem:229.80M (Peak 320.76M) | Time:00:01.42 | Mem:8.86M, Peak:8.86M | Scene, ViewLayer | Updating Film
Fra:14 Mem:229.80M (Peak 320.76M) | Time:00:01.42 | Mem:8.86M, Peak:8.86M | Scene, ViewLayer | Updating Lookup Tables
Fra:14 Mem:229.80M (Peak 320.76M) | Time:00:01.42 | Mem:8.86M, Peak:8.86M | Scene, ViewLayer | Updating Baking
Fra:14 Mem:229.80M (Peak 320.76M) | Time:00:01.42 | Mem:8.86M, Peak:8.86M | Scene, ViewLayer | Updating Device | Writing constant memory
Fra:14 Mem:229.80M (Peak 320.76M) | Time:00:01.42 | Mem:8.86M, Peak:8.86M | Scene, ViewLayer | Sample 0/24
Fra:14 Mem:229.80M (Peak 320.76M) | Time:00:01.84 | Remaining:00:09.58 | Mem:8.86M, Peak:8.86M | Scene, ViewLayer | Sample 1/24
Fra:14 Mem:229.80M (Peak 320.76M) | Time:00:02.13 | Remaining:00:07.84 | Mem:8.86M, Peak:8.86M | Scene, ViewLayer | Sample 2/24
Fra:14 Mem:265.39M (Peak 320.76M) | Time:00:05.76 | Mem:8.86M, Peak:8.86M | Scene, ViewLayer | Sample 24/24
Fra:14 Mem:265.39M (Peak 320.76M) | Time:00:05.76 | Mem:8.86M, Peak:8.86M | Scene, ViewLayer | Finished
Saved: 'C:\Work\domin8te-build\daysky\out\b\f0014.png'
Time: 00:06.02 (Saving: 00:00.26)

Fra:15 Mem:229.80M (Peak 320.76M) | Time:00:00.91 | Mem:8.86M, Peak:8.86M | Scene, ViewLayer | Synchronizing object | t0
Fra:15 Mem:229.80M (Peak 320.76M) | Time:00:00.91 | Mem:8.86M, Peak:8.86M | Scene, ViewLayer | Synchronizing object | t1
Fra:15 Mem:233.79M (Peak 320.76M) | Time:00:00.91 | Mem:8.86M, Peak:8.86M | Scene, ViewLayer | Synchronizing object | main_vol
Fra:15 Mem:233.72M (Peak 320.76M) | Time:00:00.91 | Mem:8.86M, Peak:8.86M | Scene, ViewLayer | Synchronizing object | far_vol
Fra:15 Mem:233.67M (Peak 320.76M) | Time:00:00.91 | Mem:8.86M, Peak:8.86M | Scene, ViewLayer | Synchronizing object | near_vol
Fra:15 Mem:229.66M (Peak 320.76M) | Time:00:00.91 | Mem:8.86M, Peak:8.86M | Scene, ViewLayer | Initializing
Fra:15 Mem:229.65M (Peak 320.76M) | Time:00:00.91 | Mem:8.86M, Peak:8.86M | Scene, ViewLayer | Waiting for render to start
Fra:15 Mem:229.65M (Peak 320.76M) | Time:00:00.91 | Mem:8.86M, Peak:8.86M | Scene, ViewLayer | Updating Scene
Fra:15 Mem:229.65M (Peak 320.76M) | Time:00:00.91 | Mem:8.86M, Peak:8.86M | Scene, ViewLayer | Updating Shaders
Fra:15 Mem:229.65M (Peak 320.76M) | Time:00:00.91 | Mem:8.86M, Peak:8.86M | Scene, ViewLayer | Updating Background
Fra:15 Mem:229.65M (Peak 320.76M) | Time:00:00.91 | Mem:8.86M, Peak:8.86M | Scene, ViewLayer | Updating Camera
Fra:15 Mem:229.65M (Peak 320.76M) | Time:00:00.91 | Mem:8.86M, Peak:8.86M | Scene, ViewLayer | Updating Meshes Flags
Fra:15 Mem:229.65M (Peak 320.76M) | Time:00:00.91 | Mem:8.86M, Peak:8.86M | Scene, ViewLayer | Updating Meshes Volume Bounds
Fra:15 Mem:229.65M (Peak 320.76M) | Time:00:00.91 | Mem:8.86M, Peak:8.86M | Scene, ViewLayer | Updating Volume Images
Fra:15 Mem:229.65M (Peak 320.76M) | Time:00:00.91 | Mem:8.86M, Peak:8.86M | Scene, ViewLayer | Updating Mesh | Computing Volume Mesh main_vol
Fra:15 Mem:229.71M (Peak 320.76M) | Time:00:00.93 | Mem:8.86M, Peak:8.86M | Scene, ViewLayer | Updating Mesh | Computing Volume Mesh far_vol
Fra:15 Mem:229.74M (Peak 320.76M) | Time:00:00.94 | Mem:8.86M, Peak:8.86M | Scene, ViewLayer | Updating Mesh | Computing Volume Mesh near_vol
Fra:15 Mem:229.76M (Peak 320.76M) | Time:00:00.95 | Mem:8.86M, Peak:8.86M | Scene, ViewLayer | Updating Objects
Fra:15 Mem:229.76M (Peak 320.76M) | Time:00:00.95 | Mem:8.86M, Peak:8.86M | Scene, ViewLayer | Updating Objects | Copying Transformations to device
Fra:15 Mem:229.76M (Peak 320.76M) | Time:00:00.95 | Mem:8.86M, Peak:8.86M | Scene, ViewLayer | Updating Particle Systems
Fra:15 Mem:229.76M (Peak 320.76M) | Time:00:00.95 | Mem:8.86M, Peak:8.86M | Scene, ViewLayer | Updating Meshes
Fra:15 Mem:224.70M (Peak 320.76M) | Time:00:00.96 | Mem:3.76M, Peak:8.86M | Scene, ViewLayer | Updating Objects | Applying Static Transformations
Fra:15 Mem:224.70M (Peak 320.76M) | Time:00:00.96 | Mem:3.76M, Peak:8.86M | Scene, ViewLayer | Updating Mesh | Computing attributes
Fra:15 Mem:225.65M (Peak 320.76M) | Time:00:00.96 | Mem:3.76M, Peak:8.86M | Scene, ViewLayer | Updating Mesh | Copying Attributes to device
Fra:15 Mem:225.65M (Peak 320.76M) | Time:00:00.96 | Mem:4.71M, Peak:8.86M | Scene, ViewLayer | Updating Geometry BVH t1 6/5 | Building BVH
Fra:15 Mem:225.65M (Peak 320.76M) | Time:00:00.97 | Mem:4.71M, Peak:8.86M | Scene, ViewLayer | Updating Geometry BVH main_vol 2/5 | Building BVH
Fra:15 Mem:225.65M (Peak 320.76M) | Time:00:01.00 | Mem:4.71M, Peak:8.86M | Scene, ViewLayer | Updating Geometry BVH main_vol 2/5 | Building OptiX acceleration structure
Fra:15 Mem:227.53M (Peak 320.76M) | Time:00:01.00 | Mem:4.71M, Peak:8.86M | Scene, ViewLayer | Updating Geometry BVH far_vol 3/5 | Building BVH
Fra:15 Mem:227.53M (Peak 320.76M) | Time:00:01.00 | Mem:4.71M, Peak:8.86M | Scene, ViewLayer | Updating Geometry BVH far_vol 3/5 | Building OptiX acceleration structure
Fra:15 Mem:225.65M (Peak 320.76M) | Time:00:01.00 | Mem:4.71M, Peak:8.86M | Scene, ViewLayer | Updating Geometry BVH t0 5/5 | Building BVH
Fra:15 Mem:225.65M (Peak 320.76M) | Time:00:01.00 | Mem:4.71M, Peak:8.86M | Scene, ViewLayer | Updating Geometry BVH near_vol 4/5 | Building BVH
Fra:15 Mem:225.65M (Peak 320.76M) | Time:00:01.00 | Mem:4.71M, Peak:8.86M | Scene, ViewLayer | Updating Geometry BVH near_vol 4/5 | Building OptiX acceleration structure
Fra:15 Mem:225.65M (Peak 320.76M) | Time:00:01.01 | Mem:4.71M, Peak:8.86M | Scene, ViewLayer | Updating Scene BVH | Building
Fra:15 Mem:225.65M (Peak 320.76M) | Time:00:01.01 | Mem:4.71M, Peak:8.86M | Scene, ViewLayer | Updating Scene BVH | Building OptiX acceleration structure
Fra:15 Mem:225.65M (Peak 320.76M) | Time:00:01.01 | Mem:4.71M, Peak:8.86M | Scene, ViewLayer | Updating Scene BVH | Building BVH
Fra:15 Mem:225.65M (Peak 320.76M) | Time:00:01.01 | Mem:4.71M, Peak:8.86M | Scene, ViewLayer | Updating Scene BVH | Building BVH 0%
Fra:15 Mem:225.65M (Peak 320.76M) | Time:00:01.08 | Mem:4.71M, Peak:8.86M | Scene, ViewLayer | Updating Scene BVH | Copying BVH to device
Fra:15 Mem:225.65M (Peak 320.76M) | Time:00:01.08 | Mem:4.71M, Peak:8.86M | Scene, ViewLayer | Updating Mesh | Computing normals
Fra:15 Mem:229.80M (Peak 320.76M) | Time:00:01.09 | Mem:4.71M, Peak:8.86M | Scene, ViewLayer | Updating Mesh | Copying Mesh to device
Fra:15 Mem:229.80M (Peak 320.76M) | Time:00:01.10 | Mem:8.86M, Peak:8.86M | Scene, ViewLayer | Updating Objects Flags
Fra:15 Mem:229.80M (Peak 320.76M) | Time:00:01.39 | Mem:8.86M, Peak:8.86M | Scene, ViewLayer | Updating Primitive Offsets
Fra:15 Mem:229.80M (Peak 320.76M) | Time:00:01.39 | Mem:8.86M, Peak:8.86M | Scene, ViewLayer | Updating Images
Fra:15 Mem:229.10M (Peak 320.76M) | Time:00:01.39 | Mem:8.86M, Peak:8.86M | Scene, ViewLayer | Updating Images | Loading density
Fra:15 Mem:229.81M (Peak 320.76M) | Time:00:01.41 | Mem:8.87M, Peak:9.14M | Scene, ViewLayer | Updating Camera Volume
Fra:15 Mem:229.81M (Peak 320.76M) | Time:00:01.41 | Mem:8.87M, Peak:9.14M | Scene, ViewLayer | Updating Lookup Tables
Fra:15 Mem:229.81M (Peak 320.76M) | Time:00:01.41 | Mem:8.87M, Peak:9.14M | Scene, ViewLayer | Updating Lights
Fra:15 Mem:229.81M (Peak 320.76M) | Time:00:01.41 | Mem:8.87M, Peak:9.14M | Scene, ViewLayer | Updating Lights | Computing tree
Fra:15 Mem:229.81M (Peak 320.76M) | Time:00:01.41 | Mem:8.87M, Peak:9.14M | Scene, ViewLayer | Updating Integrator
Fra:15 Mem:229.81M (Peak 320.76M) | Time:00:01.41 | Mem:8.87M, Peak:9.14M | Scene, ViewLayer | Updating Film
Fra:15 Mem:229.81M (Peak 320.76M) | Time:00:01.41 | Mem:8.87M, Peak:9.14M | Scene, ViewLayer | Updating Lookup Tables
Fra:15 Mem:229.81M (Peak 320.76M) | Time:00:01.41 | Mem:8.87M, Peak:9.14M | Scene, ViewLayer | Updating Baking
Fra:15 Mem:229.81M (Peak 320.76M) | Time:00:01.41 | Mem:8.87M, Peak:9.14M | Scene, ViewLayer | Updating Device | Writing constant memory
Fra:15 Mem:229.81M (Peak 320.76M) | Time:00:01.41 | Mem:8.87M, Peak:9.14M | Scene, ViewLayer | Sample 0/24
Fra:15 Mem:229.81M (Peak 320.76M) | Time:00:01.82 | Remaining:00:09.32 | Mem:8.87M, Peak:9.14M | Scene, ViewLayer | Sample 1/24
Fra:15 Mem:229.81M (Peak 320.76M) | Time:00:02.05 | Remaining:00:06.99 | Mem:8.87M, Peak:9.14M | Scene, ViewLayer | Sample 2/24
Fra:15 Mem:265.41M (Peak 320.76M) | Time:00:05.87 | Mem:8.87M, Peak:9.14M | Scene, ViewLayer | Sample 24/24
Fra:15 Mem:265.41M (Peak 320.76M) | Time:00:05.87 | Mem:8.87M, Peak:9.14M | Scene, ViewLayer | Finished
Saved: 'C:\Work\domin8te-build\daysky\out\b\f0015.png'
Time: 00:06.08 (Saving: 00:00.20)

Fra:16 Mem:229.82M (Peak 320.76M) | Time:00:00.95 | Mem:8.87M, Peak:8.87M | Scene, ViewLayer | Synchronizing object | t0
Fra:16 Mem:229.82M (Peak 320.76M) | Time:00:00.95 | Mem:8.87M, Peak:8.87M | Scene, ViewLayer | Synchronizing object | t1
Fra:16 Mem:232.13M (Peak 320.76M) | Time:00:00.95 | Mem:8.87M, Peak:8.87M | Scene, ViewLayer | Synchronizing object | main_vol
Fra:16 Mem:232.06M (Peak 320.76M) | Time:00:00.95 | Mem:8.87M, Peak:8.87M | Scene, ViewLayer | Synchronizing object | far_vol
Fra:16 Mem:232.01M (Peak 320.76M) | Time:00:00.95 | Mem:8.87M, Peak:8.87M | Scene, ViewLayer | Synchronizing object | near_vol
Fra:16 Mem:229.67M (Peak 320.76M) | Time:00:00.95 | Mem:8.87M, Peak:8.87M | Scene, ViewLayer | Initializing
Fra:16 Mem:229.67M (Peak 320.76M) | Time:00:00.95 | Mem:8.87M, Peak:8.87M | Scene, ViewLayer | Waiting for render to start
Fra:16 Mem:229.67M (Peak 320.76M) | Time:00:00.95 | Mem:8.87M, Peak:8.87M | Scene, ViewLayer | Updating Scene
Fra:16 Mem:229.67M (Peak 320.76M) | Time:00:00.95 | Mem:8.87M, Peak:8.87M | Scene, ViewLayer | Updating Shaders
Fra:16 Mem:229.67M (Peak 320.76M) | Time:00:00.95 | Mem:8.87M, Peak:8.87M | Scene, ViewLayer | Updating Background
Fra:16 Mem:229.67M (Peak 320.76M) | Time:00:00.95 | Mem:8.87M, Peak:8.87M | Scene, ViewLayer | Updating Camera
Fra:16 Mem:229.67M (Peak 320.76M) | Time:00:00.95 | Mem:8.87M, Peak:8.87M | Scene, ViewLayer | Updating Meshes Flags
Fra:16 Mem:229.67M (Peak 320.76M) | Time:00:00.95 | Mem:8.87M, Peak:8.87M | Scene, ViewLayer | Updating Meshes Volume Bounds
Fra:16 Mem:229.67M (Peak 320.76M) | Time:00:00.95 | Mem:8.87M, Peak:8.87M | Scene, ViewLayer | Updating Volume Images
Fra:16 Mem:229.67M (Peak 320.76M) | Time:00:00.95 | Mem:8.87M, Peak:8.87M | Scene, ViewLayer | Updating Mesh | Computing Volume Mesh main_vol
Fra:16 Mem:229.73M (Peak 320.76M) | Time:00:00.97 | Mem:8.87M, Peak:8.87M | Scene, ViewLayer | Updating Mesh | Computing Volume Mesh far_vol
Fra:16 Mem:229.76M (Peak 320.76M) | Time:00:00.99 | Mem:8.87M, Peak:8.87M | Scene, ViewLayer | Updating Mesh | Computing Volume Mesh near_vol
Fra:16 Mem:229.78M (Peak 320.76M) | Time:00:00.99 | Mem:8.87M, Peak:8.87M | Scene, ViewLayer | Updating Objects
Fra:16 Mem:229.78M (Peak 320.76M) | Time:00:00.99 | Mem:8.87M, Peak:8.87M | Scene, ViewLayer | Updating Objects | Copying Transformations to device
Fra:16 Mem:229.78M (Peak 320.76M) | Time:00:00.99 | Mem:8.87M, Peak:8.87M | Scene, ViewLayer | Updating Particle Systems
Fra:16 Mem:229.78M (Peak 320.76M) | Time:00:00.99 | Mem:8.87M, Peak:8.87M | Scene, ViewLayer | Updating Meshes
Fra:16 Mem:224.71M (Peak 320.76M) | Time:00:01.05 | Mem:3.77M, Peak:8.87M | Scene, ViewLayer | Updating Objects | Applying Static Transformations
Fra:16 Mem:224.71M (Peak 320.76M) | Time:00:01.05 | Mem:3.77M, Peak:8.87M | Scene, ViewLayer | Updating Mesh | Computing attributes
Fra:16 Mem:225.67M (Peak 320.76M) | Time:00:01.05 | Mem:3.77M, Peak:8.87M | Scene, ViewLayer | Updating Mesh | Copying Attributes to device
Fra:16 Mem:225.67M (Peak 320.76M) | Time:00:01.06 | Mem:4.72M, Peak:8.87M | Scene, ViewLayer | Updating Geometry BVH t1 6/5 | Building BVH
Fra:16 Mem:225.67M (Peak 320.76M) | Time:00:01.06 | Mem:4.72M, Peak:8.87M | Scene, ViewLayer | Updating Geometry BVH main_vol 2/5 | Building BVH
Fra:16 Mem:225.67M (Peak 320.76M) | Time:00:01.08 | Mem:4.72M, Peak:8.87M | Scene, ViewLayer | Updating Geometry BVH main_vol 2/5 | Building OptiX acceleration structure
Fra:16 Mem:225.71M (Peak 320.76M) | Time:00:01.08 | Mem:4.72M, Peak:8.87M | Scene, ViewLayer | Updating Geometry BVH t0 5/5 | Building BVH
Fra:16 Mem:225.71M (Peak 320.76M) | Time:00:01.08 | Mem:4.72M, Peak:8.87M | Scene, ViewLayer | Updating Geometry BVH t0 5/5 | Building OptiX acceleration structure
Fra:16 Mem:226.64M (Peak 320.76M) | Time:00:01.08 | Mem:4.72M, Peak:8.87M | Scene, ViewLayer | Updating Geometry BVH far_vol 3/5 | Building BVH
Fra:16 Mem:226.64M (Peak 320.76M) | Time:00:01.08 | Mem:4.72M, Peak:8.87M | Scene, ViewLayer | Updating Geometry BVH far_vol 3/5 | Building OptiX acceleration structure
Fra:16 Mem:225.69M (Peak 320.76M) | Time:00:01.08 | Mem:4.72M, Peak:8.87M | Scene, ViewLayer | Updating Geometry BVH near_vol 4/5 | Building BVH
Fra:16 Mem:225.69M (Peak 320.76M) | Time:00:01.08 | Mem:4.72M, Peak:8.87M | Scene, ViewLayer | Updating Geometry BVH near_vol 4/5 | Building OptiX acceleration structure
Fra:16 Mem:225.67M (Peak 320.76M) | Time:00:01.08 | Mem:4.72M, Peak:8.87M | Scene, ViewLayer | Updating Scene BVH | Building
Fra:16 Mem:225.67M (Peak 320.76M) | Time:00:01.08 | Mem:4.72M, Peak:8.87M | Scene, ViewLayer | Updating Scene BVH | Building OptiX acceleration structure
Fra:16 Mem:225.67M (Peak 320.76M) | Time:00:01.08 | Mem:4.72M, Peak:8.87M | Scene, ViewLayer | Updating Scene BVH | Building BVH
Fra:16 Mem:225.67M (Peak 320.76M) | Time:00:01.08 | Mem:4.72M, Peak:8.87M | Scene, ViewLayer | Updating Scene BVH | Building BVH 0%
Fra:16 Mem:225.67M (Peak 320.76M) | Time:00:01.16 | Mem:4.72M, Peak:8.87M | Scene, ViewLayer | Updating Scene BVH | Copying BVH to device
Fra:16 Mem:225.67M (Peak 320.76M) | Time:00:01.16 | Mem:4.72M, Peak:8.87M | Scene, ViewLayer | Updating Mesh | Computing normals
Fra:16 Mem:229.82M (Peak 320.76M) | Time:00:01.16 | Mem:4.72M, Peak:8.87M | Scene, ViewLayer | Updating Mesh | Copying Mesh to device
Fra:16 Mem:229.82M (Peak 320.76M) | Time:00:01.16 | Mem:8.87M, Peak:8.87M | Scene, ViewLayer | Updating Objects Flags
Fra:16 Mem:229.82M (Peak 320.76M) | Time:00:01.33 | Mem:8.87M, Peak:8.87M | Scene, ViewLayer | Updating Primitive Offsets
Fra:16 Mem:229.82M (Peak 320.76M) | Time:00:01.33 | Mem:8.87M, Peak:8.87M | Scene, ViewLayer | Updating Images
Fra:16 Mem:226.14M (Peak 320.76M) | Time:00:01.38 | Mem:5.19M, Peak:8.87M | Scene, ViewLayer | Updating Images | Loading density
Fra:16 Mem:229.84M (Peak 320.76M) | Time:00:01.39 | Mem:8.90M, Peak:8.90M | Scene, ViewLayer | Updating Camera Volume
Fra:16 Mem:229.84M (Peak 320.76M) | Time:00:01.39 | Mem:8.90M, Peak:8.90M | Scene, ViewLayer | Updating Lookup Tables
Fra:16 Mem:229.84M (Peak 320.76M) | Time:00:01.39 | Mem:8.90M, Peak:8.90M | Scene, ViewLayer | Updating Lights
Fra:16 Mem:229.84M (Peak 320.76M) | Time:00:01.39 | Mem:8.90M, Peak:8.90M | Scene, ViewLayer | Updating Lights | Computing tree
Fra:16 Mem:229.84M (Peak 320.76M) | Time:00:01.39 | Mem:8.90M, Peak:8.90M | Scene, ViewLayer | Updating Integrator
Fra:16 Mem:229.84M (Peak 320.76M) | Time:00:01.39 | Mem:8.90M, Peak:8.90M | Scene, ViewLayer | Updating Film
Fra:16 Mem:229.84M (Peak 320.76M) | Time:00:01.39 | Mem:8.90M, Peak:8.90M | Scene, ViewLayer | Updating Lookup Tables
Fra:16 Mem:229.84M (Peak 320.76M) | Time:00:01.39 | Mem:8.90M, Peak:8.90M | Scene, ViewLayer | Updating Baking
Fra:16 Mem:229.84M (Peak 320.76M) | Time:00:01.39 | Mem:8.90M, Peak:8.90M | Scene, ViewLayer | Updating Device | Writing constant memory
Fra:16 Mem:229.84M (Peak 320.76M) | Time:00:01.39 | Mem:8.90M, Peak:8.90M | Scene, ViewLayer | Sample 0/24
Fra:16 Mem:229.84M (Peak 320.76M) | Time:00:01.60 | Remaining:00:04.84 | Mem:8.90M, Peak:8.90M | Scene, ViewLayer | Sample 1/24
Fra:16 Mem:229.84M (Peak 320.76M) | Time:00:01.83 | Remaining:00:04.85 | Mem:8.90M, Peak:8.90M | Scene, ViewLayer | Sample 2/24
Fra:16 Mem:265.44M (Peak 320.76M) | Time:00:05.77 | Mem:8.90M, Peak:8.90M | Scene, ViewLayer | Sample 24/24
Fra:16 Mem:265.44M (Peak 320.76M) | Time:00:05.77 | Mem:8.90M, Peak:8.90M | Scene, ViewLayer | Finished
Saved: 'C:\Work\domin8te-build\daysky\out\b\f0016.png'
Time: 00:06.01 (Saving: 00:00.24)

Fra:17 Mem:229.84M (Peak 320.76M) | Time:00:00.98 | Mem:8.90M, Peak:8.90M | Scene, ViewLayer | Synchronizing object | t0
Fra:17 Mem:229.84M (Peak 320.76M) | Time:00:00.98 | Mem:8.90M, Peak:8.90M | Scene, ViewLayer | Synchronizing object | t1
Fra:17 Mem:229.84M (Peak 320.76M) | Time:00:00.98 | Mem:8.90M, Peak:8.90M | Scene, ViewLayer | Synchronizing object | near_vol
Fra:17 Mem:229.82M (Peak 320.76M) | Time:00:00.98 | Mem:8.90M, Peak:8.90M | Scene, ViewLayer | Synchronizing object | far_vol
Fra:17 Mem:229.77M (Peak 320.76M) | Time:00:00.98 | Mem:8.90M, Peak:8.90M | Scene, ViewLayer | Synchronizing object | main_vol
Fra:17 Mem:229.70M (Peak 320.76M) | Time:00:00.98 | Mem:8.90M, Peak:8.90M | Scene, ViewLayer | Initializing
Fra:17 Mem:229.69M (Peak 320.76M) | Time:00:00.98 | Mem:8.90M, Peak:8.90M | Scene, ViewLayer | Waiting for render to start
Fra:17 Mem:229.69M (Peak 320.76M) | Time:00:00.98 | Mem:8.90M, Peak:8.90M | Scene, ViewLayer | Updating Scene
Fra:17 Mem:229.69M (Peak 320.76M) | Time:00:00.98 | Mem:8.90M, Peak:8.90M | Scene, ViewLayer | Updating Shaders
Fra:17 Mem:229.69M (Peak 320.76M) | Time:00:00.98 | Mem:8.90M, Peak:8.90M | Scene, ViewLayer | Updating Background
Fra:17 Mem:229.69M (Peak 320.76M) | Time:00:00.98 | Mem:8.90M, Peak:8.90M | Scene, ViewLayer | Updating Camera
Fra:17 Mem:229.69M (Peak 320.76M) | Time:00:00.98 | Mem:8.90M, Peak:8.90M | Scene, ViewLayer | Updating Meshes Flags
Fra:17 Mem:229.69M (Peak 320.76M) | Time:00:00.98 | Mem:8.90M, Peak:8.90M | Scene, ViewLayer | Updating Meshes Volume Bounds
Fra:17 Mem:229.69M (Peak 320.76M) | Time:00:00.98 | Mem:8.90M, Peak:8.90M | Scene, ViewLayer | Updating Volume Images
Fra:17 Mem:229.69M (Peak 320.76M) | Time:00:00.98 | Mem:8.90M, Peak:8.90M | Scene, ViewLayer | Updating Mesh | Computing Volume Mesh main_vol
Fra:17 Mem:229.75M (Peak 320.76M) | Time:00:01.01 | Mem:8.90M, Peak:8.90M | Scene, ViewLayer | Updating Mesh | Computing Volume Mesh far_vol
Fra:17 Mem:229.79M (Peak 320.76M) | Time:00:01.02 | Mem:8.90M, Peak:8.90M | Scene, ViewLayer | Updating Mesh | Computing Volume Mesh near_vol
Fra:17 Mem:229.80M (Peak 320.76M) | Time:00:01.02 | Mem:8.90M, Peak:8.90M | Scene, ViewLayer | Updating Objects
Fra:17 Mem:229.80M (Peak 320.76M) | Time:00:01.02 | Mem:8.90M, Peak:8.90M | Scene, ViewLayer | Updating Objects | Copying Transformations to device
Fra:17 Mem:229.80M (Peak 320.76M) | Time:00:01.02 | Mem:8.90M, Peak:8.90M | Scene, ViewLayer | Updating Particle Systems
Fra:17 Mem:229.80M (Peak 320.76M) | Time:00:01.02 | Mem:8.90M, Peak:8.90M | Scene, ViewLayer | Updating Meshes
Fra:17 Mem:224.74M (Peak 320.76M) | Time:00:01.05 | Mem:3.79M, Peak:8.90M | Scene, ViewLayer | Updating Objects | Applying Static Transformations
Fra:17 Mem:224.74M (Peak 320.76M) | Time:00:01.05 | Mem:3.79M, Peak:8.90M | Scene, ViewLayer | Updating Mesh | Computing attributes
Fra:17 Mem:225.69M (Peak 320.76M) | Time:00:01.05 | Mem:3.79M, Peak:8.90M | Scene, ViewLayer | Updating Mesh | Copying Attributes to device
Fra:17 Mem:225.69M (Peak 320.76M) | Time:00:01.05 | Mem:4.75M, Peak:8.90M | Scene, ViewLayer | Updating Geometry BVH main_vol 2/5 | Building BVH
Fra:17 Mem:225.69M (Peak 320.76M) | Time:00:01.05 | Mem:4.75M, Peak:8.90M | Scene, ViewLayer | Updating Geometry BVH near_vol 4/5 | Building BVH
Fra:17 Mem:225.69M (Peak 320.76M) | Time:00:01.05 | Mem:4.75M, Peak:8.90M | Scene, ViewLayer | Updating Geometry BVH t0 5/5 | Building BVH
Fra:17 Mem:225.69M (Peak 320.76M) | Time:00:01.05 | Mem:4.75M, Peak:8.90M | Scene, ViewLayer | Updating Geometry BVH t1 6/5 | Building BVH
Fra:17 Mem:225.69M (Peak 320.76M) | Time:00:01.05 | Mem:4.75M, Peak:8.90M | Scene, ViewLayer | Updating Geometry BVH t1 6/5 | Building OptiX acceleration structure
Fra:17 Mem:225.69M (Peak 320.76M) | Time:00:01.14 | Mem:4.75M, Peak:8.90M | Scene, ViewLayer | Updating Scene BVH | Building
Fra:17 Mem:225.69M (Peak 320.76M) | Time:00:01.14 | Mem:4.75M, Peak:8.90M | Scene, ViewLayer | Updating Scene BVH | Building OptiX acceleration structure
Fra:17 Mem:225.69M (Peak 320.76M) | Time:00:01.14 | Mem:4.75M, Peak:8.90M | Scene, ViewLayer | Updating Scene BVH | Building BVH
Fra:17 Mem:225.69M (Peak 320.76M) | Time:00:01.14 | Mem:4.75M, Peak:8.90M | Scene, ViewLayer | Updating Scene BVH | Building BVH 0%
Fra:17 Mem:225.69M (Peak 320.76M) | Time:00:01.20 | Mem:4.75M, Peak:8.90M | Scene, ViewLayer | Updating Scene BVH | Copying BVH to device
Fra:17 Mem:225.69M (Peak 320.76M) | Time:00:01.20 | Mem:4.75M, Peak:8.90M | Scene, ViewLayer | Updating Mesh | Computing normals
Fra:17 Mem:229.84M (Peak 320.76M) | Time:00:01.20 | Mem:4.75M, Peak:8.90M | Scene, ViewLayer | Updating Mesh | Copying Mesh to device
Fra:17 Mem:229.84M (Peak 320.76M) | Time:00:01.20 | Mem:8.90M, Peak:8.90M | Scene, ViewLayer | Updating Objects Flags
Fra:17 Mem:229.84M (Peak 320.76M) | Time:00:01.52 | Mem:8.90M, Peak:8.90M | Scene, ViewLayer | Updating Primitive Offsets
Fra:17 Mem:229.84M (Peak 320.76M) | Time:00:01.52 | Mem:8.90M, Peak:8.90M | Scene, ViewLayer | Updating Images
Fra:17 Mem:227.84M (Peak 320.76M) | Time:00:01.52 | Mem:8.90M, Peak:8.90M | Scene, ViewLayer | Updating Images | Loading density
Fra:17 Mem:229.87M (Peak 320.76M) | Time:00:01.52 | Mem:8.93M, Peak:10.62M | Scene, ViewLayer | Updating Camera Volume
Fra:17 Mem:229.87M (Peak 320.76M) | Time:00:01.52 | Mem:8.93M, Peak:10.62M | Scene, ViewLayer | Updating Lookup Tables
Fra:17 Mem:229.87M (Peak 320.76M) | Time:00:01.52 | Mem:8.93M, Peak:10.62M | Scene, ViewLayer | Updating Lights
Fra:17 Mem:229.87M (Peak 320.76M) | Time:00:01.52 | Mem:8.92M, Peak:10.62M | Scene, ViewLayer | Updating Lights | Computing tree
Fra:17 Mem:229.87M (Peak 320.76M) | Time:00:01.52 | Mem:8.93M, Peak:10.62M | Scene, ViewLayer | Updating Integrator
Fra:17 Mem:229.87M (Peak 320.76M) | Time:00:01.52 | Mem:8.93M, Peak:10.62M | Scene, ViewLayer | Updating Film
Fra:17 Mem:229.87M (Peak 320.76M) | Time:00:01.52 | Mem:8.93M, Peak:10.62M | Scene, ViewLayer | Updating Lookup Tables
Fra:17 Mem:229.87M (Peak 320.76M) | Time:00:01.52 | Mem:8.93M, Peak:10.62M | Scene, ViewLayer | Updating Baking
Fra:17 Mem:229.87M (Peak 320.76M) | Time:00:01.52 | Mem:8.93M, Peak:10.62M | Scene, ViewLayer | Updating Device | Writing constant memory
Fra:17 Mem:229.87M (Peak 320.76M) | Time:00:01.52 | Mem:8.93M, Peak:10.62M | Scene, ViewLayer | Sample 0/24
Fra:17 Mem:229.87M (Peak 320.76M) | Time:00:01.98 | Remaining:00:10.54 | Mem:8.93M, Peak:10.62M | Scene, ViewLayer | Sample 1/24
Fra:17 Mem:229.87M (Peak 320.76M) | Time:00:02.26 | Remaining:00:08.13 | Mem:8.93M, Peak:10.62M | Scene, ViewLayer | Sample 2/24
Fra:17 Mem:265.47M (Peak 320.76M) | Time:00:06.63 | Mem:8.93M, Peak:10.62M | Scene, ViewLayer | Sample 24/24
Fra:17 Mem:265.47M (Peak 320.76M) | Time:00:06.63 | Mem:8.93M, Peak:10.62M | Scene, ViewLayer | Finished
Saved: 'C:\Work\domin8te-build\daysky\out\b\f0017.png'
Time: 00:06.88 (Saving: 00:00.24)

Fra:18 Mem:229.87M (Peak 320.76M) | Time:00:00.93 | Mem:8.93M, Peak:8.93M | Scene, ViewLayer | Synchronizing object | main_vol
Fra:18 Mem:229.80M (Peak 320.76M) | Time:00:00.93 | Mem:8.93M, Peak:8.93M | Scene, ViewLayer | Synchronizing object | t0
Fra:18 Mem:229.73M (Peak 320.76M) | Time:00:00.93 | Mem:8.93M, Peak:8.93M | Scene, ViewLayer | Synchronizing object | t1
Fra:18 Mem:229.73M (Peak 320.76M) | Time:00:00.93 | Mem:8.93M, Peak:8.93M | Scene, ViewLayer | Initializing
Fra:18 Mem:229.72M (Peak 320.76M) | Time:00:00.93 | Mem:8.93M, Peak:8.93M | Scene, ViewLayer | Waiting for render to start
Fra:18 Mem:229.72M (Peak 320.76M) | Time:00:00.93 | Mem:8.93M, Peak:8.93M | Scene, ViewLayer | Updating Scene
Fra:18 Mem:229.72M (Peak 320.76M) | Time:00:00.93 | Mem:8.93M, Peak:8.93M | Scene, ViewLayer | Updating Shaders
Fra:18 Mem:229.72M (Peak 320.76M) | Time:00:00.93 | Mem:8.93M, Peak:8.93M | Scene, ViewLayer | Updating Background
Fra:18 Mem:229.72M (Peak 320.76M) | Time:00:00.93 | Mem:8.93M, Peak:8.93M | Scene, ViewLayer | Updating Camera
Fra:18 Mem:229.72M (Peak 320.76M) | Time:00:00.93 | Mem:8.93M, Peak:8.93M | Scene, ViewLayer | Updating Meshes Flags
Fra:18 Mem:229.72M (Peak 320.76M) | Time:00:00.93 | Mem:8.93M, Peak:8.93M | Scene, ViewLayer | Updating Meshes Volume Bounds
Fra:18 Mem:229.72M (Peak 320.76M) | Time:00:00.93 | Mem:8.93M, Peak:8.93M | Scene, ViewLayer | Updating Volume Images
Fra:18 Mem:229.72M (Peak 320.76M) | Time:00:00.93 | Mem:8.93M, Peak:8.93M | Scene, ViewLayer | Updating Mesh | Computing Volume Mesh main_vol
Fra:18 Mem:229.78M (Peak 320.76M) | Time:00:00.94 | Mem:8.93M, Peak:8.93M | Scene, ViewLayer | Updating Mesh | Computing Volume Mesh far_vol
Fra:18 Mem:229.82M (Peak 320.76M) | Time:00:00.95 | Mem:8.93M, Peak:8.93M | Scene, ViewLayer | Updating Mesh | Computing Volume Mesh near_vol
Fra:18 Mem:229.83M (Peak 320.76M) | Time:00:00.95 | Mem:8.93M, Peak:8.93M | Scene, ViewLayer | Updating Objects
Fra:18 Mem:229.83M (Peak 320.76M) | Time:00:00.95 | Mem:8.93M, Peak:8.93M | Scene, ViewLayer | Updating Objects | Copying Transformations to device
Fra:18 Mem:229.83M (Peak 320.76M) | Time:00:00.95 | Mem:8.93M, Peak:8.93M | Scene, ViewLayer | Updating Particle Systems
Fra:18 Mem:229.83M (Peak 320.76M) | Time:00:00.95 | Mem:8.93M, Peak:8.93M | Scene, ViewLayer | Updating Meshes
Fra:18 Mem:224.77M (Peak 320.76M) | Time:00:00.95 | Mem:3.82M, Peak:8.93M | Scene, ViewLayer | Updating Objects | Applying Static Transformations
Fra:18 Mem:224.77M (Peak 320.76M) | Time:00:00.95 | Mem:3.82M, Peak:8.93M | Scene, ViewLayer | Updating Mesh | Computing attributes
Fra:18 Mem:225.72M (Peak 320.76M) | Time:00:00.95 | Mem:3.82M, Peak:8.93M | Scene, ViewLayer | Updating Mesh | Copying Attributes to device
Fra:18 Mem:225.72M (Peak 320.76M) | Time:00:00.95 | Mem:4.78M, Peak:8.93M | Scene, ViewLayer | Updating Geometry BVH main_vol 2/5 | Building BVH
Fra:18 Mem:225.72M (Peak 320.76M) | Time:00:00.95 | Mem:4.78M, Peak:8.93M | Scene, ViewLayer | Updating Geometry BVH far_vol 3/5 | Building BVH
Fra:18 Mem:225.72M (Peak 320.76M) | Time:00:00.95 | Mem:4.78M, Peak:8.93M | Scene, ViewLayer | Updating Geometry BVH t1 6/5 | Building BVH
Fra:18 Mem:225.72M (Peak 320.76M) | Time:00:00.95 | Mem:4.78M, Peak:8.93M | Scene, ViewLayer | Updating Geometry BVH t1 6/5 | Building OptiX acceleration structure
Fra:18 Mem:225.72M (Peak 320.76M) | Time:00:00.96 | Mem:4.78M, Peak:8.93M | Scene, ViewLayer | Updating Scene BVH | Building
Fra:18 Mem:225.72M (Peak 320.76M) | Time:00:00.96 | Mem:4.78M, Peak:8.93M | Scene, ViewLayer | Updating Scene BVH | Building OptiX acceleration structure
Fra:18 Mem:225.72M (Peak 320.76M) | Time:00:00.96 | Mem:4.78M, Peak:8.93M | Scene, ViewLayer | Updating Scene BVH | Building BVH
Fra:18 Mem:225.72M (Peak 320.76M) | Time:00:00.96 | Mem:4.78M, Peak:8.93M | Scene, ViewLayer | Updating Scene BVH | Building BVH 0%
Fra:18 Mem:225.72M (Peak 320.76M) | Time:00:00.97 | Mem:4.78M, Peak:8.93M | Scene, ViewLayer | Updating Scene BVH | Copying BVH to device
Fra:18 Mem:225.72M (Peak 320.76M) | Time:00:00.97 | Mem:4.78M, Peak:8.93M | Scene, ViewLayer | Updating Mesh | Computing normals
Fra:18 Mem:229.87M (Peak 320.76M) | Time:00:00.97 | Mem:4.78M, Peak:8.93M | Scene, ViewLayer | Updating Mesh | Copying Mesh to device
Fra:18 Mem:229.87M (Peak 320.76M) | Time:00:00.97 | Mem:8.93M, Peak:8.93M | Scene, ViewLayer | Updating Objects Flags
Fra:18 Mem:229.87M (Peak 320.76M) | Time:00:00.99 | Mem:8.93M, Peak:8.93M | Scene, ViewLayer | Updating Primitive Offsets
Fra:18 Mem:229.87M (Peak 320.76M) | Time:00:00.99 | Mem:8.93M, Peak:8.93M | Scene, ViewLayer | Updating Images
Fra:18 Mem:226.14M (Peak 320.76M) | Time:00:00.99 | Mem:5.20M, Peak:8.93M | Scene, ViewLayer | Updating Images | Loading density
Fra:18 Mem:229.89M (Peak 320.76M) | Time:00:00.99 | Mem:8.95M, Peak:8.95M | Scene, ViewLayer | Updating Camera Volume
Fra:18 Mem:229.89M (Peak 320.76M) | Time:00:00.99 | Mem:8.95M, Peak:8.95M | Scene, ViewLayer | Updating Lookup Tables
Fra:18 Mem:229.89M (Peak 320.76M) | Time:00:00.99 | Mem:8.95M, Peak:8.95M | Scene, ViewLayer | Updating Lights
Fra:18 Mem:229.89M (Peak 320.76M) | Time:00:00.99 | Mem:8.95M, Peak:8.95M | Scene, ViewLayer | Updating Lights | Computing tree
Fra:18 Mem:229.89M (Peak 320.76M) | Time:00:00.99 | Mem:8.95M, Peak:8.95M | Scene, ViewLayer | Updating Integrator
Fra:18 Mem:229.89M (Peak 320.76M) | Time:00:00.99 | Mem:8.95M, Peak:8.95M | Scene, ViewLayer | Updating Film
Fra:18 Mem:229.89M (Peak 320.76M) | Time:00:00.99 | Mem:8.95M, Peak:8.95M | Scene, ViewLayer | Updating Lookup Tables
Fra:18 Mem:229.89M (Peak 320.76M) | Time:00:00.99 | Mem:8.95M, Peak:8.95M | Scene, ViewLayer | Updating Baking
Fra:18 Mem:229.89M (Peak 320.76M) | Time:00:00.99 | Mem:8.95M, Peak:8.95M | Scene, ViewLayer | Updating Device | Writing constant memory
Fra:18 Mem:229.89M (Peak 320.76M) | Time:00:00.99 | Mem:8.95M, Peak:8.95M | Scene, ViewLayer | Sample 0/24
Fra:18 Mem:229.89M (Peak 320.76M) | Time:00:01.23 | Remaining:00:05.43 | Mem:8.95M, Peak:8.95M | Scene, ViewLayer | Sample 1/24
Fra:18 Mem:229.89M (Peak 320.76M) | Time:00:01.47 | Remaining:00:05.28 | Mem:8.95M, Peak:8.95M | Scene, ViewLayer | Sample 2/24
Fra:18 Mem:265.49M (Peak 320.76M) | Time:00:06.05 | Mem:8.95M, Peak:8.95M | Scene, ViewLayer | Sample 24/24
Fra:18 Mem:265.49M (Peak 320.76M) | Time:00:06.05 | Mem:8.95M, Peak:8.95M | Scene, ViewLayer | Finished
Saved: 'C:\Work\domin8te-build\daysky\out\b\f0018.png'
Time: 00:06.24 (Saving: 00:00.19)

Fra:19 Mem:229.90M (Peak 320.76M) | Time:00:00.55 | Mem:8.95M, Peak:8.95M | Scene, ViewLayer | Synchronizing object | main_vol
Fra:19 Mem:229.82M (Peak 320.76M) | Time:00:00.55 | Mem:8.95M, Peak:8.95M | Scene, ViewLayer | Synchronizing object | t0
Fra:19 Mem:229.75M (Peak 320.76M) | Time:00:00.55 | Mem:8.95M, Peak:8.95M | Scene, ViewLayer | Synchronizing object | t1
Fra:19 Mem:229.75M (Peak 320.76M) | Time:00:00.55 | Mem:8.95M, Peak:8.95M | Scene, ViewLayer | Initializing
Fra:19 Mem:229.75M (Peak 320.76M) | Time:00:00.55 | Mem:8.95M, Peak:8.95M | Scene, ViewLayer | Waiting for render to start
Fra:19 Mem:229.75M (Peak 320.76M) | Time:00:00.55 | Mem:8.95M, Peak:8.95M | Scene, ViewLayer | Updating Scene
Fra:19 Mem:229.75M (Peak 320.76M) | Time:00:00.55 | Mem:8.95M, Peak:8.95M | Scene, ViewLayer | Updating Shaders
Fra:19 Mem:229.75M (Peak 320.76M) | Time:00:00.55 | Mem:8.95M, Peak:8.95M | Scene, ViewLayer | Updating Background
Fra:19 Mem:229.75M (Peak 320.76M) | Time:00:00.55 | Mem:8.95M, Peak:8.95M | Scene, ViewLayer | Updating Camera
Fra:19 Mem:229.75M (Peak 320.76M) | Time:00:00.55 | Mem:8.95M, Peak:8.95M | Scene, ViewLayer | Updating Meshes Flags
Fra:19 Mem:229.75M (Peak 320.76M) | Time:00:00.55 | Mem:8.95M, Peak:8.95M | Scene, ViewLayer | Updating Meshes Volume Bounds
Fra:19 Mem:229.75M (Peak 320.76M) | Time:00:00.55 | Mem:8.95M, Peak:8.95M | Scene, ViewLayer | Updating Volume Images
Fra:19 Mem:229.75M (Peak 320.76M) | Time:00:00.55 | Mem:8.95M, Peak:8.95M | Scene, ViewLayer | Updating Mesh | Computing Volume Mesh main_vol
Fra:19 Mem:229.81M (Peak 320.76M) | Time:00:00.56 | Mem:8.95M, Peak:8.95M | Scene, ViewLayer | Updating Mesh | Computing Volume Mesh far_vol
Fra:19 Mem:229.84M (Peak 320.76M) | Time:00:00.57 | Mem:8.95M, Peak:8.95M | Scene, ViewLayer | Updating Mesh | Computing Volume Mesh near_vol
Fra:19 Mem:229.86M (Peak 320.76M) | Time:00:00.57 | Mem:8.95M, Peak:8.95M | Scene, ViewLayer | Updating Objects
Fra:19 Mem:229.86M (Peak 320.76M) | Time:00:00.57 | Mem:8.95M, Peak:8.95M | Scene, ViewLayer | Updating Objects | Copying Transformations to device
Fra:19 Mem:229.86M (Peak 320.76M) | Time:00:00.57 | Mem:8.95M, Peak:8.95M | Scene, ViewLayer | Updating Particle Systems
Fra:19 Mem:229.86M (Peak 320.76M) | Time:00:00.57 | Mem:8.95M, Peak:8.95M | Scene, ViewLayer | Updating Meshes
Fra:19 Mem:224.79M (Peak 320.76M) | Time:00:00.57 | Mem:3.85M, Peak:8.95M | Scene, ViewLayer | Updating Objects | Applying Static Transformations
Fra:19 Mem:224.79M (Peak 320.76M) | Time:00:00.57 | Mem:3.85M, Peak:8.95M | Scene, ViewLayer | Updating Mesh | Computing attributes
Fra:19 Mem:225.74M (Peak 320.76M) | Time:00:00.57 | Mem:3.85M, Peak:8.95M | Scene, ViewLayer | Updating Mesh | Copying Attributes to device
Fra:19 Mem:225.74M (Peak 320.76M) | Time:00:00.57 | Mem:4.80M, Peak:8.95M | Scene, ViewLayer | Updating Geometry BVH main_vol 2/5 | Building BVH
Fra:19 Mem:225.74M (Peak 320.76M) | Time:00:00.57 | Mem:4.80M, Peak:8.95M | Scene, ViewLayer | Updating Geometry BVH near_vol 4/5 | Building BVH
Fra:19 Mem:225.74M (Peak 320.76M) | Time:00:00.57 | Mem:4.80M, Peak:8.95M | Scene, ViewLayer | Updating Geometry BVH t0 5/5 | Building BVH
Fra:19 Mem:225.74M (Peak 320.76M) | Time:00:00.57 | Mem:4.80M, Peak:8.95M | Scene, ViewLayer | Updating Geometry BVH t1 6/5 | Building BVH
Fra:19 Mem:225.77M (Peak 320.76M) | Time:00:00.57 | Mem:4.80M, Peak:8.95M | Scene, ViewLayer | Updating Geometry BVH t1 6/5 | Building OptiX acceleration structure
Fra:19 Mem:225.74M (Peak 320.76M) | Time:00:00.58 | Mem:4.80M, Peak:8.95M | Scene, ViewLayer | Updating Scene BVH | Building
Fra:19 Mem:225.74M (Peak 320.76M) | Time:00:00.58 | Mem:4.80M, Peak:8.95M | Scene, ViewLayer | Updating Scene BVH | Building OptiX acceleration structure
Fra:19 Mem:225.74M (Peak 320.76M) | Time:00:00.58 | Mem:4.80M, Peak:8.95M | Scene, ViewLayer | Updating Scene BVH | Building BVH
Fra:19 Mem:225.74M (Peak 320.76M) | Time:00:00.58 | Mem:4.80M, Peak:8.95M | Scene, ViewLayer | Updating Scene BVH | Building BVH 0%
Fra:19 Mem:225.74M (Peak 320.76M) | Time:00:00.59 | Mem:4.80M, Peak:8.95M | Scene, ViewLayer | Updating Scene BVH | Copying BVH to device
Fra:19 Mem:225.74M (Peak 320.76M) | Time:00:00.59 | Mem:4.80M, Peak:8.95M | Scene, ViewLayer | Updating Mesh | Computing normals
Fra:19 Mem:229.89M (Peak 320.76M) | Time:00:00.59 | Mem:4.80M, Peak:8.95M | Scene, ViewLayer | Updating Mesh | Copying Mesh to device
Fra:19 Mem:229.89M (Peak 320.76M) | Time:00:00.59 | Mem:8.95M, Peak:8.95M | Scene, ViewLayer | Updating Objects Flags
Fra:19 Mem:229.89M (Peak 320.76M) | Time:00:00.61 | Mem:8.95M, Peak:8.95M | Scene, ViewLayer | Updating Primitive Offsets
Fra:19 Mem:229.89M (Peak 320.76M) | Time:00:00.61 | Mem:8.95M, Peak:8.95M | Scene, ViewLayer | Updating Images
Fra:19 Mem:227.86M (Peak 320.76M) | Time:00:00.61 | Mem:8.95M, Peak:8.95M | Scene, ViewLayer | Updating Images | Loading density
Fra:19 Mem:229.91M (Peak 320.76M) | Time:00:00.62 | Mem:8.97M, Peak:9.69M | Scene, ViewLayer | Updating Camera Volume
Fra:19 Mem:229.91M (Peak 320.76M) | Time:00:00.62 | Mem:8.97M, Peak:9.69M | Scene, ViewLayer | Updating Lookup Tables
Fra:19 Mem:229.91M (Peak 320.76M) | Time:00:00.62 | Mem:8.97M, Peak:9.69M | Scene, ViewLayer | Updating Lights
Fra:19 Mem:229.91M (Peak 320.76M) | Time:00:00.62 | Mem:8.97M, Peak:9.69M | Scene, ViewLayer | Updating Lights | Computing tree
Fra:19 Mem:229.91M (Peak 320.76M) | Time:00:00.62 | Mem:8.97M, Peak:9.69M | Scene, ViewLayer | Updating Integrator
Fra:19 Mem:229.91M (Peak 320.76M) | Time:00:00.62 | Mem:8.97M, Peak:9.69M | Scene, ViewLayer | Updating Film
Fra:19 Mem:229.91M (Peak 320.76M) | Time:00:00.62 | Mem:8.97M, Peak:9.69M | Scene, ViewLayer | Updating Lookup Tables
Fra:19 Mem:229.91M (Peak 320.76M) | Time:00:00.62 | Mem:8.97M, Peak:9.69M | Scene, ViewLayer | Updating Baking
Fra:19 Mem:229.91M (Peak 320.76M) | Time:00:00.62 | Mem:8.97M, Peak:9.69M | Scene, ViewLayer | Updating Device | Writing constant memory
Fra:19 Mem:229.91M (Peak 320.76M) | Time:00:00.62 | Mem:8.97M, Peak:9.69M | Scene, ViewLayer | Sample 0/24
Fra:19 Mem:229.91M (Peak 320.76M) | Time:00:00.94 | Remaining:00:07.31 | Mem:8.97M, Peak:9.69M | Scene, ViewLayer | Sample 1/24
Fra:19 Mem:229.91M (Peak 320.76M) | Time:00:01.36 | Remaining:00:08.12 | Mem:8.97M, Peak:93.51M | Scene, ViewLayer | Sample 2/24
Fra:19 Mem:229.91M (Peak 320.76M) | Time:00:01.93 | Remaining:00:09.18 | Mem:8.97M, Peak:93.51M | Scene, ViewLayer | Sample 3/24
Fra:19 Mem:229.91M (Peak 320.76M) | Time:00:02.56 | Remaining:00:09.69 | Mem:8.97M, Peak:93.51M | Scene, ViewLayer | Sample 4/24
Fra:19 Mem:229.91M (Peak 320.76M) | Time:00:03.03 | Remaining:00:09.15 | Mem:8.97M, Peak:93.51M | Scene, ViewLayer | Sample 5/24
Fra:19 Mem:229.91M (Peak 320.76M) | Time:00:03.39 | Remaining:00:08.32 | Mem:8.97M, Peak:93.51M | Scene, ViewLayer | Sample 6/24
Fra:19 Mem:229.91M (Peak 320.76M) | Time:00:04.22 | Remaining:00:08.74 | Mem:8.97M, Peak:93.51M | Scene, ViewLayer | Sample 7/24
Fra:19 Mem:229.91M (Peak 320.76M) | Time:00:04.69 | Remaining:00:08.13 | Mem:8.97M, Peak:93.51M | Scene, ViewLayer | Sample 8/24
Fra:19 Mem:229.91M (Peak 320.76M) | Time:00:04.97 | Remaining:00:07.24 | Mem:8.97M, Peak:93.51M | Scene, ViewLayer | Sample 9/24
Fra:19 Mem:265.51M (Peak 320.76M) | Time:00:08.23 | Mem:8.97M, Peak:93.51M | Scene, ViewLayer | Sample 24/24
Fra:19 Mem:265.51M (Peak 320.76M) | Time:00:08.23 | Mem:8.97M, Peak:93.51M | Scene, ViewLayer | Finished
Saved: 'C:\Work\domin8te-build\daysky\out\b\f0019.png'
Time: 00:08.36 (Saving: 00:00.12)

Fra:20 Mem:229.92M (Peak 320.76M) | Time:00:00.55 | Mem:8.97M, Peak:8.97M | Scene, ViewLayer | Synchronizing object | t0
Fra:20 Mem:229.92M (Peak 320.76M) | Time:00:00.55 | Mem:8.97M, Peak:8.97M | Scene, ViewLayer | Synchronizing object | t1
Fra:20 Mem:229.92M (Peak 320.76M) | Time:00:00.56 | Mem:8.97M, Peak:8.97M | Scene, ViewLayer | Synchronizing object | near_vol
Fra:20 Mem:229.89M (Peak 320.76M) | Time:00:00.56 | Mem:8.97M, Peak:8.97M | Scene, ViewLayer | Synchronizing object | far_vol
Fra:20 Mem:229.85M (Peak 320.76M) | Time:00:00.56 | Mem:8.97M, Peak:8.97M | Scene, ViewLayer | Synchronizing object | main_vol
Fra:20 Mem:229.77M (Peak 320.76M) | Time:00:00.56 | Mem:8.97M, Peak:8.97M | Scene, ViewLayer | Initializing
Fra:20 Mem:229.77M (Peak 320.76M) | Time:00:00.56 | Mem:8.97M, Peak:8.97M | Scene, ViewLayer | Waiting for render to start
Fra:20 Mem:229.77M (Peak 320.76M) | Time:00:00.56 | Mem:8.97M, Peak:8.97M | Scene, ViewLayer | Updating Scene
Fra:20 Mem:229.77M (Peak 320.76M) | Time:00:00.56 | Mem:8.97M, Peak:8.97M | Scene, ViewLayer | Updating Shaders
Fra:20 Mem:229.77M (Peak 320.76M) | Time:00:00.56 | Mem:8.97M, Peak:8.97M | Scene, ViewLayer | Updating Background
Fra:20 Mem:229.77M (Peak 320.76M) | Time:00:00.56 | Mem:8.97M, Peak:8.97M | Scene, ViewLayer | Updating Camera
Fra:20 Mem:229.77M (Peak 320.76M) | Time:00:00.56 | Mem:8.97M, Peak:8.97M | Scene, ViewLayer | Updating Meshes Flags
Fra:20 Mem:229.77M (Peak 320.76M) | Time:00:00.56 | Mem:8.97M, Peak:8.97M | Scene, ViewLayer | Updating Meshes Volume Bounds
Fra:20 Mem:229.77M (Peak 320.76M) | Time:00:00.56 | Mem:8.97M, Peak:8.97M | Scene, ViewLayer | Updating Volume Images
Fra:20 Mem:229.77M (Peak 320.76M) | Time:00:00.56 | Mem:8.97M, Peak:8.97M | Scene, ViewLayer | Updating Mesh | Computing Volume Mesh main_vol
Fra:20 Mem:229.83M (Peak 320.76M) | Time:00:00.58 | Mem:8.97M, Peak:8.97M | Scene, ViewLayer | Updating Mesh | Computing Volume Mesh far_vol
Fra:20 Mem:229.86M (Peak 320.76M) | Time:00:00.59 | Mem:8.97M, Peak:8.97M | Scene, ViewLayer | Updating Mesh | Computing Volume Mesh near_vol
Fra:20 Mem:229.88M (Peak 320.76M) | Time:00:00.60 | Mem:8.97M, Peak:8.97M | Scene, ViewLayer | Updating Objects
Fra:20 Mem:229.88M (Peak 320.76M) | Time:00:00.60 | Mem:8.97M, Peak:8.97M | Scene, ViewLayer | Updating Objects | Copying Transformations to device
Fra:20 Mem:229.88M (Peak 320.76M) | Time:00:00.60 | Mem:8.97M, Peak:8.97M | Scene, ViewLayer | Updating Particle Systems
Fra:20 Mem:229.88M (Peak 320.76M) | Time:00:00.60 | Mem:8.97M, Peak:8.97M | Scene, ViewLayer | Updating Meshes
Fra:20 Mem:224.81M (Peak 320.76M) | Time:00:00.62 | Mem:3.87M, Peak:8.97M | Scene, ViewLayer | Updating Objects | Applying Static Transformations
Fra:20 Mem:224.81M (Peak 320.76M) | Time:00:00.62 | Mem:3.87M, Peak:8.97M | Scene, ViewLayer | Updating Mesh | Computing attributes
Fra:20 Mem:225.77M (Peak 320.76M) | Time:00:00.62 | Mem:3.87M, Peak:8.97M | Scene, ViewLayer | Updating Mesh | Copying Attributes to device
Fra:20 Mem:225.77M (Peak 320.76M) | Time:00:00.63 | Mem:4.82M, Peak:8.97M | Scene, ViewLayer | Updating Geometry BVH t1 6/5 | Building BVH
Fra:20 Mem:225.77M (Peak 320.76M) | Time:00:00.63 | Mem:4.82M, Peak:8.97M | Scene, ViewLayer | Updating Geometry BVH main_vol 2/5 | Building BVH
Fra:20 Mem:225.77M (Peak 320.76M) | Time:00:00.63 | Mem:4.82M, Peak:8.97M | Scene, ViewLayer | Updating Geometry BVH far_vol 3/5 | Building BVH
Fra:20 Mem:225.77M (Peak 320.76M) | Time:00:00.64 | Mem:4.82M, Peak:8.97M | Scene, ViewLayer | Updating Geometry BVH far_vol 3/5 | Building OptiX acceleration structure
Fra:20 Mem:227.69M (Peak 320.76M) | Time:00:00.64 | Mem:4.82M, Peak:8.97M | Scene, ViewLayer | Updating Geometry BVH near_vol 4/5 | Building BVH
Fra:20 Mem:227.69M (Peak 320.76M) | Time:00:00.64 | Mem:4.82M, Peak:8.97M | Scene, ViewLayer | Updating Geometry BVH near_vol 4/5 | Building OptiX acceleration structure
Fra:20 Mem:227.66M (Peak 320.76M) | Time:00:00.64 | Mem:4.82M, Peak:8.97M | Scene, ViewLayer | Updating Geometry BVH t0 5/5 | Building BVH
Fra:20 Mem:227.66M (Peak 320.76M) | Time:00:00.64 | Mem:4.82M, Peak:8.97M | Scene, ViewLayer | Updating Geometry BVH t0 5/5 | Building OptiX acceleration structure
Fra:20 Mem:225.77M (Peak 320.76M) | Time:00:00.65 | Mem:4.82M, Peak:8.97M | Scene, ViewLayer | Updating Scene BVH | Building
Fra:20 Mem:225.77M (Peak 320.76M) | Time:00:00.65 | Mem:4.82M, Peak:8.97M | Scene, ViewLayer | Updating Scene BVH | Building OptiX acceleration structure
Fra:20 Mem:225.77M (Peak 320.76M) | Time:00:00.65 | Mem:4.82M, Peak:8.97M | Scene, ViewLayer | Updating Scene BVH | Building BVH
Fra:20 Mem:225.77M (Peak 320.76M) | Time:00:00.65 | Mem:4.82M, Peak:8.97M | Scene, ViewLayer | Updating Scene BVH | Building BVH 0%
Fra:20 Mem:225.77M (Peak 320.76M) | Time:00:00.69 | Mem:4.82M, Peak:8.97M | Scene, ViewLayer | Updating Scene BVH | Copying BVH to device
Fra:20 Mem:225.77M (Peak 320.76M) | Time:00:00.69 | Mem:4.82M, Peak:8.97M | Scene, ViewLayer | Updating Mesh | Computing normals
Fra:20 Mem:229.92M (Peak 320.76M) | Time:00:00.70 | Mem:4.82M, Peak:8.97M | Scene, ViewLayer | Updating Mesh | Copying Mesh to device
Fra:20 Mem:229.92M (Peak 320.76M) | Time:00:00.70 | Mem:8.97M, Peak:8.97M | Scene, ViewLayer | Updating Objects Flags
Fra:20 Mem:229.92M (Peak 320.76M) | Time:00:00.98 | Mem:8.97M, Peak:8.97M | Scene, ViewLayer | Updating Primitive Offsets
Fra:20 Mem:229.92M (Peak 320.76M) | Time:00:00.98 | Mem:8.97M, Peak:8.97M | Scene, ViewLayer | Updating Images
Fra:20 Mem:226.14M (Peak 320.76M) | Time:00:00.99 | Mem:5.20M, Peak:8.97M | Scene, ViewLayer | Updating Images | Loading density
Fra:20 Mem:229.94M (Peak 320.76M) | Time:00:00.99 | Mem:9.00M, Peak:9.00M | Scene, ViewLayer | Updating Camera Volume
Fra:20 Mem:229.94M (Peak 320.76M) | Time:00:00.99 | Mem:9.00M, Peak:9.00M | Scene, ViewLayer | Updating Lookup Tables
Fra:20 Mem:229.94M (Peak 320.76M) | Time:00:00.99 | Mem:9.00M, Peak:9.00M | Scene, ViewLayer | Updating Lights
Fra:20 Mem:229.94M (Peak 320.76M) | Time:00:00.99 | Mem:9.00M, Peak:9.00M | Scene, ViewLayer | Updating Lights | Computing tree
Fra:20 Mem:229.94M (Peak 320.76M) | Time:00:00.99 | Mem:9.00M, Peak:9.00M | Scene, ViewLayer | Updating Integrator
Fra:20 Mem:229.94M (Peak 320.76M) | Time:00:00.99 | Mem:9.00M, Peak:9.00M | Scene, ViewLayer | Updating Film
Fra:20 Mem:229.94M (Peak 320.76M) | Time:00:00.99 | Mem:9.00M, Peak:9.00M | Scene, ViewLayer | Updating Lookup Tables
Fra:20 Mem:229.94M (Peak 320.76M) | Time:00:00.99 | Mem:9.00M, Peak:9.00M | Scene, ViewLayer | Updating Baking
Fra:20 Mem:229.94M (Peak 320.76M) | Time:00:00.99 | Mem:9.00M, Peak:9.00M | Scene, ViewLayer | Updating Device | Writing constant memory
Fra:20 Mem:229.94M (Peak 320.76M) | Time:00:00.99 | Mem:9.00M, Peak:9.00M | Scene, ViewLayer | Sample 0/24
Fra:20 Mem:229.94M (Peak 320.76M) | Time:00:01.33 | Remaining:00:07.74 | Mem:9.00M, Peak:9.00M | Scene, ViewLayer | Sample 1/24
Fra:20 Mem:229.94M (Peak 320.76M) | Time:00:01.90 | Remaining:00:10.02 | Mem:9.00M, Peak:93.54M | Scene, ViewLayer | Sample 2/24
Fra:20 Mem:229.94M (Peak 320.76M) | Time:00:02.28 | Remaining:00:09.02 | Mem:9.00M, Peak:93.54M | Scene, ViewLayer | Sample 3/24
Fra:20 Mem:229.94M (Peak 320.76M) | Time:00:02.62 | Remaining:00:08.14 | Mem:9.00M, Peak:93.54M | Scene, ViewLayer | Sample 4/24
Fra:20 Mem:229.94M (Peak 320.76M) | Time:00:03.39 | Remaining:00:09.09 | Mem:9.00M, Peak:93.54M | Scene, ViewLayer | Sample 5/24
Fra:20 Mem:229.94M (Peak 320.76M) | Time:00:03.84 | Remaining:00:08.52 | Mem:9.00M, Peak:93.54M | Scene, ViewLayer | Sample 6/24
Fra:20 Mem:229.94M (Peak 320.76M) | Time:00:04.39 | Remaining:00:08.26 | Mem:9.00M, Peak:93.54M | Scene, ViewLayer | Sample 7/24
Fra:20 Mem:229.94M (Peak 320.76M) | Time:00:04.81 | Remaining:00:07.63 | Mem:9.00M, Peak:93.54M | Scene, ViewLayer | Sample 8/24
Fra:20 Mem:229.94M (Peak 320.76M) | Time:00:05.22 | Remaining:00:07.04 | Mem:9.00M, Peak:93.54M | Scene, ViewLayer | Sample 9/24
Fra:20 Mem:229.94M (Peak 320.76M) | Time:00:05.93 | Remaining:00:06.91 | Mem:9.00M, Peak:93.54M | Scene, ViewLayer | Sample 10/24
Fra:20 Mem:229.94M (Peak 320.76M) | Time:00:06.37 | Remaining:00:06.35 | Mem:9.00M, Peak:93.54M | Scene, ViewLayer | Sample 11/24
Fra:20 Mem:229.94M (Peak 320.76M) | Time:00:06.85 | Remaining:00:05.85 | Mem:9.00M, Peak:93.54M | Scene, ViewLayer | Sample 12/24
Fra:20 Mem:229.94M (Peak 320.76M) | Time:00:07.28 | Remaining:00:05.31 | Mem:9.00M, Peak:93.54M | Scene, ViewLayer | Sample 13/24
Fra:20 Mem:229.94M (Peak 320.76M) | Time:00:07.63 | Remaining:00:04.74 | Mem:9.00M, Peak:93.54M | Scene, ViewLayer | Sample 14/24
Fra:20 Mem:229.94M (Peak 320.76M) | Time:00:08.48 | Remaining:00:04.49 | Mem:9.00M, Peak:93.54M | Scene, ViewLayer | Sample 15/24
Fra:20 Mem:229.94M (Peak 320.76M) | Time:00:08.90 | Remaining:00:03.95 | Mem:9.00M, Peak:93.54M | Scene, ViewLayer | Sample 16/24
Fra:20 Mem:229.94M (Peak 320.76M) | Time:00:09.51 | Remaining:00:03.50 | Mem:9.00M, Peak:93.54M | Scene, ViewLayer | Sample 17/24
Fra:20 Mem:229.94M (Peak 320.76M) | Time:00:09.84 | Remaining:00:02.95 | Mem:9.00M, Peak:93.54M | Scene, ViewLayer | Sample 18/24
Fra:20 Mem:265.54M (Peak 320.76M) | Time:00:11.46 | Mem:9.00M, Peak:93.54M | Scene, ViewLayer | Sample 24/24
Fra:20 Mem:265.54M (Peak 320.76M) | Time:00:11.46 | Mem:9.00M, Peak:93.54M | Scene, ViewLayer | Finished
Saved: 'C:\Work\domin8te-build\daysky\out\b\f0020.png'
Time: 00:11.67 (Saving: 00:00.20)

Fra:21 Mem:229.95M (Peak 320.76M) | Time:00:01.07 | Mem:9.00M, Peak:9.00M | Scene, ViewLayer | Synchronizing object | main_vol
Fra:21 Mem:229.87M (Peak 320.76M) | Time:00:01.07 | Mem:9.00M, Peak:9.00M | Scene, ViewLayer | Synchronizing object | t0
Fra:21 Mem:229.80M (Peak 320.76M) | Time:00:01.07 | Mem:9.00M, Peak:9.00M | Scene, ViewLayer | Synchronizing object | t1
Fra:21 Mem:229.80M (Peak 320.76M) | Time:00:01.07 | Mem:9.00M, Peak:9.00M | Scene, ViewLayer | Initializing
Fra:21 Mem:229.80M (Peak 320.76M) | Time:00:01.07 | Mem:9.00M, Peak:9.00M | Scene, ViewLayer | Waiting for render to start
Fra:21 Mem:229.80M (Peak 320.76M) | Time:00:01.07 | Mem:9.00M, Peak:9.00M | Scene, ViewLayer | Updating Scene
Fra:21 Mem:229.80M (Peak 320.76M) | Time:00:01.07 | Mem:9.00M, Peak:9.00M | Scene, ViewLayer | Updating Shaders
Fra:21 Mem:229.80M (Peak 320.76M) | Time:00:01.07 | Mem:9.00M, Peak:9.00M | Scene, ViewLayer | Updating Background
Fra:21 Mem:229.80M (Peak 320.76M) | Time:00:01.07 | Mem:9.00M, Peak:9.00M | Scene, ViewLayer | Updating Camera
Fra:21 Mem:229.80M (Peak 320.76M) | Time:00:01.07 | Mem:9.00M, Peak:9.00M | Scene, ViewLayer | Updating Meshes Flags
Fra:21 Mem:229.80M (Peak 320.76M) | Time:00:01.07 | Mem:9.00M, Peak:9.00M | Scene, ViewLayer | Updating Meshes Volume Bounds
Fra:21 Mem:229.80M (Peak 320.76M) | Time:00:01.07 | Mem:9.00M, Peak:9.00M | Scene, ViewLayer | Updating Volume Images
Fra:21 Mem:229.80M (Peak 320.76M) | Time:00:01.07 | Mem:9.00M, Peak:9.00M | Scene, ViewLayer | Updating Mesh | Computing Volume Mesh main_vol
Fra:21 Mem:229.86M (Peak 320.76M) | Time:00:01.08 | Mem:9.00M, Peak:9.00M | Scene, ViewLayer | Updating Mesh | Computing Volume Mesh far_vol
Fra:21 Mem:229.89M (Peak 320.76M) | Time:00:01.09 | Mem:9.00M, Peak:9.00M | Scene, ViewLayer | Updating Mesh | Computing Volume Mesh near_vol
Fra:21 Mem:229.91M (Peak 320.76M) | Time:00:01.09 | Mem:9.00M, Peak:9.00M | Scene, ViewLayer | Updating Objects
Fra:21 Mem:229.91M (Peak 320.76M) | Time:00:01.09 | Mem:9.00M, Peak:9.00M | Scene, ViewLayer | Updating Objects | Copying Transformations to device
Fra:21 Mem:229.91M (Peak 320.76M) | Time:00:01.09 | Mem:9.00M, Peak:9.00M | Scene, ViewLayer | Updating Particle Systems
Fra:21 Mem:229.91M (Peak 320.76M) | Time:00:01.09 | Mem:9.00M, Peak:9.00M | Scene, ViewLayer | Updating Meshes
Fra:21 Mem:224.84M (Peak 320.76M) | Time:00:01.09 | Mem:3.89M, Peak:9.00M | Scene, ViewLayer | Updating Objects | Applying Static Transformations
Fra:21 Mem:224.84M (Peak 320.76M) | Time:00:01.09 | Mem:3.89M, Peak:9.00M | Scene, ViewLayer | Updating Mesh | Computing attributes
Fra:21 Mem:225.80M (Peak 320.76M) | Time:00:01.09 | Mem:3.89M, Peak:9.00M | Scene, ViewLayer | Updating Mesh | Copying Attributes to device
Fra:21 Mem:225.79M (Peak 320.76M) | Time:00:01.09 | Mem:4.85M, Peak:9.00M | Scene, ViewLayer | Updating Geometry BVH main_vol 2/5 | Building BVH
Fra:21 Mem:225.79M (Peak 320.76M) | Time:00:01.09 | Mem:4.85M, Peak:9.00M | Scene, ViewLayer | Updating Geometry BVH far_vol 3/5 | Building BVH
Fra:21 Mem:225.79M (Peak 320.76M) | Time:00:01.09 | Mem:4.85M, Peak:9.00M | Scene, ViewLayer | Updating Geometry BVH t1 6/5 | Building BVH
Fra:21 Mem:225.79M (Peak 320.76M) | Time:00:01.09 | Mem:4.85M, Peak:9.00M | Scene, ViewLayer | Updating Geometry BVH t1 6/5 | Building OptiX acceleration structure
Fra:21 Mem:225.79M (Peak 320.76M) | Time:00:01.10 | Mem:4.85M, Peak:9.00M | Scene, ViewLayer | Updating Scene BVH | Building
Fra:21 Mem:225.79M (Peak 320.76M) | Time:00:01.10 | Mem:4.85M, Peak:9.00M | Scene, ViewLayer | Updating Scene BVH | Building OptiX acceleration structure
Fra:21 Mem:225.80M (Peak 320.76M) | Time:00:01.10 | Mem:4.85M, Peak:9.00M | Scene, ViewLayer | Updating Scene BVH | Building BVH
Fra:21 Mem:225.80M (Peak 320.76M) | Time:00:01.10 | Mem:4.85M, Peak:9.00M | Scene, ViewLayer | Updating Scene BVH | Building BVH 0%
Fra:21 Mem:225.80M (Peak 320.76M) | Time:00:01.11 | Mem:4.85M, Peak:9.00M | Scene, ViewLayer | Updating Scene BVH | Copying BVH to device
Fra:21 Mem:225.80M (Peak 320.76M) | Time:00:01.11 | Mem:4.85M, Peak:9.00M | Scene, ViewLayer | Updating Mesh | Computing normals
Fra:21 Mem:229.95M (Peak 320.76M) | Time:00:01.11 | Mem:4.85M, Peak:9.00M | Scene, ViewLayer | Updating Mesh | Copying Mesh to device
Fra:21 Mem:229.95M (Peak 320.76M) | Time:00:01.11 | Mem:9.00M, Peak:9.00M | Scene, ViewLayer | Updating Objects Flags
Fra:21 Mem:229.95M (Peak 320.76M) | Time:00:01.13 | Mem:9.00M, Peak:9.00M | Scene, ViewLayer | Updating Primitive Offsets
Fra:21 Mem:229.95M (Peak 320.76M) | Time:00:01.13 | Mem:9.00M, Peak:9.00M | Scene, ViewLayer | Updating Images
Fra:21 Mem:229.22M (Peak 320.76M) | Time:00:01.13 | Mem:9.00M, Peak:9.00M | Scene, ViewLayer | Updating Images | Loading density
Fra:21 Mem:229.96M (Peak 320.76M) | Time:00:01.13 | Mem:9.02M, Peak:12.09M | Scene, ViewLayer | Updating Camera Volume
Fra:21 Mem:229.96M (Peak 320.76M) | Time:00:01.13 | Mem:9.02M, Peak:12.09M | Scene, ViewLayer | Updating Lookup Tables
Fra:21 Mem:229.96M (Peak 320.76M) | Time:00:01.13 | Mem:9.02M, Peak:12.09M | Scene, ViewLayer | Updating Lights
Fra:21 Mem:229.96M (Peak 320.76M) | Time:00:01.13 | Mem:9.01M, Peak:12.09M | Scene, ViewLayer | Updating Lights | Computing tree
Fra:21 Mem:229.96M (Peak 320.76M) | Time:00:01.13 | Mem:9.02M, Peak:12.09M | Scene, ViewLayer | Updating Integrator
Fra:21 Mem:229.96M (Peak 320.76M) | Time:00:01.13 | Mem:9.02M, Peak:12.09M | Scene, ViewLayer | Updating Film
Fra:21 Mem:229.96M (Peak 320.76M) | Time:00:01.13 | Mem:9.02M, Peak:12.09M | Scene, ViewLayer | Updating Lookup Tables
Fra:21 Mem:229.96M (Peak 320.76M) | Time:00:01.13 | Mem:9.02M, Peak:12.09M | Scene, ViewLayer | Updating Baking
Fra:21 Mem:229.96M (Peak 320.76M) | Time:00:01.13 | Mem:9.02M, Peak:12.09M | Scene, ViewLayer | Updating Device | Writing constant memory
Fra:21 Mem:229.96M (Peak 320.76M) | Time:00:01.13 | Mem:9.02M, Peak:12.09M | Scene, ViewLayer | Sample 0/24
Fra:21 Mem:229.96M (Peak 320.76M) | Time:00:01.46 | Remaining:00:07.38 | Mem:9.02M, Peak:12.09M | Scene, ViewLayer | Sample 1/24
Fra:21 Mem:229.96M (Peak 320.76M) | Time:00:02.15 | Remaining:00:11.20 | Mem:9.02M, Peak:93.55M | Scene, ViewLayer | Sample 2/24
Fra:21 Mem:229.96M (Peak 320.76M) | Time:00:02.69 | Remaining:00:10.88 | Mem:9.02M, Peak:93.55M | Scene, ViewLayer | Sample 3/24
Fra:21 Mem:229.96M (Peak 320.76M) | Time:00:03.40 | Remaining:00:11.30 | Mem:9.02M, Peak:93.55M | Scene, ViewLayer | Sample 4/24
Fra:21 Mem:229.96M (Peak 320.76M) | Time:00:03.77 | Remaining:00:10.02 | Mem:9.02M, Peak:93.55M | Scene, ViewLayer | Sample 5/24
Fra:21 Mem:229.96M (Peak 320.76M) | Time:00:04.79 | Remaining:00:10.95 | Mem:9.02M, Peak:93.55M | Scene, ViewLayer | Sample 6/24
Fra:21 Mem:229.96M (Peak 320.76M) | Time:00:05.34 | Remaining:00:10.20 | Mem:9.02M, Peak:93.55M | Scene, ViewLayer | Sample 7/24
Fra:21 Mem:229.96M (Peak 320.76M) | Time:00:05.87 | Remaining:00:09.46 | Mem:9.02M, Peak:93.55M | Scene, ViewLayer | Sample 8/24
Fra:21 Mem:229.96M (Peak 320.76M) | Time:00:06.26 | Remaining:00:08.54 | Mem:9.02M, Peak:93.55M | Scene, ViewLayer | Sample 9/24
Fra:21 Mem:229.96M (Peak 320.76M) | Time:00:07.03 | Remaining:00:08.24 | Mem:9.02M, Peak:93.55M | Scene, ViewLayer | Sample 10/24
Fra:21 Mem:229.96M (Peak 320.76M) | Time:00:07.53 | Remaining:00:07.56 | Mem:9.02M, Peak:93.55M | Scene, ViewLayer | Sample 11/24
Fra:21 Mem:229.96M (Peak 320.76M) | Time:00:08.09 | Remaining:00:06.95 | Mem:9.02M, Peak:93.55M | Scene, ViewLayer | Sample 12/24
Fra:21 Mem:265.56M (Peak 320.76M) | Time:00:11.77 | Mem:9.02M, Peak:93.55M | Scene, ViewLayer | Sample 24/24
Fra:21 Mem:265.56M (Peak 320.76M) | Time:00:11.77 | Mem:9.02M, Peak:93.55M | Scene, ViewLayer | Finished
Saved: 'C:\Work\domin8te-build\daysky\out\b\f0021.png'
Time: 00:11.96 (Saving: 00:00.18)

Fra:22 Mem:229.96M (Peak 320.76M) | Time:00:00.40 | Mem:9.02M, Peak:9.02M | Scene, ViewLayer | Synchronizing object | main_vol
Fra:22 Mem:229.89M (Peak 320.76M) | Time:00:00.40 | Mem:9.02M, Peak:9.02M | Scene, ViewLayer | Synchronizing object | near_vol
Fra:22 Mem:229.86M (Peak 320.76M) | Time:00:00.40 | Mem:9.02M, Peak:9.02M | Scene, ViewLayer | Synchronizing object | t0
Fra:22 Mem:229.82M (Peak 320.76M) | Time:00:00.40 | Mem:9.02M, Peak:9.02M | Scene, ViewLayer | Synchronizing object | t1
Fra:22 Mem:229.82M (Peak 320.76M) | Time:00:00.40 | Mem:9.02M, Peak:9.02M | Scene, ViewLayer | Initializing
Fra:22 Mem:229.81M (Peak 320.76M) | Time:00:00.40 | Mem:9.02M, Peak:9.02M | Scene, ViewLayer | Waiting for render to start
Fra:22 Mem:229.81M (Peak 320.76M) | Time:00:00.40 | Mem:9.02M, Peak:9.02M | Scene, ViewLayer | Updating Scene
Fra:22 Mem:229.81M (Peak 320.76M) | Time:00:00.40 | Mem:9.02M, Peak:9.02M | Scene, ViewLayer | Updating Shaders
Fra:22 Mem:229.81M (Peak 320.76M) | Time:00:00.41 | Mem:9.02M, Peak:9.02M | Scene, ViewLayer | Updating Background
Fra:22 Mem:229.81M (Peak 320.76M) | Time:00:00.41 | Mem:9.02M, Peak:9.02M | Scene, ViewLayer | Updating Camera
Fra:22 Mem:229.81M (Peak 320.76M) | Time:00:00.41 | Mem:9.02M, Peak:9.02M | Scene, ViewLayer | Updating Meshes Flags
Fra:22 Mem:229.81M (Peak 320.76M) | Time:00:00.41 | Mem:9.02M, Peak:9.02M | Scene, ViewLayer | Updating Meshes Volume Bounds
Fra:22 Mem:229.81M (Peak 320.76M) | Time:00:00.41 | Mem:9.02M, Peak:9.02M | Scene, ViewLayer | Updating Volume Images
Fra:22 Mem:229.81M (Peak 320.76M) | Time:00:00.41 | Mem:9.02M, Peak:9.02M | Scene, ViewLayer | Updating Mesh | Computing Volume Mesh main_vol
Fra:22 Mem:229.87M (Peak 320.76M) | Time:00:00.44 | Mem:9.02M, Peak:9.02M | Scene, ViewLayer | Updating Mesh | Computing Volume Mesh far_vol
Fra:22 Mem:229.91M (Peak 320.76M) | Time:00:00.45 | Mem:9.02M, Peak:9.02M | Scene, ViewLayer | Updating Mesh | Computing Volume Mesh near_vol
Fra:22 Mem:229.93M (Peak 320.76M) | Time:00:00.45 | Mem:9.02M, Peak:9.02M | Scene, ViewLayer | Updating Objects
Fra:22 Mem:229.93M (Peak 320.76M) | Time:00:00.45 | Mem:9.02M, Peak:9.02M | Scene, ViewLayer | Updating Objects | Copying Transformations to device
Fra:22 Mem:229.93M (Peak 320.76M) | Time:00:00.45 | Mem:9.02M, Peak:9.02M | Scene, ViewLayer | Updating Particle Systems
Fra:22 Mem:229.93M (Peak 320.76M) | Time:00:00.45 | Mem:9.02M, Peak:9.02M | Scene, ViewLayer | Updating Meshes
Fra:22 Mem:224.86M (Peak 320.76M) | Time:00:00.48 | Mem:3.91M, Peak:9.02M | Scene, ViewLayer | Updating Objects | Applying Static Transformations
Fra:22 Mem:224.86M (Peak 320.76M) | Time:00:00.48 | Mem:3.91M, Peak:9.02M | Scene, ViewLayer | Updating Mesh | Computing attributes
Fra:22 Mem:225.81M (Peak 320.76M) | Time:00:00.48 | Mem:3.91M, Peak:9.02M | Scene, ViewLayer | Updating Mesh | Copying Attributes to device
Fra:22 Mem:225.81M (Peak 320.76M) | Time:00:00.48 | Mem:4.86M, Peak:9.02M | Scene, ViewLayer | Updating Geometry BVH near_vol 4/5 | Building BVH
Fra:22 Mem:225.81M (Peak 320.76M) | Time:00:00.48 | Mem:4.86M, Peak:9.02M | Scene, ViewLayer | Updating Geometry BVH far_vol 3/5 | Building BVH
Fra:22 Mem:225.81M (Peak 320.76M) | Time:00:00.48 | Mem:4.86M, Peak:9.02M | Scene, ViewLayer | Updating Geometry BVH t0 5/5 | Building BVH
Fra:22 Mem:225.83M (Peak 320.76M) | Time:00:00.48 | Mem:4.86M, Peak:9.02M | Scene, ViewLayer | Updating Geometry BVH t0 5/5 | Building OptiX acceleration structure
Fra:22 Mem:226.88M (Peak 320.76M) | Time:00:00.48 | Mem:4.86M, Peak:9.02M | Scene, ViewLayer | Updating Geometry BVH t1 6/5 | Building BVH
Fra:22 Mem:226.88M (Peak 320.76M) | Time:00:00.49 | Mem:4.86M, Peak:9.02M | Scene, ViewLayer | Updating Geometry BVH t1 6/5 | Building OptiX acceleration structure
Fra:22 Mem:225.81M (Peak 320.76M) | Time:00:00.49 | Mem:4.86M, Peak:9.02M | Scene, ViewLayer | Updating Scene BVH | Building
Fra:22 Mem:225.81M (Peak 320.76M) | Time:00:00.49 | Mem:4.86M, Peak:9.02M | Scene, ViewLayer | Updating Scene BVH | Building OptiX acceleration structure
Fra:22 Mem:225.81M (Peak 320.76M) | Time:00:00.49 | Mem:4.86M, Peak:9.02M | Scene, ViewLayer | Updating Scene BVH | Building BVH
Fra:22 Mem:225.81M (Peak 320.76M) | Time:00:00.49 | Mem:4.86M, Peak:9.02M | Scene, ViewLayer | Updating Scene BVH | Building BVH 0%
Fra:22 Mem:225.81M (Peak 320.76M) | Time:00:00.56 | Mem:4.86M, Peak:9.02M | Scene, ViewLayer | Updating Scene BVH | Copying BVH to device
Fra:22 Mem:225.81M (Peak 320.76M) | Time:00:00.56 | Mem:4.86M, Peak:9.02M | Scene, ViewLayer | Updating Mesh | Computing normals
Fra:22 Mem:229.96M (Peak 320.76M) | Time:00:00.56 | Mem:4.86M, Peak:9.02M | Scene, ViewLayer | Updating Mesh | Copying Mesh to device
Fra:22 Mem:229.96M (Peak 320.76M) | Time:00:00.56 | Mem:9.02M, Peak:9.02M | Scene, ViewLayer | Updating Objects Flags
Fra:22 Mem:229.96M (Peak 320.76M) | Time:00:00.85 | Mem:9.02M, Peak:9.02M | Scene, ViewLayer | Updating Primitive Offsets
Fra:22 Mem:229.96M (Peak 320.76M) | Time:00:00.85 | Mem:9.02M, Peak:9.02M | Scene, ViewLayer | Updating Images
Fra:22 Mem:226.14M (Peak 320.76M) | Time:00:00.87 | Mem:5.20M, Peak:9.02M | Scene, ViewLayer | Updating Images | Loading density
Fra:22 Mem:229.99M (Peak 320.76M) | Time:00:00.88 | Mem:9.04M, Peak:9.04M | Scene, ViewLayer | Updating Camera Volume
Fra:22 Mem:229.99M (Peak 320.76M) | Time:00:00.88 | Mem:9.04M, Peak:9.04M | Scene, ViewLayer | Updating Lookup Tables
Fra:22 Mem:229.99M (Peak 320.76M) | Time:00:00.88 | Mem:9.04M, Peak:9.04M | Scene, ViewLayer | Updating Lights
Fra:22 Mem:229.99M (Peak 320.76M) | Time:00:00.88 | Mem:9.04M, Peak:9.04M | Scene, ViewLayer | Updating Lights | Computing tree
Fra:22 Mem:229.99M (Peak 320.76M) | Time:00:00.88 | Mem:9.04M, Peak:9.04M | Scene, ViewLayer | Updating Integrator
Fra:22 Mem:229.99M (Peak 320.76M) | Time:00:00.88 | Mem:9.04M, Peak:9.04M | Scene, ViewLayer | Updating Film
Fra:22 Mem:229.99M (Peak 320.76M) | Time:00:00.88 | Mem:9.04M, Peak:9.04M | Scene, ViewLayer | Updating Lookup Tables
Fra:22 Mem:229.99M (Peak 320.76M) | Time:00:00.88 | Mem:9.04M, Peak:9.04M | Scene, ViewLayer | Updating Baking
Fra:22 Mem:229.99M (Peak 320.76M) | Time:00:00.88 | Mem:9.04M, Peak:9.04M | Scene, ViewLayer | Updating Device | Writing constant memory
Fra:22 Mem:229.99M (Peak 320.76M) | Time:00:00.88 | Mem:9.04M, Peak:9.04M | Scene, ViewLayer | Sample 0/24
Fra:22 Mem:229.99M (Peak 320.76M) | Time:00:01.35 | Remaining:00:10.86 | Mem:9.04M, Peak:9.04M | Scene, ViewLayer | Sample 1/24
Fra:22 Mem:229.99M (Peak 320.76M) | Time:00:01.84 | Remaining:00:10.54 | Mem:9.04M, Peak:9.04M | Scene, ViewLayer | Sample 2/24
Fra:22 Mem:265.59M (Peak 320.76M) | Time:00:08.69 | Mem:9.04M, Peak:9.04M | Scene, ViewLayer | Sample 24/24
Fra:22 Mem:265.59M (Peak 320.76M) | Time:00:08.69 | Mem:9.04M, Peak:9.04M | Scene, ViewLayer | Finished
Saved: 'C:\Work\domin8te-build\daysky\out\b\f0022.png'
Time: 00:08.92 (Saving: 00:00.22)

Fra:23 Mem:229.99M (Peak 320.76M) | Time:00:01.00 | Mem:9.04M, Peak:9.04M | Scene, ViewLayer | Synchronizing object | main_vol
Fra:23 Mem:229.91M (Peak 320.76M) | Time:00:01.00 | Mem:9.04M, Peak:9.04M | Scene, ViewLayer | Synchronizing object | t0
Fra:23 Mem:229.84M (Peak 320.76M) | Time:00:01.00 | Mem:9.04M, Peak:9.04M | Scene, ViewLayer | Synchronizing object | t1
Fra:23 Mem:229.84M (Peak 320.76M) | Time:00:01.00 | Mem:9.04M, Peak:9.04M | Scene, ViewLayer | Initializing
Fra:23 Mem:229.84M (Peak 320.76M) | Time:00:01.00 | Mem:9.04M, Peak:9.04M | Scene, ViewLayer | Waiting for render to start
Fra:23 Mem:229.84M (Peak 320.76M) | Time:00:01.00 | Mem:9.04M, Peak:9.04M | Scene, ViewLayer | Updating Scene
Fra:23 Mem:229.84M (Peak 320.76M) | Time:00:01.00 | Mem:9.04M, Peak:9.04M | Scene, ViewLayer | Updating Shaders
Fra:23 Mem:229.84M (Peak 320.76M) | Time:00:01.00 | Mem:9.04M, Peak:9.04M | Scene, ViewLayer | Updating Background
Fra:23 Mem:229.84M (Peak 320.76M) | Time:00:01.00 | Mem:9.04M, Peak:9.04M | Scene, ViewLayer | Updating Camera
Fra:23 Mem:229.84M (Peak 320.76M) | Time:00:01.00 | Mem:9.04M, Peak:9.04M | Scene, ViewLayer | Updating Meshes Flags
Fra:23 Mem:229.84M (Peak 320.76M) | Time:00:01.00 | Mem:9.04M, Peak:9.04M | Scene, ViewLayer | Updating Meshes Volume Bounds
Fra:23 Mem:229.84M (Peak 320.76M) | Time:00:01.00 | Mem:9.04M, Peak:9.04M | Scene, ViewLayer | Updating Volume Images
Fra:23 Mem:229.84M (Peak 320.76M) | Time:00:01.00 | Mem:9.04M, Peak:9.04M | Scene, ViewLayer | Updating Mesh | Computing Volume Mesh main_vol
Fra:23 Mem:229.90M (Peak 320.76M) | Time:00:01.02 | Mem:9.04M, Peak:9.04M | Scene, ViewLayer | Updating Mesh | Computing Volume Mesh far_vol
Fra:23 Mem:229.93M (Peak 320.76M) | Time:00:01.04 | Mem:9.04M, Peak:9.04M | Scene, ViewLayer | Updating Mesh | Computing Volume Mesh near_vol
Fra:23 Mem:229.95M (Peak 320.76M) | Time:00:01.05 | Mem:9.04M, Peak:9.04M | Scene, ViewLayer | Updating Objects
Fra:23 Mem:229.95M (Peak 320.76M) | Time:00:01.05 | Mem:9.04M, Peak:9.04M | Scene, ViewLayer | Updating Objects | Copying Transformations to device
Fra:23 Mem:229.95M (Peak 320.76M) | Time:00:01.05 | Mem:9.04M, Peak:9.04M | Scene, ViewLayer | Updating Particle Systems
Fra:23 Mem:229.95M (Peak 320.76M) | Time:00:01.05 | Mem:9.04M, Peak:9.04M | Scene, ViewLayer | Updating Meshes
Fra:23 Mem:224.88M (Peak 320.76M) | Time:00:01.05 | Mem:3.93M, Peak:9.04M | Scene, ViewLayer | Updating Objects | Applying Static Transformations
Fra:23 Mem:224.88M (Peak 320.76M) | Time:00:01.05 | Mem:3.93M, Peak:9.04M | Scene, ViewLayer | Updating Mesh | Computing attributes
Fra:23 Mem:225.84M (Peak 320.76M) | Time:00:01.05 | Mem:3.93M, Peak:9.04M | Scene, ViewLayer | Updating Mesh | Copying Attributes to device
Fra:23 Mem:225.83M (Peak 320.76M) | Time:00:01.05 | Mem:4.89M, Peak:9.04M | Scene, ViewLayer | Updating Geometry BVH t1 6/5 | Building BVH
Fra:23 Mem:225.83M (Peak 320.76M) | Time:00:01.06 | Mem:4.89M, Peak:9.04M | Scene, ViewLayer | Updating Geometry BVH main_vol 2/5 | Building BVH
Fra:23 Mem:225.84M (Peak 320.76M) | Time:00:01.07 | Mem:4.89M, Peak:9.04M | Scene, ViewLayer | Updating Geometry BVH far_vol 3/5 | Building BVH
Fra:23 Mem:225.84M (Peak 320.76M) | Time:00:01.07 | Mem:4.89M, Peak:9.04M | Scene, ViewLayer | Updating Geometry BVH far_vol 3/5 | Building OptiX acceleration structure
Fra:23 Mem:227.74M (Peak 320.76M) | Time:00:01.07 | Mem:4.89M, Peak:9.04M | Scene, ViewLayer | Updating Geometry BVH near_vol 4/5 | Building BVH
Fra:23 Mem:227.74M (Peak 320.76M) | Time:00:01.07 | Mem:4.89M, Peak:9.04M | Scene, ViewLayer | Updating Geometry BVH near_vol 4/5 | Building OptiX acceleration structure
Fra:23 Mem:225.88M (Peak 320.76M) | Time:00:01.07 | Mem:4.89M, Peak:9.04M | Scene, ViewLayer | Updating Geometry BVH t0 5/5 | Building BVH
Fra:23 Mem:225.88M (Peak 320.76M) | Time:00:01.07 | Mem:4.89M, Peak:9.04M | Scene, ViewLayer | Updating Geometry BVH t0 5/5 | Building OptiX acceleration structure
Fra:23 Mem:225.83M (Peak 320.76M) | Time:00:01.07 | Mem:4.89M, Peak:9.04M | Scene, ViewLayer | Updating Scene BVH | Building
Fra:23 Mem:225.84M (Peak 320.76M) | Time:00:01.07 | Mem:4.89M, Peak:9.04M | Scene, ViewLayer | Updating Scene BVH | Building OptiX acceleration structure
Fra:23 Mem:225.84M (Peak 320.76M) | Time:00:01.08 | Mem:4.89M, Peak:9.04M | Scene, ViewLayer | Updating Scene BVH | Building BVH
Fra:23 Mem:225.84M (Peak 320.76M) | Time:00:01.08 | Mem:4.89M, Peak:9.04M | Scene, ViewLayer | Updating Scene BVH | Building BVH 0%
Fra:23 Mem:225.84M (Peak 320.76M) | Time:00:01.09 | Mem:4.89M, Peak:9.04M | Scene, ViewLayer | Updating Scene BVH | Copying BVH to device
Fra:23 Mem:225.84M (Peak 320.76M) | Time:00:01.09 | Mem:4.89M, Peak:9.04M | Scene, ViewLayer | Updating Mesh | Computing normals
Fra:23 Mem:229.99M (Peak 320.76M) | Time:00:01.09 | Mem:4.89M, Peak:9.04M | Scene, ViewLayer | Updating Mesh | Copying Mesh to device
Fra:23 Mem:229.99M (Peak 320.76M) | Time:00:01.09 | Mem:9.04M, Peak:9.04M | Scene, ViewLayer | Updating Objects Flags
Fra:23 Mem:229.99M (Peak 320.76M) | Time:00:01.11 | Mem:9.04M, Peak:9.04M | Scene, ViewLayer | Updating Primitive Offsets
Fra:23 Mem:229.99M (Peak 320.76M) | Time:00:01.11 | Mem:9.04M, Peak:9.04M | Scene, ViewLayer | Updating Images
Fra:23 Mem:227.90M (Peak 320.76M) | Time:00:01.11 | Mem:9.04M, Peak:9.04M | Scene, ViewLayer | Updating Images | Loading density
Fra:23 Mem:230.01M (Peak 320.76M) | Time:00:01.12 | Mem:9.07M, Peak:10.82M | Scene, ViewLayer | Updating Camera Volume
Fra:23 Mem:230.01M (Peak 320.76M) | Time:00:01.12 | Mem:9.07M, Peak:10.82M | Scene, ViewLayer | Updating Lookup Tables
Fra:23 Mem:230.01M (Peak 320.76M) | Time:00:01.12 | Mem:9.07M, Peak:10.82M | Scene, ViewLayer | Updating Lights
Fra:23 Mem:230.01M (Peak 320.76M) | Time:00:01.12 | Mem:9.07M, Peak:10.82M | Scene, ViewLayer | Updating Lights | Computing tree
Fra:23 Mem:230.01M (Peak 320.76M) | Time:00:01.12 | Mem:9.07M, Peak:10.82M | Scene, ViewLayer | Updating Integrator
Fra:23 Mem:230.01M (Peak 320.76M) | Time:00:01.12 | Mem:9.07M, Peak:10.82M | Scene, ViewLayer | Updating Film
Fra:23 Mem:230.01M (Peak 320.76M) | Time:00:01.12 | Mem:9.07M, Peak:10.82M | Scene, ViewLayer | Updating Lookup Tables
Fra:23 Mem:230.01M (Peak 320.76M) | Time:00:01.12 | Mem:9.07M, Peak:10.82M | Scene, ViewLayer | Updating Baking
Fra:23 Mem:230.01M (Peak 320.76M) | Time:00:01.12 | Mem:9.07M, Peak:10.82M | Scene, ViewLayer | Updating Device | Writing constant memory
Fra:23 Mem:230.01M (Peak 320.76M) | Time:00:01.12 | Mem:9.07M, Peak:10.82M | Scene, ViewLayer | Sample 0/24
Fra:23 Mem:230.01M (Peak 320.76M) | Time:00:01.50 | Remaining:00:08.71 | Mem:9.07M, Peak:10.82M | Scene, ViewLayer | Sample 1/24
Fra:23 Mem:230.01M (Peak 320.76M) | Time:00:02.06 | Remaining:00:10.33 | Mem:9.07M, Peak:10.82M | Scene, ViewLayer | Sample 2/24
Fra:23 Mem:265.61M (Peak 320.76M) | Time:00:11.93 | Mem:9.07M, Peak:10.82M | Scene, ViewLayer | Sample 24/24
Fra:23 Mem:265.61M (Peak 320.76M) | Time:00:11.93 | Mem:9.07M, Peak:10.82M | Scene, ViewLayer | Finished
Saved: 'C:\Work\domin8te-build\daysky\out\b\f0023.png'
Time: 00:12.19 (Saving: 00:00.25)

Fra:24 Mem:230.02M (Peak 320.76M) | Time:00:01.15 | Mem:9.07M, Peak:9.07M | Scene, ViewLayer | Synchronizing object | t0
Fra:24 Mem:232.09M (Peak 320.76M) | Time:00:01.15 | Mem:9.07M, Peak:9.07M | Scene, ViewLayer | Synchronizing object | main_vol
Fra:24 Mem:232.01M (Peak 320.76M) | Time:00:01.15 | Mem:9.07M, Peak:9.07M | Scene, ViewLayer | Synchronizing object | far_vol
Fra:24 Mem:231.97M (Peak 320.76M) | Time:00:01.15 | Mem:9.07M, Peak:9.07M | Scene, ViewLayer | Synchronizing object | near_vol
Fra:24 Mem:229.87M (Peak 320.76M) | Time:00:01.15 | Mem:9.07M, Peak:9.07M | Scene, ViewLayer | Synchronizing object | t1
Fra:24 Mem:229.87M (Peak 320.76M) | Time:00:01.15 | Mem:9.07M, Peak:9.07M | Scene, ViewLayer | Initializing
Fra:24 Mem:229.86M (Peak 320.76M) | Time:00:01.15 | Mem:9.07M, Peak:9.07M | Scene, ViewLayer | Waiting for render to start
Fra:24 Mem:229.86M (Peak 320.76M) | Time:00:01.15 | Mem:9.07M, Peak:9.07M | Scene, ViewLayer | Updating Scene
Fra:24 Mem:229.86M (Peak 320.76M) | Time:00:01.15 | Mem:9.07M, Peak:9.07M | Scene, ViewLayer | Updating Shaders
Fra:24 Mem:229.86M (Peak 320.76M) | Time:00:01.15 | Mem:9.07M, Peak:9.07M | Scene, ViewLayer | Updating Background
Fra:24 Mem:229.86M (Peak 320.76M) | Time:00:01.15 | Mem:9.07M, Peak:9.07M | Scene, ViewLayer | Updating Camera
Fra:24 Mem:229.86M (Peak 320.76M) | Time:00:01.15 | Mem:9.07M, Peak:9.07M | Scene, ViewLayer | Updating Meshes Flags
Fra:24 Mem:229.86M (Peak 320.76M) | Time:00:01.15 | Mem:9.07M, Peak:9.07M | Scene, ViewLayer | Updating Meshes Volume Bounds
Fra:24 Mem:229.86M (Peak 320.76M) | Time:00:01.15 | Mem:9.07M, Peak:9.07M | Scene, ViewLayer | Updating Volume Images
Fra:24 Mem:229.86M (Peak 320.76M) | Time:00:01.15 | Mem:9.07M, Peak:9.07M | Scene, ViewLayer | Updating Mesh | Computing Volume Mesh main_vol
Fra:24 Mem:229.92M (Peak 320.76M) | Time:00:01.18 | Mem:9.07M, Peak:9.07M | Scene, ViewLayer | Updating Mesh | Computing Volume Mesh far_vol
Fra:24 Mem:229.96M (Peak 320.76M) | Time:00:01.20 | Mem:9.07M, Peak:9.07M | Scene, ViewLayer | Updating Mesh | Computing Volume Mesh near_vol
Fra:24 Mem:229.98M (Peak 320.76M) | Time:00:01.20 | Mem:9.07M, Peak:9.07M | Scene, ViewLayer | Updating Objects
Fra:24 Mem:229.98M (Peak 320.76M) | Time:00:01.20 | Mem:9.07M, Peak:9.07M | Scene, ViewLayer | Updating Objects | Copying Transformations to device
Fra:24 Mem:229.98M (Peak 320.76M) | Time:00:01.20 | Mem:9.07M, Peak:9.07M | Scene, ViewLayer | Updating Particle Systems
Fra:24 Mem:229.98M (Peak 320.76M) | Time:00:01.20 | Mem:9.07M, Peak:9.07M | Scene, ViewLayer | Updating Meshes
Fra:24 Mem:224.91M (Peak 320.76M) | Time:00:01.21 | Mem:3.96M, Peak:9.07M | Scene, ViewLayer | Updating Objects | Applying Static Transformations
Fra:24 Mem:224.91M (Peak 320.76M) | Time:00:01.21 | Mem:3.96M, Peak:9.07M | Scene, ViewLayer | Updating Mesh | Computing attributes
Fra:24 Mem:225.86M (Peak 320.76M) | Time:00:01.21 | Mem:3.96M, Peak:9.07M | Scene, ViewLayer | Updating Mesh | Copying Attributes to device
Fra:24 Mem:225.86M (Peak 320.76M) | Time:00:01.21 | Mem:4.91M, Peak:9.07M | Scene, ViewLayer | Updating Geometry BVH main_vol 2/5 | Building BVH
Fra:24 Mem:225.86M (Peak 320.76M) | Time:00:01.21 | Mem:4.91M, Peak:9.07M | Scene, ViewLayer | Updating Geometry BVH t1 6/5 | Building BVH
Fra:24 Mem:225.86M (Peak 320.76M) | Time:00:01.21 | Mem:4.91M, Peak:9.07M | Scene, ViewLayer | Updating Geometry BVH t1 6/5 | Building OptiX acceleration structure
Fra:24 Mem:226.95M (Peak 320.76M) | Time:00:01.21 | Mem:4.91M, Peak:9.07M | Scene, ViewLayer | Updating Geometry BVH far_vol 3/5 | Building BVH
Fra:24 Mem:227.79M (Peak 320.76M) | Time:00:01.21 | Mem:4.91M, Peak:9.07M | Scene, ViewLayer | Updating Geometry BVH far_vol 3/5 | Building OptiX acceleration structure
Fra:24 Mem:227.77M (Peak 320.76M) | Time:00:01.21 | Mem:4.91M, Peak:9.07M | Scene, ViewLayer | Updating Geometry BVH near_vol 4/5 | Building BVH
Fra:24 Mem:227.77M (Peak 320.76M) | Time:00:01.21 | Mem:4.91M, Peak:9.07M | Scene, ViewLayer | Updating Geometry BVH near_vol 4/5 | Building OptiX acceleration structure
Fra:24 Mem:227.76M (Peak 320.76M) | Time:00:01.22 | Mem:4.91M, Peak:9.07M | Scene, ViewLayer | Updating Geometry BVH t0 5/5 | Building BVH
Fra:24 Mem:227.76M (Peak 320.76M) | Time:00:01.22 | Mem:4.91M, Peak:9.07M | Scene, ViewLayer | Updating Geometry BVH t0 5/5 | Building OptiX acceleration structure
Fra:24 Mem:225.86M (Peak 320.76M) | Time:00:01.23 | Mem:4.91M, Peak:9.07M | Scene, ViewLayer | Updating Scene BVH | Building
Fra:24 Mem:225.86M (Peak 320.76M) | Time:00:01.23 | Mem:4.91M, Peak:9.07M | Scene, ViewLayer | Updating Scene BVH | Building OptiX acceleration structure
Fra:24 Mem:225.86M (Peak 320.76M) | Time:00:01.23 | Mem:4.91M, Peak:9.07M | Scene, ViewLayer | Updating Scene BVH | Building BVH
Fra:24 Mem:225.86M (Peak 320.76M) | Time:00:01.23 | Mem:4.91M, Peak:9.07M | Scene, ViewLayer | Updating Scene BVH | Building BVH 0%
Fra:24 Mem:225.86M (Peak 320.76M) | Time:00:01.26 | Mem:4.91M, Peak:9.07M | Scene, ViewLayer | Updating Scene BVH | Copying BVH to device
Fra:24 Mem:225.86M (Peak 320.76M) | Time:00:01.26 | Mem:4.91M, Peak:9.07M | Scene, ViewLayer | Updating Mesh | Computing normals
Fra:24 Mem:230.01M (Peak 320.76M) | Time:00:01.26 | Mem:4.91M, Peak:9.07M | Scene, ViewLayer | Updating Mesh | Copying Mesh to device
Fra:24 Mem:230.01M (Peak 320.76M) | Time:00:01.27 | Mem:9.07M, Peak:9.07M | Scene, ViewLayer | Updating Objects Flags
Fra:24 Mem:230.01M (Peak 320.76M) | Time:00:01.34 | Mem:9.07M, Peak:9.07M | Scene, ViewLayer | Updating Primitive Offsets
Fra:24 Mem:230.01M (Peak 320.76M) | Time:00:01.34 | Mem:9.07M, Peak:9.07M | Scene, ViewLayer | Updating Images
Fra:24 Mem:226.15M (Peak 320.76M) | Time:00:01.34 | Mem:5.20M, Peak:9.07M | Scene, ViewLayer | Updating Images | Loading density
Fra:24 Mem:230.05M (Peak 320.76M) | Time:00:01.35 | Mem:9.10M, Peak:9.10M | Scene, ViewLayer | Updating Camera Volume
Fra:24 Mem:230.05M (Peak 320.76M) | Time:00:01.35 | Mem:9.10M, Peak:9.10M | Scene, ViewLayer | Updating Lookup Tables
Fra:24 Mem:230.05M (Peak 320.76M) | Time:00:01.35 | Mem:9.10M, Peak:9.10M | Scene, ViewLayer | Updating Lights
Fra:24 Mem:230.05M (Peak 320.76M) | Time:00:01.35 | Mem:9.10M, Peak:9.10M | Scene, ViewLayer | Updating Lights | Computing tree
Fra:24 Mem:230.05M (Peak 320.76M) | Time:00:01.35 | Mem:9.10M, Peak:9.10M | Scene, ViewLayer | Updating Integrator
Fra:24 Mem:230.05M (Peak 320.76M) | Time:00:01.35 | Mem:9.10M, Peak:9.10M | Scene, ViewLayer | Updating Film
Fra:24 Mem:230.05M (Peak 320.76M) | Time:00:01.35 | Mem:9.10M, Peak:9.10M | Scene, ViewLayer | Updating Lookup Tables
Fra:24 Mem:230.05M (Peak 320.76M) | Time:00:01.35 | Mem:9.10M, Peak:9.10M | Scene, ViewLayer | Updating Baking
Fra:24 Mem:230.05M (Peak 320.76M) | Time:00:01.35 | Mem:9.10M, Peak:9.10M | Scene, ViewLayer | Updating Device | Writing constant memory
Fra:24 Mem:230.05M (Peak 320.76M) | Time:00:01.35 | Mem:9.10M, Peak:9.10M | Scene, ViewLayer | Sample 0/24
Fra:24 Mem:230.05M (Peak 320.76M) | Time:00:02.02 | Remaining:00:15.36 | Mem:9.10M, Peak:9.10M | Scene, ViewLayer | Sample 1/24
Fra:24 Mem:230.05M (Peak 320.76M) | Time:00:02.76 | Remaining:00:15.47 | Mem:9.10M, Peak:93.64M | Scene, ViewLayer | Sample 2/24
Fra:24 Mem:230.05M (Peak 320.76M) | Time:00:03.30 | Remaining:00:13.64 | Mem:9.10M, Peak:93.64M | Scene, ViewLayer | Sample 3/24
Fra:24 Mem:230.05M (Peak 320.76M) | Time:00:03.72 | Remaining:00:11.85 | Mem:9.10M, Peak:93.64M | Scene, ViewLayer | Sample 4/24
Fra:24 Mem:265.65M (Peak 320.76M) | Time:00:10.51 | Mem:9.10M, Peak:93.64M | Scene, ViewLayer | Sample 24/24
Fra:24 Mem:265.65M (Peak 320.76M) | Time:00:10.51 | Mem:9.10M, Peak:93.64M | Scene, ViewLayer | Finished
Saved: 'C:\Work\domin8te-build\daysky\out\b\f0024.png'
Time: 00:10.77 (Saving: 00:00.25)

Fra:25 Mem:230.05M (Peak 320.76M) | Time:00:00.68 | Mem:9.10M, Peak:9.10M | Scene, ViewLayer | Synchronizing object | t0
Fra:25 Mem:230.05M (Peak 320.76M) | Time:00:00.68 | Mem:9.10M, Peak:9.10M | Scene, ViewLayer | Synchronizing object | main_vol
Fra:25 Mem:231.26M (Peak 320.76M) | Time:00:00.68 | Mem:9.10M, Peak:9.10M | Scene, ViewLayer | Synchronizing object | far_vol
Fra:25 Mem:231.14M (Peak 320.76M) | Time:00:00.68 | Mem:9.10M, Peak:9.10M | Scene, ViewLayer | Synchronizing object | near_vol
Fra:25 Mem:229.90M (Peak 320.76M) | Time:00:00.68 | Mem:9.10M, Peak:9.10M | Scene, ViewLayer | Synchronizing object | t1
Fra:25 Mem:229.90M (Peak 320.76M) | Time:00:00.69 | Mem:9.10M, Peak:9.10M | Scene, ViewLayer | Initializing
Fra:25 Mem:229.90M (Peak 320.76M) | Time:00:00.69 | Mem:9.10M, Peak:9.10M | Scene, ViewLayer | Waiting for render to start
Fra:25 Mem:229.90M (Peak 320.76M) | Time:00:00.69 | Mem:9.10M, Peak:9.10M | Scene, ViewLayer | Updating Scene
Fra:25 Mem:229.90M (Peak 320.76M) | Time:00:00.69 | Mem:9.10M, Peak:9.10M | Scene, ViewLayer | Updating Shaders
Fra:25 Mem:229.90M (Peak 320.76M) | Time:00:00.69 | Mem:9.10M, Peak:9.10M | Scene, ViewLayer | Updating Background
Fra:25 Mem:229.90M (Peak 320.76M) | Time:00:00.69 | Mem:9.10M, Peak:9.10M | Scene, ViewLayer | Updating Camera
Fra:25 Mem:229.90M (Peak 320.76M) | Time:00:00.69 | Mem:9.10M, Peak:9.10M | Scene, ViewLayer | Updating Meshes Flags
Fra:25 Mem:229.90M (Peak 320.76M) | Time:00:00.69 | Mem:9.10M, Peak:9.10M | Scene, ViewLayer | Updating Meshes Volume Bounds
Fra:25 Mem:229.90M (Peak 320.76M) | Time:00:00.69 | Mem:9.10M, Peak:9.10M | Scene, ViewLayer | Updating Volume Images
Fra:25 Mem:229.90M (Peak 320.76M) | Time:00:00.69 | Mem:9.10M, Peak:9.10M | Scene, ViewLayer | Updating Mesh | Computing Volume Mesh main_vol
Fra:25 Mem:229.96M (Peak 320.76M) | Time:00:00.71 | Mem:9.10M, Peak:9.10M | Scene, ViewLayer | Updating Mesh | Computing Volume Mesh far_vol
Fra:25 Mem:230.00M (Peak 320.76M) | Time:00:00.72 | Mem:9.10M, Peak:9.10M | Scene, ViewLayer | Updating Mesh | Computing Volume Mesh near_vol
Fra:25 Mem:230.02M (Peak 320.76M) | Time:00:00.73 | Mem:9.10M, Peak:9.10M | Scene, ViewLayer | Updating Objects
Fra:25 Mem:230.02M (Peak 320.76M) | Time:00:00.73 | Mem:9.10M, Peak:9.10M | Scene, ViewLayer | Updating Objects | Copying Transformations to device
Fra:25 Mem:230.02M (Peak 320.76M) | Time:00:00.73 | Mem:9.10M, Peak:9.10M | Scene, ViewLayer | Updating Particle Systems
Fra:25 Mem:230.02M (Peak 320.76M) | Time:00:00.73 | Mem:9.10M, Peak:9.10M | Scene, ViewLayer | Updating Meshes
Fra:25 Mem:224.95M (Peak 320.76M) | Time:00:00.73 | Mem:4.00M, Peak:9.10M | Scene, ViewLayer | Updating Objects | Applying Static Transformations
Fra:25 Mem:224.95M (Peak 320.76M) | Time:00:00.73 | Mem:4.00M, Peak:9.10M | Scene, ViewLayer | Updating Mesh | Computing attributes
Fra:25 Mem:225.90M (Peak 320.76M) | Time:00:00.73 | Mem:4.00M, Peak:9.10M | Scene, ViewLayer | Updating Mesh | Copying Attributes to device
Fra:25 Mem:225.90M (Peak 320.76M) | Time:00:00.74 | Mem:4.95M, Peak:9.10M | Scene, ViewLayer | Updating Geometry BVH t1 6/5 | Building BVH
Fra:25 Mem:225.90M (Peak 320.76M) | Time:00:00.74 | Mem:4.95M, Peak:9.10M | Scene, ViewLayer | Updating Geometry BVH t1 6/5 | Building OptiX acceleration structure
Fra:25 Mem:227.78M (Peak 320.76M) | Time:00:00.74 | Mem:4.95M, Peak:9.10M | Scene, ViewLayer | Updating Geometry BVH main_vol 2/5 | Building BVH
Fra:25 Mem:227.78M (Peak 320.76M) | Time:00:00.74 | Mem:4.95M, Peak:9.10M | Scene, ViewLayer | Updating Geometry BVH far_vol 3/5 | Building BVH
Fra:25 Mem:227.78M (Peak 320.76M) | Time:00:00.74 | Mem:4.95M, Peak:9.10M | Scene, ViewLayer | Updating Geometry BVH far_vol 3/5 | Building OptiX acceleration structure
Fra:25 Mem:225.98M (Peak 320.76M) | Time:00:00.74 | Mem:4.95M, Peak:9.10M | Scene, ViewLayer | Updating Geometry BVH t0 5/5 | Building BVH
Fra:25 Mem:225.98M (Peak 320.76M) | Time:00:00.74 | Mem:4.95M, Peak:9.10M | Scene, ViewLayer | Updating Geometry BVH near_vol 4/5 | Building BVH
Fra:25 Mem:225.98M (Peak 320.76M) | Time:00:00.74 | Mem:4.95M, Peak:9.10M | Scene, ViewLayer | Updating Geometry BVH near_vol 4/5 | Building OptiX acceleration structure
Fra:25 Mem:225.90M (Peak 320.76M) | Time:00:00.75 | Mem:4.95M, Peak:9.10M | Scene, ViewLayer | Updating Scene BVH | Building
Fra:25 Mem:225.90M (Peak 320.76M) | Time:00:00.75 | Mem:4.95M, Peak:9.10M | Scene, ViewLayer | Updating Scene BVH | Building OptiX acceleration structure
Fra:25 Mem:225.90M (Peak 320.76M) | Time:00:00.75 | Mem:4.95M, Peak:9.10M | Scene, ViewLayer | Updating Scene BVH | Building BVH
Fra:25 Mem:225.90M (Peak 320.76M) | Time:00:00.75 | Mem:4.95M, Peak:9.10M | Scene, ViewLayer | Updating Scene BVH | Building BVH 0%
Fra:25 Mem:225.90M (Peak 320.76M) | Time:00:00.79 | Mem:4.95M, Peak:9.10M | Scene, ViewLayer | Updating Scene BVH | Copying BVH to device
Fra:25 Mem:225.90M (Peak 320.76M) | Time:00:00.79 | Mem:4.95M, Peak:9.10M | Scene, ViewLayer | Updating Mesh | Computing normals
Fra:25 Mem:230.05M (Peak 320.76M) | Time:00:00.79 | Mem:4.95M, Peak:9.10M | Scene, ViewLayer | Updating Mesh | Copying Mesh to device
Fra:25 Mem:230.05M (Peak 320.76M) | Time:00:00.79 | Mem:9.10M, Peak:9.10M | Scene, ViewLayer | Updating Objects Flags
Fra:25 Mem:230.05M (Peak 320.76M) | Time:00:00.86 | Mem:9.10M, Peak:9.10M | Scene, ViewLayer | Updating Primitive Offsets
Fra:25 Mem:230.05M (Peak 320.76M) | Time:00:00.86 | Mem:9.10M, Peak:9.10M | Scene, ViewLayer | Updating Images
Fra:25 Mem:227.92M (Peak 320.76M) | Time:00:00.86 | Mem:9.10M, Peak:9.10M | Scene, ViewLayer | Updating Images | Loading density
Fra:25 Mem:230.08M (Peak 320.76M) | Time:00:00.86 | Mem:9.13M, Peak:9.87M | Scene, ViewLayer | Updating Camera Volume
Fra:25 Mem:230.08M (Peak 320.76M) | Time:00:00.86 | Mem:9.13M, Peak:9.87M | Scene, ViewLayer | Updating Lookup Tables
Fra:25 Mem:230.08M (Peak 320.76M) | Time:00:00.86 | Mem:9.13M, Peak:9.87M | Scene, ViewLayer | Updating Lights
Fra:25 Mem:230.08M (Peak 320.76M) | Time:00:00.86 | Mem:9.13M, Peak:9.87M | Scene, ViewLayer | Updating Lights | Computing tree
Fra:25 Mem:230.08M (Peak 320.76M) | Time:00:00.86 | Mem:9.13M, Peak:9.87M | Scene, ViewLayer | Updating Integrator
Fra:25 Mem:230.08M (Peak 320.76M) | Time:00:00.86 | Mem:9.13M, Peak:9.87M | Scene, ViewLayer | Updating Film
Fra:25 Mem:230.08M (Peak 320.76M) | Time:00:00.86 | Mem:9.13M, Peak:9.87M | Scene, ViewLayer | Updating Lookup Tables
Fra:25 Mem:230.08M (Peak 320.76M) | Time:00:00.87 | Mem:9.13M, Peak:9.87M | Scene, ViewLayer | Updating Baking
Fra:25 Mem:230.08M (Peak 320.76M) | Time:00:00.87 | Mem:9.13M, Peak:9.87M | Scene, ViewLayer | Updating Device | Writing constant memory
Fra:25 Mem:230.08M (Peak 320.76M) | Time:00:00.87 | Mem:9.13M, Peak:9.87M | Scene, ViewLayer | Sample 0/24
Fra:25 Mem:230.08M (Peak 320.76M) | Time:00:01.32 | Remaining:00:10.41 | Mem:9.13M, Peak:9.87M | Scene, ViewLayer | Sample 1/24
Fra:25 Mem:230.08M (Peak 320.76M) | Time:00:01.76 | Remaining:00:09.80 | Mem:9.13M, Peak:9.87M | Scene, ViewLayer | Sample 2/24
Fra:25 Mem:265.68M (Peak 320.76M) | Time:00:10.11 | Mem:9.13M, Peak:9.87M | Scene, ViewLayer | Sample 24/24
Fra:25 Mem:265.68M (Peak 320.76M) | Time:00:10.11 | Mem:9.13M, Peak:9.87M | Scene, ViewLayer | Finished
Saved: 'C:\Work\domin8te-build\daysky\out\b\f0025.png'
Time: 00:10.36 (Saving: 00:00.25)

Fra:26 Mem:230.09M (Peak 320.76M) | Time:00:01.19 | Mem:9.13M, Peak:9.13M | Scene, ViewLayer | Synchronizing object | t0
Fra:26 Mem:231.73M (Peak 320.76M) | Time:00:01.19 | Mem:9.13M, Peak:9.13M | Scene, ViewLayer | Synchronizing object | main_vol
Fra:26 Mem:231.65M (Peak 320.76M) | Time:00:01.19 | Mem:9.13M, Peak:9.13M | Scene, ViewLayer | Synchronizing object | far_vol
Fra:26 Mem:231.60M (Peak 320.76M) | Time:00:01.19 | Mem:9.13M, Peak:9.13M | Scene, ViewLayer | Synchronizing object | near_vol
Fra:26 Mem:229.94M (Peak 320.76M) | Time:00:01.20 | Mem:9.13M, Peak:9.13M | Scene, ViewLayer | Synchronizing object | t1
Fra:26 Mem:229.94M (Peak 320.76M) | Time:00:01.20 | Mem:9.13M, Peak:9.13M | Scene, ViewLayer | Initializing
Fra:26 Mem:229.93M (Peak 320.76M) | Time:00:01.20 | Mem:9.13M, Peak:9.13M | Scene, ViewLayer | Waiting for render to start
Fra:26 Mem:229.93M (Peak 320.76M) | Time:00:01.20 | Mem:9.13M, Peak:9.13M | Scene, ViewLayer | Updating Scene
Fra:26 Mem:229.93M (Peak 320.76M) | Time:00:01.20 | Mem:9.13M, Peak:9.13M | Scene, ViewLayer | Updating Shaders
Fra:26 Mem:229.93M (Peak 320.76M) | Time:00:01.20 | Mem:9.13M, Peak:9.13M | Scene, ViewLayer | Updating Background
Fra:26 Mem:229.93M (Peak 320.76M) | Time:00:01.20 | Mem:9.13M, Peak:9.13M | Scene, ViewLayer | Updating Camera
Fra:26 Mem:229.93M (Peak 320.76M) | Time:00:01.20 | Mem:9.13M, Peak:9.13M | Scene, ViewLayer | Updating Meshes Flags
Fra:26 Mem:229.93M (Peak 320.76M) | Time:00:01.20 | Mem:9.13M, Peak:9.13M | Scene, ViewLayer | Updating Meshes Volume Bounds
Fra:26 Mem:229.93M (Peak 320.76M) | Time:00:01.20 | Mem:9.13M, Peak:9.13M | Scene, ViewLayer | Updating Volume Images
Fra:26 Mem:229.93M (Peak 320.76M) | Time:00:01.20 | Mem:9.13M, Peak:9.13M | Scene, ViewLayer | Updating Mesh | Computing Volume Mesh main_vol
Fra:26 Mem:229.99M (Peak 320.76M) | Time:00:01.22 | Mem:9.13M, Peak:9.13M | Scene, ViewLayer | Updating Mesh | Computing Volume Mesh far_vol
Fra:26 Mem:230.03M (Peak 320.76M) | Time:00:01.24 | Mem:9.13M, Peak:9.13M | Scene, ViewLayer | Updating Mesh | Computing Volume Mesh near_vol
Fra:26 Mem:230.05M (Peak 320.76M) | Time:00:01.25 | Mem:9.13M, Peak:9.13M | Scene, ViewLayer | Updating Objects
Fra:26 Mem:230.05M (Peak 320.76M) | Time:00:01.25 | Mem:9.13M, Peak:9.13M | Scene, ViewLayer | Updating Objects | Copying Transformations to device
Fra:26 Mem:230.05M (Peak 320.76M) | Time:00:01.25 | Mem:9.13M, Peak:9.13M | Scene, ViewLayer | Updating Particle Systems
Fra:26 Mem:230.05M (Peak 320.76M) | Time:00:01.25 | Mem:9.13M, Peak:9.13M | Scene, ViewLayer | Updating Meshes
Fra:26 Mem:224.98M (Peak 320.76M) | Time:00:01.25 | Mem:4.03M, Peak:9.13M | Scene, ViewLayer | Updating Objects | Applying Static Transformations
Fra:26 Mem:224.98M (Peak 320.76M) | Time:00:01.25 | Mem:4.03M, Peak:9.13M | Scene, ViewLayer | Updating Mesh | Computing attributes
Fra:26 Mem:225.93M (Peak 320.76M) | Time:00:01.25 | Mem:4.03M, Peak:9.13M | Scene, ViewLayer | Updating Mesh | Copying Attributes to device
Fra:26 Mem:225.93M (Peak 320.76M) | Time:00:01.25 | Mem:4.98M, Peak:9.13M | Scene, ViewLayer | Updating Geometry BVH far_vol 3/5 | Building BVH
Fra:26 Mem:225.93M (Peak 320.76M) | Time:00:01.25 | Mem:4.98M, Peak:9.13M | Scene, ViewLayer | Updating Geometry BVH main_vol 2/5 | Building BVH
Fra:26 Mem:225.93M (Peak 320.76M) | Time:00:01.25 | Mem:4.98M, Peak:9.13M | Scene, ViewLayer | Updating Geometry BVH t0 5/5 | Building OptiX acceleration structure
Fra:26 Mem:225.93M (Peak 320.76M) | Time:00:01.25 | Mem:4.98M, Peak:9.13M | Scene, ViewLayer | Updating Geometry BVH t1 6/5 | Building OptiX acceleration structure
Fra:26 Mem:225.93M (Peak 320.76M) | Time:00:01.27 | Mem:4.98M, Peak:9.13M | Scene, ViewLayer | Updating Scene BVH | Building
Fra:26 Mem:225.93M (Peak 320.76M) | Time:00:01.27 | Mem:4.98M, Peak:9.13M | Scene, ViewLayer | Updating Scene BVH | Building OptiX acceleration structure
Fra:26 Mem:225.93M (Peak 320.76M) | Time:00:01.27 | Mem:4.98M, Peak:9.13M | Scene, ViewLayer | Updating Scene BVH | Building BVH
Fra:26 Mem:225.93M (Peak 320.76M) | Time:00:01.27 | Mem:4.98M, Peak:9.13M | Scene, ViewLayer | Updating Scene BVH | Building BVH 0%
Fra:26 Mem:225.93M (Peak 320.76M) | Time:00:01.30 | Mem:4.98M, Peak:9.13M | Scene, ViewLayer | Updating Scene BVH | Copying BVH to device
Fra:26 Mem:225.93M (Peak 320.76M) | Time:00:01.30 | Mem:4.98M, Peak:9.13M | Scene, ViewLayer | Updating Mesh | Computing normals
Fra:26 Mem:230.09M (Peak 320.76M) | Time:00:01.30 | Mem:4.98M, Peak:9.13M | Scene, ViewLayer | Updating Mesh | Copying Mesh to device
Fra:26 Mem:230.09M (Peak 320.76M) | Time:00:01.31 | Mem:9.14M, Peak:9.14M | Scene, ViewLayer | Updating Objects Flags
Fra:26 Mem:230.09M (Peak 320.76M) | Time:00:01.39 | Mem:9.14M, Peak:9.14M | Scene, ViewLayer | Updating Primitive Offsets
Fra:26 Mem:230.09M (Peak 320.76M) | Time:00:01.39 | Mem:9.14M, Peak:9.14M | Scene, ViewLayer | Updating Images
Fra:26 Mem:226.15M (Peak 320.76M) | Time:00:01.40 | Mem:5.20M, Peak:9.14M | Scene, ViewLayer | Updating Images | Loading density
Fra:26 Mem:230.11M (Peak 320.76M) | Time:00:01.40 | Mem:9.16M, Peak:9.16M | Scene, ViewLayer | Updating Camera Volume
Fra:26 Mem:230.11M (Peak 320.76M) | Time:00:01.40 | Mem:9.16M, Peak:9.16M | Scene, ViewLayer | Updating Lookup Tables
Fra:26 Mem:230.11M (Peak 320.76M) | Time:00:01.40 | Mem:9.16M, Peak:9.16M | Scene, ViewLayer | Updating Lights
Fra:26 Mem:230.11M (Peak 320.76M) | Time:00:01.40 | Mem:9.16M, Peak:9.16M | Scene, ViewLayer | Updating Lights | Computing tree
Fra:26 Mem:230.11M (Peak 320.76M) | Time:00:01.40 | Mem:9.16M, Peak:9.16M | Scene, ViewLayer | Updating Integrator
Fra:26 Mem:230.11M (Peak 320.76M) | Time:00:01.40 | Mem:9.16M, Peak:9.16M | Scene, ViewLayer | Updating Film
Fra:26 Mem:230.11M (Peak 320.76M) | Time:00:01.40 | Mem:9.16M, Peak:9.16M | Scene, ViewLayer | Updating Lookup Tables
Fra:26 Mem:230.11M (Peak 320.76M) | Time:00:01.40 | Mem:9.16M, Peak:9.16M | Scene, ViewLayer | Updating Baking
Fra:26 Mem:230.11M (Peak 320.76M) | Time:00:01.40 | Mem:9.16M, Peak:9.16M | Scene, ViewLayer | Updating Device | Writing constant memory
Fra:26 Mem:230.11M (Peak 320.76M) | Time:00:01.40 | Mem:9.16M, Peak:9.16M | Scene, ViewLayer | Sample 0/24
Fra:26 Mem:230.11M (Peak 320.76M) | Time:00:01.98 | Remaining:00:13.37 | Mem:9.16M, Peak:9.16M | Scene, ViewLayer | Sample 1/24
Fra:26 Mem:230.11M (Peak 320.76M) | Time:00:02.57 | Remaining:00:12.82 | Mem:9.16M, Peak:93.70M | Scene, ViewLayer | Sample 2/24
Fra:26 Mem:230.11M (Peak 320.76M) | Time:00:03.05 | Remaining:00:11.58 | Mem:9.16M, Peak:93.70M | Scene, ViewLayer | Sample 3/24
Fra:26 Mem:265.71M (Peak 320.76M) | Time:00:11.63 | Mem:9.16M, Peak:93.70M | Scene, ViewLayer | Sample 24/24
Fra:26 Mem:265.71M (Peak 320.76M) | Time:00:11.63 | Mem:9.16M, Peak:93.70M | Scene, ViewLayer | Finished
Saved: 'C:\Work\domin8te-build\daysky\out\b\f0026.png'
Time: 00:11.88 (Saving: 00:00.25)

Fra:27 Mem:230.12M (Peak 320.76M) | Time:00:01.13 | Mem:9.16M, Peak:9.16M | Scene, ViewLayer | Synchronizing object | t0
Fra:27 Mem:231.75M (Peak 320.76M) | Time:00:01.14 | Mem:9.16M, Peak:9.16M | Scene, ViewLayer | Synchronizing object | main_vol
Fra:27 Mem:231.67M (Peak 320.76M) | Time:00:01.14 | Mem:9.16M, Peak:9.16M | Scene, ViewLayer | Synchronizing object | far_vol
Fra:27 Mem:232.06M (Peak 320.76M) | Time:00:01.14 | Mem:9.16M, Peak:9.16M | Scene, ViewLayer | Synchronizing object | near_vol
Fra:27 Mem:229.96M (Peak 320.76M) | Time:00:01.14 | Mem:9.16M, Peak:9.16M | Scene, ViewLayer | Synchronizing object | t1
Fra:27 Mem:229.96M (Peak 320.76M) | Time:00:01.14 | Mem:9.16M, Peak:9.16M | Scene, ViewLayer | Initializing
Fra:27 Mem:229.96M (Peak 320.76M) | Time:00:01.14 | Mem:9.16M, Peak:9.16M | Scene, ViewLayer | Waiting for render to start
Fra:27 Mem:229.96M (Peak 320.76M) | Time:00:01.14 | Mem:9.16M, Peak:9.16M | Scene, ViewLayer | Updating Scene
Fra:27 Mem:229.96M (Peak 320.76M) | Time:00:01.14 | Mem:9.16M, Peak:9.16M | Scene, ViewLayer | Updating Shaders
Fra:27 Mem:229.96M (Peak 320.76M) | Time:00:01.14 | Mem:9.16M, Peak:9.16M | Scene, ViewLayer | Updating Background
Fra:27 Mem:229.96M (Peak 320.76M) | Time:00:01.14 | Mem:9.16M, Peak:9.16M | Scene, ViewLayer | Updating Camera
Fra:27 Mem:229.96M (Peak 320.76M) | Time:00:01.14 | Mem:9.16M, Peak:9.16M | Scene, ViewLayer | Updating Meshes Flags
Fra:27 Mem:229.96M (Peak 320.76M) | Time:00:01.14 | Mem:9.16M, Peak:9.16M | Scene, ViewLayer | Updating Meshes Volume Bounds
Fra:27 Mem:229.96M (Peak 320.76M) | Time:00:01.14 | Mem:9.16M, Peak:9.16M | Scene, ViewLayer | Updating Volume Images
Fra:27 Mem:229.96M (Peak 320.76M) | Time:00:01.14 | Mem:9.16M, Peak:9.16M | Scene, ViewLayer | Updating Mesh | Computing Volume Mesh main_vol
Fra:27 Mem:230.02M (Peak 320.76M) | Time:00:01.16 | Mem:9.16M, Peak:9.16M | Scene, ViewLayer | Updating Mesh | Computing Volume Mesh far_vol
Fra:27 Mem:230.05M (Peak 320.76M) | Time:00:01.18 | Mem:9.16M, Peak:9.16M | Scene, ViewLayer | Updating Mesh | Computing Volume Mesh near_vol
Fra:27 Mem:230.07M (Peak 320.76M) | Time:00:01.19 | Mem:9.16M, Peak:9.16M | Scene, ViewLayer | Updating Objects
Fra:27 Mem:230.07M (Peak 320.76M) | Time:00:01.19 | Mem:9.16M, Peak:9.16M | Scene, ViewLayer | Updating Objects | Copying Transformations to device
Fra:27 Mem:230.07M (Peak 320.76M) | Time:00:01.19 | Mem:9.16M, Peak:9.16M | Scene, ViewLayer | Updating Particle Systems
Fra:27 Mem:230.07M (Peak 320.76M) | Time:00:01.19 | Mem:9.16M, Peak:9.16M | Scene, ViewLayer | Updating Meshes
Fra:27 Mem:225.00M (Peak 320.76M) | Time:00:01.19 | Mem:4.05M, Peak:9.16M | Scene, ViewLayer | Updating Objects | Applying Static Transformations
Fra:27 Mem:225.00M (Peak 320.76M) | Time:00:01.20 | Mem:4.05M, Peak:9.16M | Scene, ViewLayer | Updating Mesh | Computing attributes
Fra:27 Mem:225.96M (Peak 320.76M) | Time:00:01.20 | Mem:4.05M, Peak:9.16M | Scene, ViewLayer | Updating Mesh | Copying Attributes to device
Fra:27 Mem:225.96M (Peak 320.76M) | Time:00:01.20 | Mem:5.01M, Peak:9.16M | Scene, ViewLayer | Updating Geometry BVH t1 6/5 | Building BVH
Fra:27 Mem:225.96M (Peak 320.76M) | Time:00:01.20 | Mem:5.01M, Peak:9.16M | Scene, ViewLayer | Updating Geometry BVH main_vol 2/5 | Building BVH
Fra:27 Mem:225.96M (Peak 320.76M) | Time:00:01.20 | Mem:5.01M, Peak:9.16M | Scene, ViewLayer | Updating Geometry BVH far_vol 3/5 | Building BVH
Fra:27 Mem:225.96M (Peak 320.76M) | Time:00:01.20 | Mem:5.01M, Peak:9.16M | Scene, ViewLayer | Updating Geometry BVH near_vol 4/5 | Building BVH
Fra:27 Mem:225.96M (Peak 320.76M) | Time:00:01.20 | Mem:5.01M, Peak:9.16M | Scene, ViewLayer | Updating Geometry BVH near_vol 4/5 | Building OptiX acceleration structure
Fra:27 Mem:227.93M (Peak 320.76M) | Time:00:01.20 | Mem:5.01M, Peak:9.16M | Scene, ViewLayer | Updating Geometry BVH t0 5/5 | Building BVH
Fra:27 Mem:227.93M (Peak 320.76M) | Time:00:01.20 | Mem:5.01M, Peak:9.16M | Scene, ViewLayer | Updating Geometry BVH t0 5/5 | Building OptiX acceleration structure
Fra:27 Mem:225.96M (Peak 320.76M) | Time:00:01.21 | Mem:5.01M, Peak:9.16M | Scene, ViewLayer | Updating Scene BVH | Building
Fra:27 Mem:225.96M (Peak 320.76M) | Time:00:01.21 | Mem:5.01M, Peak:9.16M | Scene, ViewLayer | Updating Scene BVH | Building OptiX acceleration structure
Fra:27 Mem:225.96M (Peak 320.76M) | Time:00:01.21 | Mem:5.01M, Peak:9.16M | Scene, ViewLayer | Updating Scene BVH | Building BVH
Fra:27 Mem:225.96M (Peak 320.76M) | Time:00:01.21 | Mem:5.01M, Peak:9.16M | Scene, ViewLayer | Updating Scene BVH | Building BVH 0%
Fra:27 Mem:225.96M (Peak 320.76M) | Time:00:01.23 | Mem:5.01M, Peak:9.16M | Scene, ViewLayer | Updating Scene BVH | Copying BVH to device
Fra:27 Mem:225.96M (Peak 320.76M) | Time:00:01.23 | Mem:5.01M, Peak:9.16M | Scene, ViewLayer | Updating Mesh | Computing normals
Fra:27 Mem:230.11M (Peak 320.76M) | Time:00:01.23 | Mem:5.01M, Peak:9.16M | Scene, ViewLayer | Updating Mesh | Copying Mesh to device
Fra:27 Mem:230.11M (Peak 320.76M) | Time:00:01.24 | Mem:9.16M, Peak:9.16M | Scene, ViewLayer | Updating Objects Flags
Fra:27 Mem:230.11M (Peak 320.76M) | Time:00:01.31 | Mem:9.16M, Peak:9.16M | Scene, ViewLayer | Updating Primitive Offsets
Fra:27 Mem:230.11M (Peak 320.76M) | Time:00:01.31 | Mem:9.16M, Peak:9.16M | Scene, ViewLayer | Updating Images
Fra:27 Mem:227.95M (Peak 320.76M) | Time:00:01.31 | Mem:9.16M, Peak:9.16M | Scene, ViewLayer | Updating Images | Loading density
Fra:27 Mem:230.14M (Peak 320.76M) | Time:00:01.31 | Mem:9.19M, Peak:10.99M | Scene, ViewLayer | Updating Camera Volume
Fra:27 Mem:230.14M (Peak 320.76M) | Time:00:01.31 | Mem:9.19M, Peak:10.99M | Scene, ViewLayer | Updating Lookup Tables
Fra:27 Mem:230.14M (Peak 320.76M) | Time:00:01.31 | Mem:9.19M, Peak:10.99M | Scene, ViewLayer | Updating Lights
Fra:27 Mem:230.14M (Peak 320.76M) | Time:00:01.32 | Mem:9.19M, Peak:10.99M | Scene, ViewLayer | Updating Lights | Computing tree
Fra:27 Mem:230.14M (Peak 320.76M) | Time:00:01.32 | Mem:9.19M, Peak:10.99M | Scene, ViewLayer | Updating Integrator
Fra:27 Mem:230.14M (Peak 320.76M) | Time:00:01.32 | Mem:9.19M, Peak:10.99M | Scene, ViewLayer | Updating Film
Fra:27 Mem:230.14M (Peak 320.76M) | Time:00:01.32 | Mem:9.19M, Peak:10.99M | Scene, ViewLayer | Updating Lookup Tables
Fra:27 Mem:230.14M (Peak 320.76M) | Time:00:01.32 | Mem:9.19M, Peak:10.99M | Scene, ViewLayer | Updating Baking
Fra:27 Mem:230.14M (Peak 320.76M) | Time:00:01.32 | Mem:9.19M, Peak:10.99M | Scene, ViewLayer | Updating Device | Writing constant memory
Fra:27 Mem:230.14M (Peak 320.76M) | Time:00:01.32 | Mem:9.19M, Peak:10.99M | Scene, ViewLayer | Sample 0/24
Fra:27 Mem:230.14M (Peak 320.76M) | Time:00:01.82 | Remaining:00:11.49 | Mem:9.19M, Peak:10.99M | Scene, ViewLayer | Sample 1/24
Fra:27 Mem:230.14M (Peak 320.76M) | Time:00:02.51 | Remaining:00:13.07 | Mem:9.19M, Peak:93.73M | Scene, ViewLayer | Sample 2/24
Fra:27 Mem:230.14M (Peak 320.76M) | Time:00:03.06 | Remaining:00:12.22 | Mem:9.19M, Peak:93.73M | Scene, ViewLayer | Sample 3/24
Fra:27 Mem:265.74M (Peak 320.76M) | Time:00:13.07 | Mem:9.19M, Peak:93.73M | Scene, ViewLayer | Sample 24/24
Fra:27 Mem:265.74M (Peak 320.76M) | Time:00:13.07 | Mem:9.19M, Peak:93.73M | Scene, ViewLayer | Finished
Saved: 'C:\Work\domin8te-build\daysky\out\b\f0027.png'
Time: 00:13.37 (Saving: 00:00.30)

Fra:28 Mem:230.15M (Peak 320.76M) | Time:00:01.24 | Mem:9.19M, Peak:9.19M | Scene, ViewLayer | Synchronizing object | t0
Fra:28 Mem:230.15M (Peak 320.76M) | Time:00:01.24 | Mem:9.19M, Peak:9.19M | Scene, ViewLayer | Synchronizing object | main_vol
Fra:28 Mem:231.27M (Peak 320.76M) | Time:00:01.24 | Mem:9.19M, Peak:9.19M | Scene, ViewLayer | Synchronizing object | far_vol
Fra:28 Mem:231.22M (Peak 320.76M) | Time:00:01.24 | Mem:9.19M, Peak:9.19M | Scene, ViewLayer | Synchronizing object | near_vol
Fra:28 Mem:229.99M (Peak 320.76M) | Time:00:01.25 | Mem:9.19M, Peak:9.19M | Scene, ViewLayer | Synchronizing object | t1
Fra:28 Mem:229.99M (Peak 320.76M) | Time:00:01.25 | Mem:9.19M, Peak:9.19M | Scene, ViewLayer | Initializing
Fra:28 Mem:229.99M (Peak 320.76M) | Time:00:01.25 | Mem:9.19M, Peak:9.19M | Scene, ViewLayer | Waiting for render to start
Fra:28 Mem:229.99M (Peak 320.76M) | Time:00:01.25 | Mem:9.19M, Peak:9.19M | Scene, ViewLayer | Updating Scene
Fra:28 Mem:229.99M (Peak 320.76M) | Time:00:01.25 | Mem:9.19M, Peak:9.19M | Scene, ViewLayer | Updating Shaders
Fra:28 Mem:229.99M (Peak 320.76M) | Time:00:01.25 | Mem:9.19M, Peak:9.19M | Scene, ViewLayer | Updating Background
Fra:28 Mem:229.99M (Peak 320.76M) | Time:00:01.25 | Mem:9.19M, Peak:9.19M | Scene, ViewLayer | Updating Camera
Fra:28 Mem:229.99M (Peak 320.76M) | Time:00:01.25 | Mem:9.19M, Peak:9.19M | Scene, ViewLayer | Updating Meshes Flags
Fra:28 Mem:229.99M (Peak 320.76M) | Time:00:01.25 | Mem:9.19M, Peak:9.19M | Scene, ViewLayer | Updating Meshes Volume Bounds
Fra:28 Mem:229.99M (Peak 320.76M) | Time:00:01.25 | Mem:9.19M, Peak:9.19M | Scene, ViewLayer | Updating Volume Images
Fra:28 Mem:229.99M (Peak 320.76M) | Time:00:01.25 | Mem:9.19M, Peak:9.19M | Scene, ViewLayer | Updating Mesh | Computing Volume Mesh main_vol
Fra:28 Mem:230.05M (Peak 320.76M) | Time:00:01.29 | Mem:9.19M, Peak:9.19M | Scene, ViewLayer | Updating Mesh | Computing Volume Mesh far_vol
Fra:28 Mem:230.09M (Peak 320.76M) | Time:00:01.31 | Mem:9.19M, Peak:9.19M | Scene, ViewLayer | Updating Mesh | Computing Volume Mesh near_vol
Fra:28 Mem:230.11M (Peak 320.76M) | Time:00:01.33 | Mem:9.19M, Peak:9.19M | Scene, ViewLayer | Updating Objects
Fra:28 Mem:230.11M (Peak 320.76M) | Time:00:01.33 | Mem:9.19M, Peak:9.19M | Scene, ViewLayer | Updating Objects | Copying Transformations to device
Fra:28 Mem:230.11M (Peak 320.76M) | Time:00:01.33 | Mem:9.19M, Peak:9.19M | Scene, ViewLayer | Updating Particle Systems
Fra:28 Mem:230.11M (Peak 320.76M) | Time:00:01.33 | Mem:9.19M, Peak:9.19M | Scene, ViewLayer | Updating Meshes
Fra:28 Mem:225.03M (Peak 320.76M) | Time:00:01.33 | Mem:4.08M, Peak:9.19M | Scene, ViewLayer | Updating Objects | Applying Static Transformations
Fra:28 Mem:225.03M (Peak 320.76M) | Time:00:01.33 | Mem:4.08M, Peak:9.19M | Scene, ViewLayer | Updating Mesh | Computing attributes
Fra:28 Mem:225.99M (Peak 320.76M) | Time:00:01.33 | Mem:4.08M, Peak:9.19M | Scene, ViewLayer | Updating Mesh | Copying Attributes to device
Fra:28 Mem:225.99M (Peak 320.76M) | Time:00:01.34 | Mem:5.04M, Peak:9.19M | Scene, ViewLayer | Updating Geometry BVH t1 6/5 | Building BVH
Fra:28 Mem:225.99M (Peak 320.76M) | Time:00:01.34 | Mem:5.04M, Peak:9.19M | Scene, ViewLayer | Updating Geometry BVH main_vol 2/5 | Building BVH
Fra:28 Mem:225.99M (Peak 320.76M) | Time:00:01.34 | Mem:5.04M, Peak:9.19M | Scene, ViewLayer | Updating Geometry BVH main_vol 2/5 | Building OptiX acceleration structure
Fra:28 Mem:227.92M (Peak 320.76M) | Time:00:01.34 | Mem:5.04M, Peak:9.19M | Scene, ViewLayer | Updating Geometry BVH far_vol 3/5 | Building BVH
Fra:28 Mem:227.92M (Peak 320.76M) | Time:00:01.34 | Mem:5.04M, Peak:9.19M | Scene, ViewLayer | Updating Geometry BVH near_vol 4/5 | Building BVH
Fra:28 Mem:227.92M (Peak 320.76M) | Time:00:01.34 | Mem:5.04M, Peak:9.19M | Scene, ViewLayer | Updating Geometry BVH near_vol 4/5 | Building OptiX acceleration structure
Fra:28 Mem:227.95M (Peak 320.76M) | Time:00:01.34 | Mem:5.04M, Peak:9.19M | Scene, ViewLayer | Updating Geometry BVH t0 5/5 | Building BVH
Fra:28 Mem:227.95M (Peak 320.76M) | Time:00:01.34 | Mem:5.04M, Peak:9.19M | Scene, ViewLayer | Updating Geometry BVH t0 5/5 | Building OptiX acceleration structure
Fra:28 Mem:225.99M (Peak 320.76M) | Time:00:01.36 | Mem:5.04M, Peak:9.19M | Scene, ViewLayer | Updating Scene BVH | Building
Fra:28 Mem:225.99M (Peak 320.76M) | Time:00:01.36 | Mem:5.04M, Peak:9.19M | Scene, ViewLayer | Updating Scene BVH | Building OptiX acceleration structure
Fra:28 Mem:225.99M (Peak 320.76M) | Time:00:01.36 | Mem:5.04M, Peak:9.19M | Scene, ViewLayer | Updating Scene BVH | Building BVH
Fra:28 Mem:225.99M (Peak 320.76M) | Time:00:01.36 | Mem:5.04M, Peak:9.19M | Scene, ViewLayer | Updating Scene BVH | Building BVH 0%
Fra:28 Mem:225.99M (Peak 320.76M) | Time:00:01.40 | Mem:5.04M, Peak:9.19M | Scene, ViewLayer | Updating Scene BVH | Copying BVH to device
Fra:28 Mem:225.99M (Peak 320.76M) | Time:00:01.40 | Mem:5.04M, Peak:9.19M | Scene, ViewLayer | Updating Mesh | Computing normals
Fra:28 Mem:230.15M (Peak 320.76M) | Time:00:01.41 | Mem:5.04M, Peak:9.19M | Scene, ViewLayer | Updating Mesh | Copying Mesh to device
Fra:28 Mem:230.15M (Peak 320.76M) | Time:00:01.41 | Mem:9.19M, Peak:9.19M | Scene, ViewLayer | Updating Objects Flags
Fra:28 Mem:230.15M (Peak 320.76M) | Time:00:01.50 | Mem:9.19M, Peak:9.19M | Scene, ViewLayer | Updating Primitive Offsets
Fra:28 Mem:230.15M (Peak 320.76M) | Time:00:01.50 | Mem:9.19M, Peak:9.19M | Scene, ViewLayer | Updating Images
Fra:28 Mem:226.16M (Peak 320.76M) | Time:00:01.51 | Mem:5.20M, Peak:9.19M | Scene, ViewLayer | Updating Images | Loading density
Fra:28 Mem:230.17M (Peak 320.76M) | Time:00:01.52 | Mem:9.22M, Peak:9.22M | Scene, ViewLayer | Updating Camera Volume
Fra:28 Mem:230.17M (Peak 320.76M) | Time:00:01.52 | Mem:9.22M, Peak:9.22M | Scene, ViewLayer | Updating Lookup Tables
Fra:28 Mem:230.17M (Peak 320.76M) | Time:00:01.52 | Mem:9.22M, Peak:9.22M | Scene, ViewLayer | Updating Lights
Fra:28 Mem:230.17M (Peak 320.76M) | Time:00:01.52 | Mem:9.22M, Peak:9.22M | Scene, ViewLayer | Updating Lights | Computing tree
Fra:28 Mem:230.17M (Peak 320.76M) | Time:00:01.52 | Mem:9.22M, Peak:9.22M | Scene, ViewLayer | Updating Integrator
Fra:28 Mem:230.17M (Peak 320.76M) | Time:00:01.52 | Mem:9.22M, Peak:9.22M | Scene, ViewLayer | Updating Film
Fra:28 Mem:230.17M (Peak 320.76M) | Time:00:01.52 | Mem:9.22M, Peak:9.22M | Scene, ViewLayer | Updating Lookup Tables
Fra:28 Mem:230.17M (Peak 320.76M) | Time:00:01.52 | Mem:9.22M, Peak:9.22M | Scene, ViewLayer | Updating Baking
Fra:28 Mem:230.17M (Peak 320.76M) | Time:00:01.52 | Mem:9.22M, Peak:9.22M | Scene, ViewLayer | Updating Device | Writing constant memory
Fra:28 Mem:230.17M (Peak 320.76M) | Time:00:01.52 | Mem:9.22M, Peak:9.22M | Scene, ViewLayer | Sample 0/24
Fra:28 Mem:230.17M (Peak 320.76M) | Time:00:02.29 | Remaining:00:17.77 | Mem:9.22M, Peak:9.22M | Scene, ViewLayer | Sample 1/24
Fra:28 Mem:230.17M (Peak 320.76M) | Time:00:02.81 | Remaining:00:14.18 | Mem:9.22M, Peak:9.22M | Scene, ViewLayer | Sample 2/24
Fra:28 Mem:265.77M (Peak 320.76M) | Time:00:13.93 | Mem:9.22M, Peak:9.22M | Scene, ViewLayer | Sample 24/24
Fra:28 Mem:265.77M (Peak 320.76M) | Time:00:13.93 | Mem:9.22M, Peak:9.22M | Scene, ViewLayer | Finished
Saved: 'C:\Work\domin8te-build\daysky\out\b\f0028.png'
Time: 00:14.20 (Saving: 00:00.26)

Fra:29 Mem:230.17M (Peak 320.76M) | Time:00:01.15 | Mem:9.22M, Peak:9.22M | Scene, ViewLayer | Synchronizing object | t0
Fra:29 Mem:230.17M (Peak 320.76M) | Time:00:01.15 | Mem:9.22M, Peak:9.22M | Scene, ViewLayer | Synchronizing object | main_vol
Fra:29 Mem:230.09M (Peak 320.76M) | Time:00:01.15 | Mem:9.22M, Peak:9.22M | Scene, ViewLayer | Synchronizing object | far_vol
Fra:29 Mem:230.05M (Peak 320.76M) | Time:00:01.15 | Mem:9.22M, Peak:9.22M | Scene, ViewLayer | Synchronizing object | near_vol
Fra:29 Mem:230.02M (Peak 320.76M) | Time:00:01.16 | Mem:9.22M, Peak:9.22M | Scene, ViewLayer | Initializing
Fra:29 Mem:230.02M (Peak 320.76M) | Time:00:01.16 | Mem:9.22M, Peak:9.22M | Scene, ViewLayer | Waiting for render to start
Fra:29 Mem:230.02M (Peak 320.76M) | Time:00:01.16 | Mem:9.22M, Peak:9.22M | Scene, ViewLayer | Updating Scene
Fra:29 Mem:230.02M (Peak 320.76M) | Time:00:01.16 | Mem:9.22M, Peak:9.22M | Scene, ViewLayer | Updating Shaders
Fra:29 Mem:230.02M (Peak 320.76M) | Time:00:01.16 | Mem:9.22M, Peak:9.22M | Scene, ViewLayer | Updating Background
Fra:29 Mem:230.02M (Peak 320.76M) | Time:00:01.16 | Mem:9.22M, Peak:9.22M | Scene, ViewLayer | Updating Camera
Fra:29 Mem:230.02M (Peak 320.76M) | Time:00:01.16 | Mem:9.22M, Peak:9.22M | Scene, ViewLayer | Updating Meshes Flags
Fra:29 Mem:230.02M (Peak 320.76M) | Time:00:01.16 | Mem:9.22M, Peak:9.22M | Scene, ViewLayer | Updating Meshes Volume Bounds
Fra:29 Mem:230.02M (Peak 320.76M) | Time:00:01.16 | Mem:9.22M, Peak:9.22M | Scene, ViewLayer | Updating Volume Images
Fra:29 Mem:230.02M (Peak 320.76M) | Time:00:01.16 | Mem:9.22M, Peak:9.22M | Scene, ViewLayer | Updating Mesh | Computing Volume Mesh main_vol
Fra:29 Mem:230.08M (Peak 320.76M) | Time:00:01.19 | Mem:9.22M, Peak:9.22M | Scene, ViewLayer | Updating Mesh | Computing Volume Mesh far_vol
Fra:29 Mem:230.11M (Peak 320.76M) | Time:00:01.21 | Mem:9.22M, Peak:9.22M | Scene, ViewLayer | Updating Mesh | Computing Volume Mesh near_vol
Fra:29 Mem:230.13M (Peak 320.76M) | Time:00:01.22 | Mem:9.22M, Peak:9.22M | Scene, ViewLayer | Updating Objects
Fra:29 Mem:230.13M (Peak 320.76M) | Time:00:01.22 | Mem:9.22M, Peak:9.22M | Scene, ViewLayer | Updating Objects | Copying Transformations to device
Fra:29 Mem:230.13M (Peak 320.76M) | Time:00:01.22 | Mem:9.22M, Peak:9.22M | Scene, ViewLayer | Updating Particle Systems
Fra:29 Mem:230.13M (Peak 320.76M) | Time:00:01.22 | Mem:9.22M, Peak:9.22M | Scene, ViewLayer | Updating Meshes
Fra:29 Mem:225.06M (Peak 320.76M) | Time:00:01.22 | Mem:4.11M, Peak:9.22M | Scene, ViewLayer | Updating Objects | Applying Static Transformations
Fra:29 Mem:225.06M (Peak 320.76M) | Time:00:01.22 | Mem:4.11M, Peak:9.22M | Scene, ViewLayer | Updating Mesh | Computing attributes
Fra:29 Mem:226.01M (Peak 320.76M) | Time:00:01.22 | Mem:4.11M, Peak:9.22M | Scene, ViewLayer | Updating Mesh | Copying Attributes to device
Fra:29 Mem:226.01M (Peak 320.76M) | Time:00:01.23 | Mem:5.06M, Peak:9.22M | Scene, ViewLayer | Updating Geometry BVH t1 6/5 | Building BVH
Fra:29 Mem:226.01M (Peak 320.76M) | Time:00:01.23 | Mem:5.06M, Peak:9.22M | Scene, ViewLayer | Updating Geometry BVH main_vol 2/5 | Building BVH
Fra:29 Mem:226.01M (Peak 320.76M) | Time:00:01.23 | Mem:5.06M, Peak:9.22M | Scene, ViewLayer | Updating Geometry BVH far_vol 3/5 | Building BVH
Fra:29 Mem:226.01M (Peak 320.76M) | Time:00:01.23 | Mem:5.06M, Peak:9.22M | Scene, ViewLayer | Updating Geometry BVH near_vol 4/5 | Building BVH
Fra:29 Mem:226.01M (Peak 320.76M) | Time:00:01.23 | Mem:5.06M, Peak:9.22M | Scene, ViewLayer | Updating Geometry BVH t0 5/5 | Building BVH
Fra:29 Mem:226.01M (Peak 320.76M) | Time:00:01.23 | Mem:5.06M, Peak:9.22M | Scene, ViewLayer | Updating Geometry BVH t0 5/5 | Building OptiX acceleration structure
Fra:29 Mem:226.01M (Peak 320.76M) | Time:00:01.25 | Mem:5.06M, Peak:9.22M | Scene, ViewLayer | Updating Scene BVH | Building
Fra:29 Mem:226.01M (Peak 320.76M) | Time:00:01.25 | Mem:5.06M, Peak:9.22M | Scene, ViewLayer | Updating Scene BVH | Building OptiX acceleration structure
Fra:29 Mem:226.01M (Peak 320.76M) | Time:00:01.25 | Mem:5.06M, Peak:9.22M | Scene, ViewLayer | Updating Scene BVH | Building BVH
Fra:29 Mem:226.01M (Peak 320.76M) | Time:00:01.25 | Mem:5.06M, Peak:9.22M | Scene, ViewLayer | Updating Scene BVH | Building BVH 0%
Fra:29 Mem:226.01M (Peak 320.76M) | Time:00:01.30 | Mem:5.06M, Peak:9.22M | Scene, ViewLayer | Updating Scene BVH | Copying BVH to device
Fra:29 Mem:226.01M (Peak 320.76M) | Time:00:01.30 | Mem:5.06M, Peak:9.22M | Scene, ViewLayer | Updating Mesh | Computing normals
Fra:29 Mem:230.17M (Peak 320.76M) | Time:00:01.30 | Mem:5.06M, Peak:9.22M | Scene, ViewLayer | Updating Mesh | Copying Mesh to device
Fra:29 Mem:230.17M (Peak 320.76M) | Time:00:01.30 | Mem:9.22M, Peak:9.22M | Scene, ViewLayer | Updating Objects Flags
Fra:29 Mem:230.17M (Peak 320.76M) | Time:00:01.37 | Mem:9.22M, Peak:9.22M | Scene, ViewLayer | Updating Primitive Offsets
Fra:29 Mem:230.17M (Peak 320.76M) | Time:00:01.37 | Mem:9.22M, Peak:9.22M | Scene, ViewLayer | Updating Images
Fra:29 Mem:227.97M (Peak 320.76M) | Time:00:01.37 | Mem:9.22M, Peak:9.22M | Scene, ViewLayer | Updating Images | Loading density
Fra:29 Mem:230.20M (Peak 320.76M) | Time:00:01.38 | Mem:9.25M, Peak:10.00M | Scene, ViewLayer | Updating Camera Volume
Fra:29 Mem:230.20M (Peak 320.76M) | Time:00:01.38 | Mem:9.25M, Peak:10.00M | Scene, ViewLayer | Updating Lookup Tables
Fra:29 Mem:230.20M (Peak 320.76M) | Time:00:01.39 | Mem:9.25M, Peak:10.00M | Scene, ViewLayer | Updating Lights
Fra:29 Mem:230.20M (Peak 320.76M) | Time:00:01.39 | Mem:9.25M, Peak:10.00M | Scene, ViewLayer | Updating Lights | Computing tree
Fra:29 Mem:230.20M (Peak 320.76M) | Time:00:01.39 | Mem:9.25M, Peak:10.00M | Scene, ViewLayer | Updating Integrator
Fra:29 Mem:230.20M (Peak 320.76M) | Time:00:01.39 | Mem:9.25M, Peak:10.00M | Scene, ViewLayer | Updating Film
Fra:29 Mem:230.20M (Peak 320.76M) | Time:00:01.39 | Mem:9.25M, Peak:10.00M | Scene, ViewLayer | Updating Lookup Tables
Fra:29 Mem:230.20M (Peak 320.76M) | Time:00:01.39 | Mem:9.25M, Peak:10.00M | Scene, ViewLayer | Updating Baking
Fra:29 Mem:230.20M (Peak 320.76M) | Time:00:01.39 | Mem:9.25M, Peak:10.00M | Scene, ViewLayer | Updating Device | Writing constant memory
Fra:29 Mem:230.20M (Peak 320.76M) | Time:00:01.39 | Mem:9.25M, Peak:10.00M | Scene, ViewLayer | Sample 0/24
Fra:29 Mem:230.20M (Peak 320.76M) | Time:00:02.17 | Remaining:00:17.91 | Mem:9.25M, Peak:10.00M | Scene, ViewLayer | Sample 1/24
Fra:29 Mem:230.20M (Peak 320.76M) | Time:00:02.78 | Remaining:00:15.27 | Mem:9.25M, Peak:10.00M | Scene, ViewLayer | Sample 2/24
Fra:29 Mem:265.80M (Peak 320.76M) | Time:00:14.25 | Mem:9.25M, Peak:10.00M | Scene, ViewLayer | Sample 24/24
Fra:29 Mem:265.80M (Peak 320.76M) | Time:00:14.25 | Mem:9.25M, Peak:10.00M | Scene, ViewLayer | Finished
Saved: 'C:\Work\domin8te-build\daysky\out\b\f0029.png'
Time: 00:14.60 (Saving: 00:00.35)

Fra:30 Mem:230.21M (Peak 320.76M) | Time:00:01.17 | Mem:9.25M, Peak:9.25M | Scene, ViewLayer | Synchronizing object | t0
Fra:30 Mem:231.41M (Peak 320.76M) | Time:00:01.17 | Mem:9.25M, Peak:9.25M | Scene, ViewLayer | Synchronizing object | main_vol
Fra:30 Mem:231.33M (Peak 320.76M) | Time:00:01.17 | Mem:9.25M, Peak:9.25M | Scene, ViewLayer | Synchronizing object | near_vol
Fra:30 Mem:230.05M (Peak 320.76M) | Time:00:01.17 | Mem:9.25M, Peak:9.25M | Scene, ViewLayer | Synchronizing object | t1
Fra:30 Mem:230.05M (Peak 320.76M) | Time:00:01.18 | Mem:9.25M, Peak:9.25M | Scene, ViewLayer | Initializing
Fra:30 Mem:230.05M (Peak 320.76M) | Time:00:01.18 | Mem:9.25M, Peak:9.25M | Scene, ViewLayer | Waiting for render to start
Fra:30 Mem:230.05M (Peak 320.76M) | Time:00:01.18 | Mem:9.25M, Peak:9.25M | Scene, ViewLayer | Updating Scene
Fra:30 Mem:230.05M (Peak 320.76M) | Time:00:01.18 | Mem:9.25M, Peak:9.25M | Scene, ViewLayer | Updating Shaders
Fra:30 Mem:230.05M (Peak 320.76M) | Time:00:01.18 | Mem:9.25M, Peak:9.25M | Scene, ViewLayer | Updating Background
Fra:30 Mem:230.05M (Peak 320.76M) | Time:00:01.18 | Mem:9.25M, Peak:9.25M | Scene, ViewLayer | Updating Camera
Fra:30 Mem:230.05M (Peak 320.76M) | Time:00:01.18 | Mem:9.25M, Peak:9.25M | Scene, ViewLayer | Updating Meshes Flags
Fra:30 Mem:230.05M (Peak 320.76M) | Time:00:01.18 | Mem:9.25M, Peak:9.25M | Scene, ViewLayer | Updating Meshes Volume Bounds
Fra:30 Mem:230.05M (Peak 320.76M) | Time:00:01.18 | Mem:9.25M, Peak:9.25M | Scene, ViewLayer | Updating Volume Images
Fra:30 Mem:230.05M (Peak 320.76M) | Time:00:01.18 | Mem:9.25M, Peak:9.25M | Scene, ViewLayer | Updating Mesh | Computing Volume Mesh main_vol
Fra:30 Mem:230.11M (Peak 320.76M) | Time:00:01.21 | Mem:9.25M, Peak:9.25M | Scene, ViewLayer | Updating Mesh | Computing Volume Mesh far_vol
Fra:30 Mem:230.14M (Peak 320.76M) | Time:00:01.22 | Mem:9.25M, Peak:9.25M | Scene, ViewLayer | Updating Mesh | Computing Volume Mesh near_vol
Fra:30 Mem:230.16M (Peak 320.76M) | Time:00:01.23 | Mem:9.25M, Peak:9.25M | Scene, ViewLayer | Updating Objects
Fra:30 Mem:230.16M (Peak 320.76M) | Time:00:01.23 | Mem:9.25M, Peak:9.25M | Scene, ViewLayer | Updating Objects | Copying Transformations to device
Fra:30 Mem:230.16M (Peak 320.76M) | Time:00:01.23 | Mem:9.25M, Peak:9.25M | Scene, ViewLayer | Updating Particle Systems
Fra:30 Mem:230.16M (Peak 320.76M) | Time:00:01.23 | Mem:9.25M, Peak:9.25M | Scene, ViewLayer | Updating Meshes
Fra:30 Mem:225.09M (Peak 320.76M) | Time:00:01.23 | Mem:4.14M, Peak:9.25M | Scene, ViewLayer | Updating Objects | Applying Static Transformations
Fra:30 Mem:225.09M (Peak 320.76M) | Time:00:01.23 | Mem:4.14M, Peak:9.25M | Scene, ViewLayer | Updating Mesh | Computing attributes
Fra:30 Mem:226.04M (Peak 320.76M) | Time:00:01.23 | Mem:4.14M, Peak:9.25M | Scene, ViewLayer | Updating Mesh | Copying Attributes to device
Fra:30 Mem:226.04M (Peak 320.76M) | Time:00:01.23 | Mem:5.09M, Peak:9.25M | Scene, ViewLayer | Updating Geometry BVH main_vol 2/5 | Building BVH
Fra:30 Mem:226.04M (Peak 320.76M) | Time:00:01.23 | Mem:5.09M, Peak:9.25M | Scene, ViewLayer | Updating Geometry BVH main_vol 2/5 | Building OptiX acceleration structure
Fra:30 Mem:226.09M (Peak 320.76M) | Time:00:01.23 | Mem:5.09M, Peak:9.25M | Scene, ViewLayer | Updating Geometry BVH t1 6/5 | Building BVH
Fra:30 Mem:226.09M (Peak 320.76M) | Time:00:01.23 | Mem:5.09M, Peak:9.25M | Scene, ViewLayer | Updating Geometry BVH far_vol 3/5 | Building BVH
Fra:30 Mem:226.09M (Peak 320.76M) | Time:00:01.23 | Mem:5.09M, Peak:9.25M | Scene, ViewLayer | Updating Geometry BVH near_vol 4/5 | Building BVH
Fra:30 Mem:226.09M (Peak 320.76M) | Time:00:01.23 | Mem:5.09M, Peak:9.25M | Scene, ViewLayer | Updating Geometry BVH near_vol 4/5 | Building OptiX acceleration structure
Fra:30 Mem:227.97M (Peak 320.76M) | Time:00:01.23 | Mem:5.09M, Peak:9.25M | Scene, ViewLayer | Updating Geometry BVH t0 5/5 | Building BVH
Fra:30 Mem:227.97M (Peak 320.76M) | Time:00:01.23 | Mem:5.09M, Peak:9.25M | Scene, ViewLayer | Updating Geometry BVH t0 5/5 | Building OptiX acceleration structure
Fra:30 Mem:226.04M (Peak 320.76M) | Time:00:01.25 | Mem:5.09M, Peak:9.25M | Scene, ViewLayer | Updating Scene BVH | Building
Fra:30 Mem:226.04M (Peak 320.76M) | Time:00:01.25 | Mem:5.09M, Peak:9.25M | Scene, ViewLayer | Updating Scene BVH | Building OptiX acceleration structure
Fra:30 Mem:226.04M (Peak 320.76M) | Time:00:01.25 | Mem:5.09M, Peak:9.25M | Scene, ViewLayer | Updating Scene BVH | Building BVH
Fra:30 Mem:226.04M (Peak 320.76M) | Time:00:01.25 | Mem:5.09M, Peak:9.25M | Scene, ViewLayer | Updating Scene BVH | Building BVH 0%
Fra:30 Mem:226.04M (Peak 320.76M) | Time:00:01.29 | Mem:5.09M, Peak:9.25M | Scene, ViewLayer | Updating Scene BVH | Copying BVH to device
Fra:30 Mem:226.04M (Peak 320.76M) | Time:00:01.29 | Mem:5.09M, Peak:9.25M | Scene, ViewLayer | Updating Mesh | Computing normals
Fra:30 Mem:230.20M (Peak 320.76M) | Time:00:01.29 | Mem:5.09M, Peak:9.25M | Scene, ViewLayer | Updating Mesh | Copying Mesh to device
Fra:30 Mem:230.20M (Peak 320.76M) | Time:00:01.30 | Mem:9.25M, Peak:9.25M | Scene, ViewLayer | Updating Objects Flags
Fra:30 Mem:230.20M (Peak 320.76M) | Time:00:01.38 | Mem:9.25M, Peak:9.25M | Scene, ViewLayer | Updating Primitive Offsets
Fra:30 Mem:230.20M (Peak 320.76M) | Time:00:01.38 | Mem:9.25M, Peak:9.25M | Scene, ViewLayer | Updating Images
Fra:30 Mem:226.16M (Peak 320.76M) | Time:00:01.39 | Mem:5.20M, Peak:9.25M | Scene, ViewLayer | Updating Images | Loading density
Fra:30 Mem:230.24M (Peak 320.76M) | Time:00:01.39 | Mem:9.28M, Peak:9.28M | Scene, ViewLayer | Updating Camera Volume
Fra:30 Mem:230.24M (Peak 320.76M) | Time:00:01.39 | Mem:9.28M, Peak:9.28M | Scene, ViewLayer | Updating Lookup Tables
Fra:30 Mem:230.24M (Peak 320.76M) | Time:00:01.39 | Mem:9.28M, Peak:9.28M | Scene, ViewLayer | Updating Lights
Fra:30 Mem:230.24M (Peak 320.76M) | Time:00:01.39 | Mem:9.28M, Peak:9.28M | Scene, ViewLayer | Updating Lights | Computing tree
Fra:30 Mem:230.24M (Peak 320.76M) | Time:00:01.39 | Mem:9.28M, Peak:9.28M | Scene, ViewLayer | Updating Integrator
Fra:30 Mem:230.24M (Peak 320.76M) | Time:00:01.39 | Mem:9.28M, Peak:9.28M | Scene, ViewLayer | Updating Film
Fra:30 Mem:230.24M (Peak 320.76M) | Time:00:01.39 | Mem:9.28M, Peak:9.28M | Scene, ViewLayer | Updating Lookup Tables
Fra:30 Mem:230.24M (Peak 320.76M) | Time:00:01.39 | Mem:9.28M, Peak:9.28M | Scene, ViewLayer | Updating Baking
Fra:30 Mem:230.24M (Peak 320.76M) | Time:00:01.39 | Mem:9.28M, Peak:9.28M | Scene, ViewLayer | Updating Device | Writing constant memory
Fra:30 Mem:230.24M (Peak 320.76M) | Time:00:01.39 | Mem:9.28M, Peak:9.28M | Scene, ViewLayer | Sample 0/24
Fra:30 Mem:230.24M (Peak 320.76M) | Time:00:02.23 | Remaining:00:19.25 | Mem:9.28M, Peak:9.28M | Scene, ViewLayer | Sample 1/24
Fra:30 Mem:230.24M (Peak 320.76M) | Time:00:02.88 | Remaining:00:16.30 | Mem:9.28M, Peak:9.28M | Scene, ViewLayer | Sample 2/24
Fra:30 Mem:265.83M (Peak 320.76M) | Time:00:14.59 | Mem:9.28M, Peak:9.28M | Scene, ViewLayer | Sample 24/24
Fra:30 Mem:265.83M (Peak 320.76M) | Time:00:14.59 | Mem:9.28M, Peak:9.28M | Scene, ViewLayer | Finished
Saved: 'C:\Work\domin8te-build\daysky\out\b\f0030.png'
Time: 00:14.85 (Saving: 00:00.25)

Fra:31 Mem:230.24M (Peak 320.76M) | Time:00:01.20 | Mem:9.28M, Peak:9.28M | Scene, ViewLayer | Synchronizing object | t0
Fra:31 Mem:231.88M (Peak 320.76M) | Time:00:01.20 | Mem:9.28M, Peak:9.28M | Scene, ViewLayer | Synchronizing object | main_vol
Fra:31 Mem:232.23M (Peak 320.76M) | Time:00:01.20 | Mem:9.28M, Peak:9.28M | Scene, ViewLayer | Synchronizing object | far_vol
Fra:31 Mem:230.11M (Peak 320.76M) | Time:00:01.20 | Mem:9.28M, Peak:9.28M | Scene, ViewLayer | Synchronizing object | t1
Fra:31 Mem:230.11M (Peak 320.76M) | Time:00:01.20 | Mem:9.28M, Peak:9.28M | Scene, ViewLayer | Synchronizing object | near_vol
Fra:31 Mem:230.08M (Peak 320.76M) | Time:00:01.20 | Mem:9.28M, Peak:9.28M | Scene, ViewLayer | Initializing
Fra:31 Mem:230.08M (Peak 320.76M) | Time:00:01.21 | Mem:9.28M, Peak:9.28M | Scene, ViewLayer | Waiting for render to start
Fra:31 Mem:230.08M (Peak 320.76M) | Time:00:01.21 | Mem:9.28M, Peak:9.28M | Scene, ViewLayer | Updating Scene
Fra:31 Mem:230.08M (Peak 320.76M) | Time:00:01.21 | Mem:9.28M, Peak:9.28M | Scene, ViewLayer | Updating Shaders
Fra:31 Mem:230.08M (Peak 320.76M) | Time:00:01.21 | Mem:9.28M, Peak:9.28M | Scene, ViewLayer | Updating Background
Fra:31 Mem:230.08M (Peak 320.76M) | Time:00:01.21 | Mem:9.28M, Peak:9.28M | Scene, ViewLayer | Updating Camera
Fra:31 Mem:230.08M (Peak 320.76M) | Time:00:01.21 | Mem:9.28M, Peak:9.28M | Scene, ViewLayer | Updating Meshes Flags
Fra:31 Mem:230.08M (Peak 320.76M) | Time:00:01.21 | Mem:9.28M, Peak:9.28M | Scene, ViewLayer | Updating Meshes Volume Bounds
Fra:31 Mem:230.08M (Peak 320.76M) | Time:00:01.21 | Mem:9.28M, Peak:9.28M | Scene, ViewLayer | Updating Volume Images
Fra:31 Mem:230.08M (Peak 320.76M) | Time:00:01.21 | Mem:9.28M, Peak:9.28M | Scene, ViewLayer | Updating Mesh | Computing Volume Mesh main_vol
Fra:31 Mem:230.15M (Peak 320.76M) | Time:00:01.24 | Mem:9.28M, Peak:9.28M | Scene, ViewLayer | Updating Mesh | Computing Volume Mesh far_vol
Fra:31 Mem:230.18M (Peak 320.76M) | Time:00:01.26 | Mem:9.28M, Peak:9.28M | Scene, ViewLayer | Updating Mesh | Computing Volume Mesh near_vol
Fra:31 Mem:230.20M (Peak 320.76M) | Time:00:01.27 | Mem:9.28M, Peak:9.28M | Scene, ViewLayer | Updating Objects
Fra:31 Mem:230.20M (Peak 320.76M) | Time:00:01.27 | Mem:9.28M, Peak:9.28M | Scene, ViewLayer | Updating Objects | Copying Transformations to device
Fra:31 Mem:230.20M (Peak 320.76M) | Time:00:01.27 | Mem:9.28M, Peak:9.28M | Scene, ViewLayer | Updating Particle Systems
Fra:31 Mem:230.20M (Peak 320.76M) | Time:00:01.27 | Mem:9.28M, Peak:9.28M | Scene, ViewLayer | Updating Meshes
Fra:31 Mem:225.13M (Peak 320.76M) | Time:00:01.27 | Mem:4.17M, Peak:9.28M | Scene, ViewLayer | Updating Objects | Applying Static Transformations
Fra:31 Mem:225.13M (Peak 320.76M) | Time:00:01.27 | Mem:4.17M, Peak:9.28M | Scene, ViewLayer | Updating Mesh | Computing attributes
Fra:31 Mem:226.08M (Peak 320.76M) | Time:00:01.28 | Mem:4.17M, Peak:9.28M | Scene, ViewLayer | Updating Mesh | Copying Attributes to device
Fra:31 Mem:226.08M (Peak 320.76M) | Time:00:01.28 | Mem:5.13M, Peak:9.28M | Scene, ViewLayer | Updating Geometry BVH t1 6/5 | Building BVH
Fra:31 Mem:226.08M (Peak 320.76M) | Time:00:01.28 | Mem:5.13M, Peak:9.28M | Scene, ViewLayer | Updating Geometry BVH t1 6/5 | Building OptiX acceleration structure
Fra:31 Mem:227.96M (Peak 320.76M) | Time:00:01.28 | Mem:5.13M, Peak:9.28M | Scene, ViewLayer | Updating Geometry BVH main_vol 2/5 | Building BVH
Fra:31 Mem:227.96M (Peak 320.76M) | Time:00:01.28 | Mem:5.13M, Peak:9.28M | Scene, ViewLayer | Updating Geometry BVH main_vol 2/5 | Building OptiX acceleration structure
Fra:31 Mem:228.01M (Peak 320.76M) | Time:00:01.28 | Mem:5.13M, Peak:9.28M | Scene, ViewLayer | Updating Geometry BVH far_vol 3/5 | Building BVH
Fra:31 Mem:228.01M (Peak 320.76M) | Time:00:01.28 | Mem:5.13M, Peak:9.28M | Scene, ViewLayer | Updating Geometry BVH near_vol 4/5 | Building BVH
Fra:31 Mem:228.01M (Peak 320.76M) | Time:00:01.28 | Mem:5.13M, Peak:9.28M | Scene, ViewLayer | Updating Geometry BVH near_vol 4/5 | Building OptiX acceleration structure
Fra:31 Mem:228.06M (Peak 320.76M) | Time:00:01.28 | Mem:5.13M, Peak:9.28M | Scene, ViewLayer | Updating Geometry BVH t0 5/5 | Building BVH
Fra:31 Mem:228.06M (Peak 320.76M) | Time:00:01.28 | Mem:5.13M, Peak:9.28M | Scene, ViewLayer | Updating Geometry BVH t0 5/5 | Building OptiX acceleration structure
Fra:31 Mem:226.08M (Peak 320.76M) | Time:00:01.29 | Mem:5.13M, Peak:9.28M | Scene, ViewLayer | Updating Scene BVH | Building
Fra:31 Mem:226.08M (Peak 320.76M) | Time:00:01.29 | Mem:5.13M, Peak:9.28M | Scene, ViewLayer | Updating Scene BVH | Building OptiX acceleration structure
Fra:31 Mem:226.08M (Peak 320.76M) | Time:00:01.29 | Mem:5.13M, Peak:9.28M | Scene, ViewLayer | Updating Scene BVH | Building BVH
Fra:31 Mem:226.08M (Peak 320.76M) | Time:00:01.29 | Mem:5.13M, Peak:9.28M | Scene, ViewLayer | Updating Scene BVH | Building BVH 0%
Fra:31 Mem:226.08M (Peak 320.76M) | Time:00:01.34 | Mem:5.13M, Peak:9.28M | Scene, ViewLayer | Updating Scene BVH | Copying BVH to device
Fra:31 Mem:226.08M (Peak 320.76M) | Time:00:01.34 | Mem:5.13M, Peak:9.28M | Scene, ViewLayer | Updating Mesh | Computing normals
Fra:31 Mem:230.24M (Peak 320.76M) | Time:00:01.34 | Mem:5.13M, Peak:9.28M | Scene, ViewLayer | Updating Mesh | Copying Mesh to device
Fra:31 Mem:230.24M (Peak 320.76M) | Time:00:01.35 | Mem:9.28M, Peak:9.28M | Scene, ViewLayer | Updating Objects Flags
Fra:31 Mem:230.24M (Peak 320.76M) | Time:00:01.43 | Mem:9.28M, Peak:9.28M | Scene, ViewLayer | Updating Primitive Offsets
Fra:31 Mem:230.24M (Peak 320.76M) | Time:00:01.43 | Mem:9.28M, Peak:9.28M | Scene, ViewLayer | Updating Images
Fra:31 Mem:228.01M (Peak 320.76M) | Time:00:01.43 | Mem:9.28M, Peak:9.28M | Scene, ViewLayer | Updating Images | Loading density
Fra:31 Mem:230.27M (Peak 320.76M) | Time:00:01.45 | Mem:9.32M, Peak:10.08M | Scene, ViewLayer | Updating Camera Volume
Fra:31 Mem:230.27M (Peak 320.76M) | Time:00:01.45 | Mem:9.32M, Peak:10.08M | Scene, ViewLayer | Updating Lookup Tables
Fra:31 Mem:230.27M (Peak 320.76M) | Time:00:01.45 | Mem:9.32M, Peak:10.08M | Scene, ViewLayer | Updating Lights
Fra:31 Mem:230.27M (Peak 320.76M) | Time:00:01.45 | Mem:9.32M, Peak:10.08M | Scene, ViewLayer | Updating Lights | Computing tree
Fra:31 Mem:230.27M (Peak 320.76M) | Time:00:01.45 | Mem:9.32M, Peak:10.08M | Scene, ViewLayer | Updating Integrator
Fra:31 Mem:230.27M (Peak 320.76M) | Time:00:01.45 | Mem:9.32M, Peak:10.08M | Scene, ViewLayer | Updating Film
Fra:31 Mem:230.27M (Peak 320.76M) | Time:00:01.45 | Mem:9.32M, Peak:10.08M | Scene, ViewLayer | Updating Lookup Tables
Fra:31 Mem:230.27M (Peak 320.76M) | Time:00:01.45 | Mem:9.32M, Peak:10.08M | Scene, ViewLayer | Updating Baking
Fra:31 Mem:230.27M (Peak 320.76M) | Time:00:01.45 | Mem:9.32M, Peak:10.08M | Scene, ViewLayer | Updating Device | Writing constant memory
Fra:31 Mem:230.27M (Peak 320.76M) | Time:00:01.45 | Mem:9.32M, Peak:10.08M | Scene, ViewLayer | Sample 0/24
Fra:31 Mem:230.27M (Peak 320.76M) | Time:00:02.29 | Remaining:00:19.44 | Mem:9.32M, Peak:10.08M | Scene, ViewLayer | Sample 1/24
Fra:31 Mem:230.27M (Peak 320.76M) | Time:00:02.98 | Remaining:00:16.83 | Mem:9.32M, Peak:10.08M | Scene, ViewLayer | Sample 2/24
Fra:31 Mem:265.87M (Peak 320.76M) | Time:00:15.07 | Mem:9.32M, Peak:10.08M | Scene, ViewLayer | Sample 24/24
Fra:31 Mem:265.87M (Peak 320.76M) | Time:00:15.07 | Mem:9.32M, Peak:10.08M | Scene, ViewLayer | Finished
Saved: 'C:\Work\domin8te-build\daysky\out\b\f0031.png'
Time: 00:15.33 (Saving: 00:00.26)

Fra:32 Mem:230.28M (Peak 320.76M) | Time:00:01.18 | Mem:9.32M, Peak:9.32M | Scene, ViewLayer | Synchronizing object | t0
Fra:32 Mem:231.48M (Peak 320.76M) | Time:00:01.18 | Mem:9.32M, Peak:9.32M | Scene, ViewLayer | Synchronizing object | main_vol
Fra:32 Mem:231.40M (Peak 320.76M) | Time:00:01.18 | Mem:9.32M, Peak:9.32M | Scene, ViewLayer | Synchronizing object | far_vol
Fra:32 Mem:231.79M (Peak 320.76M) | Time:00:01.18 | Mem:9.32M, Peak:9.32M | Scene, ViewLayer | Synchronizing object | near_vol
Fra:32 Mem:230.12M (Peak 320.76M) | Time:00:01.18 | Mem:9.32M, Peak:9.32M | Scene, ViewLayer | Synchronizing object | t1
Fra:32 Mem:230.12M (Peak 320.76M) | Time:00:01.18 | Mem:9.32M, Peak:9.32M | Scene, ViewLayer | Initializing
Fra:32 Mem:230.12M (Peak 320.76M) | Time:00:01.18 | Mem:9.32M, Peak:9.32M | Scene, ViewLayer | Waiting for render to start
Fra:32 Mem:230.12M (Peak 320.76M) | Time:00:01.18 | Mem:9.32M, Peak:9.32M | Scene, ViewLayer | Updating Scene
Fra:32 Mem:230.12M (Peak 320.76M) | Time:00:01.18 | Mem:9.32M, Peak:9.32M | Scene, ViewLayer | Updating Shaders
Fra:32 Mem:230.12M (Peak 320.76M) | Time:00:01.19 | Mem:9.32M, Peak:9.32M | Scene, ViewLayer | Updating Background
Fra:32 Mem:230.12M (Peak 320.76M) | Time:00:01.19 | Mem:9.32M, Peak:9.32M | Scene, ViewLayer | Updating Camera
Fra:32 Mem:230.12M (Peak 320.76M) | Time:00:01.19 | Mem:9.32M, Peak:9.32M | Scene, ViewLayer | Updating Meshes Flags
Fra:32 Mem:230.12M (Peak 320.76M) | Time:00:01.19 | Mem:9.32M, Peak:9.32M | Scene, ViewLayer | Updating Meshes Volume Bounds
Fra:32 Mem:230.12M (Peak 320.76M) | Time:00:01.19 | Mem:9.32M, Peak:9.32M | Scene, ViewLayer | Updating Volume Images
Fra:32 Mem:230.12M (Peak 320.76M) | Time:00:01.19 | Mem:9.32M, Peak:9.32M | Scene, ViewLayer | Updating Mesh | Computing Volume Mesh main_vol
Fra:32 Mem:230.18M (Peak 320.76M) | Time:00:01.21 | Mem:9.32M, Peak:9.32M | Scene, ViewLayer | Updating Mesh | Computing Volume Mesh far_vol
Fra:32 Mem:230.22M (Peak 320.76M) | Time:00:01.23 | Mem:9.32M, Peak:9.32M | Scene, ViewLayer | Updating Mesh | Computing Volume Mesh near_vol
Fra:32 Mem:230.24M (Peak 320.76M) | Time:00:01.23 | Mem:9.32M, Peak:9.32M | Scene, ViewLayer | Updating Objects
Fra:32 Mem:230.24M (Peak 320.76M) | Time:00:01.23 | Mem:9.32M, Peak:9.32M | Scene, ViewLayer | Updating Objects | Copying Transformations to device
Fra:32 Mem:230.24M (Peak 320.76M) | Time:00:01.23 | Mem:9.32M, Peak:9.32M | Scene, ViewLayer | Updating Particle Systems
Fra:32 Mem:230.24M (Peak 320.76M) | Time:00:01.23 | Mem:9.32M, Peak:9.32M | Scene, ViewLayer | Updating Meshes
Fra:32 Mem:225.16M (Peak 320.76M) | Time:00:01.24 | Mem:4.21M, Peak:9.32M | Scene, ViewLayer | Updating Objects | Applying Static Transformations
Fra:32 Mem:225.16M (Peak 320.76M) | Time:00:01.24 | Mem:4.21M, Peak:9.32M | Scene, ViewLayer | Updating Mesh | Computing attributes
Fra:32 Mem:226.12M (Peak 320.76M) | Time:00:01.24 | Mem:4.21M, Peak:9.32M | Scene, ViewLayer | Updating Mesh | Copying Attributes to device
Fra:32 Mem:226.12M (Peak 320.76M) | Time:00:01.24 | Mem:5.16M, Peak:9.32M | Scene, ViewLayer | Updating Geometry BVH t1 6/5 | Building BVH
Fra:32 Mem:226.12M (Peak 320.76M) | Time:00:01.24 | Mem:5.16M, Peak:9.32M | Scene, ViewLayer | Updating Geometry BVH t1 6/5 | Building OptiX acceleration structure
Fra:32 Mem:228.00M (Peak 320.76M) | Time:00:01.24 | Mem:5.16M, Peak:9.32M | Scene, ViewLayer | Updating Geometry BVH main_vol 2/5 | Building BVH
Fra:32 Mem:228.00M (Peak 320.76M) | Time:00:01.24 | Mem:5.16M, Peak:9.32M | Scene, ViewLayer | Updating Geometry BVH main_vol 2/5 | Building OptiX acceleration structure
Fra:32 Mem:228.05M (Peak 320.76M) | Time:00:01.24 | Mem:5.16M, Peak:9.32M | Scene, ViewLayer | Updating Geometry BVH far_vol 3/5 | Building BVH
Fra:32 Mem:228.05M (Peak 320.76M) | Time:00:01.24 | Mem:5.16M, Peak:9.32M | Scene, ViewLayer | Updating Geometry BVH far_vol 3/5 | Building OptiX acceleration structure
Fra:32 Mem:228.03M (Peak 320.76M) | Time:00:01.24 | Mem:5.16M, Peak:9.32M | Scene, ViewLayer | Updating Geometry BVH near_vol 4/5 | Building BVH
Fra:32 Mem:228.03M (Peak 320.76M) | Time:00:01.24 | Mem:5.16M, Peak:9.32M | Scene, ViewLayer | Updating Geometry BVH near_vol 4/5 | Building OptiX acceleration structure
Fra:32 Mem:228.02M (Peak 320.76M) | Time:00:01.24 | Mem:5.16M, Peak:9.32M | Scene, ViewLayer | Updating Geometry BVH t0 5/5 | Building BVH
Fra:32 Mem:228.02M (Peak 320.76M) | Time:00:01.24 | Mem:5.16M, Peak:9.32M | Scene, ViewLayer | Updating Geometry BVH t0 5/5 | Building OptiX acceleration structure
Fra:32 Mem:226.12M (Peak 320.76M) | Time:00:01.25 | Mem:5.16M, Peak:9.32M | Scene, ViewLayer | Updating Scene BVH | Building
Fra:32 Mem:226.12M (Peak 320.76M) | Time:00:01.25 | Mem:5.16M, Peak:9.32M | Scene, ViewLayer | Updating Scene BVH | Building OptiX acceleration structure
Fra:32 Mem:226.12M (Peak 320.76M) | Time:00:01.25 | Mem:5.16M, Peak:9.32M | Scene, ViewLayer | Updating Scene BVH | Building BVH
Fra:32 Mem:226.12M (Peak 320.76M) | Time:00:01.25 | Mem:5.16M, Peak:9.32M | Scene, ViewLayer | Updating Scene BVH | Building BVH 0%
Fra:32 Mem:226.12M (Peak 320.76M) | Time:00:01.29 | Mem:5.16M, Peak:9.32M | Scene, ViewLayer | Updating Scene BVH | Copying BVH to device
Fra:32 Mem:226.12M (Peak 320.76M) | Time:00:01.29 | Mem:5.16M, Peak:9.32M | Scene, ViewLayer | Updating Mesh | Computing normals
Fra:32 Mem:230.28M (Peak 320.76M) | Time:00:01.30 | Mem:5.16M, Peak:9.32M | Scene, ViewLayer | Updating Mesh | Copying Mesh to device
Fra:32 Mem:230.28M (Peak 320.76M) | Time:00:01.30 | Mem:9.32M, Peak:9.32M | Scene, ViewLayer | Updating Objects Flags
Fra:32 Mem:230.28M (Peak 320.76M) | Time:00:01.37 | Mem:9.32M, Peak:9.32M | Scene, ViewLayer | Updating Primitive Offsets
Fra:32 Mem:230.28M (Peak 320.76M) | Time:00:01.38 | Mem:9.32M, Peak:9.32M | Scene, ViewLayer | Updating Images
Fra:32 Mem:226.16M (Peak 320.76M) | Time:00:01.38 | Mem:5.21M, Peak:9.32M | Scene, ViewLayer | Updating Images | Loading density
Fra:32 Mem:230.31M (Peak 320.76M) | Time:00:01.38 | Mem:9.35M, Peak:9.35M | Scene, ViewLayer | Updating Camera Volume
Fra:32 Mem:230.31M (Peak 320.76M) | Time:00:01.38 | Mem:9.35M, Peak:9.35M | Scene, ViewLayer | Updating Lookup Tables
Fra:32 Mem:230.31M (Peak 320.76M) | Time:00:01.38 | Mem:9.35M, Peak:9.35M | Scene, ViewLayer | Updating Lights
Fra:32 Mem:230.31M (Peak 320.76M) | Time:00:01.38 | Mem:9.35M, Peak:9.35M | Scene, ViewLayer | Updating Lights | Computing tree
Fra:32 Mem:230.31M (Peak 320.76M) | Time:00:01.38 | Mem:9.35M, Peak:9.35M | Scene, ViewLayer | Updating Integrator
Fra:32 Mem:230.31M (Peak 320.76M) | Time:00:01.38 | Mem:9.35M, Peak:9.35M | Scene, ViewLayer | Updating Film
Fra:32 Mem:230.31M (Peak 320.76M) | Time:00:01.38 | Mem:9.35M, Peak:9.35M | Scene, ViewLayer | Updating Lookup Tables
Fra:32 Mem:230.31M (Peak 320.76M) | Time:00:01.38 | Mem:9.35M, Peak:9.35M | Scene, ViewLayer | Updating Baking
Fra:32 Mem:230.31M (Peak 320.76M) | Time:00:01.38 | Mem:9.35M, Peak:9.35M | Scene, ViewLayer | Updating Device | Writing constant memory
Fra:32 Mem:230.31M (Peak 320.76M) | Time:00:01.38 | Mem:9.35M, Peak:9.35M | Scene, ViewLayer | Sample 0/24
Fra:32 Mem:230.31M (Peak 320.76M) | Time:00:02.22 | Remaining:00:19.39 | Mem:9.35M, Peak:9.35M | Scene, ViewLayer | Sample 1/24
Fra:32 Mem:230.31M (Peak 320.76M) | Time:00:02.95 | Remaining:00:17.27 | Mem:9.35M, Peak:9.35M | Scene, ViewLayer | Sample 2/24
Fra:32 Mem:265.91M (Peak 320.76M) | Time:00:15.77 | Mem:9.35M, Peak:9.35M | Scene, ViewLayer | Sample 24/24
Fra:32 Mem:265.91M (Peak 320.76M) | Time:00:15.77 | Mem:9.35M, Peak:9.35M | Scene, ViewLayer | Finished
Saved: 'C:\Work\domin8te-build\daysky\out\b\f0032.png'
Time: 00:16.12 (Saving: 00:00.34)

Fra:33 Mem:230.31M (Peak 320.76M) | Time:00:01.17 | Mem:9.35M, Peak:9.35M | Scene, ViewLayer | Synchronizing object | t0
Fra:33 Mem:230.31M (Peak 320.76M) | Time:00:01.17 | Mem:9.35M, Peak:9.35M | Scene, ViewLayer | Synchronizing object | main_vol
Fra:33 Mem:231.43M (Peak 320.76M) | Time:00:01.17 | Mem:9.35M, Peak:9.35M | Scene, ViewLayer | Synchronizing object | far_vol
Fra:33 Mem:231.38M (Peak 320.76M) | Time:00:01.17 | Mem:9.35M, Peak:9.35M | Scene, ViewLayer | Synchronizing object | near_vol
Fra:33 Mem:230.15M (Peak 320.76M) | Time:00:01.17 | Mem:9.35M, Peak:9.35M | Scene, ViewLayer | Synchronizing object | t1
Fra:33 Mem:230.15M (Peak 320.76M) | Time:00:01.17 | Mem:9.35M, Peak:9.35M | Scene, ViewLayer | Initializing
Fra:33 Mem:230.15M (Peak 320.76M) | Time:00:01.17 | Mem:9.35M, Peak:9.35M | Scene, ViewLayer | Waiting for render to start
Fra:33 Mem:230.15M (Peak 320.76M) | Time:00:01.17 | Mem:9.35M, Peak:9.35M | Scene, ViewLayer | Updating Scene
Fra:33 Mem:230.15M (Peak 320.76M) | Time:00:01.17 | Mem:9.35M, Peak:9.35M | Scene, ViewLayer | Updating Shaders
Fra:33 Mem:230.15M (Peak 320.76M) | Time:00:01.17 | Mem:9.35M, Peak:9.35M | Scene, ViewLayer | Updating Background
Fra:33 Mem:230.15M (Peak 320.76M) | Time:00:01.17 | Mem:9.35M, Peak:9.35M | Scene, ViewLayer | Updating Camera
Fra:33 Mem:230.15M (Peak 320.76M) | Time:00:01.17 | Mem:9.35M, Peak:9.35M | Scene, ViewLayer | Updating Meshes Flags
Fra:33 Mem:230.15M (Peak 320.76M) | Time:00:01.17 | Mem:9.35M, Peak:9.35M | Scene, ViewLayer | Updating Meshes Volume Bounds
Fra:33 Mem:230.15M (Peak 320.76M) | Time:00:01.17 | Mem:9.35M, Peak:9.35M | Scene, ViewLayer | Updating Volume Images
Fra:33 Mem:230.15M (Peak 320.76M) | Time:00:01.17 | Mem:9.35M, Peak:9.35M | Scene, ViewLayer | Updating Mesh | Computing Volume Mesh main_vol
Fra:33 Mem:230.21M (Peak 320.76M) | Time:00:01.20 | Mem:9.35M, Peak:9.35M | Scene, ViewLayer | Updating Mesh | Computing Volume Mesh far_vol
Fra:33 Mem:230.25M (Peak 320.76M) | Time:00:01.21 | Mem:9.35M, Peak:9.35M | Scene, ViewLayer | Updating Mesh | Computing Volume Mesh near_vol
Fra:33 Mem:230.27M (Peak 320.76M) | Time:00:01.22 | Mem:9.35M, Peak:9.35M | Scene, ViewLayer | Updating Objects
Fra:33 Mem:230.27M (Peak 320.76M) | Time:00:01.22 | Mem:9.35M, Peak:9.35M | Scene, ViewLayer | Updating Objects | Copying Transformations to device
Fra:33 Mem:230.27M (Peak 320.76M) | Time:00:01.23 | Mem:9.35M, Peak:9.35M | Scene, ViewLayer | Updating Particle Systems
Fra:33 Mem:230.27M (Peak 320.76M) | Time:00:01.23 | Mem:9.35M, Peak:9.35M | Scene, ViewLayer | Updating Meshes
Fra:33 Mem:225.19M (Peak 320.76M) | Time:00:01.24 | Mem:4.24M, Peak:9.35M | Scene, ViewLayer | Updating Objects | Applying Static Transformations
Fra:33 Mem:225.19M (Peak 320.76M) | Time:00:01.24 | Mem:4.24M, Peak:9.35M | Scene, ViewLayer | Updating Mesh | Computing attributes
Fra:33 Mem:226.15M (Peak 320.76M) | Time:00:01.24 | Mem:4.24M, Peak:9.35M | Scene, ViewLayer | Updating Mesh | Copying Attributes to device
Fra:33 Mem:226.15M (Peak 320.76M) | Time:00:01.24 | Mem:5.19M, Peak:9.35M | Scene, ViewLayer | Updating Geometry BVH main_vol 2/5 | Building BVH
Fra:33 Mem:226.15M (Peak 320.76M) | Time:00:01.24 | Mem:5.19M, Peak:9.35M | Scene, ViewLayer | Updating Geometry BVH main_vol 2/5 | Building OptiX acceleration structure
Fra:33 Mem:226.20M (Peak 320.76M) | Time:00:01.24 | Mem:5.19M, Peak:9.35M | Scene, ViewLayer | Updating Geometry BVH t1 6/5 | Building BVH
Fra:33 Mem:226.20M (Peak 320.76M) | Time:00:01.24 | Mem:5.19M, Peak:9.35M | Scene, ViewLayer | Updating Geometry BVH far_vol 3/5 | Building BVH
Fra:33 Mem:226.20M (Peak 320.76M) | Time:00:01.24 | Mem:5.19M, Peak:9.35M | Scene, ViewLayer | Updating Geometry BVH t0 5/5 | Building BVH
Fra:33 Mem:226.20M (Peak 320.76M) | Time:00:01.24 | Mem:5.19M, Peak:9.35M | Scene, ViewLayer | Updating Geometry BVH t0 5/5 | Building OptiX acceleration structure
Fra:33 Mem:226.15M (Peak 320.76M) | Time:00:01.25 | Mem:5.19M, Peak:9.35M | Scene, ViewLayer | Updating Scene BVH | Building
Fra:33 Mem:226.15M (Peak 320.76M) | Time:00:01.25 | Mem:5.19M, Peak:9.35M | Scene, ViewLayer | Updating Scene BVH | Building OptiX acceleration structure
Fra:33 Mem:226.15M (Peak 320.76M) | Time:00:01.25 | Mem:5.19M, Peak:9.35M | Scene, ViewLayer | Updating Scene BVH | Building BVH
Fra:33 Mem:226.15M (Peak 320.76M) | Time:00:01.25 | Mem:5.19M, Peak:9.35M | Scene, ViewLayer | Updating Scene BVH | Building BVH 0%
Fra:33 Mem:226.15M (Peak 320.76M) | Time:00:01.29 | Mem:5.19M, Peak:9.35M | Scene, ViewLayer | Updating Scene BVH | Copying BVH to device
Fra:33 Mem:226.15M (Peak 320.76M) | Time:00:01.29 | Mem:5.19M, Peak:9.35M | Scene, ViewLayer | Updating Mesh | Computing normals
Fra:33 Mem:230.31M (Peak 320.76M) | Time:00:01.30 | Mem:5.19M, Peak:9.35M | Scene, ViewLayer | Updating Mesh | Copying Mesh to device
Fra:33 Mem:230.31M (Peak 320.76M) | Time:00:01.30 | Mem:9.35M, Peak:9.35M | Scene, ViewLayer | Updating Objects Flags
Fra:33 Mem:230.31M (Peak 320.76M) | Time:00:01.38 | Mem:9.35M, Peak:9.35M | Scene, ViewLayer | Updating Primitive Offsets
Fra:33 Mem:230.31M (Peak 320.76M) | Time:00:01.38 | Mem:9.35M, Peak:9.35M | Scene, ViewLayer | Updating Images
Fra:33 Mem:228.04M (Peak 320.76M) | Time:00:01.38 | Mem:9.35M, Peak:9.35M | Scene, ViewLayer | Updating Images | Loading density
Fra:33 Mem:230.35M (Peak 320.76M) | Time:00:01.38 | Mem:9.39M, Peak:11.26M | Scene, ViewLayer | Updating Camera Volume
Fra:33 Mem:230.35M (Peak 320.76M) | Time:00:01.38 | Mem:9.39M, Peak:11.26M | Scene, ViewLayer | Updating Lookup Tables
Fra:33 Mem:230.35M (Peak 320.76M) | Time:00:01.38 | Mem:9.39M, Peak:11.26M | Scene, ViewLayer | Updating Lights
Fra:33 Mem:230.34M (Peak 320.76M) | Time:00:01.38 | Mem:9.39M, Peak:11.26M | Scene, ViewLayer | Updating Lights | Computing tree
Fra:33 Mem:230.35M (Peak 320.76M) | Time:00:01.39 | Mem:9.39M, Peak:11.26M | Scene, ViewLayer | Updating Integrator
Fra:33 Mem:230.35M (Peak 320.76M) | Time:00:01.39 | Mem:9.39M, Peak:11.26M | Scene, ViewLayer | Updating Film
Fra:33 Mem:230.35M (Peak 320.76M) | Time:00:01.39 | Mem:9.39M, Peak:11.26M | Scene, ViewLayer | Updating Lookup Tables
Fra:33 Mem:230.35M (Peak 320.76M) | Time:00:01.39 | Mem:9.39M, Peak:11.26M | Scene, ViewLayer | Updating Baking
Fra:33 Mem:230.35M (Peak 320.76M) | Time:00:01.39 | Mem:9.39M, Peak:11.26M | Scene, ViewLayer | Updating Device | Writing constant memory
Fra:33 Mem:230.35M (Peak 320.76M) | Time:00:01.39 | Mem:9.39M, Peak:11.26M | Scene, ViewLayer | Sample 0/24
Fra:33 Mem:230.35M (Peak 320.76M) | Time:00:02.25 | Remaining:00:19.89 | Mem:9.39M, Peak:11.26M | Scene, ViewLayer | Sample 1/24
Fra:33 Mem:230.35M (Peak 320.76M) | Time:00:02.92 | Remaining:00:16.80 | Mem:9.39M, Peak:11.26M | Scene, ViewLayer | Sample 2/24
Fra:33 Mem:265.94M (Peak 320.76M) | Time:00:17.12 | Mem:9.39M, Peak:11.26M | Scene, ViewLayer | Sample 24/24
Fra:33 Mem:265.94M (Peak 320.76M) | Time:00:17.12 | Mem:9.39M, Peak:11.26M | Scene, ViewLayer | Finished
Saved: 'C:\Work\domin8te-build\daysky\out\b\f0033.png'
Time: 00:17.34 (Saving: 00:00.21)

Fra:34 Mem:230.35M (Peak 320.76M) | Time:00:01.13 | Mem:9.39M, Peak:9.39M | Scene, ViewLayer | Synchronizing object | t0
Fra:34 Mem:231.99M (Peak 320.76M) | Time:00:01.13 | Mem:9.39M, Peak:9.39M | Scene, ViewLayer | Synchronizing object | main_vol
Fra:34 Mem:232.34M (Peak 320.76M) | Time:00:01.13 | Mem:9.39M, Peak:9.39M | Scene, ViewLayer | Synchronizing object | far_vol
Fra:34 Mem:232.29M (Peak 320.76M) | Time:00:01.13 | Mem:9.39M, Peak:9.39M | Scene, ViewLayer | Synchronizing object | near_vol
Fra:34 Mem:230.19M (Peak 320.76M) | Time:00:01.13 | Mem:9.39M, Peak:9.39M | Scene, ViewLayer | Synchronizing object | t1
Fra:34 Mem:230.19M (Peak 320.76M) | Time:00:01.14 | Mem:9.39M, Peak:9.39M | Scene, ViewLayer | Initializing
Fra:34 Mem:230.19M (Peak 320.76M) | Time:00:01.14 | Mem:9.39M, Peak:9.39M | Scene, ViewLayer | Waiting for render to start
Fra:34 Mem:230.19M (Peak 320.76M) | Time:00:01.14 | Mem:9.39M, Peak:9.39M | Scene, ViewLayer | Updating Scene
Fra:34 Mem:230.19M (Peak 320.76M) | Time:00:01.14 | Mem:9.39M, Peak:9.39M | Scene, ViewLayer | Updating Shaders
Fra:34 Mem:230.19M (Peak 320.76M) | Time:00:01.14 | Mem:9.39M, Peak:9.39M | Scene, ViewLayer | Updating Background
Fra:34 Mem:230.19M (Peak 320.76M) | Time:00:01.14 | Mem:9.39M, Peak:9.39M | Scene, ViewLayer | Updating Camera
Fra:34 Mem:230.19M (Peak 320.76M) | Time:00:01.14 | Mem:9.39M, Peak:9.39M | Scene, ViewLayer | Updating Meshes Flags
Fra:34 Mem:230.19M (Peak 320.76M) | Time:00:01.14 | Mem:9.39M, Peak:9.39M | Scene, ViewLayer | Updating Meshes Volume Bounds
Fra:34 Mem:230.19M (Peak 320.76M) | Time:00:01.14 | Mem:9.39M, Peak:9.39M | Scene, ViewLayer | Updating Volume Images
Fra:34 Mem:230.19M (Peak 320.76M) | Time:00:01.14 | Mem:9.39M, Peak:9.39M | Scene, ViewLayer | Updating Mesh | Computing Volume Mesh main_vol
Fra:34 Mem:230.25M (Peak 320.76M) | Time:00:01.16 | Mem:9.39M, Peak:9.39M | Scene, ViewLayer | Updating Mesh | Computing Volume Mesh far_vol
Fra:34 Mem:230.29M (Peak 320.76M) | Time:00:01.17 | Mem:9.39M, Peak:9.39M | Scene, ViewLayer | Updating Mesh | Computing Volume Mesh near_vol
Fra:34 Mem:230.31M (Peak 320.76M) | Time:00:01.18 | Mem:9.39M, Peak:9.39M | Scene, ViewLayer | Updating Objects
Fra:34 Mem:230.31M (Peak 320.76M) | Time:00:01.18 | Mem:9.39M, Peak:9.39M | Scene, ViewLayer | Updating Objects | Copying Transformations to device
Fra:34 Mem:230.31M (Peak 320.76M) | Time:00:01.18 | Mem:9.39M, Peak:9.39M | Scene, ViewLayer | Updating Particle Systems
Fra:34 Mem:230.31M (Peak 320.76M) | Time:00:01.18 | Mem:9.39M, Peak:9.39M | Scene, ViewLayer | Updating Meshes
Fra:34 Mem:225.23M (Peak 320.76M) | Time:00:01.19 | Mem:4.27M, Peak:9.39M | Scene, ViewLayer | Updating Objects | Applying Static Transformations
Fra:34 Mem:225.23M (Peak 320.76M) | Time:00:01.19 | Mem:4.27M, Peak:9.39M | Scene, ViewLayer | Updating Mesh | Computing attributes
Fra:34 Mem:226.19M (Peak 320.76M) | Time:00:01.19 | Mem:4.27M, Peak:9.39M | Scene, ViewLayer | Updating Mesh | Copying Attributes to device
Fra:34 Mem:226.18M (Peak 320.76M) | Time:00:01.19 | Mem:5.23M, Peak:9.39M | Scene, ViewLayer | Updating Geometry BVH main_vol 2/5 | Building BVH
Fra:34 Mem:226.18M (Peak 320.76M) | Time:00:01.19 | Mem:5.23M, Peak:9.39M | Scene, ViewLayer | Updating Geometry BVH main_vol 2/5 | Building OptiX acceleration structure
Fra:34 Mem:226.24M (Peak 320.76M) | Time:00:01.19 | Mem:5.23M, Peak:9.39M | Scene, ViewLayer | Updating Geometry BVH t1 6/5 | Building BVH
Fra:34 Mem:226.24M (Peak 320.76M) | Time:00:01.19 | Mem:5.23M, Peak:9.39M | Scene, ViewLayer | Updating Geometry BVH t1 6/5 | Building OptiX acceleration structure
Fra:34 Mem:228.12M (Peak 320.76M) | Time:00:01.19 | Mem:5.23M, Peak:9.39M | Scene, ViewLayer | Updating Geometry BVH far_vol 3/5 | Building BVH
Fra:34 Mem:228.12M (Peak 320.76M) | Time:00:01.19 | Mem:5.23M, Peak:9.39M | Scene, ViewLayer | Updating Geometry BVH near_vol 4/5 | Building BVH
Fra:34 Mem:228.12M (Peak 320.76M) | Time:00:01.19 | Mem:5.23M, Peak:9.39M | Scene, ViewLayer | Updating Geometry BVH near_vol 4/5 | Building OptiX acceleration structure
Fra:34 Mem:228.11M (Peak 320.76M) | Time:00:01.20 | Mem:5.23M, Peak:9.39M | Scene, ViewLayer | Updating Geometry BVH t0 5/5 | Building BVH
Fra:34 Mem:228.11M (Peak 320.76M) | Time:00:01.20 | Mem:5.23M, Peak:9.39M | Scene, ViewLayer | Updating Geometry BVH t0 5/5 | Building OptiX acceleration structure
Fra:34 Mem:226.18M (Peak 320.76M) | Time:00:01.21 | Mem:5.23M, Peak:9.39M | Scene, ViewLayer | Updating Scene BVH | Building
Fra:34 Mem:226.18M (Peak 320.76M) | Time:00:01.21 | Mem:5.23M, Peak:9.39M | Scene, ViewLayer | Updating Scene BVH | Building OptiX acceleration structure
Fra:34 Mem:226.18M (Peak 320.76M) | Time:00:01.21 | Mem:5.23M, Peak:9.39M | Scene, ViewLayer | Updating Scene BVH | Building BVH
Fra:34 Mem:226.18M (Peak 320.76M) | Time:00:01.21 | Mem:5.23M, Peak:9.39M | Scene, ViewLayer | Updating Scene BVH | Building BVH 0%
Fra:34 Mem:226.18M (Peak 320.76M) | Time:00:01.24 | Mem:5.23M, Peak:9.39M | Scene, ViewLayer | Updating Scene BVH | Copying BVH to device
Fra:34 Mem:226.18M (Peak 320.76M) | Time:00:01.24 | Mem:5.23M, Peak:9.39M | Scene, ViewLayer | Updating Mesh | Computing normals
Fra:34 Mem:230.35M (Peak 320.76M) | Time:00:01.25 | Mem:5.23M, Peak:9.39M | Scene, ViewLayer | Updating Mesh | Copying Mesh to device
Fra:34 Mem:230.35M (Peak 320.76M) | Time:00:01.25 | Mem:9.39M, Peak:9.39M | Scene, ViewLayer | Updating Objects Flags
Fra:34 Mem:230.35M (Peak 320.76M) | Time:00:01.33 | Mem:9.39M, Peak:9.39M | Scene, ViewLayer | Updating Primitive Offsets
Fra:34 Mem:230.35M (Peak 320.76M) | Time:00:01.33 | Mem:9.39M, Peak:9.39M | Scene, ViewLayer | Updating Images
Fra:34 Mem:226.17M (Peak 320.76M) | Time:00:01.33 | Mem:5.21M, Peak:9.39M | Scene, ViewLayer | Updating Images | Loading density
Fra:34 Mem:230.37M (Peak 320.76M) | Time:00:01.33 | Mem:9.41M, Peak:9.41M | Scene, ViewLayer | Updating Camera Volume
Fra:34 Mem:230.37M (Peak 320.76M) | Time:00:01.33 | Mem:9.41M, Peak:9.41M | Scene, ViewLayer | Updating Lookup Tables
Fra:34 Mem:230.37M (Peak 320.76M) | Time:00:01.33 | Mem:9.41M, Peak:9.41M | Scene, ViewLayer | Updating Lights
Fra:34 Mem:230.37M (Peak 320.76M) | Time:00:01.33 | Mem:9.41M, Peak:9.41M | Scene, ViewLayer | Updating Lights | Computing tree
Fra:34 Mem:230.37M (Peak 320.76M) | Time:00:01.34 | Mem:9.41M, Peak:9.41M | Scene, ViewLayer | Updating Integrator
Fra:34 Mem:230.37M (Peak 320.76M) | Time:00:01.34 | Mem:9.41M, Peak:9.41M | Scene, ViewLayer | Updating Film
Fra:34 Mem:230.37M (Peak 320.76M) | Time:00:01.34 | Mem:9.41M, Peak:9.41M | Scene, ViewLayer | Updating Lookup Tables
Fra:34 Mem:230.37M (Peak 320.76M) | Time:00:01.34 | Mem:9.41M, Peak:9.41M | Scene, ViewLayer | Updating Baking
Fra:34 Mem:230.37M (Peak 320.76M) | Time:00:01.34 | Mem:9.41M, Peak:9.41M | Scene, ViewLayer | Updating Device | Writing constant memory
Fra:34 Mem:230.37M (Peak 320.76M) | Time:00:01.34 | Mem:9.41M, Peak:9.41M | Scene, ViewLayer | Sample 0/24
Fra:34 Mem:230.37M (Peak 320.76M) | Time:00:02.33 | Remaining:00:22.92 | Mem:9.41M, Peak:9.41M | Scene, ViewLayer | Sample 1/24
Fra:34 Mem:230.37M (Peak 320.76M) | Time:00:03.22 | Remaining:00:20.70 | Mem:9.41M, Peak:9.41M | Scene, ViewLayer | Sample 2/24
Fra:34 Mem:265.97M (Peak 320.76M) | Time:00:17.06 | Mem:9.41M, Peak:9.41M | Scene, ViewLayer | Sample 24/24
Fra:34 Mem:265.97M (Peak 320.76M) | Time:00:17.06 | Mem:9.41M, Peak:9.41M | Scene, ViewLayer | Finished
Saved: 'C:\Work\domin8te-build\daysky\out\b\f0034.png'
Time: 00:17.34 (Saving: 00:00.27)

Fra:35 Mem:230.38M (Peak 320.76M) | Time:00:01.21 | Mem:9.41M, Peak:9.41M | Scene, ViewLayer | Synchronizing object | t0
Fra:35 Mem:232.02M (Peak 320.76M) | Time:00:01.21 | Mem:9.41M, Peak:9.41M | Scene, ViewLayer | Synchronizing object | main_vol
Fra:35 Mem:231.93M (Peak 320.76M) | Time:00:01.21 | Mem:9.41M, Peak:9.41M | Scene, ViewLayer | Synchronizing object | far_vol
Fra:35 Mem:231.88M (Peak 320.76M) | Time:00:01.21 | Mem:9.41M, Peak:9.41M | Scene, ViewLayer | Synchronizing object | near_vol
Fra:35 Mem:230.22M (Peak 320.76M) | Time:00:01.21 | Mem:9.41M, Peak:9.41M | Scene, ViewLayer | Synchronizing object | t1
Fra:35 Mem:230.22M (Peak 320.76M) | Time:00:01.22 | Mem:9.41M, Peak:9.41M | Scene, ViewLayer | Initializing
Fra:35 Mem:230.21M (Peak 320.76M) | Time:00:01.22 | Mem:9.41M, Peak:9.41M | Scene, ViewLayer | Waiting for render to start
Fra:35 Mem:230.21M (Peak 320.76M) | Time:00:01.22 | Mem:9.41M, Peak:9.41M | Scene, ViewLayer | Updating Scene
Fra:35 Mem:230.21M (Peak 320.76M) | Time:00:01.22 | Mem:9.41M, Peak:9.41M | Scene, ViewLayer | Updating Shaders
Fra:35 Mem:230.21M (Peak 320.76M) | Time:00:01.22 | Mem:9.41M, Peak:9.41M | Scene, ViewLayer | Updating Background
Fra:35 Mem:230.21M (Peak 320.76M) | Time:00:01.22 | Mem:9.41M, Peak:9.41M | Scene, ViewLayer | Updating Camera
Fra:35 Mem:230.21M (Peak 320.76M) | Time:00:01.22 | Mem:9.41M, Peak:9.41M | Scene, ViewLayer | Updating Meshes Flags
Fra:35 Mem:230.21M (Peak 320.76M) | Time:00:01.22 | Mem:9.41M, Peak:9.41M | Scene, ViewLayer | Updating Meshes Volume Bounds
Fra:35 Mem:230.21M (Peak 320.76M) | Time:00:01.22 | Mem:9.41M, Peak:9.41M | Scene, ViewLayer | Updating Volume Images
Fra:35 Mem:230.21M (Peak 320.76M) | Time:00:01.22 | Mem:9.41M, Peak:9.41M | Scene, ViewLayer | Updating Mesh | Computing Volume Mesh main_vol
Fra:35 Mem:230.28M (Peak 320.76M) | Time:00:01.25 | Mem:9.41M, Peak:9.41M | Scene, ViewLayer | Updating Mesh | Computing Volume Mesh far_vol
Fra:35 Mem:230.31M (Peak 320.76M) | Time:00:01.26 | Mem:9.41M, Peak:9.41M | Scene, ViewLayer | Updating Mesh | Computing Volume Mesh near_vol
Fra:35 Mem:230.33M (Peak 320.76M) | Time:00:01.27 | Mem:9.41M, Peak:9.41M | Scene, ViewLayer | Updating Objects
Fra:35 Mem:230.33M (Peak 320.76M) | Time:00:01.27 | Mem:9.41M, Peak:9.41M | Scene, ViewLayer | Updating Objects | Copying Transformations to device
Fra:35 Mem:230.33M (Peak 320.76M) | Time:00:01.27 | Mem:9.41M, Peak:9.41M | Scene, ViewLayer | Updating Particle Systems
Fra:35 Mem:230.33M (Peak 320.76M) | Time:00:01.27 | Mem:9.41M, Peak:9.41M | Scene, ViewLayer | Updating Meshes
Fra:35 Mem:225.26M (Peak 320.76M) | Time:00:01.27 | Mem:4.30M, Peak:9.41M | Scene, ViewLayer | Updating Objects | Applying Static Transformations
Fra:35 Mem:225.26M (Peak 320.76M) | Time:00:01.27 | Mem:4.30M, Peak:9.41M | Scene, ViewLayer | Updating Mesh | Computing attributes
Fra:35 Mem:226.21M (Peak 320.76M) | Time:00:01.27 | Mem:4.30M, Peak:9.41M | Scene, ViewLayer | Updating Mesh | Copying Attributes to device
Fra:35 Mem:226.21M (Peak 320.76M) | Time:00:01.27 | Mem:5.25M, Peak:9.41M | Scene, ViewLayer | Updating Geometry BVH t1 6/5 | Building BVH
Fra:35 Mem:226.21M (Peak 320.76M) | Time:00:01.27 | Mem:5.25M, Peak:9.41M | Scene, ViewLayer | Updating Geometry BVH main_vol 2/5 | Building BVH
Fra:35 Mem:226.21M (Peak 320.76M) | Time:00:01.27 | Mem:5.25M, Peak:9.41M | Scene, ViewLayer | Updating Geometry BVH far_vol 3/5 | Building BVH
Fra:35 Mem:226.21M (Peak 320.76M) | Time:00:01.27 | Mem:5.25M, Peak:9.41M | Scene, ViewLayer | Updating Geometry BVH far_vol 3/5 | Building OptiX acceleration structure
Fra:35 Mem:228.15M (Peak 320.76M) | Time:00:01.27 | Mem:5.25M, Peak:9.41M | Scene, ViewLayer | Updating Geometry BVH near_vol 4/5 | Building BVH
Fra:35 Mem:228.15M (Peak 320.76M) | Time:00:01.27 | Mem:5.25M, Peak:9.41M | Scene, ViewLayer | Updating Geometry BVH near_vol 4/5 | Building OptiX acceleration structure
Fra:35 Mem:228.11M (Peak 320.76M) | Time:00:01.27 | Mem:5.25M, Peak:9.41M | Scene, ViewLayer | Updating Geometry BVH t0 5/5 | Building BVH
Fra:35 Mem:228.11M (Peak 320.76M) | Time:00:01.27 | Mem:5.25M, Peak:9.41M | Scene, ViewLayer | Updating Geometry BVH t0 5/5 | Building OptiX acceleration structure
Fra:35 Mem:226.21M (Peak 320.76M) | Time:00:01.28 | Mem:5.25M, Peak:9.41M | Scene, ViewLayer | Updating Scene BVH | Building
Fra:35 Mem:226.21M (Peak 320.76M) | Time:00:01.28 | Mem:5.25M, Peak:9.41M | Scene, ViewLayer | Updating Scene BVH | Building OptiX acceleration structure
Fra:35 Mem:226.21M (Peak 320.76M) | Time:00:01.28 | Mem:5.25M, Peak:9.41M | Scene, ViewLayer | Updating Scene BVH | Building BVH
Fra:35 Mem:226.21M (Peak 320.76M) | Time:00:01.28 | Mem:5.25M, Peak:9.41M | Scene, ViewLayer | Updating Scene BVH | Building BVH 0%
Fra:35 Mem:226.21M (Peak 320.76M) | Time:00:01.31 | Mem:5.25M, Peak:9.41M | Scene, ViewLayer | Updating Scene BVH | Copying BVH to device
Fra:35 Mem:226.21M (Peak 320.76M) | Time:00:01.31 | Mem:5.25M, Peak:9.41M | Scene, ViewLayer | Updating Mesh | Computing normals
Fra:35 Mem:230.37M (Peak 320.76M) | Time:00:01.32 | Mem:5.25M, Peak:9.41M | Scene, ViewLayer | Updating Mesh | Copying Mesh to device
Fra:35 Mem:230.37M (Peak 320.76M) | Time:00:01.32 | Mem:9.41M, Peak:9.41M | Scene, ViewLayer | Updating Objects Flags
Fra:35 Mem:230.37M (Peak 320.76M) | Time:00:01.40 | Mem:9.41M, Peak:9.41M | Scene, ViewLayer | Updating Primitive Offsets
Fra:35 Mem:230.37M (Peak 320.76M) | Time:00:01.40 | Mem:9.41M, Peak:9.41M | Scene, ViewLayer | Updating Images
Fra:35 Mem:228.08M (Peak 320.76M) | Time:00:01.40 | Mem:9.41M, Peak:9.41M | Scene, ViewLayer | Updating Images | Loading density
Fra:35 Mem:230.40M (Peak 320.76M) | Time:00:01.40 | Mem:9.44M, Peak:10.23M | Scene, ViewLayer | Updating Camera Volume
Fra:35 Mem:230.40M (Peak 320.76M) | Time:00:01.40 | Mem:9.44M, Peak:10.23M | Scene, ViewLayer | Updating Lookup Tables
Fra:35 Mem:230.40M (Peak 320.76M) | Time:00:01.40 | Mem:9.44M, Peak:10.23M | Scene, ViewLayer | Updating Lights
Fra:35 Mem:230.40M (Peak 320.76M) | Time:00:01.40 | Mem:9.44M, Peak:10.23M | Scene, ViewLayer | Updating Lights | Computing tree
Fra:35 Mem:230.40M (Peak 320.76M) | Time:00:01.40 | Mem:9.44M, Peak:10.23M | Scene, ViewLayer | Updating Integrator
Fra:35 Mem:230.40M (Peak 320.76M) | Time:00:01.40 | Mem:9.44M, Peak:10.23M | Scene, ViewLayer | Updating Film
Fra:35 Mem:230.40M (Peak 320.76M) | Time:00:01.40 | Mem:9.44M, Peak:10.23M | Scene, ViewLayer | Updating Lookup Tables
Fra:35 Mem:230.40M (Peak 320.76M) | Time:00:01.40 | Mem:9.44M, Peak:10.23M | Scene, ViewLayer | Updating Baking
Fra:35 Mem:230.40M (Peak 320.76M) | Time:00:01.40 | Mem:9.44M, Peak:10.23M | Scene, ViewLayer | Updating Device | Writing constant memory
Fra:35 Mem:230.40M (Peak 320.76M) | Time:00:01.40 | Mem:9.44M, Peak:10.23M | Scene, ViewLayer | Sample 0/24
Fra:35 Mem:230.40M (Peak 320.76M) | Time:00:02.10 | Remaining:00:16.08 | Mem:9.44M, Peak:10.23M | Scene, ViewLayer | Sample 1/24
Fra:35 Mem:230.40M (Peak 320.76M) | Time:00:02.81 | Remaining:00:15.48 | Mem:9.44M, Peak:10.23M | Scene, ViewLayer | Sample 2/24
Fra:35 Mem:266.00M (Peak 320.76M) | Time:00:17.38 | Mem:9.44M, Peak:10.23M | Scene, ViewLayer | Sample 24/24
Fra:35 Mem:266.00M (Peak 320.76M) | Time:00:17.38 | Mem:9.44M, Peak:10.23M | Scene, ViewLayer | Finished
Saved: 'C:\Work\domin8te-build\daysky\out\b\f0035.png'
Time: 00:17.64 (Saving: 00:00.26)

Fra:36 Mem:230.41M (Peak 320.76M) | Time:00:00.99 | Mem:9.44M, Peak:9.44M | Scene, ViewLayer | Synchronizing object | t0
Fra:36 Mem:230.41M (Peak 320.76M) | Time:00:00.99 | Mem:9.44M, Peak:9.44M | Scene, ViewLayer | Synchronizing object | far_vol
Fra:36 Mem:230.27M (Peak 320.76M) | Time:00:00.99 | Mem:9.44M, Peak:9.44M | Scene, ViewLayer | Synchronizing object | near_vol
Fra:36 Mem:230.24M (Peak 320.76M) | Time:00:00.99 | Mem:9.44M, Peak:9.44M | Scene, ViewLayer | Synchronizing object | t1
Fra:36 Mem:230.24M (Peak 320.76M) | Time:00:00.99 | Mem:9.44M, Peak:9.44M | Scene, ViewLayer | Initializing
Fra:36 Mem:230.24M (Peak 320.76M) | Time:00:00.99 | Mem:9.44M, Peak:9.44M | Scene, ViewLayer | Waiting for render to start
Fra:36 Mem:230.24M (Peak 320.76M) | Time:00:00.99 | Mem:9.44M, Peak:9.44M | Scene, ViewLayer | Updating Scene
Fra:36 Mem:230.24M (Peak 320.76M) | Time:00:00.99 | Mem:9.44M, Peak:9.44M | Scene, ViewLayer | Updating Shaders
Fra:36 Mem:230.24M (Peak 320.76M) | Time:00:01.00 | Mem:9.44M, Peak:9.44M | Scene, ViewLayer | Updating Background
Fra:36 Mem:230.24M (Peak 320.76M) | Time:00:01.00 | Mem:9.44M, Peak:9.44M | Scene, ViewLayer | Updating Camera
Fra:36 Mem:230.24M (Peak 320.76M) | Time:00:01.00 | Mem:9.44M, Peak:9.44M | Scene, ViewLayer | Updating Meshes Flags
Fra:36 Mem:230.24M (Peak 320.76M) | Time:00:01.00 | Mem:9.44M, Peak:9.44M | Scene, ViewLayer | Updating Meshes Volume Bounds
Fra:36 Mem:230.24M (Peak 320.76M) | Time:00:01.00 | Mem:9.44M, Peak:9.44M | Scene, ViewLayer | Updating Volume Images
Fra:36 Mem:230.24M (Peak 320.76M) | Time:00:01.00 | Mem:9.44M, Peak:9.44M | Scene, ViewLayer | Updating Mesh | Computing Volume Mesh main_vol
Fra:36 Mem:230.31M (Peak 320.76M) | Time:00:01.03 | Mem:9.44M, Peak:9.44M | Scene, ViewLayer | Updating Mesh | Computing Volume Mesh far_vol
Fra:36 Mem:230.34M (Peak 320.76M) | Time:00:01.04 | Mem:9.44M, Peak:9.44M | Scene, ViewLayer | Updating Mesh | Computing Volume Mesh near_vol
Fra:36 Mem:230.36M (Peak 320.76M) | Time:00:01.05 | Mem:9.44M, Peak:9.44M | Scene, ViewLayer | Updating Objects
Fra:36 Mem:230.36M (Peak 320.76M) | Time:00:01.05 | Mem:9.44M, Peak:9.44M | Scene, ViewLayer | Updating Objects | Copying Transformations to device
Fra:36 Mem:230.36M (Peak 320.76M) | Time:00:01.05 | Mem:9.44M, Peak:9.44M | Scene, ViewLayer | Updating Particle Systems
Fra:36 Mem:230.36M (Peak 320.76M) | Time:00:01.05 | Mem:9.44M, Peak:9.44M | Scene, ViewLayer | Updating Meshes
Fra:36 Mem:225.29M (Peak 320.76M) | Time:00:01.06 | Mem:4.33M, Peak:9.44M | Scene, ViewLayer | Updating Objects | Applying Static Transformations
Fra:36 Mem:225.29M (Peak 320.76M) | Time:00:01.06 | Mem:4.33M, Peak:9.44M | Scene, ViewLayer | Updating Mesh | Computing attributes
Fra:36 Mem:226.24M (Peak 320.76M) | Time:00:01.06 | Mem:4.33M, Peak:9.44M | Scene, ViewLayer | Updating Mesh | Copying Attributes to device
Fra:36 Mem:226.24M (Peak 320.76M) | Time:00:01.06 | Mem:5.28M, Peak:9.44M | Scene, ViewLayer | Updating Geometry BVH t1 6/5 | Building BVH
Fra:36 Mem:226.24M (Peak 320.76M) | Time:00:01.06 | Mem:5.28M, Peak:9.44M | Scene, ViewLayer | Updating Geometry BVH main_vol 2/5 | Building BVH
Fra:36 Mem:226.24M (Peak 320.76M) | Time:00:01.06 | Mem:5.28M, Peak:9.44M | Scene, ViewLayer | Updating Geometry BVH near_vol 4/5 | Building OptiX acceleration structure
Fra:36 Mem:227.34M (Peak 320.76M) | Time:00:01.06 | Mem:5.28M, Peak:9.44M | Scene, ViewLayer | Updating Geometry BVH t0 5/5 | Building BVH
Fra:36 Mem:228.17M (Peak 320.76M) | Time:00:01.06 | Mem:5.28M, Peak:9.44M | Scene, ViewLayer | Updating Geometry BVH t0 5/5 | Building OptiX acceleration structure
Fra:36 Mem:226.24M (Peak 320.76M) | Time:00:01.07 | Mem:5.28M, Peak:9.44M | Scene, ViewLayer | Updating Scene BVH | Building
Fra:36 Mem:226.24M (Peak 320.76M) | Time:00:01.07 | Mem:5.28M, Peak:9.44M | Scene, ViewLayer | Updating Scene BVH | Building OptiX acceleration structure
Fra:36 Mem:226.24M (Peak 320.76M) | Time:00:01.07 | Mem:5.28M, Peak:9.44M | Scene, ViewLayer | Updating Scene BVH | Building BVH
Fra:36 Mem:226.24M (Peak 320.76M) | Time:00:01.07 | Mem:5.28M, Peak:9.44M | Scene, ViewLayer | Updating Scene BVH | Building BVH 0%
Fra:36 Mem:226.24M (Peak 320.76M) | Time:00:01.11 | Mem:5.28M, Peak:9.44M | Scene, ViewLayer | Updating Scene BVH | Copying BVH to device
Fra:36 Mem:226.24M (Peak 320.76M) | Time:00:01.11 | Mem:5.28M, Peak:9.44M | Scene, ViewLayer | Updating Mesh | Computing normals
Fra:36 Mem:230.40M (Peak 320.76M) | Time:00:01.11 | Mem:5.28M, Peak:9.44M | Scene, ViewLayer | Updating Mesh | Copying Mesh to device
Fra:36 Mem:230.40M (Peak 320.76M) | Time:00:01.12 | Mem:9.44M, Peak:9.44M | Scene, ViewLayer | Updating Objects Flags
Fra:36 Mem:230.40M (Peak 320.76M) | Time:00:01.18 | Mem:9.44M, Peak:9.44M | Scene, ViewLayer | Updating Primitive Offsets
Fra:36 Mem:230.40M (Peak 320.76M) | Time:00:01.18 | Mem:9.44M, Peak:9.44M | Scene, ViewLayer | Updating Images
Fra:36 Mem:226.17M (Peak 320.76M) | Time:00:01.19 | Mem:5.21M, Peak:9.44M | Scene, ViewLayer | Updating Images | Loading density
Fra:36 Mem:230.43M (Peak 320.76M) | Time:00:01.19 | Mem:9.47M, Peak:9.47M | Scene, ViewLayer | Updating Camera Volume
Fra:36 Mem:230.43M (Peak 320.76M) | Time:00:01.19 | Mem:9.47M, Peak:9.47M | Scene, ViewLayer | Updating Lookup Tables
Fra:36 Mem:230.43M (Peak 320.76M) | Time:00:01.19 | Mem:9.47M, Peak:9.47M | Scene, ViewLayer | Updating Lights
Fra:36 Mem:230.43M (Peak 320.76M) | Time:00:01.19 | Mem:9.47M, Peak:9.47M | Scene, ViewLayer | Updating Lights | Computing tree
Fra:36 Mem:230.43M (Peak 320.76M) | Time:00:01.19 | Mem:9.47M, Peak:9.47M | Scene, ViewLayer | Updating Integrator
Fra:36 Mem:230.43M (Peak 320.76M) | Time:00:01.19 | Mem:9.47M, Peak:9.47M | Scene, ViewLayer | Updating Film
Fra:36 Mem:230.43M (Peak 320.76M) | Time:00:01.19 | Mem:9.47M, Peak:9.47M | Scene, ViewLayer | Updating Lookup Tables
Fra:36 Mem:230.43M (Peak 320.76M) | Time:00:01.19 | Mem:9.47M, Peak:9.47M | Scene, ViewLayer | Updating Baking
Fra:36 Mem:230.43M (Peak 320.76M) | Time:00:01.19 | Mem:9.47M, Peak:9.47M | Scene, ViewLayer | Updating Device | Writing constant memory
Fra:36 Mem:230.43M (Peak 320.76M) | Time:00:01.19 | Mem:9.47M, Peak:9.47M | Scene, ViewLayer | Sample 0/24
Fra:36 Mem:230.43M (Peak 320.76M) | Time:00:02.16 | Remaining:00:22.28 | Mem:9.47M, Peak:9.47M | Scene, ViewLayer | Sample 1/24
Fra:36 Mem:230.43M (Peak 320.76M) | Time:00:02.95 | Remaining:00:19.26 | Mem:9.47M, Peak:9.47M | Scene, ViewLayer | Sample 2/24
Fra:36 Mem:266.03M (Peak 320.76M) | Time:00:18.03 | Mem:9.47M, Peak:9.47M | Scene, ViewLayer | Sample 24/24
Fra:36 Mem:266.03M (Peak 320.76M) | Time:00:18.03 | Mem:9.47M, Peak:9.47M | Scene, ViewLayer | Finished
Saved: 'C:\Work\domin8te-build\daysky\out\b\f0036.png'
Time: 00:18.25 (Saving: 00:00.21)

Fra:37 Mem:230.43M (Peak 320.76M) | Time:00:01.19 | Mem:9.47M, Peak:9.47M | Scene, ViewLayer | Synchronizing object | t0
Fra:37 Mem:230.43M (Peak 320.76M) | Time:00:01.19 | Mem:9.47M, Peak:9.47M | Scene, ViewLayer | Synchronizing object | t1
Fra:37 Mem:230.43M (Peak 320.76M) | Time:00:01.19 | Mem:9.47M, Peak:9.47M | Scene, ViewLayer | Synchronizing object | near_vol
Fra:37 Mem:230.41M (Peak 320.76M) | Time:00:01.19 | Mem:9.47M, Peak:9.47M | Scene, ViewLayer | Synchronizing object | far_vol
Fra:37 Mem:230.36M (Peak 320.76M) | Time:00:01.19 | Mem:9.47M, Peak:9.47M | Scene, ViewLayer | Synchronizing object | main_vol
Fra:37 Mem:230.27M (Peak 320.76M) | Time:00:01.19 | Mem:9.47M, Peak:9.47M | Scene, ViewLayer | Initializing
Fra:37 Mem:230.27M (Peak 320.76M) | Time:00:01.19 | Mem:9.47M, Peak:9.47M | Scene, ViewLayer | Waiting for render to start
Fra:37 Mem:230.27M (Peak 320.76M) | Time:00:01.19 | Mem:9.47M, Peak:9.47M | Scene, ViewLayer | Updating Scene
Fra:37 Mem:230.27M (Peak 320.76M) | Time:00:01.19 | Mem:9.47M, Peak:9.47M | Scene, ViewLayer | Updating Shaders
Fra:37 Mem:230.27M (Peak 320.76M) | Time:00:01.19 | Mem:9.47M, Peak:9.47M | Scene, ViewLayer | Updating Background
Fra:37 Mem:230.27M (Peak 320.76M) | Time:00:01.19 | Mem:9.47M, Peak:9.47M | Scene, ViewLayer | Updating Camera
Fra:37 Mem:230.27M (Peak 320.76M) | Time:00:01.19 | Mem:9.47M, Peak:9.47M | Scene, ViewLayer | Updating Meshes Flags
Fra:37 Mem:230.27M (Peak 320.76M) | Time:00:01.19 | Mem:9.47M, Peak:9.47M | Scene, ViewLayer | Updating Meshes Volume Bounds
Fra:37 Mem:230.27M (Peak 320.76M) | Time:00:01.19 | Mem:9.47M, Peak:9.47M | Scene, ViewLayer | Updating Volume Images
Fra:37 Mem:230.27M (Peak 320.76M) | Time:00:01.19 | Mem:9.47M, Peak:9.47M | Scene, ViewLayer | Updating Mesh | Computing Volume Mesh main_vol
Fra:37 Mem:230.33M (Peak 320.76M) | Time:00:01.21 | Mem:9.47M, Peak:9.47M | Scene, ViewLayer | Updating Mesh | Computing Volume Mesh far_vol
Fra:37 Mem:230.37M (Peak 320.76M) | Time:00:01.22 | Mem:9.47M, Peak:9.47M | Scene, ViewLayer | Updating Mesh | Computing Volume Mesh near_vol
Fra:37 Mem:230.39M (Peak 320.76M) | Time:00:01.24 | Mem:9.47M, Peak:9.47M | Scene, ViewLayer | Updating Objects
Fra:37 Mem:230.39M (Peak 320.76M) | Time:00:01.24 | Mem:9.47M, Peak:9.47M | Scene, ViewLayer | Updating Objects | Copying Transformations to device
Fra:37 Mem:230.39M (Peak 320.76M) | Time:00:01.24 | Mem:9.47M, Peak:9.47M | Scene, ViewLayer | Updating Particle Systems
Fra:37 Mem:230.39M (Peak 320.76M) | Time:00:01.24 | Mem:9.47M, Peak:9.47M | Scene, ViewLayer | Updating Meshes
Fra:37 Mem:225.31M (Peak 320.76M) | Time:00:01.26 | Mem:4.35M, Peak:9.47M | Scene, ViewLayer | Updating Objects | Applying Static Transformations
Fra:37 Mem:225.31M (Peak 320.76M) | Time:00:01.27 | Mem:4.35M, Peak:9.47M | Scene, ViewLayer | Updating Mesh | Computing attributes
Fra:37 Mem:226.27M (Peak 320.76M) | Time:00:01.27 | Mem:4.35M, Peak:9.47M | Scene, ViewLayer | Updating Mesh | Copying Attributes to device
Fra:37 Mem:226.27M (Peak 320.76M) | Time:00:01.27 | Mem:5.31M, Peak:9.47M | Scene, ViewLayer | Updating Geometry BVH t1 6/5 | Building BVH
Fra:37 Mem:226.27M (Peak 320.76M) | Time:00:01.27 | Mem:5.31M, Peak:9.47M | Scene, ViewLayer | Updating Geometry BVH t1 6/5 | Building OptiX acceleration structure
Fra:37 Mem:228.15M (Peak 320.76M) | Time:00:01.27 | Mem:5.31M, Peak:9.47M | Scene, ViewLayer | Updating Geometry BVH main_vol 2/5 | Building BVH
Fra:37 Mem:228.15M (Peak 320.76M) | Time:00:01.28 | Mem:5.31M, Peak:9.47M | Scene, ViewLayer | Updating Geometry BVH main_vol 2/5 | Building OptiX acceleration structure
Fra:37 Mem:226.32M (Peak 320.76M) | Time:00:01.28 | Mem:5.31M, Peak:9.47M | Scene, ViewLayer | Updating Geometry BVH t0 5/5 | Building BVH
Fra:37 Mem:226.32M (Peak 320.76M) | Time:00:01.28 | Mem:5.31M, Peak:9.47M | Scene, ViewLayer | Updating Geometry BVH t0 5/5 | Building OptiX acceleration structure
Fra:37 Mem:226.27M (Peak 320.76M) | Time:00:01.28 | Mem:5.31M, Peak:9.47M | Scene, ViewLayer | Updating Geometry BVH near_vol 4/5 | Building BVH
Fra:37 Mem:226.27M (Peak 320.76M) | Time:00:01.28 | Mem:5.31M, Peak:9.47M | Scene, ViewLayer | Updating Geometry BVH near_vol 4/5 | Building OptiX acceleration structure
Fra:37 Mem:226.27M (Peak 320.76M) | Time:00:01.28 | Mem:5.31M, Peak:9.47M | Scene, ViewLayer | Updating Geometry BVH far_vol 3/5 | Building BVH
Fra:37 Mem:226.27M (Peak 320.76M) | Time:00:01.28 | Mem:5.31M, Peak:9.47M | Scene, ViewLayer | Updating Geometry BVH far_vol 3/5 | Building OptiX acceleration structure
Fra:37 Mem:226.27M (Peak 320.76M) | Time:00:01.29 | Mem:5.31M, Peak:9.47M | Scene, ViewLayer | Updating Scene BVH | Building
Fra:37 Mem:226.27M (Peak 320.76M) | Time:00:01.29 | Mem:5.31M, Peak:9.47M | Scene, ViewLayer | Updating Scene BVH | Building OptiX acceleration structure
Fra:37 Mem:226.27M (Peak 320.76M) | Time:00:01.29 | Mem:5.31M, Peak:9.47M | Scene, ViewLayer | Updating Scene BVH | Building BVH
Fra:37 Mem:226.27M (Peak 320.76M) | Time:00:01.29 | Mem:5.31M, Peak:9.47M | Scene, ViewLayer | Updating Scene BVH | Building BVH 0%
Fra:37 Mem:226.27M (Peak 320.76M) | Time:00:01.35 | Mem:5.31M, Peak:9.47M | Scene, ViewLayer | Updating Scene BVH | Copying BVH to device
Fra:37 Mem:226.27M (Peak 320.76M) | Time:00:01.35 | Mem:5.31M, Peak:9.47M | Scene, ViewLayer | Updating Mesh | Computing normals
Fra:37 Mem:230.43M (Peak 320.76M) | Time:00:01.35 | Mem:5.31M, Peak:9.47M | Scene, ViewLayer | Updating Mesh | Copying Mesh to device
Fra:37 Mem:230.43M (Peak 320.76M) | Time:00:01.35 | Mem:9.47M, Peak:9.47M | Scene, ViewLayer | Updating Objects Flags
Fra:37 Mem:230.43M (Peak 320.76M) | Time:00:01.66 | Mem:9.47M, Peak:9.47M | Scene, ViewLayer | Updating Primitive Offsets
Fra:37 Mem:230.43M (Peak 320.76M) | Time:00:01.66 | Mem:9.47M, Peak:9.47M | Scene, ViewLayer | Updating Images
Fra:37 Mem:228.09M (Peak 320.76M) | Time:00:01.66 | Mem:9.47M, Peak:9.47M | Scene, ViewLayer | Updating Images | Loading density
Fra:37 Mem:230.46M (Peak 320.76M) | Time:00:01.67 | Mem:9.50M, Peak:11.42M | Scene, ViewLayer | Updating Camera Volume
Fra:37 Mem:230.46M (Peak 320.76M) | Time:00:01.67 | Mem:9.50M, Peak:11.42M | Scene, ViewLayer | Updating Lookup Tables
Fra:37 Mem:230.46M (Peak 320.76M) | Time:00:01.67 | Mem:9.50M, Peak:11.42M | Scene, ViewLayer | Updating Lights
Fra:37 Mem:230.46M (Peak 320.76M) | Time:00:01.67 | Mem:9.50M, Peak:11.42M | Scene, ViewLayer | Updating Lights | Computing tree
Fra:37 Mem:230.46M (Peak 320.76M) | Time:00:01.67 | Mem:9.50M, Peak:11.42M | Scene, ViewLayer | Updating Integrator
Fra:37 Mem:230.46M (Peak 320.76M) | Time:00:01.67 | Mem:9.50M, Peak:11.42M | Scene, ViewLayer | Updating Film
Fra:37 Mem:230.46M (Peak 320.76M) | Time:00:01.67 | Mem:9.50M, Peak:11.42M | Scene, ViewLayer | Updating Lookup Tables
Fra:37 Mem:230.46M (Peak 320.76M) | Time:00:01.67 | Mem:9.50M, Peak:11.42M | Scene, ViewLayer | Updating Baking
Fra:37 Mem:230.46M (Peak 320.76M) | Time:00:01.67 | Mem:9.50M, Peak:11.42M | Scene, ViewLayer | Updating Device | Writing constant memory
Fra:37 Mem:230.46M (Peak 320.76M) | Time:00:01.67 | Mem:9.50M, Peak:11.42M | Scene, ViewLayer | Sample 0/24
Fra:37 Mem:230.46M (Peak 320.76M) | Time:00:02.68 | Remaining:00:23.32 | Mem:9.50M, Peak:11.42M | Scene, ViewLayer | Sample 1/24
Fra:37 Mem:230.46M (Peak 320.76M) | Time:00:03.46 | Remaining:00:19.63 | Mem:9.50M, Peak:11.42M | Scene, ViewLayer | Sample 2/24
Fra:37 Mem:266.06M (Peak 320.76M) | Time:00:18.89 | Mem:9.50M, Peak:11.42M | Scene, ViewLayer | Sample 24/24
Fra:37 Mem:266.06M (Peak 320.76M) | Time:00:18.89 | Mem:9.50M, Peak:11.42M | Scene, ViewLayer | Finished
Saved: 'C:\Work\domin8te-build\daysky\out\b\f0037.png'
Time: 00:19.15 (Saving: 00:00.25)

Fra:38 Mem:230.46M (Peak 320.76M) | Time:00:00.55 | Mem:9.50M, Peak:9.50M | Scene, ViewLayer | Synchronizing object | main_vol
Fra:38 Mem:230.37M (Peak 320.76M) | Time:00:00.55 | Mem:9.50M, Peak:9.50M | Scene, ViewLayer | Synchronizing object | t0
Fra:38 Mem:230.30M (Peak 320.76M) | Time:00:00.55 | Mem:9.50M, Peak:9.50M | Scene, ViewLayer | Synchronizing object | t1
Fra:38 Mem:230.30M (Peak 320.76M) | Time:00:00.56 | Mem:9.50M, Peak:9.50M | Scene, ViewLayer | Initializing
Fra:38 Mem:230.29M (Peak 320.76M) | Time:00:00.56 | Mem:9.50M, Peak:9.50M | Scene, ViewLayer | Waiting for render to start
Fra:38 Mem:230.29M (Peak 320.76M) | Time:00:00.56 | Mem:9.50M, Peak:9.50M | Scene, ViewLayer | Updating Scene
Fra:38 Mem:230.29M (Peak 320.76M) | Time:00:00.56 | Mem:9.50M, Peak:9.50M | Scene, ViewLayer | Updating Shaders
Fra:38 Mem:230.29M (Peak 320.76M) | Time:00:00.56 | Mem:9.50M, Peak:9.50M | Scene, ViewLayer | Updating Background
Fra:38 Mem:230.29M (Peak 320.76M) | Time:00:00.56 | Mem:9.50M, Peak:9.50M | Scene, ViewLayer | Updating Camera
Fra:38 Mem:230.29M (Peak 320.76M) | Time:00:00.56 | Mem:9.50M, Peak:9.50M | Scene, ViewLayer | Updating Meshes Flags
Fra:38 Mem:230.29M (Peak 320.76M) | Time:00:00.56 | Mem:9.50M, Peak:9.50M | Scene, ViewLayer | Updating Meshes Volume Bounds
Fra:38 Mem:230.29M (Peak 320.76M) | Time:00:00.56 | Mem:9.50M, Peak:9.50M | Scene, ViewLayer | Updating Volume Images
Fra:38 Mem:230.29M (Peak 320.76M) | Time:00:00.56 | Mem:9.50M, Peak:9.50M | Scene, ViewLayer | Updating Mesh | Computing Volume Mesh main_vol
Fra:38 Mem:230.36M (Peak 320.76M) | Time:00:00.57 | Mem:9.50M, Peak:9.50M | Scene, ViewLayer | Updating Mesh | Computing Volume Mesh far_vol
Fra:38 Mem:230.40M (Peak 320.76M) | Time:00:00.57 | Mem:9.50M, Peak:9.50M | Scene, ViewLayer | Updating Mesh | Computing Volume Mesh near_vol
Fra:38 Mem:230.42M (Peak 320.76M) | Time:00:00.57 | Mem:9.50M, Peak:9.50M | Scene, ViewLayer | Updating Objects
Fra:38 Mem:230.42M (Peak 320.76M) | Time:00:00.57 | Mem:9.50M, Peak:9.50M | Scene, ViewLayer | Updating Objects | Copying Transformations to device
Fra:38 Mem:230.42M (Peak 320.76M) | Time:00:00.58 | Mem:9.50M, Peak:9.50M | Scene, ViewLayer | Updating Particle Systems
Fra:38 Mem:230.42M (Peak 320.76M) | Time:00:00.58 | Mem:9.50M, Peak:9.50M | Scene, ViewLayer | Updating Meshes
Fra:38 Mem:225.34M (Peak 320.76M) | Time:00:00.58 | Mem:4.38M, Peak:9.50M | Scene, ViewLayer | Updating Objects | Applying Static Transformations
Fra:38 Mem:225.34M (Peak 320.76M) | Time:00:00.58 | Mem:4.38M, Peak:9.50M | Scene, ViewLayer | Updating Mesh | Computing attributes
Fra:38 Mem:226.30M (Peak 320.76M) | Time:00:00.58 | Mem:4.38M, Peak:9.50M | Scene, ViewLayer | Updating Mesh | Copying Attributes to device
Fra:38 Mem:226.29M (Peak 320.76M) | Time:00:00.58 | Mem:5.33M, Peak:9.50M | Scene, ViewLayer | Updating Geometry BVH main_vol 2/5 | Building BVH
Fra:38 Mem:226.29M (Peak 320.76M) | Time:00:00.58 | Mem:5.33M, Peak:9.50M | Scene, ViewLayer | Updating Geometry BVH near_vol 4/5 | Building BVH
Fra:38 Mem:226.29M (Peak 320.76M) | Time:00:00.58 | Mem:5.33M, Peak:9.50M | Scene, ViewLayer | Updating Geometry BVH near_vol 4/5 | Building OptiX acceleration structure
Fra:38 Mem:226.38M (Peak 320.76M) | Time:00:00.58 | Mem:5.33M, Peak:9.50M | Scene, ViewLayer | Updating Geometry BVH t0 5/5 | Building BVH
Fra:38 Mem:226.38M (Peak 320.76M) | Time:00:00.58 | Mem:5.33M, Peak:9.50M | Scene, ViewLayer | Updating Geometry BVH t1 6/5 | Building BVH
Fra:38 Mem:226.38M (Peak 320.76M) | Time:00:00.58 | Mem:5.33M, Peak:9.50M | Scene, ViewLayer | Updating Geometry BVH t1 6/5 | Building OptiX acceleration structure
Fra:38 Mem:226.29M (Peak 320.76M) | Time:00:00.59 | Mem:5.33M, Peak:9.50M | Scene, ViewLayer | Updating Scene BVH | Building
Fra:38 Mem:226.29M (Peak 320.76M) | Time:00:00.59 | Mem:5.33M, Peak:9.50M | Scene, ViewLayer | Updating Scene BVH | Building OptiX acceleration structure
Fra:38 Mem:226.29M (Peak 320.76M) | Time:00:00.59 | Mem:5.33M, Peak:9.50M | Scene, ViewLayer | Updating Scene BVH | Building BVH
Fra:38 Mem:226.29M (Peak 320.76M) | Time:00:00.59 | Mem:5.33M, Peak:9.50M | Scene, ViewLayer | Updating Scene BVH | Building BVH 0%
Fra:38 Mem:226.29M (Peak 320.76M) | Time:00:00.63 | Mem:5.33M, Peak:9.50M | Scene, ViewLayer | Updating Scene BVH | Copying BVH to device
Fra:38 Mem:226.29M (Peak 320.76M) | Time:00:00.63 | Mem:5.33M, Peak:9.50M | Scene, ViewLayer | Updating Mesh | Computing normals
Fra:38 Mem:230.46M (Peak 320.76M) | Time:00:00.63 | Mem:5.33M, Peak:9.50M | Scene, ViewLayer | Updating Mesh | Copying Mesh to device
Fra:38 Mem:230.46M (Peak 320.76M) | Time:00:00.63 | Mem:9.50M, Peak:9.50M | Scene, ViewLayer | Updating Objects Flags
Fra:38 Mem:230.46M (Peak 320.76M) | Time:00:01.29 | Mem:9.50M, Peak:9.50M | Scene, ViewLayer | Updating Primitive Offsets
Fra:38 Mem:230.46M (Peak 320.76M) | Time:00:01.29 | Mem:9.50M, Peak:9.50M | Scene, ViewLayer | Updating Images
Fra:38 Mem:226.17M (Peak 320.76M) | Time:00:01.33 | Mem:5.21M, Peak:9.50M | Scene, ViewLayer | Updating Images | Loading density
Fra:38 Mem:230.50M (Peak 320.76M) | Time:00:01.34 | Mem:9.54M, Peak:9.54M | Scene, ViewLayer | Updating Camera Volume
Fra:38 Mem:230.50M (Peak 320.76M) | Time:00:01.34 | Mem:9.54M, Peak:9.54M | Scene, ViewLayer | Updating Lookup Tables
Fra:38 Mem:230.50M (Peak 320.76M) | Time:00:01.34 | Mem:9.54M, Peak:9.54M | Scene, ViewLayer | Updating Lights
Fra:38 Mem:230.50M (Peak 320.76M) | Time:00:01.34 | Mem:9.54M, Peak:9.54M | Scene, ViewLayer | Updating Lights | Computing tree
Fra:38 Mem:230.50M (Peak 320.76M) | Time:00:01.34 | Mem:9.54M, Peak:9.54M | Scene, ViewLayer | Updating Integrator
Fra:38 Mem:230.50M (Peak 320.76M) | Time:00:01.34 | Mem:9.54M, Peak:9.54M | Scene, ViewLayer | Updating Film
Fra:38 Mem:230.50M (Peak 320.76M) | Time:00:01.34 | Mem:9.54M, Peak:9.54M | Scene, ViewLayer | Updating Lookup Tables
Fra:38 Mem:230.50M (Peak 320.76M) | Time:00:01.34 | Mem:9.54M, Peak:9.54M | Scene, ViewLayer | Updating Baking
Fra:38 Mem:230.50M (Peak 320.76M) | Time:00:01.34 | Mem:9.54M, Peak:9.54M | Scene, ViewLayer | Updating Device | Writing constant memory
Fra:38 Mem:230.50M (Peak 320.76M) | Time:00:01.34 | Mem:9.54M, Peak:9.54M | Scene, ViewLayer | Sample 0/24
Fra:38 Mem:230.50M (Peak 320.76M) | Time:00:02.16 | Remaining:00:18.99 | Mem:9.54M, Peak:9.54M | Scene, ViewLayer | Sample 1/24
Fra:38 Mem:230.50M (Peak 320.76M) | Time:00:03.01 | Remaining:00:18.38 | Mem:9.54M, Peak:94.08M | Scene, ViewLayer | Sample 2/24
Fra:38 Mem:230.50M (Peak 320.76M) | Time:00:04.28 | Remaining:00:20.57 | Mem:9.54M, Peak:94.08M | Scene, ViewLayer | Sample 3/24
Fra:38 Mem:230.50M (Peak 320.76M) | Time:00:05.20 | Remaining:00:19.31 | Mem:9.54M, Peak:94.08M | Scene, ViewLayer | Sample 4/24
Fra:38 Mem:230.50M (Peak 320.76M) | Time:00:05.96 | Remaining:00:17.55 | Mem:9.54M, Peak:94.08M | Scene, ViewLayer | Sample 5/24
Fra:38 Mem:266.10M (Peak 320.76M) | Time:00:19.95 | Mem:9.54M, Peak:94.08M | Scene, ViewLayer | Sample 24/24
Fra:38 Mem:266.10M (Peak 320.76M) | Time:00:19.95 | Mem:9.54M, Peak:94.08M | Scene, ViewLayer | Finished
Saved: 'C:\Work\domin8te-build\daysky\out\b\f0038.png'
Time: 00:20.14 (Saving: 00:00.19)

Fra:39 Mem:230.50M (Peak 320.76M) | Time:00:01.09 | Mem:9.54M, Peak:9.54M | Scene, ViewLayer | Synchronizing object | t0
Fra:39 Mem:232.58M (Peak 320.76M) | Time:00:01.09 | Mem:9.54M, Peak:9.54M | Scene, ViewLayer | Synchronizing object | main_vol
Fra:39 Mem:232.49M (Peak 320.76M) | Time:00:01.09 | Mem:9.54M, Peak:9.54M | Scene, ViewLayer | Synchronizing object | far_vol
Fra:39 Mem:232.44M (Peak 320.76M) | Time:00:01.09 | Mem:9.54M, Peak:9.54M | Scene, ViewLayer | Synchronizing object | near_vol
Fra:39 Mem:230.34M (Peak 320.76M) | Time:00:01.09 | Mem:9.54M, Peak:9.54M | Scene, ViewLayer | Synchronizing object | t1
Fra:39 Mem:230.34M (Peak 320.76M) | Time:00:01.09 | Mem:9.54M, Peak:9.54M | Scene, ViewLayer | Initializing
Fra:39 Mem:230.33M (Peak 320.76M) | Time:00:01.09 | Mem:9.54M, Peak:9.54M | Scene, ViewLayer | Waiting for render to start
Fra:39 Mem:230.33M (Peak 320.76M) | Time:00:01.09 | Mem:9.54M, Peak:9.54M | Scene, ViewLayer | Updating Scene
Fra:39 Mem:230.33M (Peak 320.76M) | Time:00:01.09 | Mem:9.54M, Peak:9.54M | Scene, ViewLayer | Updating Shaders
Fra:39 Mem:230.33M (Peak 320.76M) | Time:00:01.09 | Mem:9.54M, Peak:9.54M | Scene, ViewLayer | Updating Background
Fra:39 Mem:230.33M (Peak 320.76M) | Time:00:01.09 | Mem:9.54M, Peak:9.54M | Scene, ViewLayer | Updating Camera
Fra:39 Mem:230.33M (Peak 320.76M) | Time:00:01.09 | Mem:9.54M, Peak:9.54M | Scene, ViewLayer | Updating Meshes Flags
Fra:39 Mem:230.33M (Peak 320.76M) | Time:00:01.09 | Mem:9.54M, Peak:9.54M | Scene, ViewLayer | Updating Meshes Volume Bounds
Fra:39 Mem:230.33M (Peak 320.76M) | Time:00:01.09 | Mem:9.54M, Peak:9.54M | Scene, ViewLayer | Updating Volume Images
Fra:39 Mem:230.33M (Peak 320.76M) | Time:00:01.09 | Mem:9.54M, Peak:9.54M | Scene, ViewLayer | Updating Mesh | Computing Volume Mesh main_vol
Fra:39 Mem:230.40M (Peak 320.76M) | Time:00:01.11 | Mem:9.54M, Peak:9.54M | Scene, ViewLayer | Updating Mesh | Computing Volume Mesh far_vol
Fra:39 Mem:230.44M (Peak 320.76M) | Time:00:01.12 | Mem:9.54M, Peak:9.54M | Scene, ViewLayer | Updating Mesh | Computing Volume Mesh near_vol
Fra:39 Mem:230.46M (Peak 320.76M) | Time:00:01.14 | Mem:9.54M, Peak:9.54M | Scene, ViewLayer | Updating Objects
Fra:39 Mem:230.46M (Peak 320.76M) | Time:00:01.14 | Mem:9.54M, Peak:9.54M | Scene, ViewLayer | Updating Objects | Copying Transformations to device
Fra:39 Mem:230.46M (Peak 320.76M) | Time:00:01.14 | Mem:9.54M, Peak:9.54M | Scene, ViewLayer | Updating Particle Systems
Fra:39 Mem:230.46M (Peak 320.76M) | Time:00:01.14 | Mem:9.54M, Peak:9.54M | Scene, ViewLayer | Updating Meshes
Fra:39 Mem:225.38M (Peak 320.76M) | Time:00:01.14 | Mem:4.42M, Peak:9.54M | Scene, ViewLayer | Updating Objects | Applying Static Transformations
Fra:39 Mem:225.38M (Peak 320.76M) | Time:00:01.14 | Mem:4.42M, Peak:9.54M | Scene, ViewLayer | Updating Mesh | Computing attributes
Fra:39 Mem:226.34M (Peak 320.76M) | Time:00:01.15 | Mem:4.42M, Peak:9.54M | Scene, ViewLayer | Updating Mesh | Copying Attributes to device
Fra:39 Mem:226.33M (Peak 320.76M) | Time:00:01.15 | Mem:5.37M, Peak:9.54M | Scene, ViewLayer | Updating Geometry BVH far_vol 3/5 | Building BVH
Fra:39 Mem:226.33M (Peak 320.76M) | Time:00:01.15 | Mem:5.37M, Peak:9.54M | Scene, ViewLayer | Updating Geometry BVH t0 5/5 | Building BVH
Fra:39 Mem:226.33M (Peak 320.76M) | Time:00:01.15 | Mem:5.37M, Peak:9.54M | Scene, ViewLayer | Updating Geometry BVH t1 6/5 | Building BVH
Fra:39 Mem:226.33M (Peak 320.76M) | Time:00:01.15 | Mem:5.37M, Peak:9.54M | Scene, ViewLayer | Updating Geometry BVH t1 6/5 | Building OptiX acceleration structure
Fra:39 Mem:226.33M (Peak 320.76M) | Time:00:01.16 | Mem:5.37M, Peak:9.54M | Scene, ViewLayer | Updating Scene BVH | Building
Fra:39 Mem:226.33M (Peak 320.76M) | Time:00:01.16 | Mem:5.37M, Peak:9.54M | Scene, ViewLayer | Updating Scene BVH | Building OptiX acceleration structure
Fra:39 Mem:226.34M (Peak 320.76M) | Time:00:01.16 | Mem:5.37M, Peak:9.54M | Scene, ViewLayer | Updating Scene BVH | Building BVH
Fra:39 Mem:226.34M (Peak 320.76M) | Time:00:01.16 | Mem:5.37M, Peak:9.54M | Scene, ViewLayer | Updating Scene BVH | Building BVH 0%
Fra:39 Mem:226.33M (Peak 320.76M) | Time:00:01.21 | Mem:5.37M, Peak:9.54M | Scene, ViewLayer | Updating Scene BVH | Copying BVH to device
Fra:39 Mem:226.33M (Peak 320.76M) | Time:00:01.21 | Mem:5.37M, Peak:9.54M | Scene, ViewLayer | Updating Mesh | Computing normals
Fra:39 Mem:230.50M (Peak 320.76M) | Time:00:01.21 | Mem:5.37M, Peak:9.54M | Scene, ViewLayer | Updating Mesh | Copying Mesh to device
Fra:39 Mem:230.50M (Peak 320.76M) | Time:00:01.22 | Mem:9.54M, Peak:9.54M | Scene, ViewLayer | Updating Objects Flags
Fra:39 Mem:230.50M (Peak 320.76M) | Time:00:01.23 | Mem:9.54M, Peak:9.54M | Scene, ViewLayer | Updating Primitive Offsets
Fra:39 Mem:230.50M (Peak 320.76M) | Time:00:01.23 | Mem:9.54M, Peak:9.54M | Scene, ViewLayer | Updating Images
Fra:39 Mem:228.12M (Peak 320.76M) | Time:00:01.23 | Mem:9.54M, Peak:9.54M | Scene, ViewLayer | Updating Images | Loading density
Fra:39 Mem:230.51M (Peak 320.76M) | Time:00:01.24 | Mem:9.55M, Peak:11.50M | Scene, ViewLayer | Updating Camera Volume
Fra:39 Mem:230.51M (Peak 320.76M) | Time:00:01.24 | Mem:9.55M, Peak:11.50M | Scene, ViewLayer | Updating Lookup Tables
Fra:39 Mem:230.51M (Peak 320.76M) | Time:00:01.24 | Mem:9.55M, Peak:11.50M | Scene, ViewLayer | Updating Lights
Fra:39 Mem:230.51M (Peak 320.76M) | Time:00:01.24 | Mem:9.55M, Peak:11.50M | Scene, ViewLayer | Updating Lights | Computing tree
Fra:39 Mem:230.51M (Peak 320.76M) | Time:00:01.24 | Mem:9.55M, Peak:11.50M | Scene, ViewLayer | Updating Integrator
Fra:39 Mem:230.51M (Peak 320.76M) | Time:00:01.24 | Mem:9.55M, Peak:11.50M | Scene, ViewLayer | Updating Film
Fra:39 Mem:230.51M (Peak 320.76M) | Time:00:01.24 | Mem:9.55M, Peak:11.50M | Scene, ViewLayer | Updating Lookup Tables
Fra:39 Mem:230.51M (Peak 320.76M) | Time:00:01.24 | Mem:9.55M, Peak:11.50M | Scene, ViewLayer | Updating Baking
Fra:39 Mem:230.51M (Peak 320.76M) | Time:00:01.24 | Mem:9.55M, Peak:11.50M | Scene, ViewLayer | Updating Device | Writing constant memory
Fra:39 Mem:230.51M (Peak 320.76M) | Time:00:01.24 | Mem:9.55M, Peak:11.50M | Scene, ViewLayer | Sample 0/24
Fra:39 Mem:230.51M (Peak 320.76M) | Time:00:01.98 | Remaining:00:16.96 | Mem:9.55M, Peak:11.50M | Scene, ViewLayer | Sample 1/24
Fra:39 Mem:230.51M (Peak 320.76M) | Time:00:03.11 | Remaining:00:20.56 | Mem:9.55M, Peak:94.09M | Scene, ViewLayer | Sample 2/24
Fra:39 Mem:230.51M (Peak 320.76M) | Time:00:04.10 | Remaining:00:20.01 | Mem:9.55M, Peak:94.09M | Scene, ViewLayer | Sample 3/24
Fra:39 Mem:266.11M (Peak 320.76M) | Time:00:19.79 | Mem:9.55M, Peak:94.09M | Scene, ViewLayer | Sample 24/24
Fra:39 Mem:266.11M (Peak 320.76M) | Time:00:19.79 | Mem:9.55M, Peak:94.09M | Scene, ViewLayer | Finished
Saved: 'C:\Work\domin8te-build\daysky\out\b\f0039.png'
Time: 00:19.96 (Saving: 00:00.16)

Fra:40 Mem:230.52M (Peak 320.76M) | Time:00:01.08 | Mem:9.55M, Peak:9.55M | Scene, ViewLayer | Synchronizing object | t0
Fra:40 Mem:230.52M (Peak 320.76M) | Time:00:01.08 | Mem:9.55M, Peak:9.55M | Scene, ViewLayer | Synchronizing object | t1
Fra:40 Mem:234.51M (Peak 320.76M) | Time:00:01.08 | Mem:9.55M, Peak:9.55M | Scene, ViewLayer | Synchronizing object | main_vol
Fra:40 Mem:234.42M (Peak 320.76M) | Time:00:01.08 | Mem:9.55M, Peak:9.55M | Scene, ViewLayer | Synchronizing object | far_vol
Fra:40 Mem:234.37M (Peak 320.76M) | Time:00:01.08 | Mem:9.55M, Peak:9.55M | Scene, ViewLayer | Synchronizing object | near_vol
Fra:40 Mem:230.35M (Peak 320.76M) | Time:00:01.08 | Mem:9.55M, Peak:9.55M | Scene, ViewLayer | Initializing
Fra:40 Mem:230.35M (Peak 320.76M) | Time:00:01.09 | Mem:9.55M, Peak:9.55M | Scene, ViewLayer | Waiting for render to start
Fra:40 Mem:230.35M (Peak 320.76M) | Time:00:01.09 | Mem:9.55M, Peak:9.55M | Scene, ViewLayer | Updating Scene
Fra:40 Mem:230.35M (Peak 320.76M) | Time:00:01.09 | Mem:9.55M, Peak:9.55M | Scene, ViewLayer | Updating Shaders
Fra:40 Mem:230.35M (Peak 320.76M) | Time:00:01.09 | Mem:9.55M, Peak:9.55M | Scene, ViewLayer | Updating Background
Fra:40 Mem:230.35M (Peak 320.76M) | Time:00:01.09 | Mem:9.55M, Peak:9.55M | Scene, ViewLayer | Updating Camera
Fra:40 Mem:230.35M (Peak 320.76M) | Time:00:01.09 | Mem:9.55M, Peak:9.55M | Scene, ViewLayer | Updating Meshes Flags
Fra:40 Mem:230.35M (Peak 320.76M) | Time:00:01.09 | Mem:9.55M, Peak:9.55M | Scene, ViewLayer | Updating Meshes Volume Bounds
Fra:40 Mem:230.35M (Peak 320.76M) | Time:00:01.09 | Mem:9.55M, Peak:9.55M | Scene, ViewLayer | Updating Volume Images
Fra:40 Mem:230.35M (Peak 320.76M) | Time:00:01.09 | Mem:9.55M, Peak:9.55M | Scene, ViewLayer | Updating Mesh | Computing Volume Mesh main_vol
Fra:40 Mem:230.42M (Peak 320.76M) | Time:00:01.11 | Mem:9.55M, Peak:9.55M | Scene, ViewLayer | Updating Mesh | Computing Volume Mesh far_vol
Fra:40 Mem:230.45M (Peak 320.76M) | Time:00:01.15 | Mem:9.55M, Peak:9.55M | Scene, ViewLayer | Updating Mesh | Computing Volume Mesh near_vol
Fra:40 Mem:230.48M (Peak 320.76M) | Time:00:01.16 | Mem:9.55M, Peak:9.55M | Scene, ViewLayer | Updating Objects
Fra:40 Mem:230.48M (Peak 320.76M) | Time:00:01.16 | Mem:9.55M, Peak:9.55M | Scene, ViewLayer | Updating Objects | Copying Transformations to device
Fra:40 Mem:230.48M (Peak 320.76M) | Time:00:01.16 | Mem:9.55M, Peak:9.55M | Scene, ViewLayer | Updating Particle Systems
Fra:40 Mem:230.48M (Peak 320.76M) | Time:00:01.16 | Mem:9.55M, Peak:9.55M | Scene, ViewLayer | Updating Meshes
Fra:40 Mem:225.40M (Peak 320.76M) | Time:00:01.20 | Mem:4.43M, Peak:9.55M | Scene, ViewLayer | Updating Objects | Applying Static Transformations
Fra:40 Mem:225.40M (Peak 320.76M) | Time:00:01.20 | Mem:4.43M, Peak:9.55M | Scene, ViewLayer | Updating Mesh | Computing attributes
Fra:40 Mem:226.35M (Peak 320.76M) | Time:00:01.20 | Mem:4.43M, Peak:9.55M | Scene, ViewLayer | Updating Mesh | Copying Attributes to device
Fra:40 Mem:226.35M (Peak 320.76M) | Time:00:01.20 | Mem:5.39M, Peak:9.55M | Scene, ViewLayer | Updating Geometry BVH t1 6/5 | Building BVH
Fra:40 Mem:226.35M (Peak 320.76M) | Time:00:01.21 | Mem:5.39M, Peak:9.55M | Scene, ViewLayer | Updating Geometry BVH main_vol 2/5 | Building BVH
Fra:40 Mem:226.35M (Peak 320.76M) | Time:00:01.23 | Mem:5.39M, Peak:9.55M | Scene, ViewLayer | Updating Geometry BVH main_vol 2/5 | Building OptiX acceleration structure
Fra:40 Mem:227.39M (Peak 320.76M) | Time:00:01.23 | Mem:5.39M, Peak:9.55M | Scene, ViewLayer | Updating Geometry BVH far_vol 3/5 | Building BVH
Fra:40 Mem:227.45M (Peak 320.76M) | Time:00:01.23 | Mem:5.39M, Peak:9.55M | Scene, ViewLayer | Updating Geometry BVH far_vol 3/5 | Building OptiX acceleration structure
Fra:40 Mem:228.26M (Peak 320.76M) | Time:00:01.24 | Mem:5.39M, Peak:9.55M | Scene, ViewLayer | Updating Geometry BVH near_vol 4/5 | Building BVH
Fra:40 Mem:228.26M (Peak 320.76M) | Time:00:01.24 | Mem:5.39M, Peak:9.55M | Scene, ViewLayer | Updating Geometry BVH near_vol 4/5 | Building OptiX acceleration structure
Fra:40 Mem:228.25M (Peak 320.76M) | Time:00:01.24 | Mem:5.39M, Peak:9.55M | Scene, ViewLayer | Updating Geometry BVH t0 5/5 | Building BVH
Fra:40 Mem:228.25M (Peak 320.76M) | Time:00:01.24 | Mem:5.39M, Peak:9.55M | Scene, ViewLayer | Updating Geometry BVH t0 5/5 | Building OptiX acceleration structure
Fra:40 Mem:226.35M (Peak 320.76M) | Time:00:01.24 | Mem:5.39M, Peak:9.55M | Scene, ViewLayer | Updating Scene BVH | Building
Fra:40 Mem:226.35M (Peak 320.76M) | Time:00:01.24 | Mem:5.39M, Peak:9.55M | Scene, ViewLayer | Updating Scene BVH | Building OptiX acceleration structure
Fra:40 Mem:226.35M (Peak 320.76M) | Time:00:01.24 | Mem:5.39M, Peak:9.55M | Scene, ViewLayer | Updating Scene BVH | Building BVH
Fra:40 Mem:226.35M (Peak 320.76M) | Time:00:01.24 | Mem:5.39M, Peak:9.55M | Scene, ViewLayer | Updating Scene BVH | Building BVH 0%
Fra:40 Mem:226.35M (Peak 320.76M) | Time:00:01.29 | Mem:5.39M, Peak:9.55M | Scene, ViewLayer | Updating Scene BVH | Copying BVH to device
Fra:40 Mem:226.35M (Peak 320.76M) | Time:00:01.29 | Mem:5.39M, Peak:9.55M | Scene, ViewLayer | Updating Mesh | Computing normals
Fra:40 Mem:230.52M (Peak 320.76M) | Time:00:01.29 | Mem:5.39M, Peak:9.55M | Scene, ViewLayer | Updating Mesh | Copying Mesh to device
Fra:40 Mem:230.52M (Peak 320.76M) | Time:00:01.30 | Mem:9.55M, Peak:9.55M | Scene, ViewLayer | Updating Objects Flags
Fra:40 Mem:230.52M (Peak 320.76M) | Time:00:01.37 | Mem:9.55M, Peak:9.55M | Scene, ViewLayer | Updating Primitive Offsets
Fra:40 Mem:230.52M (Peak 320.76M) | Time:00:01.37 | Mem:9.55M, Peak:9.55M | Scene, ViewLayer | Updating Images
Fra:40 Mem:226.17M (Peak 320.76M) | Time:00:01.37 | Mem:5.21M, Peak:9.55M | Scene, ViewLayer | Updating Images | Loading density
Fra:40 Mem:230.54M (Peak 320.76M) | Time:00:01.38 | Mem:9.57M, Peak:9.57M | Scene, ViewLayer | Updating Camera Volume
Fra:40 Mem:230.54M (Peak 320.76M) | Time:00:01.38 | Mem:9.57M, Peak:9.57M | Scene, ViewLayer | Updating Lookup Tables
Fra:40 Mem:230.54M (Peak 320.76M) | Time:00:01.38 | Mem:9.57M, Peak:9.57M | Scene, ViewLayer | Updating Lights
Fra:40 Mem:230.54M (Peak 320.76M) | Time:00:01.38 | Mem:9.57M, Peak:9.57M | Scene, ViewLayer | Updating Lights | Computing tree
Fra:40 Mem:230.54M (Peak 320.76M) | Time:00:01.38 | Mem:9.57M, Peak:9.57M | Scene, ViewLayer | Updating Integrator
Fra:40 Mem:230.54M (Peak 320.76M) | Time:00:01.38 | Mem:9.57M, Peak:9.57M | Scene, ViewLayer | Updating Film
Fra:40 Mem:230.54M (Peak 320.76M) | Time:00:01.38 | Mem:9.57M, Peak:9.57M | Scene, ViewLayer | Updating Lookup Tables
Fra:40 Mem:230.54M (Peak 320.76M) | Time:00:01.38 | Mem:9.57M, Peak:9.57M | Scene, ViewLayer | Updating Baking
Fra:40 Mem:230.54M (Peak 320.76M) | Time:00:01.38 | Mem:9.57M, Peak:9.57M | Scene, ViewLayer | Updating Device | Writing constant memory
Fra:40 Mem:230.54M (Peak 320.76M) | Time:00:01.38 | Mem:9.57M, Peak:9.57M | Scene, ViewLayer | Sample 0/24
Fra:40 Mem:230.54M (Peak 320.76M) | Time:00:02.11 | Remaining:00:16.97 | Mem:9.57M, Peak:9.57M | Scene, ViewLayer | Sample 1/24
Fra:40 Mem:230.54M (Peak 320.76M) | Time:00:03.26 | Remaining:00:20.72 | Mem:9.57M, Peak:9.57M | Scene, ViewLayer | Sample 2/24
Fra:40 Mem:266.14M (Peak 320.76M) | Time:00:19.80 | Mem:9.57M, Peak:9.57M | Scene, ViewLayer | Sample 24/24
Fra:40 Mem:266.14M (Peak 320.76M) | Time:00:19.80 | Mem:9.57M, Peak:9.57M | Scene, ViewLayer | Finished
Saved: 'C:\Work\domin8te-build\daysky\out\b\f0040.png'
Time: 00:19.98 (Saving: 00:00.17)

Fra:41 Mem:230.54M (Peak 320.76M) | Time:00:00.99 | Mem:9.57M, Peak:9.57M | Scene, ViewLayer | Synchronizing object | main_vol
Fra:41 Mem:230.49M (Peak 320.76M) | Time:00:00.99 | Mem:9.57M, Peak:9.57M | Scene, ViewLayer | Synchronizing object | t0
Fra:41 Mem:230.45M (Peak 320.76M) | Time:00:00.99 | Mem:9.57M, Peak:9.57M | Scene, ViewLayer | Synchronizing object | far_vol
Fra:41 Mem:230.40M (Peak 320.76M) | Time:00:01.00 | Mem:9.57M, Peak:9.57M | Scene, ViewLayer | Synchronizing object | t1
Fra:41 Mem:230.40M (Peak 320.76M) | Time:00:01.00 | Mem:9.57M, Peak:9.57M | Scene, ViewLayer | Synchronizing object | near_vol
Fra:41 Mem:230.38M (Peak 320.76M) | Time:00:01.00 | Mem:9.57M, Peak:9.57M | Scene, ViewLayer | Initializing
Fra:41 Mem:230.37M (Peak 320.76M) | Time:00:01.00 | Mem:9.57M, Peak:9.57M | Scene, ViewLayer | Waiting for render to start
Fra:41 Mem:230.37M (Peak 320.76M) | Time:00:01.00 | Mem:9.57M, Peak:9.57M | Scene, ViewLayer | Updating Scene
Fra:41 Mem:230.37M (Peak 320.76M) | Time:00:01.00 | Mem:9.57M, Peak:9.57M | Scene, ViewLayer | Updating Shaders
Fra:41 Mem:230.37M (Peak 320.76M) | Time:00:01.00 | Mem:9.57M, Peak:9.57M | Scene, ViewLayer | Updating Background
Fra:41 Mem:230.37M (Peak 320.76M) | Time:00:01.00 | Mem:9.57M, Peak:9.57M | Scene, ViewLayer | Updating Camera
Fra:41 Mem:230.37M (Peak 320.76M) | Time:00:01.00 | Mem:9.57M, Peak:9.57M | Scene, ViewLayer | Updating Meshes Flags
Fra:41 Mem:230.37M (Peak 320.76M) | Time:00:01.00 | Mem:9.57M, Peak:9.57M | Scene, ViewLayer | Updating Meshes Volume Bounds
Fra:41 Mem:230.37M (Peak 320.76M) | Time:00:01.00 | Mem:9.57M, Peak:9.57M | Scene, ViewLayer | Updating Volume Images
Fra:41 Mem:230.37M (Peak 320.76M) | Time:00:01.00 | Mem:9.57M, Peak:9.57M | Scene, ViewLayer | Updating Mesh | Computing Volume Mesh main_vol
Fra:41 Mem:230.44M (Peak 320.76M) | Time:00:01.02 | Mem:9.57M, Peak:9.57M | Scene, ViewLayer | Updating Mesh | Computing Volume Mesh far_vol
Fra:41 Mem:230.48M (Peak 320.76M) | Time:00:01.03 | Mem:9.57M, Peak:9.57M | Scene, ViewLayer | Updating Mesh | Computing Volume Mesh near_vol
Fra:41 Mem:230.50M (Peak 320.76M) | Time:00:01.03 | Mem:9.57M, Peak:9.57M | Scene, ViewLayer | Updating Objects
Fra:41 Mem:230.50M (Peak 320.76M) | Time:00:01.03 | Mem:9.57M, Peak:9.57M | Scene, ViewLayer | Updating Objects | Copying Transformations to device
Fra:41 Mem:230.50M (Peak 320.76M) | Time:00:01.03 | Mem:9.57M, Peak:9.57M | Scene, ViewLayer | Updating Particle Systems
Fra:41 Mem:230.50M (Peak 320.76M) | Time:00:01.03 | Mem:9.57M, Peak:9.57M | Scene, ViewLayer | Updating Meshes
Fra:41 Mem:225.42M (Peak 320.76M) | Time:00:01.04 | Mem:4.45M, Peak:9.57M | Scene, ViewLayer | Updating Objects | Applying Static Transformations
Fra:41 Mem:225.42M (Peak 320.76M) | Time:00:01.04 | Mem:4.45M, Peak:9.57M | Scene, ViewLayer | Updating Mesh | Computing attributes
Fra:41 Mem:226.37M (Peak 320.76M) | Time:00:01.04 | Mem:4.46M, Peak:9.57M | Scene, ViewLayer | Updating Mesh | Copying Attributes to device
Fra:41 Mem:226.37M (Peak 320.76M) | Time:00:01.04 | Mem:5.41M, Peak:9.57M | Scene, ViewLayer | Updating Geometry BVH t1 6/5 | Building BVH
Fra:41 Mem:226.37M (Peak 320.76M) | Time:00:01.04 | Mem:5.41M, Peak:9.57M | Scene, ViewLayer | Updating Geometry BVH t1 6/5 | Building OptiX acceleration structure
Fra:41 Mem:228.25M (Peak 320.76M) | Time:00:01.04 | Mem:5.41M, Peak:9.57M | Scene, ViewLayer | Updating Geometry BVH main_vol 2/5 | Building BVH
Fra:41 Mem:226.37M (Peak 320.76M) | Time:00:01.04 | Mem:5.41M, Peak:9.57M | Scene, ViewLayer | Updating Geometry BVH main_vol 2/5 | Building OptiX acceleration structure
Fra:41 Mem:226.43M (Peak 320.76M) | Time:00:01.04 | Mem:5.41M, Peak:9.57M | Scene, ViewLayer | Updating Geometry BVH t0 5/5 | Building BVH
Fra:41 Mem:226.43M (Peak 320.76M) | Time:00:01.04 | Mem:5.41M, Peak:9.57M | Scene, ViewLayer | Updating Geometry BVH t0 5/5 | Building OptiX acceleration structure
Fra:41 Mem:227.35M (Peak 320.76M) | Time:00:01.04 | Mem:5.41M, Peak:9.57M | Scene, ViewLayer | Updating Geometry BVH far_vol 3/5 | Building BVH
Fra:41 Mem:227.35M (Peak 320.76M) | Time:00:01.04 | Mem:5.41M, Peak:9.57M | Scene, ViewLayer | Updating Geometry BVH near_vol 4/5 | Building BVH
Fra:41 Mem:227.35M (Peak 320.76M) | Time:00:01.04 | Mem:5.41M, Peak:9.57M | Scene, ViewLayer | Updating Geometry BVH near_vol 4/5 | Building OptiX acceleration structure
Fra:41 Mem:226.37M (Peak 320.76M) | Time:00:01.04 | Mem:5.41M, Peak:9.57M | Scene, ViewLayer | Updating Scene BVH | Building
Fra:41 Mem:226.37M (Peak 320.76M) | Time:00:01.04 | Mem:5.41M, Peak:9.57M | Scene, ViewLayer | Updating Scene BVH | Building OptiX acceleration structure
Fra:41 Mem:226.37M (Peak 320.76M) | Time:00:01.04 | Mem:5.41M, Peak:9.57M | Scene, ViewLayer | Updating Scene BVH | Building BVH
Fra:41 Mem:226.37M (Peak 320.76M) | Time:00:01.04 | Mem:5.41M, Peak:9.57M | Scene, ViewLayer | Updating Scene BVH | Building BVH 0%
Fra:41 Mem:226.37M (Peak 320.76M) | Time:00:01.08 | Mem:5.41M, Peak:9.57M | Scene, ViewLayer | Updating Scene BVH | Copying BVH to device
Fra:41 Mem:226.37M (Peak 320.76M) | Time:00:01.08 | Mem:5.41M, Peak:9.57M | Scene, ViewLayer | Updating Mesh | Computing normals
Fra:41 Mem:230.54M (Peak 320.76M) | Time:00:01.08 | Mem:5.41M, Peak:9.57M | Scene, ViewLayer | Updating Mesh | Copying Mesh to device
Fra:41 Mem:230.54M (Peak 320.76M) | Time:00:01.08 | Mem:9.58M, Peak:9.58M | Scene, ViewLayer | Updating Objects Flags
Fra:41 Mem:230.54M (Peak 320.76M) | Time:00:01.67 | Mem:9.58M, Peak:9.58M | Scene, ViewLayer | Updating Primitive Offsets
Fra:41 Mem:230.54M (Peak 320.76M) | Time:00:01.67 | Mem:9.58M, Peak:9.58M | Scene, ViewLayer | Updating Images
Fra:41 Mem:228.14M (Peak 320.76M) | Time:00:01.67 | Mem:9.58M, Peak:9.58M | Scene, ViewLayer | Updating Images | Loading density
Fra:41 Mem:230.57M (Peak 320.76M) | Time:00:01.67 | Mem:9.61M, Peak:11.57M | Scene, ViewLayer | Updating Camera Volume
Fra:41 Mem:230.57M (Peak 320.76M) | Time:00:01.67 | Mem:9.61M, Peak:11.57M | Scene, ViewLayer | Updating Lookup Tables
Fra:41 Mem:230.57M (Peak 320.76M) | Time:00:01.67 | Mem:9.61M, Peak:11.57M | Scene, ViewLayer | Updating Lights
Fra:41 Mem:230.57M (Peak 320.76M) | Time:00:01.67 | Mem:9.61M, Peak:11.57M | Scene, ViewLayer | Updating Lights | Computing tree
Fra:41 Mem:230.57M (Peak 320.76M) | Time:00:01.68 | Mem:9.61M, Peak:11.57M | Scene, ViewLayer | Updating Integrator
Fra:41 Mem:230.57M (Peak 320.76M) | Time:00:01.68 | Mem:9.61M, Peak:11.57M | Scene, ViewLayer | Updating Film
Fra:41 Mem:230.57M (Peak 320.76M) | Time:00:01.68 | Mem:9.61M, Peak:11.57M | Scene, ViewLayer | Updating Lookup Tables
Fra:41 Mem:230.57M (Peak 320.76M) | Time:00:01.68 | Mem:9.61M, Peak:11.57M | Scene, ViewLayer | Updating Baking
Fra:41 Mem:230.57M (Peak 320.76M) | Time:00:01.68 | Mem:9.61M, Peak:11.57M | Scene, ViewLayer | Updating Device | Writing constant memory
Fra:41 Mem:230.57M (Peak 320.76M) | Time:00:01.68 | Mem:9.61M, Peak:11.57M | Scene, ViewLayer | Sample 0/24
Fra:41 Mem:230.57M (Peak 320.76M) | Time:00:02.71 | Remaining:00:23.58 | Mem:9.61M, Peak:11.57M | Scene, ViewLayer | Sample 1/24
Fra:41 Mem:230.57M (Peak 320.76M) | Time:00:03.80 | Remaining:00:23.22 | Mem:9.61M, Peak:11.57M | Scene, ViewLayer | Sample 2/24
Fra:41 Mem:266.17M (Peak 320.76M) | Time:00:20.69 | Mem:9.61M, Peak:11.57M | Scene, ViewLayer | Sample 24/24
Fra:41 Mem:266.17M (Peak 320.76M) | Time:00:20.69 | Mem:9.61M, Peak:11.57M | Scene, ViewLayer | Finished
Saved: 'C:\Work\domin8te-build\daysky\out\b\f0041.png'
Time: 00:20.91 (Saving: 00:00.22)

Fra:42 Mem:230.57M (Peak 320.76M) | Time:00:01.14 | Mem:9.61M, Peak:9.61M | Scene, ViewLayer | Synchronizing object | t0
Fra:42 Mem:230.57M (Peak 320.76M) | Time:00:01.14 | Mem:9.61M, Peak:9.61M | Scene, ViewLayer | Synchronizing object | t1
Fra:42 Mem:230.57M (Peak 320.76M) | Time:00:01.14 | Mem:9.61M, Peak:9.61M | Scene, ViewLayer | Synchronizing object | near_vol
Fra:42 Mem:230.55M (Peak 320.76M) | Time:00:01.14 | Mem:9.61M, Peak:9.61M | Scene, ViewLayer | Synchronizing object | far_vol
Fra:42 Mem:230.50M (Peak 320.76M) | Time:00:01.14 | Mem:9.61M, Peak:9.61M | Scene, ViewLayer | Synchronizing object | main_vol
Fra:42 Mem:230.41M (Peak 320.76M) | Time:00:01.14 | Mem:9.61M, Peak:9.61M | Scene, ViewLayer | Initializing
Fra:42 Mem:230.40M (Peak 320.76M) | Time:00:01.14 | Mem:9.61M, Peak:9.61M | Scene, ViewLayer | Waiting for render to start
Fra:42 Mem:230.40M (Peak 320.76M) | Time:00:01.14 | Mem:9.61M, Peak:9.61M | Scene, ViewLayer | Updating Scene
Fra:42 Mem:230.40M (Peak 320.76M) | Time:00:01.14 | Mem:9.61M, Peak:9.61M | Scene, ViewLayer | Updating Shaders
Fra:42 Mem:230.40M (Peak 320.76M) | Time:00:01.14 | Mem:9.61M, Peak:9.61M | Scene, ViewLayer | Updating Background
Fra:42 Mem:230.40M (Peak 320.76M) | Time:00:01.14 | Mem:9.61M, Peak:9.61M | Scene, ViewLayer | Updating Camera
Fra:42 Mem:230.40M (Peak 320.76M) | Time:00:01.14 | Mem:9.61M, Peak:9.61M | Scene, ViewLayer | Updating Meshes Flags
Fra:42 Mem:230.40M (Peak 320.76M) | Time:00:01.14 | Mem:9.61M, Peak:9.61M | Scene, ViewLayer | Updating Meshes Volume Bounds
Fra:42 Mem:230.40M (Peak 320.76M) | Time:00:01.14 | Mem:9.61M, Peak:9.61M | Scene, ViewLayer | Updating Volume Images
Fra:42 Mem:230.40M (Peak 320.76M) | Time:00:01.14 | Mem:9.61M, Peak:9.61M | Scene, ViewLayer | Updating Mesh | Computing Volume Mesh main_vol
Fra:42 Mem:230.47M (Peak 320.76M) | Time:00:01.16 | Mem:9.61M, Peak:9.61M | Scene, ViewLayer | Updating Mesh | Computing Volume Mesh far_vol
Fra:42 Mem:230.51M (Peak 320.76M) | Time:00:01.17 | Mem:9.61M, Peak:9.61M | Scene, ViewLayer | Updating Mesh | Computing Volume Mesh near_vol
Fra:42 Mem:230.53M (Peak 320.76M) | Time:00:01.17 | Mem:9.61M, Peak:9.61M | Scene, ViewLayer | Updating Objects
Fra:42 Mem:230.53M (Peak 320.76M) | Time:00:01.17 | Mem:9.61M, Peak:9.61M | Scene, ViewLayer | Updating Objects | Copying Transformations to device
Fra:42 Mem:230.53M (Peak 320.76M) | Time:00:01.17 | Mem:9.61M, Peak:9.61M | Scene, ViewLayer | Updating Particle Systems
Fra:42 Mem:230.53M (Peak 320.76M) | Time:00:01.17 | Mem:9.61M, Peak:9.61M | Scene, ViewLayer | Updating Meshes
Fra:42 Mem:225.45M (Peak 320.76M) | Time:00:01.21 | Mem:4.49M, Peak:9.61M | Scene, ViewLayer | Updating Objects | Applying Static Transformations
Fra:42 Mem:225.45M (Peak 320.76M) | Time:00:01.21 | Mem:4.49M, Peak:9.61M | Scene, ViewLayer | Updating Mesh | Computing attributes
Fra:42 Mem:226.40M (Peak 320.76M) | Time:00:01.21 | Mem:4.49M, Peak:9.61M | Scene, ViewLayer | Updating Mesh | Copying Attributes to device
Fra:42 Mem:226.40M (Peak 320.76M) | Time:00:01.22 | Mem:5.44M, Peak:9.61M | Scene, ViewLayer | Updating Geometry BVH t1 6/5 | Building BVH
Fra:42 Mem:226.40M (Peak 320.76M) | Time:00:01.22 | Mem:5.44M, Peak:9.61M | Scene, ViewLayer | Updating Geometry BVH t1 6/5 | Building OptiX acceleration structure
Fra:42 Mem:228.29M (Peak 320.76M) | Time:00:01.22 | Mem:5.44M, Peak:9.61M | Scene, ViewLayer | Updating Geometry BVH main_vol 2/5 | Building BVH
Fra:42 Mem:228.29M (Peak 320.76M) | Time:00:01.24 | Mem:5.44M, Peak:9.61M | Scene, ViewLayer | Updating Geometry BVH far_vol 3/5 | Building BVH
Fra:42 Mem:228.29M (Peak 320.76M) | Time:00:01.24 | Mem:5.44M, Peak:9.61M | Scene, ViewLayer | Updating Geometry BVH far_vol 3/5 | Building OptiX acceleration structure
Fra:42 Mem:226.49M (Peak 320.76M) | Time:00:01.24 | Mem:5.44M, Peak:9.61M | Scene, ViewLayer | Updating Geometry BVH t0 5/5 | Building BVH
Fra:42 Mem:226.49M (Peak 320.76M) | Time:00:01.24 | Mem:5.44M, Peak:9.61M | Scene, ViewLayer | Updating Geometry BVH t0 5/5 | Building OptiX acceleration structure
Fra:42 Mem:227.41M (Peak 320.76M) | Time:00:01.24 | Mem:5.44M, Peak:9.61M | Scene, ViewLayer | Updating Geometry BVH near_vol 4/5 | Building BVH
Fra:42 Mem:227.41M (Peak 320.76M) | Time:00:01.24 | Mem:5.44M, Peak:9.61M | Scene, ViewLayer | Updating Geometry BVH near_vol 4/5 | Building OptiX acceleration structure
Fra:42 Mem:226.40M (Peak 320.76M) | Time:00:01.25 | Mem:5.44M, Peak:9.61M | Scene, ViewLayer | Updating Scene BVH | Building
Fra:42 Mem:226.40M (Peak 320.76M) | Time:00:01.25 | Mem:5.44M, Peak:9.61M | Scene, ViewLayer | Updating Scene BVH | Building OptiX acceleration structure
Fra:42 Mem:226.40M (Peak 320.76M) | Time:00:01.25 | Mem:5.44M, Peak:9.61M | Scene, ViewLayer | Updating Scene BVH | Building BVH
Fra:42 Mem:226.40M (Peak 320.76M) | Time:00:01.25 | Mem:5.44M, Peak:9.61M | Scene, ViewLayer | Updating Scene BVH | Building BVH 0%
Fra:42 Mem:226.40M (Peak 320.76M) | Time:00:01.32 | Mem:5.44M, Peak:9.61M | Scene, ViewLayer | Updating Scene BVH | Copying BVH to device
Fra:42 Mem:226.40M (Peak 320.76M) | Time:00:01.32 | Mem:5.44M, Peak:9.61M | Scene, ViewLayer | Updating Mesh | Computing normals
Fra:42 Mem:230.57M (Peak 320.76M) | Time:00:01.32 | Mem:5.44M, Peak:9.61M | Scene, ViewLayer | Updating Mesh | Copying Mesh to device
Fra:42 Mem:230.57M (Peak 320.76M) | Time:00:01.32 | Mem:9.61M, Peak:9.61M | Scene, ViewLayer | Updating Objects Flags
Fra:42 Mem:230.57M (Peak 320.76M) | Time:00:01.45 | Mem:9.61M, Peak:9.61M | Scene, ViewLayer | Updating Primitive Offsets
Fra:42 Mem:230.57M (Peak 320.76M) | Time:00:01.45 | Mem:9.61M, Peak:9.61M | Scene, ViewLayer | Updating Images
Fra:42 Mem:226.17M (Peak 320.76M) | Time:00:01.45 | Mem:5.21M, Peak:9.61M | Scene, ViewLayer | Updating Images | Loading density
Fra:42 Mem:230.59M (Peak 320.76M) | Time:00:01.45 | Mem:9.63M, Peak:9.63M | Scene, ViewLayer | Updating Camera Volume
Fra:42 Mem:230.59M (Peak 320.76M) | Time:00:01.45 | Mem:9.63M, Peak:9.63M | Scene, ViewLayer | Updating Lookup Tables
Fra:42 Mem:230.59M (Peak 320.76M) | Time:00:01.45 | Mem:9.63M, Peak:9.63M | Scene, ViewLayer | Updating Lights
Fra:42 Mem:230.59M (Peak 320.76M) | Time:00:01.45 | Mem:9.63M, Peak:9.63M | Scene, ViewLayer | Updating Lights | Computing tree
Fra:42 Mem:230.59M (Peak 320.76M) | Time:00:01.45 | Mem:9.63M, Peak:9.63M | Scene, ViewLayer | Updating Integrator
Fra:42 Mem:230.59M (Peak 320.76M) | Time:00:01.45 | Mem:9.63M, Peak:9.63M | Scene, ViewLayer | Updating Film
Fra:42 Mem:230.59M (Peak 320.76M) | Time:00:01.45 | Mem:9.63M, Peak:9.63M | Scene, ViewLayer | Updating Lookup Tables
Fra:42 Mem:230.59M (Peak 320.76M) | Time:00:01.45 | Mem:9.63M, Peak:9.63M | Scene, ViewLayer | Updating Baking
Fra:42 Mem:230.59M (Peak 320.76M) | Time:00:01.45 | Mem:9.63M, Peak:9.63M | Scene, ViewLayer | Updating Device | Writing constant memory
Fra:42 Mem:230.59M (Peak 320.76M) | Time:00:01.45 | Mem:9.63M, Peak:9.63M | Scene, ViewLayer | Sample 0/24
Fra:42 Mem:230.59M (Peak 320.76M) | Time:00:02.39 | Remaining:00:21.64 | Mem:9.63M, Peak:9.63M | Scene, ViewLayer | Sample 1/24
Fra:42 Mem:230.59M (Peak 320.76M) | Time:00:03.49 | Remaining:00:22.39 | Mem:9.63M, Peak:9.63M | Scene, ViewLayer | Sample 2/24
Fra:42 Mem:266.19M (Peak 320.76M) | Time:00:21.49 | Mem:9.63M, Peak:9.63M | Scene, ViewLayer | Sample 24/24
Fra:42 Mem:266.19M (Peak 320.76M) | Time:00:21.49 | Mem:9.63M, Peak:9.63M | Scene, ViewLayer | Finished
Saved: 'C:\Work\domin8te-build\daysky\out\b\f0042.png'
Time: 00:21.66 (Saving: 00:00.17)

Fra:43 Mem:230.59M (Peak 320.76M) | Time:00:00.80 | Mem:9.63M, Peak:9.63M | Scene, ViewLayer | Synchronizing object | main_vol
Fra:43 Mem:230.51M (Peak 320.76M) | Time:00:00.80 | Mem:9.63M, Peak:9.63M | Scene, ViewLayer | Synchronizing object | t0
Fra:43 Mem:230.43M (Peak 320.76M) | Time:00:00.80 | Mem:9.63M, Peak:9.63M | Scene, ViewLayer | Synchronizing object | t1
Fra:43 Mem:230.43M (Peak 320.76M) | Time:00:00.80 | Mem:9.63M, Peak:9.63M | Scene, ViewLayer | Initializing
Fra:43 Mem:230.43M (Peak 320.76M) | Time:00:00.80 | Mem:9.63M, Peak:9.63M | Scene, ViewLayer | Waiting for render to start
Fra:43 Mem:230.43M (Peak 320.76M) | Time:00:00.80 | Mem:9.63M, Peak:9.63M | Scene, ViewLayer | Updating Scene
Fra:43 Mem:230.43M (Peak 320.76M) | Time:00:00.80 | Mem:9.63M, Peak:9.63M | Scene, ViewLayer | Updating Shaders
Fra:43 Mem:230.43M (Peak 320.76M) | Time:00:00.80 | Mem:9.63M, Peak:9.63M | Scene, ViewLayer | Updating Background
Fra:43 Mem:230.43M (Peak 320.76M) | Time:00:00.80 | Mem:9.63M, Peak:9.63M | Scene, ViewLayer | Updating Camera
Fra:43 Mem:230.43M (Peak 320.76M) | Time:00:00.80 | Mem:9.63M, Peak:9.63M | Scene, ViewLayer | Updating Meshes Flags
Fra:43 Mem:230.43M (Peak 320.76M) | Time:00:00.80 | Mem:9.63M, Peak:9.63M | Scene, ViewLayer | Updating Meshes Volume Bounds
Fra:43 Mem:230.43M (Peak 320.76M) | Time:00:00.80 | Mem:9.63M, Peak:9.63M | Scene, ViewLayer | Updating Volume Images
Fra:43 Mem:230.43M (Peak 320.76M) | Time:00:00.80 | Mem:9.63M, Peak:9.63M | Scene, ViewLayer | Updating Mesh | Computing Volume Mesh main_vol
Fra:43 Mem:230.49M (Peak 320.76M) | Time:00:00.81 | Mem:9.63M, Peak:9.63M | Scene, ViewLayer | Updating Mesh | Computing Volume Mesh far_vol
Fra:43 Mem:230.53M (Peak 320.76M) | Time:00:00.82 | Mem:9.63M, Peak:9.63M | Scene, ViewLayer | Updating Mesh | Computing Volume Mesh near_vol
Fra:43 Mem:230.55M (Peak 320.76M) | Time:00:00.82 | Mem:9.63M, Peak:9.63M | Scene, ViewLayer | Updating Objects
Fra:43 Mem:230.55M (Peak 320.76M) | Time:00:00.82 | Mem:9.63M, Peak:9.63M | Scene, ViewLayer | Updating Objects | Copying Transformations to device
Fra:43 Mem:230.55M (Peak 320.76M) | Time:00:00.82 | Mem:9.63M, Peak:9.63M | Scene, ViewLayer | Updating Particle Systems
Fra:43 Mem:230.55M (Peak 320.76M) | Time:00:00.82 | Mem:9.63M, Peak:9.63M | Scene, ViewLayer | Updating Meshes
Fra:43 Mem:225.47M (Peak 320.76M) | Time:00:00.82 | Mem:4.51M, Peak:9.63M | Scene, ViewLayer | Updating Objects | Applying Static Transformations
Fra:43 Mem:225.47M (Peak 320.76M) | Time:00:00.82 | Mem:4.51M, Peak:9.63M | Scene, ViewLayer | Updating Mesh | Computing attributes
Fra:43 Mem:226.43M (Peak 320.76M) | Time:00:00.82 | Mem:4.51M, Peak:9.63M | Scene, ViewLayer | Updating Mesh | Copying Attributes to device
Fra:43 Mem:226.42M (Peak 320.76M) | Time:00:00.82 | Mem:5.46M, Peak:9.63M | Scene, ViewLayer | Updating Geometry BVH main_vol 2/5 | Building BVH
Fra:43 Mem:226.42M (Peak 320.76M) | Time:00:00.82 | Mem:5.46M, Peak:9.63M | Scene, ViewLayer | Updating Geometry BVH t1 6/5 | Building BVH
Fra:43 Mem:226.42M (Peak 320.76M) | Time:00:00.82 | Mem:5.46M, Peak:9.63M | Scene, ViewLayer | Updating Geometry BVH t0 5/5 | Building BVH
Fra:43 Mem:226.42M (Peak 320.76M) | Time:00:00.82 | Mem:5.46M, Peak:9.63M | Scene, ViewLayer | Updating Geometry BVH t0 5/5 | Building OptiX acceleration structure
Fra:43 Mem:226.42M (Peak 320.76M) | Time:00:00.84 | Mem:5.46M, Peak:9.63M | Scene, ViewLayer | Updating Scene BVH | Building
Fra:43 Mem:226.43M (Peak 320.76M) | Time:00:00.84 | Mem:5.46M, Peak:9.63M | Scene, ViewLayer | Updating Scene BVH | Building OptiX acceleration structure
Fra:43 Mem:226.43M (Peak 320.76M) | Time:00:00.84 | Mem:5.46M, Peak:9.63M | Scene, ViewLayer | Updating Scene BVH | Building BVH
Fra:43 Mem:226.43M (Peak 320.76M) | Time:00:00.84 | Mem:5.46M, Peak:9.63M | Scene, ViewLayer | Updating Scene BVH | Building BVH 0%
Fra:43 Mem:226.43M (Peak 320.76M) | Time:00:00.85 | Mem:5.46M, Peak:9.63M | Scene, ViewLayer | Updating Scene BVH | Copying BVH to device
Fra:43 Mem:226.43M (Peak 320.76M) | Time:00:00.85 | Mem:5.46M, Peak:9.63M | Scene, ViewLayer | Updating Mesh | Computing normals
Fra:43 Mem:230.59M (Peak 320.76M) | Time:00:00.85 | Mem:5.46M, Peak:9.63M | Scene, ViewLayer | Updating Mesh | Copying Mesh to device
Fra:43 Mem:230.59M (Peak 320.76M) | Time:00:00.86 | Mem:9.63M, Peak:9.63M | Scene, ViewLayer | Updating Objects Flags
Fra:43 Mem:230.59M (Peak 320.76M) | Time:00:00.87 | Mem:9.63M, Peak:9.63M | Scene, ViewLayer | Updating Primitive Offsets
Fra:43 Mem:230.59M (Peak 320.76M) | Time:00:00.87 | Mem:9.63M, Peak:9.63M | Scene, ViewLayer | Updating Images
Fra:43 Mem:229.79M (Peak 320.76M) | Time:00:00.87 | Mem:9.63M, Peak:9.63M | Scene, ViewLayer | Updating Images | Loading density
Fra:43 Mem:230.61M (Peak 320.76M) | Time:00:00.88 | Mem:9.65M, Peak:13.27M | Scene, ViewLayer | Updating Camera Volume
Fra:43 Mem:230.61M (Peak 320.76M) | Time:00:00.88 | Mem:9.65M, Peak:13.27M | Scene, ViewLayer | Updating Lookup Tables
Fra:43 Mem:230.61M (Peak 320.76M) | Time:00:00.88 | Mem:9.65M, Peak:13.27M | Scene, ViewLayer | Updating Lights
Fra:43 Mem:230.61M (Peak 320.76M) | Time:00:00.88 | Mem:9.65M, Peak:13.27M | Scene, ViewLayer | Updating Lights | Computing tree
Fra:43 Mem:230.61M (Peak 320.76M) | Time:00:00.88 | Mem:9.65M, Peak:13.27M | Scene, ViewLayer | Updating Integrator
Fra:43 Mem:230.61M (Peak 320.76M) | Time:00:00.88 | Mem:9.65M, Peak:13.27M | Scene, ViewLayer | Updating Film
Fra:43 Mem:230.61M (Peak 320.76M) | Time:00:00.88 | Mem:9.65M, Peak:13.27M | Scene, ViewLayer | Updating Lookup Tables
Fra:43 Mem:230.61M (Peak 320.76M) | Time:00:00.88 | Mem:9.65M, Peak:13.27M | Scene, ViewLayer | Updating Baking
Fra:43 Mem:230.61M (Peak 320.76M) | Time:00:00.88 | Mem:9.65M, Peak:13.27M | Scene, ViewLayer | Updating Device | Writing constant memory
Fra:43 Mem:230.61M (Peak 320.76M) | Time:00:00.88 | Mem:9.65M, Peak:13.27M | Scene, ViewLayer | Sample 0/24
Fra:43 Mem:230.61M (Peak 320.76M) | Time:00:01.83 | Remaining:00:21.83 | Mem:9.65M, Peak:13.27M | Scene, ViewLayer | Sample 1/24
Fra:43 Mem:230.61M (Peak 320.76M) | Time:00:02.94 | Remaining:00:22.70 | Mem:9.65M, Peak:13.27M | Scene, ViewLayer | Sample 2/24
Fra:43 Mem:266.21M (Peak 320.76M) | Time:00:20.16 | Mem:9.65M, Peak:13.27M | Scene, ViewLayer | Sample 24/24
Fra:43 Mem:266.21M (Peak 320.76M) | Time:00:20.16 | Mem:9.65M, Peak:13.27M | Scene, ViewLayer | Finished
Saved: 'C:\Work\domin8te-build\daysky\out\b\f0043.png'
Time: 00:20.38 (Saving: 00:00.21)

Fra:44 Mem:230.62M (Peak 320.76M) | Time:00:00.99 | Mem:9.65M, Peak:9.65M | Scene, ViewLayer | Synchronizing object | t0
Fra:44 Mem:232.69M (Peak 320.76M) | Time:00:00.99 | Mem:9.65M, Peak:9.65M | Scene, ViewLayer | Synchronizing object | main_vol
Fra:44 Mem:232.60M (Peak 320.76M) | Time:00:00.99 | Mem:9.65M, Peak:9.65M | Scene, ViewLayer | Synchronizing object | far_vol
Fra:44 Mem:231.35M (Peak 320.76M) | Time:00:00.99 | Mem:9.65M, Peak:9.65M | Scene, ViewLayer | Synchronizing object | near_vol
Fra:44 Mem:230.45M (Peak 320.76M) | Time:00:00.99 | Mem:9.65M, Peak:9.65M | Scene, ViewLayer | Synchronizing object | t1
Fra:44 Mem:230.45M (Peak 320.76M) | Time:00:01.00 | Mem:9.65M, Peak:9.65M | Scene, ViewLayer | Initializing
Fra:44 Mem:230.45M (Peak 320.76M) | Time:00:01.00 | Mem:9.65M, Peak:9.65M | Scene, ViewLayer | Waiting for render to start
Fra:44 Mem:230.45M (Peak 320.76M) | Time:00:01.00 | Mem:9.65M, Peak:9.65M | Scene, ViewLayer | Updating Scene
Fra:44 Mem:230.45M (Peak 320.76M) | Time:00:01.00 | Mem:9.65M, Peak:9.65M | Scene, ViewLayer | Updating Shaders
Fra:44 Mem:230.45M (Peak 320.76M) | Time:00:01.00 | Mem:9.65M, Peak:9.65M | Scene, ViewLayer | Updating Background
Fra:44 Mem:230.45M (Peak 320.76M) | Time:00:01.00 | Mem:9.65M, Peak:9.65M | Scene, ViewLayer | Updating Camera
Fra:44 Mem:230.45M (Peak 320.76M) | Time:00:01.00 | Mem:9.65M, Peak:9.65M | Scene, ViewLayer | Updating Meshes Flags
Fra:44 Mem:230.45M (Peak 320.76M) | Time:00:01.00 | Mem:9.65M, Peak:9.65M | Scene, ViewLayer | Updating Meshes Volume Bounds
Fra:44 Mem:230.45M (Peak 320.76M) | Time:00:01.00 | Mem:9.65M, Peak:9.65M | Scene, ViewLayer | Updating Volume Images
Fra:44 Mem:230.45M (Peak 320.76M) | Time:00:01.00 | Mem:9.65M, Peak:9.65M | Scene, ViewLayer | Updating Mesh | Computing Volume Mesh main_vol
Fra:44 Mem:230.52M (Peak 320.76M) | Time:00:01.01 | Mem:9.65M, Peak:9.65M | Scene, ViewLayer | Updating Mesh | Computing Volume Mesh far_vol
Fra:44 Mem:230.55M (Peak 320.76M) | Time:00:01.02 | Mem:9.65M, Peak:9.65M | Scene, ViewLayer | Updating Mesh | Computing Volume Mesh near_vol
Fra:44 Mem:230.57M (Peak 320.76M) | Time:00:01.03 | Mem:9.65M, Peak:9.65M | Scene, ViewLayer | Updating Objects
Fra:44 Mem:230.57M (Peak 320.76M) | Time:00:01.03 | Mem:9.65M, Peak:9.65M | Scene, ViewLayer | Updating Objects | Copying Transformations to device
Fra:44 Mem:230.57M (Peak 320.76M) | Time:00:01.03 | Mem:9.65M, Peak:9.65M | Scene, ViewLayer | Updating Particle Systems
Fra:44 Mem:230.57M (Peak 320.76M) | Time:00:01.03 | Mem:9.65M, Peak:9.65M | Scene, ViewLayer | Updating Meshes
Fra:44 Mem:225.49M (Peak 320.76M) | Time:00:01.06 | Mem:4.53M, Peak:9.65M | Scene, ViewLayer | Updating Objects | Applying Static Transformations
Fra:44 Mem:225.49M (Peak 320.76M) | Time:00:01.06 | Mem:4.53M, Peak:9.65M | Scene, ViewLayer | Updating Mesh | Computing attributes
Fra:44 Mem:226.45M (Peak 320.76M) | Time:00:01.06 | Mem:4.53M, Peak:9.65M | Scene, ViewLayer | Updating Mesh | Copying Attributes to device
Fra:44 Mem:226.45M (Peak 320.76M) | Time:00:01.06 | Mem:5.48M, Peak:9.65M | Scene, ViewLayer | Updating Geometry BVH t1 6/5 | Building BVH
Fra:44 Mem:226.45M (Peak 320.76M) | Time:00:01.07 | Mem:5.48M, Peak:9.65M | Scene, ViewLayer | Updating Geometry BVH main_vol 2/5 | Building BVH
Fra:44 Mem:226.45M (Peak 320.76M) | Time:00:01.07 | Mem:5.48M, Peak:9.65M | Scene, ViewLayer | Updating Geometry BVH main_vol 2/5 | Building OptiX acceleration structure
Fra:44 Mem:228.33M (Peak 320.76M) | Time:00:01.08 | Mem:5.48M, Peak:9.65M | Scene, ViewLayer | Updating Geometry BVH far_vol 3/5 | Building BVH
Fra:44 Mem:228.33M (Peak 320.76M) | Time:00:01.08 | Mem:5.48M, Peak:9.65M | Scene, ViewLayer | Updating Geometry BVH far_vol 3/5 | Building OptiX acceleration structure
Fra:44 Mem:228.36M (Peak 320.76M) | Time:00:01.08 | Mem:5.48M, Peak:9.65M | Scene, ViewLayer | Updating Geometry BVH near_vol 4/5 | Building BVH
Fra:44 Mem:228.36M (Peak 320.76M) | Time:00:01.08 | Mem:5.48M, Peak:9.65M | Scene, ViewLayer | Updating Geometry BVH near_vol 4/5 | Building OptiX acceleration structure
Fra:44 Mem:226.49M (Peak 320.76M) | Time:00:01.08 | Mem:5.48M, Peak:9.65M | Scene, ViewLayer | Updating Geometry BVH t0 5/5 | Building BVH
Fra:44 Mem:226.49M (Peak 320.76M) | Time:00:01.08 | Mem:5.48M, Peak:9.65M | Scene, ViewLayer | Updating Geometry BVH t0 5/5 | Building OptiX acceleration structure
Fra:44 Mem:226.45M (Peak 320.76M) | Time:00:01.08 | Mem:5.48M, Peak:9.65M | Scene, ViewLayer | Updating Scene BVH | Building
Fra:44 Mem:226.45M (Peak 320.76M) | Time:00:01.09 | Mem:5.48M, Peak:9.65M | Scene, ViewLayer | Updating Scene BVH | Building OptiX acceleration structure
Fra:44 Mem:226.45M (Peak 320.76M) | Time:00:01.09 | Mem:5.48M, Peak:9.65M | Scene, ViewLayer | Updating Scene BVH | Building BVH
Fra:44 Mem:226.45M (Peak 320.76M) | Time:00:01.09 | Mem:5.48M, Peak:9.65M | Scene, ViewLayer | Updating Scene BVH | Building BVH 0%
Fra:44 Mem:226.45M (Peak 320.76M) | Time:00:01.14 | Mem:5.48M, Peak:9.65M | Scene, ViewLayer | Updating Scene BVH | Copying BVH to device
Fra:44 Mem:226.45M (Peak 320.76M) | Time:00:01.14 | Mem:5.48M, Peak:9.65M | Scene, ViewLayer | Updating Mesh | Computing normals
Fra:44 Mem:230.61M (Peak 320.76M) | Time:00:01.14 | Mem:5.48M, Peak:9.65M | Scene, ViewLayer | Updating Mesh | Copying Mesh to device
Fra:44 Mem:230.61M (Peak 320.76M) | Time:00:01.14 | Mem:9.65M, Peak:9.65M | Scene, ViewLayer | Updating Objects Flags
Fra:44 Mem:230.61M (Peak 320.76M) | Time:00:01.33 | Mem:9.65M, Peak:9.65M | Scene, ViewLayer | Updating Primitive Offsets
Fra:44 Mem:230.61M (Peak 320.76M) | Time:00:01.33 | Mem:9.65M, Peak:9.65M | Scene, ViewLayer | Updating Images
Fra:44 Mem:226.18M (Peak 320.76M) | Time:00:01.33 | Mem:5.21M, Peak:9.65M | Scene, ViewLayer | Updating Images | Loading density
Fra:44 Mem:230.64M (Peak 320.76M) | Time:00:01.36 | Mem:9.68M, Peak:9.68M | Scene, ViewLayer | Updating Camera Volume
Fra:44 Mem:230.64M (Peak 320.76M) | Time:00:01.36 | Mem:9.68M, Peak:9.68M | Scene, ViewLayer | Updating Lookup Tables
Fra:44 Mem:230.64M (Peak 320.76M) | Time:00:01.36 | Mem:9.68M, Peak:9.68M | Scene, ViewLayer | Updating Lights
Fra:44 Mem:230.64M (Peak 320.76M) | Time:00:01.36 | Mem:9.68M, Peak:9.68M | Scene, ViewLayer | Updating Lights | Computing tree
Fra:44 Mem:230.64M (Peak 320.76M) | Time:00:01.36 | Mem:9.68M, Peak:9.68M | Scene, ViewLayer | Updating Integrator
Fra:44 Mem:230.64M (Peak 320.76M) | Time:00:01.36 | Mem:9.68M, Peak:9.68M | Scene, ViewLayer | Updating Film
Fra:44 Mem:230.64M (Peak 320.76M) | Time:00:01.36 | Mem:9.68M, Peak:9.68M | Scene, ViewLayer | Updating Lookup Tables
Fra:44 Mem:230.64M (Peak 320.76M) | Time:00:01.36 | Mem:9.68M, Peak:9.68M | Scene, ViewLayer | Updating Baking
Fra:44 Mem:230.64M (Peak 320.76M) | Time:00:01.36 | Mem:9.68M, Peak:9.68M | Scene, ViewLayer | Updating Device | Writing constant memory
Fra:44 Mem:230.64M (Peak 320.76M) | Time:00:01.36 | Mem:9.68M, Peak:9.68M | Scene, ViewLayer | Sample 0/24
Fra:44 Mem:230.64M (Peak 320.76M) | Time:00:02.35 | Remaining:00:22.70 | Mem:9.68M, Peak:9.68M | Scene, ViewLayer | Sample 1/24
Fra:44 Mem:230.64M (Peak 320.76M) | Time:00:03.48 | Remaining:00:23.24 | Mem:9.68M, Peak:9.68M | Scene, ViewLayer | Sample 2/24
Fra:44 Mem:266.24M (Peak 320.76M) | Time:00:21.06 | Mem:9.68M, Peak:9.68M | Scene, ViewLayer | Sample 24/24
Fra:44 Mem:266.24M (Peak 320.76M) | Time:00:21.06 | Mem:9.68M, Peak:9.68M | Scene, ViewLayer | Finished
Saved: 'C:\Work\domin8te-build\daysky\out\b\f0044.png'
Time: 00:21.31 (Saving: 00:00.25)

Fra:45 Mem:230.65M (Peak 320.76M) | Time:00:01.05 | Mem:9.68M, Peak:9.68M | Scene, ViewLayer | Synchronizing object | main_vol
Fra:45 Mem:230.56M (Peak 320.76M) | Time:00:01.05 | Mem:9.68M, Peak:9.68M | Scene, ViewLayer | Synchronizing object | near_vol
Fra:45 Mem:230.48M (Peak 320.76M) | Time:00:01.05 | Mem:9.68M, Peak:9.68M | Scene, ViewLayer | Synchronizing object | t1
Fra:45 Mem:230.48M (Peak 320.76M) | Time:00:01.06 | Mem:9.68M, Peak:9.68M | Scene, ViewLayer | Initializing
Fra:45 Mem:230.48M (Peak 320.76M) | Time:00:01.06 | Mem:9.68M, Peak:9.68M | Scene, ViewLayer | Waiting for render to start
Fra:45 Mem:230.48M (Peak 320.76M) | Time:00:01.06 | Mem:9.68M, Peak:9.68M | Scene, ViewLayer | Updating Scene
Fra:45 Mem:230.48M (Peak 320.76M) | Time:00:01.06 | Mem:9.68M, Peak:9.68M | Scene, ViewLayer | Updating Shaders
Fra:45 Mem:230.48M (Peak 320.76M) | Time:00:01.06 | Mem:9.68M, Peak:9.68M | Scene, ViewLayer | Updating Background
Fra:45 Mem:230.48M (Peak 320.76M) | Time:00:01.06 | Mem:9.68M, Peak:9.68M | Scene, ViewLayer | Updating Camera
Fra:45 Mem:230.48M (Peak 320.76M) | Time:00:01.06 | Mem:9.68M, Peak:9.68M | Scene, ViewLayer | Updating Meshes Flags
Fra:45 Mem:230.48M (Peak 320.76M) | Time:00:01.06 | Mem:9.68M, Peak:9.68M | Scene, ViewLayer | Updating Meshes Volume Bounds
Fra:45 Mem:230.48M (Peak 320.76M) | Time:00:01.06 | Mem:9.68M, Peak:9.68M | Scene, ViewLayer | Updating Volume Images
Fra:45 Mem:230.48M (Peak 320.76M) | Time:00:01.06 | Mem:9.68M, Peak:9.68M | Scene, ViewLayer | Updating Mesh | Computing Volume Mesh main_vol
Fra:45 Mem:230.54M (Peak 320.76M) | Time:00:01.11 | Mem:9.68M, Peak:9.68M | Scene, ViewLayer | Updating Mesh | Computing Volume Mesh far_vol
Fra:45 Mem:230.58M (Peak 320.76M) | Time:00:01.11 | Mem:9.68M, Peak:9.68M | Scene, ViewLayer | Updating Mesh | Computing Volume Mesh near_vol
Fra:45 Mem:230.60M (Peak 320.76M) | Time:00:01.12 | Mem:9.68M, Peak:9.68M | Scene, ViewLayer | Updating Objects
Fra:45 Mem:230.60M (Peak 320.76M) | Time:00:01.12 | Mem:9.68M, Peak:9.68M | Scene, ViewLayer | Updating Objects | Copying Transformations to device
Fra:45 Mem:230.60M (Peak 320.76M) | Time:00:01.12 | Mem:9.68M, Peak:9.68M | Scene, ViewLayer | Updating Particle Systems
Fra:45 Mem:230.60M (Peak 320.76M) | Time:00:01.12 | Mem:9.68M, Peak:9.68M | Scene, ViewLayer | Updating Meshes
Fra:45 Mem:225.52M (Peak 320.76M) | Time:00:01.12 | Mem:4.56M, Peak:9.68M | Scene, ViewLayer | Updating Objects | Applying Static Transformations
Fra:45 Mem:225.52M (Peak 320.76M) | Time:00:01.12 | Mem:4.56M, Peak:9.68M | Scene, ViewLayer | Updating Mesh | Computing attributes
Fra:45 Mem:226.48M (Peak 320.76M) | Time:00:01.12 | Mem:4.56M, Peak:9.68M | Scene, ViewLayer | Updating Mesh | Copying Attributes to device
Fra:45 Mem:226.48M (Peak 320.76M) | Time:00:01.12 | Mem:5.51M, Peak:9.68M | Scene, ViewLayer | Updating Geometry BVH far_vol 3/5 | Building BVH
Fra:45 Mem:226.48M (Peak 320.76M) | Time:00:01.12 | Mem:5.51M, Peak:9.68M | Scene, ViewLayer | Updating Geometry BVH main_vol 2/5 | Building BVH
Fra:45 Mem:226.48M (Peak 320.76M) | Time:00:01.12 | Mem:5.51M, Peak:9.68M | Scene, ViewLayer | Updating Geometry BVH t0 5/5 | Building BVH
Fra:45 Mem:226.48M (Peak 320.76M) | Time:00:01.12 | Mem:5.51M, Peak:9.68M | Scene, ViewLayer | Updating Geometry BVH t0 5/5 | Building OptiX acceleration structure
Fra:45 Mem:226.48M (Peak 320.76M) | Time:00:01.13 | Mem:5.51M, Peak:9.68M | Scene, ViewLayer | Updating Scene BVH | Building
Fra:45 Mem:226.48M (Peak 320.76M) | Time:00:01.13 | Mem:5.51M, Peak:9.68M | Scene, ViewLayer | Updating Scene BVH | Building OptiX acceleration structure
Fra:45 Mem:226.48M (Peak 320.76M) | Time:00:01.14 | Mem:5.51M, Peak:9.68M | Scene, ViewLayer | Updating Scene BVH | Building BVH
Fra:45 Mem:226.48M (Peak 320.76M) | Time:00:01.14 | Mem:5.51M, Peak:9.68M | Scene, ViewLayer | Updating Scene BVH | Building BVH 0%
Fra:45 Mem:226.48M (Peak 320.76M) | Time:00:01.14 | Mem:5.51M, Peak:9.68M | Scene, ViewLayer | Updating Scene BVH | Copying BVH to device
Fra:45 Mem:226.48M (Peak 320.76M) | Time:00:01.14 | Mem:5.51M, Peak:9.68M | Scene, ViewLayer | Updating Mesh | Computing normals
Fra:45 Mem:230.64M (Peak 320.76M) | Time:00:01.15 | Mem:5.51M, Peak:9.68M | Scene, ViewLayer | Updating Mesh | Copying Mesh to device
Fra:45 Mem:230.64M (Peak 320.76M) | Time:00:01.15 | Mem:9.68M, Peak:9.68M | Scene, ViewLayer | Updating Objects Flags
Fra:45 Mem:230.64M (Peak 320.76M) | Time:00:01.17 | Mem:9.68M, Peak:9.68M | Scene, ViewLayer | Updating Primitive Offsets
Fra:45 Mem:230.64M (Peak 320.76M) | Time:00:01.17 | Mem:9.68M, Peak:9.68M | Scene, ViewLayer | Updating Images
Fra:45 Mem:228.18M (Peak 320.76M) | Time:00:01.17 | Mem:9.68M, Peak:9.68M | Scene, ViewLayer | Updating Images | Loading density
Fra:45 Mem:230.66M (Peak 320.76M) | Time:00:01.17 | Mem:9.70M, Peak:9.70M | Scene, ViewLayer | Updating Camera Volume
Fra:45 Mem:230.66M (Peak 320.76M) | Time:00:01.17 | Mem:9.70M, Peak:9.70M | Scene, ViewLayer | Updating Lookup Tables
Fra:45 Mem:230.66M (Peak 320.76M) | Time:00:01.17 | Mem:9.70M, Peak:9.70M | Scene, ViewLayer | Updating Lights
Fra:45 Mem:230.66M (Peak 320.76M) | Time:00:01.17 | Mem:9.70M, Peak:9.70M | Scene, ViewLayer | Updating Lights | Computing tree
Fra:45 Mem:230.66M (Peak 320.76M) | Time:00:01.17 | Mem:9.70M, Peak:9.70M | Scene, ViewLayer | Updating Integrator
Fra:45 Mem:230.66M (Peak 320.76M) | Time:00:01.17 | Mem:9.70M, Peak:9.70M | Scene, ViewLayer | Updating Film
Fra:45 Mem:230.66M (Peak 320.76M) | Time:00:01.17 | Mem:9.70M, Peak:9.70M | Scene, ViewLayer | Updating Lookup Tables
Fra:45 Mem:230.66M (Peak 320.76M) | Time:00:01.17 | Mem:9.70M, Peak:9.70M | Scene, ViewLayer | Updating Baking
Fra:45 Mem:230.66M (Peak 320.76M) | Time:00:01.17 | Mem:9.70M, Peak:9.70M | Scene, ViewLayer | Updating Device | Writing constant memory
Fra:45 Mem:230.66M (Peak 320.76M) | Time:00:01.17 | Mem:9.70M, Peak:9.70M | Scene, ViewLayer | Sample 0/24
Fra:45 Mem:230.66M (Peak 320.76M) | Time:00:02.19 | Remaining:00:23.33 | Mem:9.70M, Peak:9.70M | Scene, ViewLayer | Sample 1/24
Fra:45 Mem:230.66M (Peak 320.76M) | Time:00:03.31 | Remaining:00:23.51 | Mem:9.70M, Peak:9.70M | Scene, ViewLayer | Sample 2/24
Fra:45 Mem:266.26M (Peak 320.76M) | Time:00:21.36 | Mem:9.70M, Peak:9.70M | Scene, ViewLayer | Sample 24/24
Fra:45 Mem:266.26M (Peak 320.76M) | Time:00:21.36 | Mem:9.70M, Peak:9.70M | Scene, ViewLayer | Finished
Saved: 'C:\Work\domin8te-build\daysky\out\b\f0045.png'
Time: 00:21.56 (Saving: 00:00.19)

Fra:46 Mem:230.67M (Peak 320.76M) | Time:00:00.88 | Mem:9.70M, Peak:9.70M | Scene, ViewLayer | Synchronizing object | main_vol
Fra:46 Mem:230.58M (Peak 320.76M) | Time:00:00.88 | Mem:9.70M, Peak:9.70M | Scene, ViewLayer | Synchronizing object | t0
Fra:46 Mem:230.50M (Peak 320.76M) | Time:00:00.88 | Mem:9.70M, Peak:9.70M | Scene, ViewLayer | Synchronizing object | t1
Fra:46 Mem:230.50M (Peak 320.76M) | Time:00:00.89 | Mem:9.70M, Peak:9.70M | Scene, ViewLayer | Initializing
Fra:46 Mem:230.50M (Peak 320.76M) | Time:00:00.89 | Mem:9.70M, Peak:9.70M | Scene, ViewLayer | Waiting for render to start
Fra:46 Mem:230.50M (Peak 320.76M) | Time:00:00.89 | Mem:9.70M, Peak:9.70M | Scene, ViewLayer | Updating Scene
Fra:46 Mem:230.50M (Peak 320.76M) | Time:00:00.89 | Mem:9.70M, Peak:9.70M | Scene, ViewLayer | Updating Shaders
Fra:46 Mem:230.50M (Peak 320.76M) | Time:00:00.89 | Mem:9.70M, Peak:9.70M | Scene, ViewLayer | Updating Background
Fra:46 Mem:230.50M (Peak 320.76M) | Time:00:00.89 | Mem:9.70M, Peak:9.70M | Scene, ViewLayer | Updating Camera
Fra:46 Mem:230.50M (Peak 320.76M) | Time:00:00.89 | Mem:9.70M, Peak:9.70M | Scene, ViewLayer | Updating Meshes Flags
Fra:46 Mem:230.50M (Peak 320.76M) | Time:00:00.89 | Mem:9.70M, Peak:9.70M | Scene, ViewLayer | Updating Meshes Volume Bounds
Fra:46 Mem:230.50M (Peak 320.76M) | Time:00:00.89 | Mem:9.70M, Peak:9.70M | Scene, ViewLayer | Updating Volume Images
Fra:46 Mem:230.50M (Peak 320.76M) | Time:00:00.89 | Mem:9.70M, Peak:9.70M | Scene, ViewLayer | Updating Mesh | Computing Volume Mesh main_vol
Fra:46 Mem:230.56M (Peak 320.76M) | Time:00:00.90 | Mem:9.70M, Peak:9.70M | Scene, ViewLayer | Updating Mesh | Computing Volume Mesh far_vol
Fra:46 Mem:230.60M (Peak 320.76M) | Time:00:00.90 | Mem:9.70M, Peak:9.70M | Scene, ViewLayer | Updating Mesh | Computing Volume Mesh near_vol
Fra:46 Mem:230.62M (Peak 320.76M) | Time:00:00.91 | Mem:9.70M, Peak:9.70M | Scene, ViewLayer | Updating Objects
Fra:46 Mem:230.62M (Peak 320.76M) | Time:00:00.91 | Mem:9.70M, Peak:9.70M | Scene, ViewLayer | Updating Objects | Copying Transformations to device
Fra:46 Mem:230.62M (Peak 320.76M) | Time:00:00.91 | Mem:9.70M, Peak:9.70M | Scene, ViewLayer | Updating Particle Systems
Fra:46 Mem:230.62M (Peak 320.76M) | Time:00:00.91 | Mem:9.70M, Peak:9.70M | Scene, ViewLayer | Updating Meshes
Fra:46 Mem:225.54M (Peak 320.76M) | Time:00:00.91 | Mem:4.58M, Peak:9.70M | Scene, ViewLayer | Updating Objects | Applying Static Transformations
Fra:46 Mem:225.54M (Peak 320.76M) | Time:00:00.91 | Mem:4.58M, Peak:9.70M | Scene, ViewLayer | Updating Mesh | Computing attributes
Fra:46 Mem:226.50M (Peak 320.76M) | Time:00:00.91 | Mem:4.58M, Peak:9.70M | Scene, ViewLayer | Updating Mesh | Copying Attributes to device
Fra:46 Mem:226.50M (Peak 320.76M) | Time:00:00.91 | Mem:5.53M, Peak:9.70M | Scene, ViewLayer | Updating Geometry BVH main_vol 2/5 | Building BVH
Fra:46 Mem:226.50M (Peak 320.76M) | Time:00:00.91 | Mem:5.53M, Peak:9.70M | Scene, ViewLayer | Updating Geometry BVH t0 5/5 | Building BVH
Fra:46 Mem:226.50M (Peak 320.76M) | Time:00:00.91 | Mem:5.53M, Peak:9.70M | Scene, ViewLayer | Updating Geometry BVH t0 5/5 | Building OptiX acceleration structure
Fra:46 Mem:226.50M (Peak 320.76M) | Time:00:00.92 | Mem:5.53M, Peak:9.70M | Scene, ViewLayer | Updating Scene BVH | Building
Fra:46 Mem:226.50M (Peak 320.76M) | Time:00:00.92 | Mem:5.53M, Peak:9.70M | Scene, ViewLayer | Updating Scene BVH | Building OptiX acceleration structure
Fra:46 Mem:226.50M (Peak 320.76M) | Time:00:00.92 | Mem:5.53M, Peak:9.70M | Scene, ViewLayer | Updating Scene BVH | Building BVH
Fra:46 Mem:226.50M (Peak 320.76M) | Time:00:00.92 | Mem:5.53M, Peak:9.70M | Scene, ViewLayer | Updating Scene BVH | Building BVH 0%
Fra:46 Mem:226.50M (Peak 320.76M) | Time:00:00.93 | Mem:5.53M, Peak:9.70M | Scene, ViewLayer | Updating Scene BVH | Copying BVH to device
Fra:46 Mem:226.50M (Peak 320.76M) | Time:00:00.93 | Mem:5.53M, Peak:9.70M | Scene, ViewLayer | Updating Mesh | Computing normals
Fra:46 Mem:230.66M (Peak 320.76M) | Time:00:00.93 | Mem:5.53M, Peak:9.70M | Scene, ViewLayer | Updating Mesh | Copying Mesh to device
Fra:46 Mem:230.66M (Peak 320.76M) | Time:00:00.94 | Mem:9.70M, Peak:9.70M | Scene, ViewLayer | Updating Objects Flags
Fra:46 Mem:230.66M (Peak 320.76M) | Time:00:00.95 | Mem:9.70M, Peak:9.70M | Scene, ViewLayer | Updating Primitive Offsets
Fra:46 Mem:230.66M (Peak 320.76M) | Time:00:00.95 | Mem:9.70M, Peak:9.70M | Scene, ViewLayer | Updating Images
Fra:46 Mem:226.18M (Peak 320.76M) | Time:00:00.96 | Mem:5.21M, Peak:9.70M | Scene, ViewLayer | Updating Images | Loading density
Fra:46 Mem:230.72M (Peak 320.76M) | Time:00:00.96 | Mem:9.75M, Peak:9.75M | Scene, ViewLayer | Updating Camera Volume
Fra:46 Mem:230.72M (Peak 320.76M) | Time:00:00.96 | Mem:9.75M, Peak:9.75M | Scene, ViewLayer | Updating Lookup Tables
Fra:46 Mem:230.72M (Peak 320.76M) | Time:00:00.96 | Mem:9.75M, Peak:9.75M | Scene, ViewLayer | Updating Lights
Fra:46 Mem:230.72M (Peak 320.76M) | Time:00:00.96 | Mem:9.75M, Peak:9.75M | Scene, ViewLayer | Updating Lights | Computing tree
Fra:46 Mem:230.72M (Peak 320.76M) | Time:00:00.96 | Mem:9.75M, Peak:9.75M | Scene, ViewLayer | Updating Integrator
Fra:46 Mem:230.72M (Peak 320.76M) | Time:00:00.96 | Mem:9.75M, Peak:9.75M | Scene, ViewLayer | Updating Film
Fra:46 Mem:230.72M (Peak 320.76M) | Time:00:00.96 | Mem:9.75M, Peak:9.75M | Scene, ViewLayer | Updating Lookup Tables
Fra:46 Mem:230.72M (Peak 320.76M) | Time:00:00.96 | Mem:9.75M, Peak:9.75M | Scene, ViewLayer | Updating Baking
Fra:46 Mem:230.72M (Peak 320.76M) | Time:00:00.96 | Mem:9.75M, Peak:9.75M | Scene, ViewLayer | Updating Device | Writing constant memory
Fra:46 Mem:230.72M (Peak 320.76M) | Time:00:00.96 | Mem:9.75M, Peak:9.75M | Scene, ViewLayer | Sample 0/24
Fra:46 Mem:230.72M (Peak 320.76M) | Time:00:01.92 | Remaining:00:22.17 | Mem:9.75M, Peak:9.75M | Scene, ViewLayer | Sample 1/24
Fra:46 Mem:230.72M (Peak 320.76M) | Time:00:03.02 | Remaining:00:22.67 | Mem:9.75M, Peak:9.75M | Scene, ViewLayer | Sample 2/24
Fra:46 Mem:266.32M (Peak 320.76M) | Time:00:21.78 | Mem:9.75M, Peak:9.75M | Scene, ViewLayer | Sample 24/24
Fra:46 Mem:266.32M (Peak 320.76M) | Time:00:21.78 | Mem:9.75M, Peak:9.75M | Scene, ViewLayer | Finished
Saved: 'C:\Work\domin8te-build\daysky\out\b\f0046.png'
Time: 00:21.99 (Saving: 00:00.21)

Fra:47 Mem:230.72M (Peak 320.76M) | Time:00:00.54 | Mem:9.75M, Peak:9.75M | Scene, ViewLayer | Synchronizing object | t0
Fra:47 Mem:230.72M (Peak 320.76M) | Time:00:00.55 | Mem:9.75M, Peak:9.75M | Scene, ViewLayer | Synchronizing object | t1
Fra:47 Mem:234.71M (Peak 320.76M) | Time:00:00.55 | Mem:9.75M, Peak:9.75M | Scene, ViewLayer | Synchronizing object | main_vol
Fra:47 Mem:232.31M (Peak 320.76M) | Time:00:00.55 | Mem:9.75M, Peak:9.75M | Scene, ViewLayer | Synchronizing object | far_vol
Fra:47 Mem:232.26M (Peak 320.76M) | Time:00:00.55 | Mem:9.75M, Peak:9.75M | Scene, ViewLayer | Synchronizing object | near_vol
Fra:47 Mem:230.55M (Peak 320.76M) | Time:00:00.55 | Mem:9.75M, Peak:9.75M | Scene, ViewLayer | Initializing
Fra:47 Mem:230.55M (Peak 320.76M) | Time:00:00.55 | Mem:9.75M, Peak:9.75M | Scene, ViewLayer | Waiting for render to start
Fra:47 Mem:230.55M (Peak 320.76M) | Time:00:00.55 | Mem:9.75M, Peak:9.75M | Scene, ViewLayer | Updating Scene
Fra:47 Mem:230.55M (Peak 320.76M) | Time:00:00.55 | Mem:9.75M, Peak:9.75M | Scene, ViewLayer | Updating Shaders
Fra:47 Mem:230.55M (Peak 320.76M) | Time:00:00.55 | Mem:9.75M, Peak:9.75M | Scene, ViewLayer | Updating Background
Fra:47 Mem:230.55M (Peak 320.76M) | Time:00:00.55 | Mem:9.75M, Peak:9.75M | Scene, ViewLayer | Updating Camera
Fra:47 Mem:230.55M (Peak 320.76M) | Time:00:00.55 | Mem:9.75M, Peak:9.75M | Scene, ViewLayer | Updating Meshes Flags
Fra:47 Mem:230.55M (Peak 320.76M) | Time:00:00.55 | Mem:9.75M, Peak:9.75M | Scene, ViewLayer | Updating Meshes Volume Bounds
Fra:47 Mem:230.55M (Peak 320.76M) | Time:00:00.55 | Mem:9.75M, Peak:9.75M | Scene, ViewLayer | Updating Volume Images
Fra:47 Mem:230.55M (Peak 320.76M) | Time:00:00.55 | Mem:9.75M, Peak:9.75M | Scene, ViewLayer | Updating Mesh | Computing Volume Mesh main_vol
Fra:47 Mem:230.62M (Peak 320.76M) | Time:00:00.57 | Mem:9.75M, Peak:9.75M | Scene, ViewLayer | Updating Mesh | Computing Volume Mesh far_vol
Fra:47 Mem:230.66M (Peak 320.76M) | Time:00:00.57 | Mem:9.75M, Peak:9.75M | Scene, ViewLayer | Updating Mesh | Computing Volume Mesh near_vol
Fra:47 Mem:230.68M (Peak 320.76M) | Time:00:00.58 | Mem:9.75M, Peak:9.75M | Scene, ViewLayer | Updating Objects
Fra:47 Mem:230.68M (Peak 320.76M) | Time:00:00.58 | Mem:9.75M, Peak:9.75M | Scene, ViewLayer | Updating Objects | Copying Transformations to device
Fra:47 Mem:230.68M (Peak 320.76M) | Time:00:00.58 | Mem:9.75M, Peak:9.75M | Scene, ViewLayer | Updating Particle Systems
Fra:47 Mem:230.68M (Peak 320.76M) | Time:00:00.58 | Mem:9.75M, Peak:9.75M | Scene, ViewLayer | Updating Meshes
Fra:47 Mem:225.60M (Peak 320.76M) | Time:00:00.58 | Mem:4.63M, Peak:9.75M | Scene, ViewLayer | Updating Objects | Applying Static Transformations
Fra:47 Mem:225.60M (Peak 320.76M) | Time:00:00.58 | Mem:4.63M, Peak:9.75M | Scene, ViewLayer | Updating Mesh | Computing attributes
Fra:47 Mem:226.55M (Peak 320.76M) | Time:00:00.58 | Mem:4.63M, Peak:9.75M | Scene, ViewLayer | Updating Mesh | Copying Attributes to device
Fra:47 Mem:226.55M (Peak 320.76M) | Time:00:00.58 | Mem:5.58M, Peak:9.75M | Scene, ViewLayer | Updating Geometry BVH t1 6/5 | Building BVH
Fra:47 Mem:226.55M (Peak 320.76M) | Time:00:00.58 | Mem:5.58M, Peak:9.75M | Scene, ViewLayer | Updating Geometry BVH t1 6/5 | Building OptiX acceleration structure
Fra:47 Mem:226.55M (Peak 320.76M) | Time:00:00.59 | Mem:5.58M, Peak:9.75M | Scene, ViewLayer | Updating Geometry BVH t0 5/5 | Building BVH
Fra:47 Mem:226.55M (Peak 320.76M) | Time:00:00.59 | Mem:5.58M, Peak:9.75M | Scene, ViewLayer | Updating Geometry BVH t0 5/5 | Building OptiX acceleration structure
Fra:47 Mem:227.53M (Peak 320.76M) | Time:00:00.59 | Mem:5.58M, Peak:9.75M | Scene, ViewLayer | Updating Geometry BVH main_vol 2/5 | Building BVH
Fra:47 Mem:227.53M (Peak 320.76M) | Time:00:00.59 | Mem:5.58M, Peak:9.75M | Scene, ViewLayer | Updating Geometry BVH far_vol 3/5 | Building BVH
Fra:47 Mem:227.53M (Peak 320.76M) | Time:00:00.59 | Mem:5.58M, Peak:9.75M | Scene, ViewLayer | Updating Geometry BVH near_vol 4/5 | Building BVH
Fra:47 Mem:227.53M (Peak 320.76M) | Time:00:00.59 | Mem:5.58M, Peak:9.75M | Scene, ViewLayer | Updating Geometry BVH near_vol 4/5 | Building OptiX acceleration structure
Fra:47 Mem:226.55M (Peak 320.76M) | Time:00:00.60 | Mem:5.58M, Peak:9.75M | Scene, ViewLayer | Updating Scene BVH | Building
Fra:47 Mem:226.55M (Peak 320.76M) | Time:00:00.60 | Mem:5.58M, Peak:9.75M | Scene, ViewLayer | Updating Scene BVH | Building OptiX acceleration structure
Fra:47 Mem:226.55M (Peak 320.76M) | Time:00:00.60 | Mem:5.58M, Peak:9.75M | Scene, ViewLayer | Updating Scene BVH | Building BVH
Fra:47 Mem:226.55M (Peak 320.76M) | Time:00:00.60 | Mem:5.58M, Peak:9.75M | Scene, ViewLayer | Updating Scene BVH | Building BVH 0%
Fra:47 Mem:226.55M (Peak 320.76M) | Time:00:00.66 | Mem:5.58M, Peak:9.75M | Scene, ViewLayer | Updating Scene BVH | Copying BVH to device
Fra:47 Mem:226.55M (Peak 320.76M) | Time:00:00.66 | Mem:5.58M, Peak:9.75M | Scene, ViewLayer | Updating Mesh | Computing normals
Fra:47 Mem:230.72M (Peak 320.76M) | Time:00:00.66 | Mem:5.58M, Peak:9.75M | Scene, ViewLayer | Updating Mesh | Copying Mesh to device
Fra:47 Mem:230.72M (Peak 320.76M) | Time:00:00.66 | Mem:9.75M, Peak:9.75M | Scene, ViewLayer | Updating Objects Flags
Fra:47 Mem:230.72M (Peak 320.76M) | Time:00:01.15 | Mem:9.75M, Peak:9.75M | Scene, ViewLayer | Updating Primitive Offsets
Fra:47 Mem:230.72M (Peak 320.76M) | Time:00:01.15 | Mem:9.75M, Peak:9.75M | Scene, ViewLayer | Updating Images
Fra:47 Mem:228.21M (Peak 320.76M) | Time:00:01.15 | Mem:9.75M, Peak:9.75M | Scene, ViewLayer | Updating Images | Loading density
Fra:47 Mem:230.75M (Peak 320.76M) | Time:00:01.16 | Mem:9.78M, Peak:10.59M | Scene, ViewLayer | Updating Camera Volume
Fra:47 Mem:230.75M (Peak 320.76M) | Time:00:01.16 | Mem:9.78M, Peak:10.59M | Scene, ViewLayer | Updating Lookup Tables
Fra:47 Mem:230.75M (Peak 320.76M) | Time:00:01.16 | Mem:9.78M, Peak:10.59M | Scene, ViewLayer | Updating Lights
Fra:47 Mem:230.75M (Peak 320.76M) | Time:00:01.16 | Mem:9.78M, Peak:10.59M | Scene, ViewLayer | Updating Lights | Computing tree
Fra:47 Mem:230.75M (Peak 320.76M) | Time:00:01.16 | Mem:9.78M, Peak:10.59M | Scene, ViewLayer | Updating Integrator
Fra:47 Mem:230.75M (Peak 320.76M) | Time:00:01.16 | Mem:9.78M, Peak:10.59M | Scene, ViewLayer | Updating Film
Fra:47 Mem:230.75M (Peak 320.76M) | Time:00:01.16 | Mem:9.78M, Peak:10.59M | Scene, ViewLayer | Updating Lookup Tables
Fra:47 Mem:230.75M (Peak 320.76M) | Time:00:01.16 | Mem:9.78M, Peak:10.59M | Scene, ViewLayer | Updating Baking
Fra:47 Mem:230.75M (Peak 320.76M) | Time:00:01.16 | Mem:9.78M, Peak:10.59M | Scene, ViewLayer | Updating Device | Writing constant memory
Fra:47 Mem:230.75M (Peak 320.76M) | Time:00:01.16 | Mem:9.78M, Peak:10.59M | Scene, ViewLayer | Sample 0/24
Fra:47 Mem:230.75M (Peak 320.76M) | Time:00:02.36 | Remaining:00:27.53 | Mem:9.78M, Peak:10.59M | Scene, ViewLayer | Sample 1/24
Fra:47 Mem:230.75M (Peak 320.76M) | Time:00:03.13 | Remaining:00:21.67 | Mem:9.78M, Peak:10.59M | Scene, ViewLayer | Sample 2/24
Fra:47 Mem:266.35M (Peak 320.76M) | Time:00:20.21 | Mem:9.78M, Peak:10.59M | Scene, ViewLayer | Sample 24/24
Fra:47 Mem:266.35M (Peak 320.76M) | Time:00:20.21 | Mem:9.78M, Peak:10.59M | Scene, ViewLayer | Finished
Saved: 'C:\Work\domin8te-build\daysky\out\b\f0047.png'
Time: 00:20.36 (Saving: 00:00.14)

Fra:48 Mem:230.75M (Peak 320.76M) | Time:00:00.43 | Mem:9.78M, Peak:9.78M | Scene, ViewLayer | Synchronizing object | main_vol
Fra:48 Mem:230.66M (Peak 320.76M) | Time:00:00.43 | Mem:9.78M, Peak:9.78M | Scene, ViewLayer | Synchronizing object | t0
Fra:48 Mem:230.58M (Peak 320.76M) | Time:00:00.43 | Mem:9.78M, Peak:9.78M | Scene, ViewLayer | Synchronizing object | t1
Fra:48 Mem:230.58M (Peak 320.76M) | Time:00:00.43 | Mem:9.78M, Peak:9.78M | Scene, ViewLayer | Initializing
Fra:48 Mem:230.58M (Peak 320.76M) | Time:00:00.43 | Mem:9.78M, Peak:9.78M | Scene, ViewLayer | Waiting for render to start
Fra:48 Mem:230.58M (Peak 320.76M) | Time:00:00.43 | Mem:9.78M, Peak:9.78M | Scene, ViewLayer | Updating Scene
Fra:48 Mem:230.58M (Peak 320.76M) | Time:00:00.43 | Mem:9.78M, Peak:9.78M | Scene, ViewLayer | Updating Shaders
Fra:48 Mem:230.58M (Peak 320.76M) | Time:00:00.43 | Mem:9.78M, Peak:9.78M | Scene, ViewLayer | Updating Background
Fra:48 Mem:230.58M (Peak 320.76M) | Time:00:00.43 | Mem:9.78M, Peak:9.78M | Scene, ViewLayer | Updating Camera
Fra:48 Mem:230.58M (Peak 320.76M) | Time:00:00.43 | Mem:9.78M, Peak:9.78M | Scene, ViewLayer | Updating Meshes Flags
Fra:48 Mem:230.58M (Peak 320.76M) | Time:00:00.43 | Mem:9.78M, Peak:9.78M | Scene, ViewLayer | Updating Meshes Volume Bounds
Fra:48 Mem:230.58M (Peak 320.76M) | Time:00:00.43 | Mem:9.78M, Peak:9.78M | Scene, ViewLayer | Updating Volume Images
Fra:48 Mem:230.58M (Peak 320.76M) | Time:00:00.43 | Mem:9.78M, Peak:9.78M | Scene, ViewLayer | Updating Mesh | Computing Volume Mesh main_vol
Fra:48 Mem:230.65M (Peak 320.76M) | Time:00:00.44 | Mem:9.78M, Peak:9.78M | Scene, ViewLayer | Updating Mesh | Computing Volume Mesh far_vol
Fra:48 Mem:230.69M (Peak 320.76M) | Time:00:00.45 | Mem:9.78M, Peak:9.78M | Scene, ViewLayer | Updating Mesh | Computing Volume Mesh near_vol
Fra:48 Mem:230.71M (Peak 320.76M) | Time:00:00.45 | Mem:9.78M, Peak:9.78M | Scene, ViewLayer | Updating Objects
Fra:48 Mem:230.71M (Peak 320.76M) | Time:00:00.45 | Mem:9.78M, Peak:9.78M | Scene, ViewLayer | Updating Objects | Copying Transformations to device
Fra:48 Mem:230.71M (Peak 320.76M) | Time:00:00.45 | Mem:9.78M, Peak:9.78M | Scene, ViewLayer | Updating Particle Systems
Fra:48 Mem:230.71M (Peak 320.76M) | Time:00:00.45 | Mem:9.78M, Peak:9.78M | Scene, ViewLayer | Updating Meshes
Fra:48 Mem:225.63M (Peak 320.76M) | Time:00:00.45 | Mem:4.66M, Peak:9.78M | Scene, ViewLayer | Updating Objects | Applying Static Transformations
Fra:48 Mem:225.63M (Peak 320.76M) | Time:00:00.45 | Mem:4.66M, Peak:9.78M | Scene, ViewLayer | Updating Mesh | Computing attributes
Fra:48 Mem:226.58M (Peak 320.76M) | Time:00:00.45 | Mem:4.66M, Peak:9.78M | Scene, ViewLayer | Updating Mesh | Copying Attributes to device
Fra:48 Mem:226.58M (Peak 320.76M) | Time:00:00.45 | Mem:5.61M, Peak:9.78M | Scene, ViewLayer | Updating Geometry BVH main_vol 2/5 | Building BVH
Fra:48 Mem:226.58M (Peak 320.76M) | Time:00:00.45 | Mem:5.61M, Peak:9.78M | Scene, ViewLayer | Updating Geometry BVH t0 5/5 | Building BVH
Fra:48 Mem:226.58M (Peak 320.76M) | Time:00:00.45 | Mem:5.61M, Peak:9.78M | Scene, ViewLayer | Updating Geometry BVH t1 6/5 | Building BVH
Fra:48 Mem:226.58M (Peak 320.76M) | Time:00:00.45 | Mem:5.61M, Peak:9.78M | Scene, ViewLayer | Updating Geometry BVH t1 6/5 | Building OptiX acceleration structure
Fra:48 Mem:226.58M (Peak 320.76M) | Time:00:00.46 | Mem:5.61M, Peak:9.78M | Scene, ViewLayer | Updating Scene BVH | Building
Fra:48 Mem:226.58M (Peak 320.76M) | Time:00:00.46 | Mem:5.61M, Peak:9.78M | Scene, ViewLayer | Updating Scene BVH | Building OptiX acceleration structure
Fra:48 Mem:226.58M (Peak 320.76M) | Time:00:00.46 | Mem:5.61M, Peak:9.78M | Scene, ViewLayer | Updating Scene BVH | Building BVH
Fra:48 Mem:226.58M (Peak 320.76M) | Time:00:00.46 | Mem:5.61M, Peak:9.78M | Scene, ViewLayer | Updating Scene BVH | Building BVH 0%
Fra:48 Mem:226.58M (Peak 320.76M) | Time:00:00.47 | Mem:5.61M, Peak:9.78M | Scene, ViewLayer | Updating Scene BVH | Copying BVH to device
Fra:48 Mem:226.58M (Peak 320.76M) | Time:00:00.47 | Mem:5.61M, Peak:9.78M | Scene, ViewLayer | Updating Mesh | Computing normals
Fra:48 Mem:230.75M (Peak 320.76M) | Time:00:00.47 | Mem:5.61M, Peak:9.78M | Scene, ViewLayer | Updating Mesh | Copying Mesh to device
Fra:48 Mem:230.75M (Peak 320.76M) | Time:00:00.48 | Mem:9.78M, Peak:9.78M | Scene, ViewLayer | Updating Objects Flags
Fra:48 Mem:230.75M (Peak 320.76M) | Time:00:00.50 | Mem:9.78M, Peak:9.78M | Scene, ViewLayer | Updating Primitive Offsets
Fra:48 Mem:230.75M (Peak 320.76M) | Time:00:00.50 | Mem:9.78M, Peak:9.78M | Scene, ViewLayer | Updating Images
Fra:48 Mem:226.18M (Peak 320.76M) | Time:00:00.50 | Mem:5.22M, Peak:9.78M | Scene, ViewLayer | Updating Images | Loading density
Fra:48 Mem:230.77M (Peak 320.76M) | Time:00:00.50 | Mem:9.80M, Peak:9.80M | Scene, ViewLayer | Updating Camera Volume
Fra:48 Mem:230.77M (Peak 320.76M) | Time:00:00.50 | Mem:9.80M, Peak:9.80M | Scene, ViewLayer | Updating Lookup Tables
Fra:48 Mem:230.77M (Peak 320.76M) | Time:00:00.50 | Mem:9.80M, Peak:9.80M | Scene, ViewLayer | Updating Lights
Fra:48 Mem:230.77M (Peak 320.76M) | Time:00:00.50 | Mem:9.80M, Peak:9.80M | Scene, ViewLayer | Updating Lights | Computing tree
Fra:48 Mem:230.77M (Peak 320.76M) | Time:00:00.50 | Mem:9.80M, Peak:9.80M | Scene, ViewLayer | Updating Integrator
Fra:48 Mem:230.77M (Peak 320.76M) | Time:00:00.50 | Mem:9.80M, Peak:9.80M | Scene, ViewLayer | Updating Film
Fra:48 Mem:230.77M (Peak 320.76M) | Time:00:00.50 | Mem:9.80M, Peak:9.80M | Scene, ViewLayer | Updating Lookup Tables
Fra:48 Mem:230.77M (Peak 320.76M) | Time:00:00.50 | Mem:9.80M, Peak:9.80M | Scene, ViewLayer | Updating Baking
Fra:48 Mem:230.77M (Peak 320.76M) | Time:00:00.50 | Mem:9.80M, Peak:9.80M | Scene, ViewLayer | Updating Device | Writing constant memory
Fra:48 Mem:230.77M (Peak 320.76M) | Time:00:00.50 | Mem:9.80M, Peak:9.80M | Scene, ViewLayer | Sample 0/24
Fra:48 Mem:230.77M (Peak 320.76M) | Time:00:01.45 | Remaining:00:21.84 | Mem:9.80M, Peak:9.80M | Scene, ViewLayer | Sample 1/24
Fra:48 Mem:230.77M (Peak 320.76M) | Time:00:02.34 | Remaining:00:20.24 | Mem:9.80M, Peak:9.80M | Scene, ViewLayer | Sample 2/24
Fra:48 Mem:266.36M (Peak 320.76M) | Time:00:18.00 | Mem:9.80M, Peak:9.80M | Scene, ViewLayer | Sample 24/24
Fra:48 Mem:266.36M (Peak 320.76M) | Time:00:18.00 | Mem:9.80M, Peak:9.80M | Scene, ViewLayer | Finished
Saved: 'C:\Work\domin8te-build\daysky\out\b\f0048.png'
Time: 00:18.15 (Saving: 00:00.14)

Fra:49 Mem:230.77M (Peak 320.76M) | Time:00:00.45 | Mem:9.80M, Peak:9.80M | Scene, ViewLayer | Synchronizing object | main_vol
Fra:49 Mem:230.68M (Peak 320.76M) | Time:00:00.45 | Mem:9.80M, Peak:9.80M | Scene, ViewLayer | Synchronizing object | t0
Fra:49 Mem:230.60M (Peak 320.76M) | Time:00:00.45 | Mem:9.80M, Peak:9.80M | Scene, ViewLayer | Synchronizing object | t1
Fra:49 Mem:230.60M (Peak 320.76M) | Time:00:00.46 | Mem:9.80M, Peak:9.80M | Scene, ViewLayer | Initializing
Fra:49 Mem:230.60M (Peak 320.76M) | Time:00:00.46 | Mem:9.80M, Peak:9.80M | Scene, ViewLayer | Waiting for render to start
Fra:49 Mem:230.60M (Peak 320.76M) | Time:00:00.46 | Mem:9.80M, Peak:9.80M | Scene, ViewLayer | Updating Scene
Fra:49 Mem:230.60M (Peak 320.76M) | Time:00:00.46 | Mem:9.80M, Peak:9.80M | Scene, ViewLayer | Updating Shaders
Fra:49 Mem:230.60M (Peak 320.76M) | Time:00:00.46 | Mem:9.80M, Peak:9.80M | Scene, ViewLayer | Updating Background
Fra:49 Mem:230.60M (Peak 320.76M) | Time:00:00.46 | Mem:9.80M, Peak:9.80M | Scene, ViewLayer | Updating Camera
Fra:49 Mem:230.60M (Peak 320.76M) | Time:00:00.46 | Mem:9.80M, Peak:9.80M | Scene, ViewLayer | Updating Meshes Flags
Fra:49 Mem:230.60M (Peak 320.76M) | Time:00:00.46 | Mem:9.80M, Peak:9.80M | Scene, ViewLayer | Updating Meshes Volume Bounds
Fra:49 Mem:230.60M (Peak 320.76M) | Time:00:00.46 | Mem:9.80M, Peak:9.80M | Scene, ViewLayer | Updating Volume Images
Fra:49 Mem:230.60M (Peak 320.76M) | Time:00:00.46 | Mem:9.80M, Peak:9.80M | Scene, ViewLayer | Updating Mesh | Computing Volume Mesh main_vol
Fra:49 Mem:230.67M (Peak 320.76M) | Time:00:00.47 | Mem:9.80M, Peak:9.80M | Scene, ViewLayer | Updating Mesh | Computing Volume Mesh far_vol
Fra:49 Mem:230.70M (Peak 320.76M) | Time:00:00.47 | Mem:9.80M, Peak:9.80M | Scene, ViewLayer | Updating Mesh | Computing Volume Mesh near_vol
Fra:49 Mem:230.72M (Peak 320.76M) | Time:00:00.48 | Mem:9.80M, Peak:9.80M | Scene, ViewLayer | Updating Objects
Fra:49 Mem:230.72M (Peak 320.76M) | Time:00:00.48 | Mem:9.80M, Peak:9.80M | Scene, ViewLayer | Updating Objects | Copying Transformations to device
Fra:49 Mem:230.72M (Peak 320.76M) | Time:00:00.48 | Mem:9.80M, Peak:9.80M | Scene, ViewLayer | Updating Particle Systems
Fra:49 Mem:230.72M (Peak 320.76M) | Time:00:00.48 | Mem:9.80M, Peak:9.80M | Scene, ViewLayer | Updating Meshes
Fra:49 Mem:225.64M (Peak 320.76M) | Time:00:00.48 | Mem:4.67M, Peak:9.80M | Scene, ViewLayer | Updating Objects | Applying Static Transformations
Fra:49 Mem:225.64M (Peak 320.76M) | Time:00:00.48 | Mem:4.67M, Peak:9.80M | Scene, ViewLayer | Updating Mesh | Computing attributes
Fra:49 Mem:226.60M (Peak 320.76M) | Time:00:00.48 | Mem:4.67M, Peak:9.80M | Scene, ViewLayer | Updating Mesh | Copying Attributes to device
Fra:49 Mem:226.60M (Peak 320.76M) | Time:00:00.48 | Mem:5.63M, Peak:9.80M | Scene, ViewLayer | Updating Geometry BVH main_vol 2/5 | Building BVH
Fra:49 Mem:226.60M (Peak 320.76M) | Time:00:00.48 | Mem:5.63M, Peak:9.80M | Scene, ViewLayer | Updating Geometry BVH near_vol 4/5 | Building BVH
Fra:49 Mem:226.60M (Peak 320.76M) | Time:00:00.48 | Mem:5.63M, Peak:9.80M | Scene, ViewLayer | Updating Geometry BVH t1 6/5 | Building OptiX acceleration structure
Fra:49 Mem:226.60M (Peak 320.76M) | Time:00:00.48 | Mem:5.63M, Peak:9.80M | Scene, ViewLayer | Updating Geometry BVH t0 5/5 | Building BVH
Fra:49 Mem:226.60M (Peak 320.76M) | Time:00:00.48 | Mem:5.63M, Peak:9.80M | Scene, ViewLayer | Updating Geometry BVH t0 5/5 | Building OptiX acceleration structure
Fra:49 Mem:226.60M (Peak 320.76M) | Time:00:00.49 | Mem:5.63M, Peak:9.80M | Scene, ViewLayer | Updating Scene BVH | Building
Fra:49 Mem:226.60M (Peak 320.76M) | Time:00:00.49 | Mem:5.63M, Peak:9.80M | Scene, ViewLayer | Updating Scene BVH | Building OptiX acceleration structure
Fra:49 Mem:226.60M (Peak 320.76M) | Time:00:00.49 | Mem:5.63M, Peak:9.80M | Scene, ViewLayer | Updating Scene BVH | Building BVH
Fra:49 Mem:226.60M (Peak 320.76M) | Time:00:00.49 | Mem:5.63M, Peak:9.80M | Scene, ViewLayer | Updating Scene BVH | Building BVH 0%
Fra:49 Mem:226.60M (Peak 320.76M) | Time:00:00.49 | Mem:5.63M, Peak:9.80M | Scene, ViewLayer | Updating Scene BVH | Copying BVH to device
Fra:49 Mem:226.60M (Peak 320.76M) | Time:00:00.49 | Mem:5.63M, Peak:9.80M | Scene, ViewLayer | Updating Mesh | Computing normals
Fra:49 Mem:230.77M (Peak 320.76M) | Time:00:00.50 | Mem:5.63M, Peak:9.80M | Scene, ViewLayer | Updating Mesh | Copying Mesh to device
Fra:49 Mem:230.77M (Peak 320.76M) | Time:00:00.50 | Mem:9.80M, Peak:9.80M | Scene, ViewLayer | Updating Objects Flags
Fra:49 Mem:230.77M (Peak 320.76M) | Time:00:00.52 | Mem:9.80M, Peak:9.80M | Scene, ViewLayer | Updating Primitive Offsets
Fra:49 Mem:230.77M (Peak 320.76M) | Time:00:00.52 | Mem:9.80M, Peak:9.80M | Scene, ViewLayer | Updating Images
Fra:49 Mem:228.23M (Peak 320.76M) | Time:00:00.52 | Mem:9.80M, Peak:9.80M | Scene, ViewLayer | Updating Images | Loading density
Fra:49 Mem:230.79M (Peak 320.76M) | Time:00:00.52 | Mem:9.82M, Peak:11.04M | Scene, ViewLayer | Updating Camera Volume
Fra:49 Mem:230.79M (Peak 320.76M) | Time:00:00.52 | Mem:9.82M, Peak:11.04M | Scene, ViewLayer | Updating Lookup Tables
Fra:49 Mem:230.79M (Peak 320.76M) | Time:00:00.52 | Mem:9.82M, Peak:11.04M | Scene, ViewLayer | Updating Lights
Fra:49 Mem:230.79M (Peak 320.76M) | Time:00:00.52 | Mem:9.82M, Peak:11.04M | Scene, ViewLayer | Updating Lights | Computing tree
Fra:49 Mem:230.79M (Peak 320.76M) | Time:00:00.52 | Mem:9.82M, Peak:11.04M | Scene, ViewLayer | Updating Integrator
Fra:49 Mem:230.79M (Peak 320.76M) | Time:00:00.52 | Mem:9.82M, Peak:11.04M | Scene, ViewLayer | Updating Film
Fra:49 Mem:230.79M (Peak 320.76M) | Time:00:00.52 | Mem:9.82M, Peak:11.04M | Scene, ViewLayer | Updating Lookup Tables
Fra:49 Mem:230.79M (Peak 320.76M) | Time:00:00.52 | Mem:9.82M, Peak:11.04M | Scene, ViewLayer | Updating Baking
Fra:49 Mem:230.79M (Peak 320.76M) | Time:00:00.52 | Mem:9.82M, Peak:11.04M | Scene, ViewLayer | Updating Device | Writing constant memory
Fra:49 Mem:230.79M (Peak 320.76M) | Time:00:00.52 | Mem:9.82M, Peak:11.04M | Scene, ViewLayer | Sample 0/24
Fra:49 Mem:230.79M (Peak 320.76M) | Time:00:01.33 | Remaining:00:18.53 | Mem:9.82M, Peak:11.04M | Scene, ViewLayer | Sample 1/24
Fra:49 Mem:230.79M (Peak 320.76M) | Time:00:02.12 | Remaining:00:17.53 | Mem:9.82M, Peak:11.04M | Scene, ViewLayer | Sample 2/24
Fra:49 Mem:266.39M (Peak 320.76M) | Time:00:18.10 | Mem:9.82M, Peak:11.04M | Scene, ViewLayer | Sample 24/24
Fra:49 Mem:266.39M (Peak 320.76M) | Time:00:18.10 | Mem:9.82M, Peak:11.04M | Scene, ViewLayer | Finished
Saved: 'C:\Work\domin8te-build\daysky\out\b\f0049.png'
Time: 00:18.26 (Saving: 00:00.15)

Fra:50 Mem:230.79M (Peak 320.76M) | Time:00:00.49 | Mem:9.82M, Peak:9.82M | Scene, ViewLayer | Synchronizing object | main_vol
Fra:50 Mem:230.70M (Peak 320.76M) | Time:00:00.49 | Mem:9.82M, Peak:9.82M | Scene, ViewLayer | Synchronizing object | t0
Fra:50 Mem:230.62M (Peak 320.76M) | Time:00:00.49 | Mem:9.82M, Peak:9.82M | Scene, ViewLayer | Synchronizing object | t1
Fra:50 Mem:230.62M (Peak 320.76M) | Time:00:00.49 | Mem:9.82M, Peak:9.82M | Scene, ViewLayer | Initializing
Fra:50 Mem:230.62M (Peak 320.76M) | Time:00:00.49 | Mem:9.82M, Peak:9.82M | Scene, ViewLayer | Waiting for render to start
Fra:50 Mem:230.62M (Peak 320.76M) | Time:00:00.49 | Mem:9.82M, Peak:9.82M | Scene, ViewLayer | Updating Scene
Fra:50 Mem:230.62M (Peak 320.76M) | Time:00:00.49 | Mem:9.82M, Peak:9.82M | Scene, ViewLayer | Updating Shaders
Fra:50 Mem:230.62M (Peak 320.76M) | Time:00:00.49 | Mem:9.82M, Peak:9.82M | Scene, ViewLayer | Updating Background
Fra:50 Mem:230.62M (Peak 320.76M) | Time:00:00.49 | Mem:9.82M, Peak:9.82M | Scene, ViewLayer | Updating Camera
Fra:50 Mem:230.62M (Peak 320.76M) | Time:00:00.49 | Mem:9.82M, Peak:9.82M | Scene, ViewLayer | Updating Meshes Flags
Fra:50 Mem:230.62M (Peak 320.76M) | Time:00:00.49 | Mem:9.82M, Peak:9.82M | Scene, ViewLayer | Updating Meshes Volume Bounds
Fra:50 Mem:230.62M (Peak 320.76M) | Time:00:00.49 | Mem:9.82M, Peak:9.82M | Scene, ViewLayer | Updating Volume Images
Fra:50 Mem:230.62M (Peak 320.76M) | Time:00:00.49 | Mem:9.82M, Peak:9.82M | Scene, ViewLayer | Updating Mesh | Computing Volume Mesh main_vol
Fra:50 Mem:230.69M (Peak 320.76M) | Time:00:00.51 | Mem:9.82M, Peak:9.82M | Scene, ViewLayer | Updating Mesh | Computing Volume Mesh far_vol
Fra:50 Mem:230.73M (Peak 320.76M) | Time:00:00.51 | Mem:9.82M, Peak:9.82M | Scene, ViewLayer | Updating Mesh | Computing Volume Mesh near_vol
Fra:50 Mem:230.75M (Peak 320.76M) | Time:00:00.51 | Mem:9.82M, Peak:9.82M | Scene, ViewLayer | Updating Objects
Fra:50 Mem:230.75M (Peak 320.76M) | Time:00:00.51 | Mem:9.82M, Peak:9.82M | Scene, ViewLayer | Updating Objects | Copying Transformations to device
Fra:50 Mem:230.75M (Peak 320.76M) | Time:00:00.52 | Mem:9.82M, Peak:9.82M | Scene, ViewLayer | Updating Particle Systems
Fra:50 Mem:230.75M (Peak 320.76M) | Time:00:00.52 | Mem:9.82M, Peak:9.82M | Scene, ViewLayer | Updating Meshes
Fra:50 Mem:225.67M (Peak 320.76M) | Time:00:00.52 | Mem:4.70M, Peak:9.82M | Scene, ViewLayer | Updating Objects | Applying Static Transformations
Fra:50 Mem:225.67M (Peak 320.76M) | Time:00:00.52 | Mem:4.70M, Peak:9.82M | Scene, ViewLayer | Updating Mesh | Computing attributes
Fra:50 Mem:226.62M (Peak 320.76M) | Time:00:00.52 | Mem:4.70M, Peak:9.82M | Scene, ViewLayer | Updating Mesh | Copying Attributes to device
Fra:50 Mem:226.62M (Peak 320.76M) | Time:00:00.52 | Mem:5.65M, Peak:9.82M | Scene, ViewLayer | Updating Geometry BVH main_vol 2/5 | Building BVH
Fra:50 Mem:226.62M (Peak 320.76M) | Time:00:00.52 | Mem:5.65M, Peak:9.82M | Scene, ViewLayer | Updating Geometry BVH far_vol 3/5 | Building BVH
Fra:50 Mem:226.62M (Peak 320.76M) | Time:00:00.52 | Mem:5.65M, Peak:9.82M | Scene, ViewLayer | Updating Geometry BVH t0 5/5 | Building OptiX acceleration structure
Fra:50 Mem:227.24M (Peak 320.76M) | Time:00:00.52 | Mem:5.65M, Peak:9.82M | Scene, ViewLayer | Updating Geometry BVH t1 6/5 | Building BVH
Fra:50 Mem:227.67M (Peak 320.76M) | Time:00:00.52 | Mem:5.65M, Peak:9.82M | Scene, ViewLayer | Updating Geometry BVH t1 6/5 | Building OptiX acceleration structure
Fra:50 Mem:226.62M (Peak 320.76M) | Time:00:00.52 | Mem:5.65M, Peak:9.82M | Scene, ViewLayer | Updating Scene BVH | Building
Fra:50 Mem:226.62M (Peak 320.76M) | Time:00:00.52 | Mem:5.65M, Peak:9.82M | Scene, ViewLayer | Updating Scene BVH | Building OptiX acceleration structure
Fra:50 Mem:226.62M (Peak 320.76M) | Time:00:00.52 | Mem:5.65M, Peak:9.82M | Scene, ViewLayer | Updating Scene BVH | Building BVH
Fra:50 Mem:226.62M (Peak 320.76M) | Time:00:00.52 | Mem:5.65M, Peak:9.82M | Scene, ViewLayer | Updating Scene BVH | Building BVH 0%
Fra:50 Mem:226.62M (Peak 320.76M) | Time:00:00.53 | Mem:5.65M, Peak:9.82M | Scene, ViewLayer | Updating Scene BVH | Copying BVH to device
Fra:50 Mem:226.62M (Peak 320.76M) | Time:00:00.53 | Mem:5.65M, Peak:9.82M | Scene, ViewLayer | Updating Mesh | Computing normals
Fra:50 Mem:230.79M (Peak 320.76M) | Time:00:00.53 | Mem:5.65M, Peak:9.82M | Scene, ViewLayer | Updating Mesh | Copying Mesh to device
Fra:50 Mem:230.79M (Peak 320.76M) | Time:00:00.53 | Mem:9.82M, Peak:9.82M | Scene, ViewLayer | Updating Objects Flags
Fra:50 Mem:230.79M (Peak 320.76M) | Time:00:00.55 | Mem:9.82M, Peak:9.82M | Scene, ViewLayer | Updating Primitive Offsets
Fra:50 Mem:230.79M (Peak 320.76M) | Time:00:00.55 | Mem:9.82M, Peak:9.82M | Scene, ViewLayer | Updating Images
Fra:50 Mem:226.18M (Peak 320.76M) | Time:00:00.55 | Mem:5.22M, Peak:9.82M | Scene, ViewLayer | Updating Images | Loading density
Fra:50 Mem:230.81M (Peak 320.76M) | Time:00:00.55 | Mem:9.84M, Peak:9.84M | Scene, ViewLayer | Updating Camera Volume
Fra:50 Mem:230.81M (Peak 320.76M) | Time:00:00.55 | Mem:9.84M, Peak:9.84M | Scene, ViewLayer | Updating Lookup Tables
Fra:50 Mem:230.81M (Peak 320.76M) | Time:00:00.56 | Mem:9.84M, Peak:9.84M | Scene, ViewLayer | Updating Lights
Fra:50 Mem:230.81M (Peak 320.76M) | Time:00:00.56 | Mem:9.84M, Peak:9.84M | Scene, ViewLayer | Updating Lights | Computing tree
Fra:50 Mem:230.81M (Peak 320.76M) | Time:00:00.56 | Mem:9.84M, Peak:9.84M | Scene, ViewLayer | Updating Integrator
Fra:50 Mem:230.81M (Peak 320.76M) | Time:00:00.56 | Mem:9.84M, Peak:9.84M | Scene, ViewLayer | Updating Film
Fra:50 Mem:230.81M (Peak 320.76M) | Time:00:00.56 | Mem:9.84M, Peak:9.84M | Scene, ViewLayer | Updating Lookup Tables
Fra:50 Mem:230.81M (Peak 320.76M) | Time:00:00.56 | Mem:9.84M, Peak:9.84M | Scene, ViewLayer | Updating Baking
Fra:50 Mem:230.81M (Peak 320.76M) | Time:00:00.56 | Mem:9.84M, Peak:9.84M | Scene, ViewLayer | Updating Device | Writing constant memory
Fra:50 Mem:230.81M (Peak 320.76M) | Time:00:00.56 | Mem:9.84M, Peak:9.84M | Scene, ViewLayer | Sample 0/24
Fra:50 Mem:230.81M (Peak 320.76M) | Time:00:01.35 | Remaining:00:18.27 | Mem:9.84M, Peak:9.84M | Scene, ViewLayer | Sample 1/24
Fra:50 Mem:230.81M (Peak 320.76M) | Time:00:02.19 | Remaining:00:17.99 | Mem:9.84M, Peak:9.84M | Scene, ViewLayer | Sample 2/24
Fra:50 Mem:266.41M (Peak 320.76M) | Time:00:18.46 | Mem:9.84M, Peak:9.84M | Scene, ViewLayer | Sample 24/24
Fra:50 Mem:266.41M (Peak 320.76M) | Time:00:18.46 | Mem:9.84M, Peak:9.84M | Scene, ViewLayer | Finished
Saved: 'C:\Work\domin8te-build\daysky\out\b\f0050.png'
Time: 00:18.61 (Saving: 00:00.14)

Fra:51 Mem:230.81M (Peak 320.76M) | Time:00:00.46 | Mem:9.84M, Peak:9.84M | Scene, ViewLayer | Synchronizing object | main_vol
Fra:51 Mem:230.72M (Peak 320.76M) | Time:00:00.46 | Mem:9.84M, Peak:9.84M | Scene, ViewLayer | Synchronizing object | t0
Fra:51 Mem:230.64M (Peak 320.76M) | Time:00:00.46 | Mem:9.84M, Peak:9.84M | Scene, ViewLayer | Synchronizing object | t1
Fra:51 Mem:230.64M (Peak 320.76M) | Time:00:00.46 | Mem:9.84M, Peak:9.84M | Scene, ViewLayer | Initializing
Fra:51 Mem:230.64M (Peak 320.76M) | Time:00:00.46 | Mem:9.84M, Peak:9.84M | Scene, ViewLayer | Waiting for render to start
Fra:51 Mem:230.64M (Peak 320.76M) | Time:00:00.46 | Mem:9.84M, Peak:9.84M | Scene, ViewLayer | Updating Scene
Fra:51 Mem:230.64M (Peak 320.76M) | Time:00:00.46 | Mem:9.84M, Peak:9.84M | Scene, ViewLayer | Updating Shaders
Fra:51 Mem:230.64M (Peak 320.76M) | Time:00:00.46 | Mem:9.84M, Peak:9.84M | Scene, ViewLayer | Updating Background
Fra:51 Mem:230.64M (Peak 320.76M) | Time:00:00.46 | Mem:9.84M, Peak:9.84M | Scene, ViewLayer | Updating Camera
Fra:51 Mem:230.64M (Peak 320.76M) | Time:00:00.46 | Mem:9.84M, Peak:9.84M | Scene, ViewLayer | Updating Meshes Flags
Fra:51 Mem:230.64M (Peak 320.76M) | Time:00:00.46 | Mem:9.84M, Peak:9.84M | Scene, ViewLayer | Updating Meshes Volume Bounds
Fra:51 Mem:230.64M (Peak 320.76M) | Time:00:00.46 | Mem:9.84M, Peak:9.84M | Scene, ViewLayer | Updating Volume Images
Fra:51 Mem:230.64M (Peak 320.76M) | Time:00:00.46 | Mem:9.84M, Peak:9.84M | Scene, ViewLayer | Updating Mesh | Computing Volume Mesh main_vol
Fra:51 Mem:230.71M (Peak 320.76M) | Time:00:00.47 | Mem:9.84M, Peak:9.84M | Scene, ViewLayer | Updating Mesh | Computing Volume Mesh far_vol
Fra:51 Mem:230.75M (Peak 320.76M) | Time:00:00.48 | Mem:9.84M, Peak:9.84M | Scene, ViewLayer | Updating Mesh | Computing Volume Mesh near_vol
Fra:51 Mem:230.77M (Peak 320.76M) | Time:00:00.48 | Mem:9.84M, Peak:9.84M | Scene, ViewLayer | Updating Objects
Fra:51 Mem:230.77M (Peak 320.76M) | Time:00:00.48 | Mem:9.84M, Peak:9.84M | Scene, ViewLayer | Updating Objects | Copying Transformations to device
Fra:51 Mem:230.77M (Peak 320.76M) | Time:00:00.48 | Mem:9.84M, Peak:9.84M | Scene, ViewLayer | Updating Particle Systems
Fra:51 Mem:230.77M (Peak 320.76M) | Time:00:00.48 | Mem:9.84M, Peak:9.84M | Scene, ViewLayer | Updating Meshes
Fra:51 Mem:225.68M (Peak 320.76M) | Time:00:00.48 | Mem:4.71M, Peak:9.84M | Scene, ViewLayer | Updating Objects | Applying Static Transformations
Fra:51 Mem:225.68M (Peak 320.76M) | Time:00:00.48 | Mem:4.71M, Peak:9.84M | Scene, ViewLayer | Updating Mesh | Computing attributes
Fra:51 Mem:226.64M (Peak 320.76M) | Time:00:00.48 | Mem:4.72M, Peak:9.84M | Scene, ViewLayer | Updating Mesh | Copying Attributes to device
Fra:51 Mem:226.64M (Peak 320.76M) | Time:00:00.48 | Mem:5.67M, Peak:9.84M | Scene, ViewLayer | Updating Geometry BVH near_vol 4/5 | Building BVH
Fra:51 Mem:226.64M (Peak 320.76M) | Time:00:00.48 | Mem:5.67M, Peak:9.84M | Scene, ViewLayer | Updating Geometry BVH main_vol 2/5 | Building BVH
Fra:51 Mem:226.64M (Peak 320.76M) | Time:00:00.48 | Mem:5.67M, Peak:9.84M | Scene, ViewLayer | Updating Geometry BVH main_vol 2/5 | Building OptiX acceleration structure
Fra:51 Mem:226.64M (Peak 320.76M) | Time:00:00.48 | Mem:5.67M, Peak:9.84M | Scene, ViewLayer | Updating Geometry BVH t1 6/5 | Building BVH
Fra:51 Mem:226.65M (Peak 320.76M) | Time:00:00.48 | Mem:5.67M, Peak:9.84M | Scene, ViewLayer | Updating Geometry BVH t1 6/5 | Building OptiX acceleration structure
Fra:51 Mem:226.74M (Peak 320.76M) | Time:00:00.48 | Mem:5.67M, Peak:9.84M | Scene, ViewLayer | Updating Geometry BVH t0 5/5 | Building BVH
Fra:51 Mem:226.74M (Peak 320.76M) | Time:00:00.48 | Mem:5.67M, Peak:9.84M | Scene, ViewLayer | Updating Geometry BVH t0 5/5 | Building OptiX acceleration structure
Fra:51 Mem:226.64M (Peak 320.76M) | Time:00:00.49 | Mem:5.67M, Peak:9.84M | Scene, ViewLayer | Updating Scene BVH | Building
Fra:51 Mem:226.64M (Peak 320.76M) | Time:00:00.49 | Mem:5.67M, Peak:9.84M | Scene, ViewLayer | Updating Scene BVH | Building OptiX acceleration structure
Fra:51 Mem:226.64M (Peak 320.76M) | Time:00:00.49 | Mem:5.67M, Peak:9.84M | Scene, ViewLayer | Updating Scene BVH | Building BVH
Fra:51 Mem:226.64M (Peak 320.76M) | Time:00:00.49 | Mem:5.67M, Peak:9.84M | Scene, ViewLayer | Updating Scene BVH | Building BVH 0%
Fra:51 Mem:226.64M (Peak 320.76M) | Time:00:00.50 | Mem:5.67M, Peak:9.84M | Scene, ViewLayer | Updating Scene BVH | Copying BVH to device
Fra:51 Mem:226.64M (Peak 320.76M) | Time:00:00.50 | Mem:5.67M, Peak:9.84M | Scene, ViewLayer | Updating Mesh | Computing normals
Fra:51 Mem:230.81M (Peak 320.76M) | Time:00:00.50 | Mem:5.67M, Peak:9.84M | Scene, ViewLayer | Updating Mesh | Copying Mesh to device
Fra:51 Mem:230.81M (Peak 320.76M) | Time:00:00.50 | Mem:9.84M, Peak:9.84M | Scene, ViewLayer | Updating Objects Flags
Fra:51 Mem:230.81M (Peak 320.76M) | Time:00:00.52 | Mem:9.84M, Peak:9.84M | Scene, ViewLayer | Updating Primitive Offsets
Fra:51 Mem:230.81M (Peak 320.76M) | Time:00:00.52 | Mem:9.84M, Peak:9.84M | Scene, ViewLayer | Updating Images
Fra:51 Mem:228.25M (Peak 320.76M) | Time:00:00.52 | Mem:9.84M, Peak:9.84M | Scene, ViewLayer | Updating Images | Loading density
Fra:51 Mem:230.83M (Peak 320.76M) | Time:00:00.53 | Mem:9.86M, Peak:11.92M | Scene, ViewLayer | Updating Camera Volume
Fra:51 Mem:230.83M (Peak 320.76M) | Time:00:00.53 | Mem:9.86M, Peak:11.92M | Scene, ViewLayer | Updating Lookup Tables
Fra:51 Mem:230.83M (Peak 320.76M) | Time:00:00.53 | Mem:9.86M, Peak:11.92M | Scene, ViewLayer | Updating Lights
Fra:51 Mem:230.83M (Peak 320.76M) | Time:00:00.53 | Mem:9.86M, Peak:11.92M | Scene, ViewLayer | Updating Lights | Computing tree
Fra:51 Mem:230.83M (Peak 320.76M) | Time:00:00.53 | Mem:9.86M, Peak:11.92M | Scene, ViewLayer | Updating Integrator
Fra:51 Mem:230.83M (Peak 320.76M) | Time:00:00.53 | Mem:9.86M, Peak:11.92M | Scene, ViewLayer | Updating Film
Fra:51 Mem:230.83M (Peak 320.76M) | Time:00:00.53 | Mem:9.86M, Peak:11.92M | Scene, ViewLayer | Updating Lookup Tables
Fra:51 Mem:230.83M (Peak 320.76M) | Time:00:00.53 | Mem:9.86M, Peak:11.92M | Scene, ViewLayer | Updating Baking
Fra:51 Mem:230.83M (Peak 320.76M) | Time:00:00.53 | Mem:9.86M, Peak:11.92M | Scene, ViewLayer | Updating Device | Writing constant memory
Fra:51 Mem:230.83M (Peak 320.76M) | Time:00:00.53 | Mem:9.86M, Peak:11.92M | Scene, ViewLayer | Sample 0/24
Fra:51 Mem:230.83M (Peak 320.76M) | Time:00:01.36 | Remaining:00:19.11 | Mem:9.86M, Peak:11.92M | Scene, ViewLayer | Sample 1/24
Fra:51 Mem:230.83M (Peak 320.76M) | Time:00:02.18 | Remaining:00:18.17 | Mem:9.86M, Peak:11.92M | Scene, ViewLayer | Sample 2/24
Fra:51 Mem:266.43M (Peak 320.76M) | Time:00:18.53 | Mem:9.86M, Peak:11.92M | Scene, ViewLayer | Sample 24/24
Fra:51 Mem:266.43M (Peak 320.76M) | Time:00:18.53 | Mem:9.86M, Peak:11.92M | Scene, ViewLayer | Finished
Saved: 'C:\Work\domin8te-build\daysky\out\b\f0051.png'
Time: 00:18.70 (Saving: 00:00.17)

Fra:52 Mem:230.83M (Peak 320.76M) | Time:00:00.44 | Mem:9.86M, Peak:9.86M | Scene, ViewLayer | Synchronizing object | main_vol
Fra:52 Mem:230.74M (Peak 320.76M) | Time:00:00.44 | Mem:9.86M, Peak:9.86M | Scene, ViewLayer | Synchronizing object | t0
Fra:52 Mem:230.66M (Peak 320.76M) | Time:00:00.44 | Mem:9.86M, Peak:9.86M | Scene, ViewLayer | Synchronizing object | t1
Fra:52 Mem:230.66M (Peak 320.76M) | Time:00:00.45 | Mem:9.86M, Peak:9.86M | Scene, ViewLayer | Initializing
Fra:52 Mem:230.66M (Peak 320.76M) | Time:00:00.45 | Mem:9.86M, Peak:9.86M | Scene, ViewLayer | Waiting for render to start
Fra:52 Mem:230.66M (Peak 320.76M) | Time:00:00.45 | Mem:9.86M, Peak:9.86M | Scene, ViewLayer | Updating Scene
Fra:52 Mem:230.66M (Peak 320.76M) | Time:00:00.45 | Mem:9.86M, Peak:9.86M | Scene, ViewLayer | Updating Shaders
Fra:52 Mem:230.66M (Peak 320.76M) | Time:00:00.45 | Mem:9.86M, Peak:9.86M | Scene, ViewLayer | Updating Background
Fra:52 Mem:230.66M (Peak 320.76M) | Time:00:00.45 | Mem:9.86M, Peak:9.86M | Scene, ViewLayer | Updating Camera
Fra:52 Mem:230.66M (Peak 320.76M) | Time:00:00.45 | Mem:9.86M, Peak:9.86M | Scene, ViewLayer | Updating Meshes Flags
Fra:52 Mem:230.66M (Peak 320.76M) | Time:00:00.45 | Mem:9.86M, Peak:9.86M | Scene, ViewLayer | Updating Meshes Volume Bounds
Fra:52 Mem:230.66M (Peak 320.76M) | Time:00:00.45 | Mem:9.86M, Peak:9.86M | Scene, ViewLayer | Updating Volume Images
Fra:52 Mem:230.66M (Peak 320.76M) | Time:00:00.45 | Mem:9.86M, Peak:9.86M | Scene, ViewLayer | Updating Mesh | Computing Volume Mesh main_vol
Fra:52 Mem:230.73M (Peak 320.76M) | Time:00:00.46 | Mem:9.86M, Peak:9.86M | Scene, ViewLayer | Updating Mesh | Computing Volume Mesh far_vol
Fra:52 Mem:230.76M (Peak 320.76M) | Time:00:00.46 | Mem:9.86M, Peak:9.86M | Scene, ViewLayer | Updating Mesh | Computing Volume Mesh near_vol
Fra:52 Mem:230.79M (Peak 320.76M) | Time:00:00.47 | Mem:9.86M, Peak:9.86M | Scene, ViewLayer | Updating Objects
Fra:52 Mem:230.79M (Peak 320.76M) | Time:00:00.47 | Mem:9.86M, Peak:9.86M | Scene, ViewLayer | Updating Objects | Copying Transformations to device
Fra:52 Mem:230.79M (Peak 320.76M) | Time:00:00.47 | Mem:9.86M, Peak:9.86M | Scene, ViewLayer | Updating Particle Systems
Fra:52 Mem:230.79M (Peak 320.76M) | Time:00:00.47 | Mem:9.86M, Peak:9.86M | Scene, ViewLayer | Updating Meshes
Fra:52 Mem:225.70M (Peak 320.76M) | Time:00:00.47 | Mem:4.73M, Peak:9.86M | Scene, ViewLayer | Updating Objects | Applying Static Transformations
Fra:52 Mem:225.70M (Peak 320.76M) | Time:00:00.47 | Mem:4.73M, Peak:9.86M | Scene, ViewLayer | Updating Mesh | Computing attributes
Fra:52 Mem:226.66M (Peak 320.76M) | Time:00:00.47 | Mem:4.73M, Peak:9.86M | Scene, ViewLayer | Updating Mesh | Copying Attributes to device
Fra:52 Mem:226.66M (Peak 320.76M) | Time:00:00.47 | Mem:5.69M, Peak:9.86M | Scene, ViewLayer | Updating Geometry BVH far_vol 3/5 | Building BVH
Fra:52 Mem:226.66M (Peak 320.76M) | Time:00:00.47 | Mem:5.69M, Peak:9.86M | Scene, ViewLayer | Updating Geometry BVH t1 6/5 | Building BVH
Fra:52 Mem:226.66M (Peak 320.76M) | Time:00:00.47 | Mem:5.69M, Peak:9.86M | Scene, ViewLayer | Updating Geometry BVH t0 5/5 | Building OptiX acceleration structure
Fra:52 Mem:226.66M (Peak 320.76M) | Time:00:00.48 | Mem:5.69M, Peak:9.86M | Scene, ViewLayer | Updating Scene BVH | Building
Fra:52 Mem:226.66M (Peak 320.76M) | Time:00:00.48 | Mem:5.69M, Peak:9.86M | Scene, ViewLayer | Updating Scene BVH | Building OptiX acceleration structure
Fra:52 Mem:226.66M (Peak 320.76M) | Time:00:00.48 | Mem:5.69M, Peak:9.86M | Scene, ViewLayer | Updating Scene BVH | Building BVH
Fra:52 Mem:226.66M (Peak 320.76M) | Time:00:00.48 | Mem:5.69M, Peak:9.86M | Scene, ViewLayer | Updating Scene BVH | Building BVH 0%
Fra:52 Mem:226.66M (Peak 320.76M) | Time:00:00.48 | Mem:5.69M, Peak:9.86M | Scene, ViewLayer | Updating Scene BVH | Copying BVH to device
Fra:52 Mem:226.66M (Peak 320.76M) | Time:00:00.48 | Mem:5.69M, Peak:9.86M | Scene, ViewLayer | Updating Mesh | Computing normals
Fra:52 Mem:230.83M (Peak 320.76M) | Time:00:00.49 | Mem:5.69M, Peak:9.86M | Scene, ViewLayer | Updating Mesh | Copying Mesh to device
Fra:52 Mem:230.83M (Peak 320.76M) | Time:00:00.49 | Mem:9.86M, Peak:9.86M | Scene, ViewLayer | Updating Objects Flags
Fra:52 Mem:230.83M (Peak 320.76M) | Time:00:00.51 | Mem:9.86M, Peak:9.86M | Scene, ViewLayer | Updating Primitive Offsets
Fra:52 Mem:230.83M (Peak 320.76M) | Time:00:00.51 | Mem:9.86M, Peak:9.86M | Scene, ViewLayer | Updating Images
Fra:52 Mem:226.19M (Peak 320.76M) | Time:00:00.51 | Mem:5.22M, Peak:9.86M | Scene, ViewLayer | Updating Images | Loading density
Fra:52 Mem:230.85M (Peak 320.76M) | Time:00:00.51 | Mem:9.88M, Peak:9.88M | Scene, ViewLayer | Updating Camera Volume
Fra:52 Mem:230.85M (Peak 320.76M) | Time:00:00.51 | Mem:9.88M, Peak:9.88M | Scene, ViewLayer | Updating Lookup Tables
Fra:52 Mem:230.85M (Peak 320.76M) | Time:00:00.51 | Mem:9.88M, Peak:9.88M | Scene, ViewLayer | Updating Lights
Fra:52 Mem:230.84M (Peak 320.76M) | Time:00:00.51 | Mem:9.88M, Peak:9.88M | Scene, ViewLayer | Updating Lights | Computing tree
Fra:52 Mem:230.85M (Peak 320.76M) | Time:00:00.51 | Mem:9.88M, Peak:9.88M | Scene, ViewLayer | Updating Integrator
Fra:52 Mem:230.85M (Peak 320.76M) | Time:00:00.51 | Mem:9.88M, Peak:9.88M | Scene, ViewLayer | Updating Film
Fra:52 Mem:230.85M (Peak 320.76M) | Time:00:00.51 | Mem:9.88M, Peak:9.88M | Scene, ViewLayer | Updating Lookup Tables
Fra:52 Mem:230.85M (Peak 320.76M) | Time:00:00.51 | Mem:9.88M, Peak:9.88M | Scene, ViewLayer | Updating Baking
Fra:52 Mem:230.85M (Peak 320.76M) | Time:00:00.51 | Mem:9.88M, Peak:9.88M | Scene, ViewLayer | Updating Device | Writing constant memory
Fra:52 Mem:230.85M (Peak 320.76M) | Time:00:00.51 | Mem:9.88M, Peak:9.88M | Scene, ViewLayer | Sample 0/24
Fra:52 Mem:230.85M (Peak 320.76M) | Time:00:01.35 | Remaining:00:19.34 | Mem:9.88M, Peak:9.88M | Scene, ViewLayer | Sample 1/24
Fra:52 Mem:230.85M (Peak 320.76M) | Time:00:02.32 | Remaining:00:19.93 | Mem:9.88M, Peak:9.88M | Scene, ViewLayer | Sample 2/24
Fra:52 Mem:266.44M (Peak 320.76M) | Time:00:18.77 | Mem:9.88M, Peak:9.88M | Scene, ViewLayer | Sample 24/24
Fra:52 Mem:266.44M (Peak 320.76M) | Time:00:18.77 | Mem:9.88M, Peak:9.88M | Scene, ViewLayer | Finished
Saved: 'C:\Work\domin8te-build\daysky\out\b\f0052.png'
Time: 00:18.92 (Saving: 00:00.15)

Fra:53 Mem:230.85M (Peak 320.76M) | Time:00:00.45 | Mem:9.88M, Peak:9.88M | Scene, ViewLayer | Synchronizing object | main_vol
Fra:53 Mem:230.76M (Peak 320.76M) | Time:00:00.45 | Mem:9.88M, Peak:9.88M | Scene, ViewLayer | Synchronizing object | t0
Fra:53 Mem:230.68M (Peak 320.76M) | Time:00:00.45 | Mem:9.88M, Peak:9.88M | Scene, ViewLayer | Synchronizing object | t1
Fra:53 Mem:230.68M (Peak 320.76M) | Time:00:00.45 | Mem:9.88M, Peak:9.88M | Scene, ViewLayer | Initializing
Fra:53 Mem:230.67M (Peak 320.76M) | Time:00:00.45 | Mem:9.88M, Peak:9.88M | Scene, ViewLayer | Waiting for render to start
Fra:53 Mem:230.67M (Peak 320.76M) | Time:00:00.45 | Mem:9.88M, Peak:9.88M | Scene, ViewLayer | Updating Scene
Fra:53 Mem:230.67M (Peak 320.76M) | Time:00:00.45 | Mem:9.88M, Peak:9.88M | Scene, ViewLayer | Updating Shaders
Fra:53 Mem:230.67M (Peak 320.76M) | Time:00:00.45 | Mem:9.88M, Peak:9.88M | Scene, ViewLayer | Updating Background
Fra:53 Mem:230.67M (Peak 320.76M) | Time:00:00.45 | Mem:9.88M, Peak:9.88M | Scene, ViewLayer | Updating Camera
Fra:53 Mem:230.67M (Peak 320.76M) | Time:00:00.45 | Mem:9.88M, Peak:9.88M | Scene, ViewLayer | Updating Meshes Flags
Fra:53 Mem:230.67M (Peak 320.76M) | Time:00:00.45 | Mem:9.88M, Peak:9.88M | Scene, ViewLayer | Updating Meshes Volume Bounds
Fra:53 Mem:230.67M (Peak 320.76M) | Time:00:00.45 | Mem:9.88M, Peak:9.88M | Scene, ViewLayer | Updating Volume Images
Fra:53 Mem:230.67M (Peak 320.76M) | Time:00:00.45 | Mem:9.88M, Peak:9.88M | Scene, ViewLayer | Updating Mesh | Computing Volume Mesh main_vol
Fra:53 Mem:230.74M (Peak 320.76M) | Time:00:00.47 | Mem:9.88M, Peak:9.88M | Scene, ViewLayer | Updating Mesh | Computing Volume Mesh far_vol
Fra:53 Mem:230.78M (Peak 320.76M) | Time:00:00.47 | Mem:9.88M, Peak:9.88M | Scene, ViewLayer | Updating Mesh | Computing Volume Mesh near_vol
Fra:53 Mem:230.80M (Peak 320.76M) | Time:00:00.47 | Mem:9.88M, Peak:9.88M | Scene, ViewLayer | Updating Objects
Fra:53 Mem:230.80M (Peak 320.76M) | Time:00:00.47 | Mem:9.88M, Peak:9.88M | Scene, ViewLayer | Updating Objects | Copying Transformations to device
Fra:53 Mem:230.80M (Peak 320.76M) | Time:00:00.48 | Mem:9.88M, Peak:9.88M | Scene, ViewLayer | Updating Particle Systems
Fra:53 Mem:230.80M (Peak 320.76M) | Time:00:00.48 | Mem:9.88M, Peak:9.88M | Scene, ViewLayer | Updating Meshes
Fra:53 Mem:225.72M (Peak 320.76M) | Time:00:00.48 | Mem:4.75M, Peak:9.88M | Scene, ViewLayer | Updating Objects | Applying Static Transformations
Fra:53 Mem:225.72M (Peak 320.76M) | Time:00:00.48 | Mem:4.75M, Peak:9.88M | Scene, ViewLayer | Updating Mesh | Computing attributes
Fra:53 Mem:226.68M (Peak 320.76M) | Time:00:00.48 | Mem:4.75M, Peak:9.88M | Scene, ViewLayer | Updating Mesh | Copying Attributes to device
Fra:53 Mem:226.67M (Peak 320.76M) | Time:00:00.48 | Mem:5.71M, Peak:9.88M | Scene, ViewLayer | Updating Geometry BVH main_vol 2/5 | Building BVH
Fra:53 Mem:226.67M (Peak 320.76M) | Time:00:00.48 | Mem:5.71M, Peak:9.88M | Scene, ViewLayer | Updating Geometry BVH far_vol 3/5 | Building BVH
Fra:53 Mem:226.67M (Peak 320.76M) | Time:00:00.48 | Mem:5.71M, Peak:9.88M | Scene, ViewLayer | Updating Geometry BVH t0 5/5 | Building OptiX acceleration structure
Fra:53 Mem:226.67M (Peak 320.76M) | Time:00:00.48 | Mem:5.71M, Peak:9.88M | Scene, ViewLayer | Updating Scene BVH | Building
Fra:53 Mem:226.68M (Peak 320.76M) | Time:00:00.48 | Mem:5.71M, Peak:9.88M | Scene, ViewLayer | Updating Scene BVH | Building OptiX acceleration structure
Fra:53 Mem:226.68M (Peak 320.76M) | Time:00:00.49 | Mem:5.71M, Peak:9.88M | Scene, ViewLayer | Updating Scene BVH | Building BVH
Fra:53 Mem:226.68M (Peak 320.76M) | Time:00:00.49 | Mem:5.71M, Peak:9.88M | Scene, ViewLayer | Updating Scene BVH | Building BVH 0%
Fra:53 Mem:226.68M (Peak 320.76M) | Time:00:00.49 | Mem:5.71M, Peak:9.88M | Scene, ViewLayer | Updating Scene BVH | Copying BVH to device
Fra:53 Mem:226.68M (Peak 320.76M) | Time:00:00.49 | Mem:5.71M, Peak:9.88M | Scene, ViewLayer | Updating Mesh | Computing normals
Fra:53 Mem:230.85M (Peak 320.76M) | Time:00:00.49 | Mem:5.71M, Peak:9.88M | Scene, ViewLayer | Updating Mesh | Copying Mesh to device
Fra:53 Mem:230.85M (Peak 320.76M) | Time:00:00.50 | Mem:9.88M, Peak:9.88M | Scene, ViewLayer | Updating Objects Flags
Fra:53 Mem:230.85M (Peak 320.76M) | Time:00:00.51 | Mem:9.88M, Peak:9.88M | Scene, ViewLayer | Updating Primitive Offsets
Fra:53 Mem:230.85M (Peak 320.76M) | Time:00:00.52 | Mem:9.88M, Peak:9.88M | Scene, ViewLayer | Updating Images
Fra:53 Mem:228.26M (Peak 320.76M) | Time:00:00.52 | Mem:9.88M, Peak:9.88M | Scene, ViewLayer | Updating Images | Loading density
Fra:53 Mem:230.86M (Peak 320.76M) | Time:00:00.52 | Mem:9.89M, Peak:11.97M | Scene, ViewLayer | Updating Camera Volume
Fra:53 Mem:230.86M (Peak 320.76M) | Time:00:00.52 | Mem:9.89M, Peak:11.97M | Scene, ViewLayer | Updating Lookup Tables
Fra:53 Mem:230.86M (Peak 320.76M) | Time:00:00.52 | Mem:9.89M, Peak:11.97M | Scene, ViewLayer | Updating Lights
Fra:53 Mem:230.86M (Peak 320.76M) | Time:00:00.52 | Mem:9.89M, Peak:11.97M | Scene, ViewLayer | Updating Lights | Computing tree
Fra:53 Mem:230.86M (Peak 320.76M) | Time:00:00.52 | Mem:9.89M, Peak:11.97M | Scene, ViewLayer | Updating Integrator
Fra:53 Mem:230.86M (Peak 320.76M) | Time:00:00.52 | Mem:9.89M, Peak:11.97M | Scene, ViewLayer | Updating Film
Fra:53 Mem:230.86M (Peak 320.76M) | Time:00:00.52 | Mem:9.89M, Peak:11.97M | Scene, ViewLayer | Updating Lookup Tables
Fra:53 Mem:230.86M (Peak 320.76M) | Time:00:00.52 | Mem:9.89M, Peak:11.97M | Scene, ViewLayer | Updating Baking
Fra:53 Mem:230.86M (Peak 320.76M) | Time:00:00.52 | Mem:9.89M, Peak:11.97M | Scene, ViewLayer | Updating Device | Writing constant memory
Fra:53 Mem:230.86M (Peak 320.76M) | Time:00:00.52 | Mem:9.89M, Peak:11.97M | Scene, ViewLayer | Sample 0/24
Fra:53 Mem:230.86M (Peak 320.76M) | Time:00:01.38 | Remaining:00:19.71 | Mem:9.89M, Peak:11.97M | Scene, ViewLayer | Sample 1/24
Fra:53 Mem:230.86M (Peak 320.76M) | Time:00:02.25 | Remaining:00:19.02 | Mem:9.89M, Peak:11.97M | Scene, ViewLayer | Sample 2/24
Fra:53 Mem:266.46M (Peak 320.76M) | Time:00:19.21 | Mem:9.89M, Peak:11.97M | Scene, ViewLayer | Sample 24/24
Fra:53 Mem:266.46M (Peak 320.76M) | Time:00:19.21 | Mem:9.89M, Peak:11.97M | Scene, ViewLayer | Finished
Saved: 'C:\Work\domin8te-build\daysky\out\b\f0053.png'
Time: 00:19.37 (Saving: 00:00.16)

Fra:54 Mem:230.86M (Peak 320.76M) | Time:00:00.47 | Mem:9.89M, Peak:9.89M | Scene, ViewLayer | Synchronizing object | main_vol
Fra:54 Mem:230.77M (Peak 320.76M) | Time:00:00.47 | Mem:9.89M, Peak:9.89M | Scene, ViewLayer | Synchronizing object | t0
Fra:54 Mem:230.69M (Peak 320.76M) | Time:00:00.47 | Mem:9.89M, Peak:9.89M | Scene, ViewLayer | Synchronizing object | t1
Fra:54 Mem:230.69M (Peak 320.76M) | Time:00:00.47 | Mem:9.89M, Peak:9.89M | Scene, ViewLayer | Initializing
Fra:54 Mem:230.69M (Peak 320.76M) | Time:00:00.47 | Mem:9.89M, Peak:9.89M | Scene, ViewLayer | Waiting for render to start
Fra:54 Mem:230.69M (Peak 320.76M) | Time:00:00.47 | Mem:9.89M, Peak:9.89M | Scene, ViewLayer | Updating Scene
Fra:54 Mem:230.69M (Peak 320.76M) | Time:00:00.47 | Mem:9.89M, Peak:9.89M | Scene, ViewLayer | Updating Shaders
Fra:54 Mem:230.69M (Peak 320.76M) | Time:00:00.47 | Mem:9.89M, Peak:9.89M | Scene, ViewLayer | Updating Background
Fra:54 Mem:230.69M (Peak 320.76M) | Time:00:00.47 | Mem:9.89M, Peak:9.89M | Scene, ViewLayer | Updating Camera
Fra:54 Mem:230.69M (Peak 320.76M) | Time:00:00.47 | Mem:9.89M, Peak:9.89M | Scene, ViewLayer | Updating Meshes Flags
Fra:54 Mem:230.69M (Peak 320.76M) | Time:00:00.47 | Mem:9.89M, Peak:9.89M | Scene, ViewLayer | Updating Meshes Volume Bounds
Fra:54 Mem:230.69M (Peak 320.76M) | Time:00:00.47 | Mem:9.89M, Peak:9.89M | Scene, ViewLayer | Updating Volume Images
Fra:54 Mem:230.69M (Peak 320.76M) | Time:00:00.47 | Mem:9.89M, Peak:9.89M | Scene, ViewLayer | Updating Mesh | Computing Volume Mesh main_vol
Fra:54 Mem:230.76M (Peak 320.76M) | Time:00:00.48 | Mem:9.89M, Peak:9.89M | Scene, ViewLayer | Updating Mesh | Computing Volume Mesh far_vol
Fra:54 Mem:230.80M (Peak 320.76M) | Time:00:00.49 | Mem:9.89M, Peak:9.89M | Scene, ViewLayer | Updating Mesh | Computing Volume Mesh near_vol
Fra:54 Mem:230.82M (Peak 320.76M) | Time:00:00.49 | Mem:9.89M, Peak:9.89M | Scene, ViewLayer | Updating Objects
Fra:54 Mem:230.82M (Peak 320.76M) | Time:00:00.49 | Mem:9.89M, Peak:9.89M | Scene, ViewLayer | Updating Objects | Copying Transformations to device
Fra:54 Mem:230.82M (Peak 320.76M) | Time:00:00.49 | Mem:9.89M, Peak:9.89M | Scene, ViewLayer | Updating Particle Systems
Fra:54 Mem:230.82M (Peak 320.76M) | Time:00:00.49 | Mem:9.89M, Peak:9.89M | Scene, ViewLayer | Updating Meshes
Fra:54 Mem:225.74M (Peak 320.76M) | Time:00:00.49 | Mem:4.77M, Peak:9.89M | Scene, ViewLayer | Updating Objects | Applying Static Transformations
Fra:54 Mem:225.74M (Peak 320.76M) | Time:00:00.49 | Mem:4.77M, Peak:9.89M | Scene, ViewLayer | Updating Mesh | Computing attributes
Fra:54 Mem:226.69M (Peak 320.76M) | Time:00:00.49 | Mem:4.77M, Peak:9.89M | Scene, ViewLayer | Updating Mesh | Copying Attributes to device
Fra:54 Mem:226.69M (Peak 320.76M) | Time:00:00.49 | Mem:5.72M, Peak:9.89M | Scene, ViewLayer | Updating Geometry BVH main_vol 2/5 | Building BVH
Fra:54 Mem:226.69M (Peak 320.76M) | Time:00:00.49 | Mem:5.72M, Peak:9.89M | Scene, ViewLayer | Updating Geometry BVH far_vol 3/5 | Building BVH
Fra:54 Mem:226.69M (Peak 320.76M) | Time:00:00.49 | Mem:5.72M, Peak:9.89M | Scene, ViewLayer | Updating Geometry BVH t1 6/5 | Building BVH
Fra:54 Mem:226.69M (Peak 320.76M) | Time:00:00.49 | Mem:5.72M, Peak:9.89M | Scene, ViewLayer | Updating Geometry BVH t1 6/5 | Building OptiX acceleration structure
Fra:54 Mem:226.69M (Peak 320.76M) | Time:00:00.50 | Mem:5.72M, Peak:9.89M | Scene, ViewLayer | Updating Scene BVH | Building
Fra:54 Mem:226.69M (Peak 320.76M) | Time:00:00.50 | Mem:5.72M, Peak:9.89M | Scene, ViewLayer | Updating Scene BVH | Building OptiX acceleration structure
Fra:54 Mem:226.69M (Peak 320.76M) | Time:00:00.50 | Mem:5.72M, Peak:9.89M | Scene, ViewLayer | Updating Scene BVH | Building BVH
Fra:54 Mem:226.69M (Peak 320.76M) | Time:00:00.50 | Mem:5.72M, Peak:9.89M | Scene, ViewLayer | Updating Scene BVH | Building BVH 0%
Fra:54 Mem:226.69M (Peak 320.76M) | Time:00:00.51 | Mem:5.72M, Peak:9.89M | Scene, ViewLayer | Updating Scene BVH | Copying BVH to device
Fra:54 Mem:226.69M (Peak 320.76M) | Time:00:00.51 | Mem:5.72M, Peak:9.89M | Scene, ViewLayer | Updating Mesh | Computing normals
Fra:54 Mem:230.86M (Peak 320.76M) | Time:00:00.51 | Mem:5.72M, Peak:9.89M | Scene, ViewLayer | Updating Mesh | Copying Mesh to device
Fra:54 Mem:230.86M (Peak 320.76M) | Time:00:00.51 | Mem:9.89M, Peak:9.89M | Scene, ViewLayer | Updating Objects Flags
Fra:54 Mem:230.86M (Peak 320.76M) | Time:00:00.53 | Mem:9.89M, Peak:9.89M | Scene, ViewLayer | Updating Primitive Offsets
Fra:54 Mem:230.86M (Peak 320.76M) | Time:00:00.53 | Mem:9.89M, Peak:9.89M | Scene, ViewLayer | Updating Images
Fra:54 Mem:226.19M (Peak 320.76M) | Time:00:00.53 | Mem:5.22M, Peak:9.89M | Scene, ViewLayer | Updating Images | Loading density
Fra:54 Mem:230.87M (Peak 320.76M) | Time:00:00.53 | Mem:9.91M, Peak:9.91M | Scene, ViewLayer | Updating Camera Volume
Fra:54 Mem:230.87M (Peak 320.76M) | Time:00:00.53 | Mem:9.91M, Peak:9.91M | Scene, ViewLayer | Updating Lookup Tables
Fra:54 Mem:230.87M (Peak 320.76M) | Time:00:00.53 | Mem:9.91M, Peak:9.91M | Scene, ViewLayer | Updating Lights
Fra:54 Mem:230.87M (Peak 320.76M) | Time:00:00.53 | Mem:9.91M, Peak:9.91M | Scene, ViewLayer | Updating Lights | Computing tree
Fra:54 Mem:230.87M (Peak 320.76M) | Time:00:00.53 | Mem:9.91M, Peak:9.91M | Scene, ViewLayer | Updating Integrator
Fra:54 Mem:230.87M (Peak 320.76M) | Time:00:00.53 | Mem:9.91M, Peak:9.91M | Scene, ViewLayer | Updating Film
Fra:54 Mem:230.87M (Peak 320.76M) | Time:00:00.53 | Mem:9.91M, Peak:9.91M | Scene, ViewLayer | Updating Lookup Tables
Fra:54 Mem:230.87M (Peak 320.76M) | Time:00:00.53 | Mem:9.91M, Peak:9.91M | Scene, ViewLayer | Updating Baking
Fra:54 Mem:230.87M (Peak 320.76M) | Time:00:00.53 | Mem:9.91M, Peak:9.91M | Scene, ViewLayer | Updating Device | Writing constant memory
Fra:54 Mem:230.87M (Peak 320.76M) | Time:00:00.53 | Mem:9.91M, Peak:9.91M | Scene, ViewLayer | Sample 0/24
Fra:54 Mem:230.87M (Peak 320.76M) | Time:00:01.41 | Remaining:00:20.20 | Mem:9.91M, Peak:9.91M | Scene, ViewLayer | Sample 1/24
Fra:54 Mem:230.87M (Peak 320.76M) | Time:00:02.25 | Remaining:00:18.86 | Mem:9.91M, Peak:9.91M | Scene, ViewLayer | Sample 2/24
Fra:54 Mem:266.47M (Peak 320.76M) | Time:00:19.09 | Mem:9.91M, Peak:9.91M | Scene, ViewLayer | Sample 24/24
Fra:54 Mem:266.47M (Peak 320.76M) | Time:00:19.09 | Mem:9.91M, Peak:9.91M | Scene, ViewLayer | Finished
Saved: 'C:\Work\domin8te-build\daysky\out\b\f0054.png'
Time: 00:19.26 (Saving: 00:00.16)

Fra:55 Mem:230.88M (Peak 320.76M) | Time:00:00.42 | Mem:9.91M, Peak:9.91M | Scene, ViewLayer | Synchronizing object | main_vol
Fra:55 Mem:230.79M (Peak 320.76M) | Time:00:00.42 | Mem:9.91M, Peak:9.91M | Scene, ViewLayer | Synchronizing object | t0
Fra:55 Mem:230.71M (Peak 320.76M) | Time:00:00.42 | Mem:9.91M, Peak:9.91M | Scene, ViewLayer | Synchronizing object | t1
Fra:55 Mem:230.71M (Peak 320.76M) | Time:00:00.42 | Mem:9.91M, Peak:9.91M | Scene, ViewLayer | Initializing
Fra:55 Mem:230.70M (Peak 320.76M) | Time:00:00.42 | Mem:9.91M, Peak:9.91M | Scene, ViewLayer | Waiting for render to start
Fra:55 Mem:230.70M (Peak 320.76M) | Time:00:00.42 | Mem:9.91M, Peak:9.91M | Scene, ViewLayer | Updating Scene
Fra:55 Mem:230.70M (Peak 320.76M) | Time:00:00.42 | Mem:9.91M, Peak:9.91M | Scene, ViewLayer | Updating Shaders
Fra:55 Mem:230.70M (Peak 320.76M) | Time:00:00.42 | Mem:9.91M, Peak:9.91M | Scene, ViewLayer | Updating Background
Fra:55 Mem:230.70M (Peak 320.76M) | Time:00:00.42 | Mem:9.91M, Peak:9.91M | Scene, ViewLayer | Updating Camera
Fra:55 Mem:230.70M (Peak 320.76M) | Time:00:00.42 | Mem:9.91M, Peak:9.91M | Scene, ViewLayer | Updating Meshes Flags
Fra:55 Mem:230.70M (Peak 320.76M) | Time:00:00.42 | Mem:9.91M, Peak:9.91M | Scene, ViewLayer | Updating Meshes Volume Bounds
Fra:55 Mem:230.70M (Peak 320.76M) | Time:00:00.42 | Mem:9.91M, Peak:9.91M | Scene, ViewLayer | Updating Volume Images
Fra:55 Mem:230.70M (Peak 320.76M) | Time:00:00.42 | Mem:9.91M, Peak:9.91M | Scene, ViewLayer | Updating Mesh | Computing Volume Mesh main_vol
Fra:55 Mem:230.77M (Peak 320.76M) | Time:00:00.43 | Mem:9.91M, Peak:9.91M | Scene, ViewLayer | Updating Mesh | Computing Volume Mesh far_vol
Fra:55 Mem:230.81M (Peak 320.76M) | Time:00:00.44 | Mem:9.91M, Peak:9.91M | Scene, ViewLayer | Updating Mesh | Computing Volume Mesh near_vol
Fra:55 Mem:230.83M (Peak 320.76M) | Time:00:00.44 | Mem:9.91M, Peak:9.91M | Scene, ViewLayer | Updating Objects
Fra:55 Mem:230.83M (Peak 320.76M) | Time:00:00.44 | Mem:9.91M, Peak:9.91M | Scene, ViewLayer | Updating Objects | Copying Transformations to device
Fra:55 Mem:230.83M (Peak 320.76M) | Time:00:00.44 | Mem:9.91M, Peak:9.91M | Scene, ViewLayer | Updating Particle Systems
Fra:55 Mem:230.83M (Peak 320.76M) | Time:00:00.44 | Mem:9.91M, Peak:9.91M | Scene, ViewLayer | Updating Meshes
Fra:55 Mem:225.75M (Peak 320.76M) | Time:00:00.44 | Mem:4.78M, Peak:9.91M | Scene, ViewLayer | Updating Objects | Applying Static Transformations
Fra:55 Mem:225.75M (Peak 320.76M) | Time:00:00.44 | Mem:4.78M, Peak:9.91M | Scene, ViewLayer | Updating Mesh | Computing attributes
Fra:55 Mem:226.70M (Peak 320.76M) | Time:00:00.44 | Mem:4.78M, Peak:9.91M | Scene, ViewLayer | Updating Mesh | Copying Attributes to device
Fra:55 Mem:226.70M (Peak 320.76M) | Time:00:00.44 | Mem:5.73M, Peak:9.91M | Scene, ViewLayer | Updating Geometry BVH main_vol 2/5 | Building BVH
Fra:55 Mem:226.70M (Peak 320.76M) | Time:00:00.44 | Mem:5.73M, Peak:9.91M | Scene, ViewLayer | Updating Geometry BVH near_vol 4/5 | Building BVH
Fra:55 Mem:226.70M (Peak 320.76M) | Time:00:00.44 | Mem:5.73M, Peak:9.91M | Scene, ViewLayer | Updating Geometry BVH t1 6/5 | Building OptiX acceleration structure
Fra:55 Mem:226.70M (Peak 320.76M) | Time:00:00.45 | Mem:5.73M, Peak:9.91M | Scene, ViewLayer | Updating Scene BVH | Building
Fra:55 Mem:226.70M (Peak 320.76M) | Time:00:00.45 | Mem:5.73M, Peak:9.91M | Scene, ViewLayer | Updating Scene BVH | Building OptiX acceleration structure
Fra:55 Mem:226.70M (Peak 320.76M) | Time:00:00.45 | Mem:5.73M, Peak:9.91M | Scene, ViewLayer | Updating Scene BVH | Building BVH
Fra:55 Mem:226.70M (Peak 320.76M) | Time:00:00.45 | Mem:5.73M, Peak:9.91M | Scene, ViewLayer | Updating Scene BVH | Building BVH 0%
Fra:55 Mem:226.70M (Peak 320.76M) | Time:00:00.46 | Mem:5.73M, Peak:9.91M | Scene, ViewLayer | Updating Scene BVH | Copying BVH to device
Fra:55 Mem:226.70M (Peak 320.76M) | Time:00:00.46 | Mem:5.73M, Peak:9.91M | Scene, ViewLayer | Updating Mesh | Computing normals
Fra:55 Mem:230.88M (Peak 320.76M) | Time:00:00.46 | Mem:5.73M, Peak:9.91M | Scene, ViewLayer | Updating Mesh | Copying Mesh to device
Fra:55 Mem:230.88M (Peak 320.76M) | Time:00:00.46 | Mem:9.91M, Peak:9.91M | Scene, ViewLayer | Updating Objects Flags
Fra:55 Mem:230.88M (Peak 320.76M) | Time:00:00.48 | Mem:9.91M, Peak:9.91M | Scene, ViewLayer | Updating Primitive Offsets
Fra:55 Mem:230.88M (Peak 320.76M) | Time:00:00.48 | Mem:9.91M, Peak:9.91M | Scene, ViewLayer | Updating Images
Fra:55 Mem:228.28M (Peak 320.76M) | Time:00:00.48 | Mem:9.91M, Peak:9.91M | Scene, ViewLayer | Updating Images | Loading density
Fra:55 Mem:230.88M (Peak 320.76M) | Time:00:00.49 | Mem:9.91M, Peak:12.00M | Scene, ViewLayer | Updating Camera Volume
Fra:55 Mem:230.88M (Peak 320.76M) | Time:00:00.49 | Mem:9.91M, Peak:12.00M | Scene, ViewLayer | Updating Lookup Tables
Fra:55 Mem:230.88M (Peak 320.76M) | Time:00:00.49 | Mem:9.91M, Peak:12.00M | Scene, ViewLayer | Updating Lights
Fra:55 Mem:230.88M (Peak 320.76M) | Time:00:00.49 | Mem:9.91M, Peak:12.00M | Scene, ViewLayer | Updating Lights | Computing tree
Fra:55 Mem:230.88M (Peak 320.76M) | Time:00:00.49 | Mem:9.91M, Peak:12.00M | Scene, ViewLayer | Updating Integrator
Fra:55 Mem:230.88M (Peak 320.76M) | Time:00:00.49 | Mem:9.91M, Peak:12.00M | Scene, ViewLayer | Updating Film
Fra:55 Mem:230.88M (Peak 320.76M) | Time:00:00.49 | Mem:9.91M, Peak:12.00M | Scene, ViewLayer | Updating Lookup Tables
Fra:55 Mem:230.88M (Peak 320.76M) | Time:00:00.49 | Mem:9.91M, Peak:12.00M | Scene, ViewLayer | Updating Baking
Fra:55 Mem:230.88M (Peak 320.76M) | Time:00:00.49 | Mem:9.91M, Peak:12.00M | Scene, ViewLayer | Updating Device | Writing constant memory
Fra:55 Mem:230.88M (Peak 320.76M) | Time:00:00.49 | Mem:9.91M, Peak:12.00M | Scene, ViewLayer | Sample 0/24
Fra:55 Mem:230.88M (Peak 320.76M) | Time:00:01.32 | Remaining:00:19.08 | Mem:9.91M, Peak:12.00M | Scene, ViewLayer | Sample 1/24
Fra:55 Mem:230.88M (Peak 320.76M) | Time:00:02.15 | Remaining:00:18.33 | Mem:9.91M, Peak:12.00M | Scene, ViewLayer | Sample 2/24
Fra:55 Mem:266.48M (Peak 320.76M) | Time:00:18.91 | Mem:9.91M, Peak:12.00M | Scene, ViewLayer | Sample 24/24
Fra:55 Mem:266.48M (Peak 320.76M) | Time:00:18.91 | Mem:9.91M, Peak:12.00M | Scene, ViewLayer | Finished
Saved: 'C:\Work\domin8te-build\daysky\out\b\f0055.png'
Time: 00:19.08 (Saving: 00:00.16)

Fra:56 Mem:230.89M (Peak 320.76M) | Time:00:00.43 | Mem:9.91M, Peak:9.91M | Scene, ViewLayer | Synchronizing object | main_vol
Fra:56 Mem:230.79M (Peak 320.76M) | Time:00:00.43 | Mem:9.91M, Peak:9.91M | Scene, ViewLayer | Synchronizing object | t0
Fra:56 Mem:230.71M (Peak 320.76M) | Time:00:00.44 | Mem:9.91M, Peak:9.91M | Scene, ViewLayer | Synchronizing object | t1
Fra:56 Mem:230.71M (Peak 320.76M) | Time:00:00.44 | Mem:9.91M, Peak:9.91M | Scene, ViewLayer | Initializing
Fra:56 Mem:230.71M (Peak 320.76M) | Time:00:00.44 | Mem:9.91M, Peak:9.91M | Scene, ViewLayer | Waiting for render to start
Fra:56 Mem:230.71M (Peak 320.76M) | Time:00:00.44 | Mem:9.91M, Peak:9.91M | Scene, ViewLayer | Updating Scene
Fra:56 Mem:230.71M (Peak 320.76M) | Time:00:00.44 | Mem:9.91M, Peak:9.91M | Scene, ViewLayer | Updating Shaders
Fra:56 Mem:230.71M (Peak 320.76M) | Time:00:00.44 | Mem:9.91M, Peak:9.91M | Scene, ViewLayer | Updating Background
Fra:56 Mem:230.71M (Peak 320.76M) | Time:00:00.44 | Mem:9.91M, Peak:9.91M | Scene, ViewLayer | Updating Camera
Fra:56 Mem:230.71M (Peak 320.76M) | Time:00:00.44 | Mem:9.91M, Peak:9.91M | Scene, ViewLayer | Updating Meshes Flags
Fra:56 Mem:230.71M (Peak 320.76M) | Time:00:00.44 | Mem:9.91M, Peak:9.91M | Scene, ViewLayer | Updating Meshes Volume Bounds
Fra:56 Mem:230.71M (Peak 320.76M) | Time:00:00.44 | Mem:9.91M, Peak:9.91M | Scene, ViewLayer | Updating Volume Images
Fra:56 Mem:230.71M (Peak 320.76M) | Time:00:00.44 | Mem:9.91M, Peak:9.91M | Scene, ViewLayer | Updating Mesh | Computing Volume Mesh main_vol
Fra:56 Mem:230.78M (Peak 320.76M) | Time:00:00.45 | Mem:9.91M, Peak:9.91M | Scene, ViewLayer | Updating Mesh | Computing Volume Mesh far_vol
Fra:56 Mem:230.82M (Peak 320.76M) | Time:00:00.46 | Mem:9.91M, Peak:9.91M | Scene, ViewLayer | Updating Mesh | Computing Volume Mesh near_vol
Fra:56 Mem:230.84M (Peak 320.76M) | Time:00:00.46 | Mem:9.91M, Peak:9.91M | Scene, ViewLayer | Updating Objects
Fra:56 Mem:230.84M (Peak 320.76M) | Time:00:00.46 | Mem:9.91M, Peak:9.91M | Scene, ViewLayer | Updating Objects | Copying Transformations to device
Fra:56 Mem:230.84M (Peak 320.76M) | Time:00:00.46 | Mem:9.91M, Peak:9.91M | Scene, ViewLayer | Updating Particle Systems
Fra:56 Mem:230.84M (Peak 320.76M) | Time:00:00.46 | Mem:9.91M, Peak:9.91M | Scene, ViewLayer | Updating Meshes
Fra:56 Mem:225.76M (Peak 320.76M) | Time:00:00.46 | Mem:4.79M, Peak:9.91M | Scene, ViewLayer | Updating Objects | Applying Static Transformations
Fra:56 Mem:225.76M (Peak 320.76M) | Time:00:00.46 | Mem:4.79M, Peak:9.91M | Scene, ViewLayer | Updating Mesh | Computing attributes
Fra:56 Mem:226.71M (Peak 320.76M) | Time:00:00.46 | Mem:4.79M, Peak:9.91M | Scene, ViewLayer | Updating Mesh | Copying Attributes to device
Fra:56 Mem:226.71M (Peak 320.76M) | Time:00:00.46 | Mem:5.74M, Peak:9.91M | Scene, ViewLayer | Updating Geometry BVH main_vol 2/5 | Building BVH
Fra:56 Mem:226.71M (Peak 320.76M) | Time:00:00.46 | Mem:5.74M, Peak:9.91M | Scene, ViewLayer | Updating Geometry BVH near_vol 4/5 | Building BVH
Fra:56 Mem:226.71M (Peak 320.76M) | Time:00:00.46 | Mem:5.74M, Peak:9.91M | Scene, ViewLayer | Updating Geometry BVH t0 5/5 | Building BVH
Fra:56 Mem:226.71M (Peak 320.76M) | Time:00:00.46 | Mem:5.74M, Peak:9.91M | Scene, ViewLayer | Updating Geometry BVH t0 5/5 | Building OptiX acceleration structure
Fra:56 Mem:226.74M (Peak 320.76M) | Time:00:00.46 | Mem:5.74M, Peak:9.91M | Scene, ViewLayer | Updating Geometry BVH t1 6/5 | Building BVH
Fra:56 Mem:226.80M (Peak 320.76M) | Time:00:00.46 | Mem:5.74M, Peak:9.91M | Scene, ViewLayer | Updating Geometry BVH t1 6/5 | Building OptiX acceleration structure
Fra:56 Mem:226.71M (Peak 320.76M) | Time:00:00.47 | Mem:5.74M, Peak:9.91M | Scene, ViewLayer | Updating Scene BVH | Building
Fra:56 Mem:226.71M (Peak 320.76M) | Time:00:00.47 | Mem:5.74M, Peak:9.91M | Scene, ViewLayer | Updating Scene BVH | Building OptiX acceleration structure
Fra:56 Mem:226.71M (Peak 320.76M) | Time:00:00.47 | Mem:5.74M, Peak:9.91M | Scene, ViewLayer | Updating Scene BVH | Building BVH
Fra:56 Mem:226.71M (Peak 320.76M) | Time:00:00.47 | Mem:5.74M, Peak:9.91M | Scene, ViewLayer | Updating Scene BVH | Building BVH 0%
Fra:56 Mem:226.71M (Peak 320.76M) | Time:00:00.48 | Mem:5.74M, Peak:9.91M | Scene, ViewLayer | Updating Scene BVH | Copying BVH to device
Fra:56 Mem:226.71M (Peak 320.76M) | Time:00:00.48 | Mem:5.74M, Peak:9.91M | Scene, ViewLayer | Updating Mesh | Computing normals
Fra:56 Mem:230.88M (Peak 320.76M) | Time:00:00.48 | Mem:5.74M, Peak:9.91M | Scene, ViewLayer | Updating Mesh | Copying Mesh to device
Fra:56 Mem:230.88M (Peak 320.76M) | Time:00:00.48 | Mem:9.91M, Peak:9.91M | Scene, ViewLayer | Updating Objects Flags
Fra:56 Mem:230.88M (Peak 320.76M) | Time:00:00.50 | Mem:9.91M, Peak:9.91M | Scene, ViewLayer | Updating Primitive Offsets
Fra:56 Mem:230.88M (Peak 320.76M) | Time:00:00.50 | Mem:9.91M, Peak:9.91M | Scene, ViewLayer | Updating Images
Fra:56 Mem:226.19M (Peak 320.76M) | Time:00:00.50 | Mem:5.22M, Peak:9.91M | Scene, ViewLayer | Updating Images | Loading density
Fra:56 Mem:230.89M (Peak 320.76M) | Time:00:00.50 | Mem:9.92M, Peak:9.92M | Scene, ViewLayer | Updating Camera Volume
Fra:56 Mem:230.89M (Peak 320.76M) | Time:00:00.50 | Mem:9.92M, Peak:9.92M | Scene, ViewLayer | Updating Lookup Tables
Fra:56 Mem:230.89M (Peak 320.76M) | Time:00:00.51 | Mem:9.92M, Peak:9.92M | Scene, ViewLayer | Updating Lights
Fra:56 Mem:230.89M (Peak 320.76M) | Time:00:00.51 | Mem:9.92M, Peak:9.92M | Scene, ViewLayer | Updating Lights | Computing tree
Fra:56 Mem:230.89M (Peak 320.76M) | Time:00:00.51 | Mem:9.92M, Peak:9.92M | Scene, ViewLayer | Updating Integrator
Fra:56 Mem:230.89M (Peak 320.76M) | Time:00:00.51 | Mem:9.92M, Peak:9.92M | Scene, ViewLayer | Updating Film
Fra:56 Mem:230.89M (Peak 320.76M) | Time:00:00.51 | Mem:9.92M, Peak:9.92M | Scene, ViewLayer | Updating Lookup Tables
Fra:56 Mem:230.89M (Peak 320.76M) | Time:00:00.51 | Mem:9.92M, Peak:9.92M | Scene, ViewLayer | Updating Baking
Fra:56 Mem:230.89M (Peak 320.76M) | Time:00:00.51 | Mem:9.92M, Peak:9.92M | Scene, ViewLayer | Updating Device | Writing constant memory
Fra:56 Mem:230.89M (Peak 320.76M) | Time:00:00.51 | Mem:9.92M, Peak:9.92M | Scene, ViewLayer | Sample 0/24
Fra:56 Mem:230.89M (Peak 320.76M) | Time:00:01.37 | Remaining:00:19.82 | Mem:9.92M, Peak:9.92M | Scene, ViewLayer | Sample 1/24
Fra:56 Mem:230.89M (Peak 320.76M) | Time:00:02.21 | Remaining:00:18.70 | Mem:9.92M, Peak:9.92M | Scene, ViewLayer | Sample 2/24
Fra:56 Mem:266.49M (Peak 320.76M) | Time:00:18.98 | Mem:9.92M, Peak:9.92M | Scene, ViewLayer | Sample 24/24
Fra:56 Mem:266.49M (Peak 320.76M) | Time:00:18.98 | Mem:9.92M, Peak:9.92M | Scene, ViewLayer | Finished
Saved: 'C:\Work\domin8te-build\daysky\out\b\f0056.png'
Time: 00:19.14 (Saving: 00:00.16)

Fra:57 Mem:230.90M (Peak 320.76M) | Time:00:00.43 | Mem:9.92M, Peak:9.92M | Scene, ViewLayer | Synchronizing object | main_vol
Fra:57 Mem:230.80M (Peak 320.76M) | Time:00:00.43 | Mem:9.92M, Peak:9.92M | Scene, ViewLayer | Synchronizing object | t0
Fra:57 Mem:230.72M (Peak 320.76M) | Time:00:00.43 | Mem:9.92M, Peak:9.92M | Scene, ViewLayer | Synchronizing object | t1
Fra:57 Mem:230.72M (Peak 320.76M) | Time:00:00.43 | Mem:9.92M, Peak:9.92M | Scene, ViewLayer | Initializing
Fra:57 Mem:230.72M (Peak 320.76M) | Time:00:00.43 | Mem:9.92M, Peak:9.92M | Scene, ViewLayer | Waiting for render to start
Fra:57 Mem:230.72M (Peak 320.76M) | Time:00:00.43 | Mem:9.92M, Peak:9.92M | Scene, ViewLayer | Updating Scene
Fra:57 Mem:230.72M (Peak 320.76M) | Time:00:00.43 | Mem:9.92M, Peak:9.92M | Scene, ViewLayer | Updating Shaders
Fra:57 Mem:230.72M (Peak 320.76M) | Time:00:00.43 | Mem:9.92M, Peak:9.92M | Scene, ViewLayer | Updating Background
Fra:57 Mem:230.72M (Peak 320.76M) | Time:00:00.43 | Mem:9.92M, Peak:9.92M | Scene, ViewLayer | Updating Camera
Fra:57 Mem:230.72M (Peak 320.76M) | Time:00:00.43 | Mem:9.92M, Peak:9.92M | Scene, ViewLayer | Updating Meshes Flags
Fra:57 Mem:230.72M (Peak 320.76M) | Time:00:00.43 | Mem:9.92M, Peak:9.92M | Scene, ViewLayer | Updating Meshes Volume Bounds
Fra:57 Mem:230.72M (Peak 320.76M) | Time:00:00.43 | Mem:9.92M, Peak:9.92M | Scene, ViewLayer | Updating Volume Images
Fra:57 Mem:230.72M (Peak 320.76M) | Time:00:00.43 | Mem:9.92M, Peak:9.92M | Scene, ViewLayer | Updating Mesh | Computing Volume Mesh main_vol
Fra:57 Mem:230.79M (Peak 320.76M) | Time:00:00.44 | Mem:9.92M, Peak:9.92M | Scene, ViewLayer | Updating Mesh | Computing Volume Mesh far_vol
Fra:57 Mem:230.83M (Peak 320.76M) | Time:00:00.45 | Mem:9.92M, Peak:9.92M | Scene, ViewLayer | Updating Mesh | Computing Volume Mesh near_vol
Fra:57 Mem:230.85M (Peak 320.76M) | Time:00:00.45 | Mem:9.92M, Peak:9.92M | Scene, ViewLayer | Updating Objects
Fra:57 Mem:230.85M (Peak 320.76M) | Time:00:00.45 | Mem:9.92M, Peak:9.92M | Scene, ViewLayer | Updating Objects | Copying Transformations to device
Fra:57 Mem:230.85M (Peak 320.76M) | Time:00:00.45 | Mem:9.92M, Peak:9.92M | Scene, ViewLayer | Updating Particle Systems
Fra:57 Mem:230.85M (Peak 320.76M) | Time:00:00.45 | Mem:9.92M, Peak:9.92M | Scene, ViewLayer | Updating Meshes
Fra:57 Mem:225.77M (Peak 320.76M) | Time:00:00.45 | Mem:4.80M, Peak:9.92M | Scene, ViewLayer | Updating Objects | Applying Static Transformations
Fra:57 Mem:225.77M (Peak 320.76M) | Time:00:00.45 | Mem:4.80M, Peak:9.92M | Scene, ViewLayer | Updating Mesh | Computing attributes
Fra:57 Mem:226.72M (Peak 320.76M) | Time:00:00.45 | Mem:4.80M, Peak:9.92M | Scene, ViewLayer | Updating Mesh | Copying Attributes to device
Fra:57 Mem:226.72M (Peak 320.76M) | Time:00:00.45 | Mem:5.75M, Peak:9.92M | Scene, ViewLayer | Updating Geometry BVH main_vol 2/5 | Building BVH
Fra:57 Mem:226.72M (Peak 320.76M) | Time:00:00.45 | Mem:5.75M, Peak:9.92M | Scene, ViewLayer | Updating Geometry BVH near_vol 4/5 | Building BVH
Fra:57 Mem:226.72M (Peak 320.76M) | Time:00:00.45 | Mem:5.75M, Peak:9.92M | Scene, ViewLayer | Updating Geometry BVH t1 6/5 | Building OptiX acceleration structure
Fra:57 Mem:226.72M (Peak 320.76M) | Time:00:00.46 | Mem:5.75M, Peak:9.92M | Scene, ViewLayer | Updating Scene BVH | Building
Fra:57 Mem:226.72M (Peak 320.76M) | Time:00:00.46 | Mem:5.75M, Peak:9.92M | Scene, ViewLayer | Updating Scene BVH | Building OptiX acceleration structure
Fra:57 Mem:226.72M (Peak 320.76M) | Time:00:00.46 | Mem:5.75M, Peak:9.92M | Scene, ViewLayer | Updating Scene BVH | Building BVH
Fra:57 Mem:226.72M (Peak 320.76M) | Time:00:00.46 | Mem:5.75M, Peak:9.92M | Scene, ViewLayer | Updating Scene BVH | Building BVH 0%
Fra:57 Mem:226.72M (Peak 320.76M) | Time:00:00.47 | Mem:5.75M, Peak:9.92M | Scene, ViewLayer | Updating Scene BVH | Copying BVH to device
Fra:57 Mem:226.72M (Peak 320.76M) | Time:00:00.47 | Mem:5.75M, Peak:9.92M | Scene, ViewLayer | Updating Mesh | Computing normals
Fra:57 Mem:230.89M (Peak 320.76M) | Time:00:00.47 | Mem:5.75M, Peak:9.92M | Scene, ViewLayer | Updating Mesh | Copying Mesh to device
Fra:57 Mem:230.89M (Peak 320.76M) | Time:00:00.47 | Mem:9.92M, Peak:9.92M | Scene, ViewLayer | Updating Objects Flags
Fra:57 Mem:230.89M (Peak 320.76M) | Time:00:00.49 | Mem:9.92M, Peak:9.92M | Scene, ViewLayer | Updating Primitive Offsets
Fra:57 Mem:230.89M (Peak 320.76M) | Time:00:00.49 | Mem:9.92M, Peak:9.92M | Scene, ViewLayer | Updating Images
Fra:57 Mem:228.28M (Peak 320.76M) | Time:00:00.49 | Mem:9.92M, Peak:9.92M | Scene, ViewLayer | Updating Images | Loading density
Fra:57 Mem:230.90M (Peak 320.76M) | Time:00:00.49 | Mem:9.93M, Peak:12.02M | Scene, ViewLayer | Updating Camera Volume
Fra:57 Mem:230.90M (Peak 320.76M) | Time:00:00.49 | Mem:9.93M, Peak:12.02M | Scene, ViewLayer | Updating Lookup Tables
Fra:57 Mem:230.90M (Peak 320.76M) | Time:00:00.49 | Mem:9.93M, Peak:12.02M | Scene, ViewLayer | Updating Lights
Fra:57 Mem:230.90M (Peak 320.76M) | Time:00:00.49 | Mem:9.93M, Peak:12.02M | Scene, ViewLayer | Updating Lights | Computing tree
Fra:57 Mem:230.90M (Peak 320.76M) | Time:00:00.49 | Mem:9.93M, Peak:12.02M | Scene, ViewLayer | Updating Integrator
Fra:57 Mem:230.90M (Peak 320.76M) | Time:00:00.49 | Mem:9.93M, Peak:12.02M | Scene, ViewLayer | Updating Film
Fra:57 Mem:230.90M (Peak 320.76M) | Time:00:00.49 | Mem:9.93M, Peak:12.02M | Scene, ViewLayer | Updating Lookup Tables
Fra:57 Mem:230.90M (Peak 320.76M) | Time:00:00.49 | Mem:9.93M, Peak:12.02M | Scene, ViewLayer | Updating Baking
Fra:57 Mem:230.90M (Peak 320.76M) | Time:00:00.49 | Mem:9.93M, Peak:12.02M | Scene, ViewLayer | Updating Device | Writing constant memory
Fra:57 Mem:230.90M (Peak 320.76M) | Time:00:00.49 | Mem:9.93M, Peak:12.02M | Scene, ViewLayer | Sample 0/24
Fra:57 Mem:230.90M (Peak 320.76M) | Time:00:01.33 | Remaining:00:19.25 | Mem:9.93M, Peak:12.02M | Scene, ViewLayer | Sample 1/24
Fra:57 Mem:230.90M (Peak 320.76M) | Time:00:02.24 | Remaining:00:19.19 | Mem:9.93M, Peak:12.02M | Scene, ViewLayer | Sample 2/24
Fra:57 Mem:266.49M (Peak 320.76M) | Time:00:19.05 | Mem:9.93M, Peak:12.02M | Scene, ViewLayer | Sample 24/24
Fra:57 Mem:266.49M (Peak 320.76M) | Time:00:19.05 | Mem:9.93M, Peak:12.02M | Scene, ViewLayer | Finished
Saved: 'C:\Work\domin8te-build\daysky\out\b\f0057.png'
Time: 00:19.22 (Saving: 00:00.17)

Fra:58 Mem:230.90M (Peak 320.76M) | Time:00:00.46 | Mem:9.93M, Peak:9.93M | Scene, ViewLayer | Synchronizing object | main_vol
Fra:58 Mem:230.81M (Peak 320.76M) | Time:00:00.46 | Mem:9.93M, Peak:9.93M | Scene, ViewLayer | Synchronizing object | t0
Fra:58 Mem:230.73M (Peak 320.76M) | Time:00:00.46 | Mem:9.93M, Peak:9.93M | Scene, ViewLayer | Synchronizing object | t1
Fra:58 Mem:230.73M (Peak 320.76M) | Time:00:00.46 | Mem:9.93M, Peak:9.93M | Scene, ViewLayer | Initializing
Fra:58 Mem:230.72M (Peak 320.76M) | Time:00:00.46 | Mem:9.93M, Peak:9.93M | Scene, ViewLayer | Waiting for render to start
Fra:58 Mem:230.72M (Peak 320.76M) | Time:00:00.46 | Mem:9.93M, Peak:9.93M | Scene, ViewLayer | Updating Scene
Fra:58 Mem:230.72M (Peak 320.76M) | Time:00:00.46 | Mem:9.93M, Peak:9.93M | Scene, ViewLayer | Updating Shaders
Fra:58 Mem:230.72M (Peak 320.76M) | Time:00:00.46 | Mem:9.93M, Peak:9.93M | Scene, ViewLayer | Updating Background
Fra:58 Mem:230.72M (Peak 320.76M) | Time:00:00.46 | Mem:9.93M, Peak:9.93M | Scene, ViewLayer | Updating Camera
Fra:58 Mem:230.72M (Peak 320.76M) | Time:00:00.46 | Mem:9.93M, Peak:9.93M | Scene, ViewLayer | Updating Meshes Flags
Fra:58 Mem:230.72M (Peak 320.76M) | Time:00:00.46 | Mem:9.93M, Peak:9.93M | Scene, ViewLayer | Updating Meshes Volume Bounds
Fra:58 Mem:230.72M (Peak 320.76M) | Time:00:00.46 | Mem:9.93M, Peak:9.93M | Scene, ViewLayer | Updating Volume Images
Fra:58 Mem:230.72M (Peak 320.76M) | Time:00:00.46 | Mem:9.93M, Peak:9.93M | Scene, ViewLayer | Updating Mesh | Computing Volume Mesh main_vol
Fra:58 Mem:230.79M (Peak 320.76M) | Time:00:00.47 | Mem:9.93M, Peak:9.93M | Scene, ViewLayer | Updating Mesh | Computing Volume Mesh far_vol
Fra:58 Mem:230.83M (Peak 320.76M) | Time:00:00.48 | Mem:9.93M, Peak:9.93M | Scene, ViewLayer | Updating Mesh | Computing Volume Mesh near_vol
Fra:58 Mem:230.85M (Peak 320.76M) | Time:00:00.48 | Mem:9.93M, Peak:9.93M | Scene, ViewLayer | Updating Objects
Fra:58 Mem:230.85M (Peak 320.76M) | Time:00:00.48 | Mem:9.93M, Peak:9.93M | Scene, ViewLayer | Updating Objects | Copying Transformations to device
Fra:58 Mem:230.85M (Peak 320.76M) | Time:00:00.48 | Mem:9.93M, Peak:9.93M | Scene, ViewLayer | Updating Particle Systems
Fra:58 Mem:230.85M (Peak 320.76M) | Time:00:00.48 | Mem:9.93M, Peak:9.93M | Scene, ViewLayer | Updating Meshes
Fra:58 Mem:225.77M (Peak 320.76M) | Time:00:00.48 | Mem:4.80M, Peak:9.93M | Scene, ViewLayer | Updating Objects | Applying Static Transformations
Fra:58 Mem:225.77M (Peak 320.76M) | Time:00:00.48 | Mem:4.80M, Peak:9.93M | Scene, ViewLayer | Updating Mesh | Computing attributes
Fra:58 Mem:226.73M (Peak 320.76M) | Time:00:00.48 | Mem:4.80M, Peak:9.93M | Scene, ViewLayer | Updating Mesh | Copying Attributes to device
Fra:58 Mem:226.72M (Peak 320.76M) | Time:00:00.48 | Mem:5.76M, Peak:9.93M | Scene, ViewLayer | Updating Geometry BVH main_vol 2/5 | Building BVH
Fra:58 Mem:226.72M (Peak 320.76M) | Time:00:00.48 | Mem:5.76M, Peak:9.93M | Scene, ViewLayer | Updating Geometry BVH far_vol 3/5 | Building BVH
Fra:58 Mem:226.72M (Peak 320.76M) | Time:00:00.48 | Mem:5.76M, Peak:9.93M | Scene, ViewLayer | Updating Geometry BVH far_vol 3/5 | Building OptiX acceleration structure
Fra:58 Mem:226.83M (Peak 320.76M) | Time:00:00.48 | Mem:5.76M, Peak:9.93M | Scene, ViewLayer | Updating Geometry BVH t0 5/5 | Building BVH
Fra:58 Mem:226.83M (Peak 320.76M) | Time:00:00.48 | Mem:5.76M, Peak:9.93M | Scene, ViewLayer | Updating Geometry BVH t0 5/5 | Building OptiX acceleration structure
Fra:58 Mem:227.37M (Peak 320.76M) | Time:00:00.48 | Mem:5.76M, Peak:9.93M | Scene, ViewLayer | Updating Geometry BVH t1 6/5 | Building BVH
Fra:58 Mem:227.81M (Peak 320.76M) | Time:00:00.48 | Mem:5.76M, Peak:9.93M | Scene, ViewLayer | Updating Geometry BVH t1 6/5 | Building OptiX acceleration structure
Fra:58 Mem:226.72M (Peak 320.76M) | Time:00:00.49 | Mem:5.76M, Peak:9.93M | Scene, ViewLayer | Updating Scene BVH | Building
Fra:58 Mem:226.73M (Peak 320.76M) | Time:00:00.49 | Mem:5.76M, Peak:9.93M | Scene, ViewLayer | Updating Scene BVH | Building OptiX acceleration structure
Fra:58 Mem:226.73M (Peak 320.76M) | Time:00:00.49 | Mem:5.76M, Peak:9.93M | Scene, ViewLayer | Updating Scene BVH | Building BVH
Fra:58 Mem:226.73M (Peak 320.76M) | Time:00:00.49 | Mem:5.76M, Peak:9.93M | Scene, ViewLayer | Updating Scene BVH | Building BVH 0%
Fra:58 Mem:226.73M (Peak 320.76M) | Time:00:00.50 | Mem:5.76M, Peak:9.93M | Scene, ViewLayer | Updating Scene BVH | Copying BVH to device
Fra:58 Mem:226.73M (Peak 320.76M) | Time:00:00.50 | Mem:5.76M, Peak:9.93M | Scene, ViewLayer | Updating Mesh | Computing normals
Fra:58 Mem:230.90M (Peak 320.76M) | Time:00:00.50 | Mem:5.76M, Peak:9.93M | Scene, ViewLayer | Updating Mesh | Copying Mesh to device
Fra:58 Mem:230.90M (Peak 320.76M) | Time:00:00.50 | Mem:9.93M, Peak:9.93M | Scene, ViewLayer | Updating Objects Flags
Fra:58 Mem:230.90M (Peak 320.76M) | Time:00:00.52 | Mem:9.93M, Peak:9.93M | Scene, ViewLayer | Updating Primitive Offsets
Fra:58 Mem:230.90M (Peak 320.76M) | Time:00:00.52 | Mem:9.93M, Peak:9.93M | Scene, ViewLayer | Updating Images
Fra:58 Mem:226.19M (Peak 320.76M) | Time:00:00.52 | Mem:5.22M, Peak:9.93M | Scene, ViewLayer | Updating Images | Loading density
Fra:58 Mem:230.90M (Peak 320.76M) | Time:00:00.52 | Mem:9.93M, Peak:9.93M | Scene, ViewLayer | Updating Camera Volume
Fra:58 Mem:230.90M (Peak 320.76M) | Time:00:00.52 | Mem:9.93M, Peak:9.93M | Scene, ViewLayer | Updating Lookup Tables
Fra:58 Mem:230.90M (Peak 320.76M) | Time:00:00.52 | Mem:9.93M, Peak:9.93M | Scene, ViewLayer | Updating Lights
Fra:58 Mem:230.90M (Peak 320.76M) | Time:00:00.52 | Mem:9.93M, Peak:9.93M | Scene, ViewLayer | Updating Lights | Computing tree
Fra:58 Mem:230.90M (Peak 320.76M) | Time:00:00.52 | Mem:9.93M, Peak:9.93M | Scene, ViewLayer | Updating Integrator
Fra:58 Mem:230.90M (Peak 320.76M) | Time:00:00.52 | Mem:9.93M, Peak:9.93M | Scene, ViewLayer | Updating Film
Fra:58 Mem:230.90M (Peak 320.76M) | Time:00:00.52 | Mem:9.93M, Peak:9.93M | Scene, ViewLayer | Updating Lookup Tables
Fra:58 Mem:230.90M (Peak 320.76M) | Time:00:00.52 | Mem:9.93M, Peak:9.93M | Scene, ViewLayer | Updating Baking
Fra:58 Mem:230.90M (Peak 320.76M) | Time:00:00.52 | Mem:9.93M, Peak:9.93M | Scene, ViewLayer | Updating Device | Writing constant memory
Fra:58 Mem:230.90M (Peak 320.76M) | Time:00:00.52 | Mem:9.93M, Peak:9.93M | Scene, ViewLayer | Sample 0/24
Fra:58 Mem:230.90M (Peak 320.76M) | Time:00:01.36 | Remaining:00:19.28 | Mem:9.93M, Peak:9.93M | Scene, ViewLayer | Sample 1/24
Fra:58 Mem:230.90M (Peak 320.76M) | Time:00:02.29 | Remaining:00:19.44 | Mem:9.93M, Peak:94.47M | Scene, ViewLayer | Sample 2/24
Fra:58 Mem:230.90M (Peak 320.76M) | Time:00:03.20 | Remaining:00:18.73 | Mem:9.93M, Peak:94.47M | Scene, ViewLayer | Sample 3/24
Fra:58 Mem:230.90M (Peak 320.76M) | Time:00:04.03 | Remaining:00:17.54 | Mem:9.93M, Peak:94.47M | Scene, ViewLayer | Sample 4/24
Fra:58 Mem:266.50M (Peak 320.76M) | Time:00:20.22 | Mem:9.93M, Peak:94.47M | Scene, ViewLayer | Sample 24/24
Fra:58 Mem:266.50M (Peak 320.76M) | Time:00:20.22 | Mem:9.93M, Peak:94.47M | Scene, ViewLayer | Finished
Saved: 'C:\Work\domin8te-build\daysky\out\b\f0058.png'
Time: 00:20.37 (Saving: 00:00.15)

Fra:59 Mem:230.90M (Peak 320.76M) | Time:00:00.46 | Mem:9.93M, Peak:9.93M | Scene, ViewLayer | Synchronizing object | main_vol
Fra:59 Mem:230.81M (Peak 320.76M) | Time:00:00.46 | Mem:9.93M, Peak:9.93M | Scene, ViewLayer | Synchronizing object | t0
Fra:59 Mem:230.73M (Peak 320.76M) | Time:00:00.46 | Mem:9.93M, Peak:9.93M | Scene, ViewLayer | Synchronizing object | t1
Fra:59 Mem:230.73M (Peak 320.76M) | Time:00:00.46 | Mem:9.93M, Peak:9.93M | Scene, ViewLayer | Initializing
Fra:59 Mem:230.73M (Peak 320.76M) | Time:00:00.46 | Mem:9.93M, Peak:9.93M | Scene, ViewLayer | Waiting for render to start
Fra:59 Mem:230.73M (Peak 320.76M) | Time:00:00.46 | Mem:9.93M, Peak:9.93M | Scene, ViewLayer | Updating Scene
Fra:59 Mem:230.73M (Peak 320.76M) | Time:00:00.46 | Mem:9.93M, Peak:9.93M | Scene, ViewLayer | Updating Shaders
Fra:59 Mem:230.73M (Peak 320.76M) | Time:00:00.47 | Mem:9.93M, Peak:9.93M | Scene, ViewLayer | Updating Background
Fra:59 Mem:230.73M (Peak 320.76M) | Time:00:00.47 | Mem:9.93M, Peak:9.93M | Scene, ViewLayer | Updating Camera
Fra:59 Mem:230.73M (Peak 320.76M) | Time:00:00.47 | Mem:9.93M, Peak:9.93M | Scene, ViewLayer | Updating Meshes Flags
Fra:59 Mem:230.73M (Peak 320.76M) | Time:00:00.47 | Mem:9.93M, Peak:9.93M | Scene, ViewLayer | Updating Meshes Volume Bounds
Fra:59 Mem:230.73M (Peak 320.76M) | Time:00:00.47 | Mem:9.93M, Peak:9.93M | Scene, ViewLayer | Updating Volume Images
Fra:59 Mem:230.73M (Peak 320.76M) | Time:00:00.47 | Mem:9.93M, Peak:9.93M | Scene, ViewLayer | Updating Mesh | Computing Volume Mesh main_vol
Fra:59 Mem:230.80M (Peak 320.76M) | Time:00:00.48 | Mem:9.93M, Peak:9.93M | Scene, ViewLayer | Updating Mesh | Computing Volume Mesh far_vol
Fra:59 Mem:230.83M (Peak 320.76M) | Time:00:00.48 | Mem:9.93M, Peak:9.93M | Scene, ViewLayer | Updating Mesh | Computing Volume Mesh near_vol
Fra:59 Mem:230.86M (Peak 320.76M) | Time:00:00.49 | Mem:9.93M, Peak:9.93M | Scene, ViewLayer | Updating Objects
Fra:59 Mem:230.86M (Peak 320.76M) | Time:00:00.49 | Mem:9.93M, Peak:9.93M | Scene, ViewLayer | Updating Objects | Copying Transformations to device
Fra:59 Mem:230.86M (Peak 320.76M) | Time:00:00.49 | Mem:9.93M, Peak:9.93M | Scene, ViewLayer | Updating Particle Systems
Fra:59 Mem:230.86M (Peak 320.76M) | Time:00:00.49 | Mem:9.93M, Peak:9.93M | Scene, ViewLayer | Updating Meshes
Fra:59 Mem:225.77M (Peak 320.76M) | Time:00:00.49 | Mem:4.80M, Peak:9.93M | Scene, ViewLayer | Updating Objects | Applying Static Transformations
Fra:59 Mem:225.77M (Peak 320.76M) | Time:00:00.49 | Mem:4.80M, Peak:9.93M | Scene, ViewLayer | Updating Mesh | Computing attributes
Fra:59 Mem:226.73M (Peak 320.76M) | Time:00:00.49 | Mem:4.80M, Peak:9.93M | Scene, ViewLayer | Updating Mesh | Copying Attributes to device
Fra:59 Mem:226.73M (Peak 320.76M) | Time:00:00.49 | Mem:5.76M, Peak:9.93M | Scene, ViewLayer | Updating Geometry BVH far_vol 3/5 | Building BVH
Fra:59 Mem:226.73M (Peak 320.76M) | Time:00:00.49 | Mem:5.76M, Peak:9.93M | Scene, ViewLayer | Updating Geometry BVH t1 6/5 | Building BVH
Fra:59 Mem:226.73M (Peak 320.76M) | Time:00:00.49 | Mem:5.76M, Peak:9.93M | Scene, ViewLayer | Updating Geometry BVH t1 6/5 | Building OptiX acceleration structure
Fra:59 Mem:226.76M (Peak 320.76M) | Time:00:00.49 | Mem:5.76M, Peak:9.93M | Scene, ViewLayer | Updating Geometry BVH t0 5/5 | Building BVH
Fra:59 Mem:226.76M (Peak 320.76M) | Time:00:00.49 | Mem:5.76M, Peak:9.93M | Scene, ViewLayer | Updating Geometry BVH t0 5/5 | Building OptiX acceleration structure
Fra:59 Mem:226.73M (Peak 320.76M) | Time:00:00.49 | Mem:5.76M, Peak:9.93M | Scene, ViewLayer | Updating Scene BVH | Building
Fra:59 Mem:226.73M (Peak 320.76M) | Time:00:00.49 | Mem:5.76M, Peak:9.93M | Scene, ViewLayer | Updating Scene BVH | Building OptiX acceleration structure
Fra:59 Mem:226.73M (Peak 320.76M) | Time:00:00.49 | Mem:5.76M, Peak:9.93M | Scene, ViewLayer | Updating Scene BVH | Building BVH
Fra:59 Mem:226.73M (Peak 320.76M) | Time:00:00.49 | Mem:5.76M, Peak:9.93M | Scene, ViewLayer | Updating Scene BVH | Building BVH 0%
Fra:59 Mem:226.73M (Peak 320.76M) | Time:00:00.50 | Mem:5.76M, Peak:9.93M | Scene, ViewLayer | Updating Scene BVH | Copying BVH to device
Fra:59 Mem:226.73M (Peak 320.76M) | Time:00:00.50 | Mem:5.76M, Peak:9.93M | Scene, ViewLayer | Updating Mesh | Computing normals
Fra:59 Mem:230.90M (Peak 320.76M) | Time:00:00.50 | Mem:5.76M, Peak:9.93M | Scene, ViewLayer | Updating Mesh | Copying Mesh to device
Fra:59 Mem:230.90M (Peak 320.76M) | Time:00:00.51 | Mem:9.93M, Peak:9.93M | Scene, ViewLayer | Updating Objects Flags
Fra:59 Mem:230.90M (Peak 320.76M) | Time:00:00.52 | Mem:9.93M, Peak:9.93M | Scene, ViewLayer | Updating Primitive Offsets
Fra:59 Mem:230.90M (Peak 320.76M) | Time:00:00.52 | Mem:9.93M, Peak:9.93M | Scene, ViewLayer | Updating Images
Fra:59 Mem:228.28M (Peak 320.76M) | Time:00:00.52 | Mem:9.93M, Peak:9.93M | Scene, ViewLayer | Updating Images | Loading density
Fra:59 Mem:230.90M (Peak 320.76M) | Time:00:00.53 | Mem:9.93M, Peak:12.03M | Scene, ViewLayer | Updating Camera Volume
Fra:59 Mem:230.90M (Peak 320.76M) | Time:00:00.53 | Mem:9.93M, Peak:12.03M | Scene, ViewLayer | Updating Lookup Tables
Fra:59 Mem:230.90M (Peak 320.76M) | Time:00:00.53 | Mem:9.93M, Peak:12.03M | Scene, ViewLayer | Updating Lights
Fra:59 Mem:230.90M (Peak 320.76M) | Time:00:00.53 | Mem:9.93M, Peak:12.03M | Scene, ViewLayer | Updating Lights | Computing tree
Fra:59 Mem:230.90M (Peak 320.76M) | Time:00:00.53 | Mem:9.93M, Peak:12.03M | Scene, ViewLayer | Updating Integrator
Fra:59 Mem:230.90M (Peak 320.76M) | Time:00:00.53 | Mem:9.93M, Peak:12.03M | Scene, ViewLayer | Updating Film
Fra:59 Mem:230.90M (Peak 320.76M) | Time:00:00.53 | Mem:9.93M, Peak:12.03M | Scene, ViewLayer | Updating Lookup Tables
Fra:59 Mem:230.90M (Peak 320.76M) | Time:00:00.53 | Mem:9.93M, Peak:12.03M | Scene, ViewLayer | Updating Baking
Fra:59 Mem:230.90M (Peak 320.76M) | Time:00:00.53 | Mem:9.93M, Peak:12.03M | Scene, ViewLayer | Updating Device | Writing constant memory
Fra:59 Mem:230.90M (Peak 320.76M) | Time:00:00.53 | Mem:9.93M, Peak:12.03M | Scene, ViewLayer | Sample 0/24
Fra:59 Mem:230.90M (Peak 320.76M) | Time:00:01.37 | Remaining:00:19.28 | Mem:9.93M, Peak:12.03M | Scene, ViewLayer | Sample 1/24
Fra:59 Mem:230.90M (Peak 320.76M) | Time:00:02.22 | Remaining:00:18.57 | Mem:9.93M, Peak:12.03M | Scene, ViewLayer | Sample 2/24
Fra:59 Mem:266.50M (Peak 320.76M) | Time:00:21.00 | Mem:9.93M, Peak:12.03M | Scene, ViewLayer | Sample 24/24
Fra:59 Mem:266.50M (Peak 320.76M) | Time:00:21.00 | Mem:9.93M, Peak:12.03M | Scene, ViewLayer | Finished
Saved: 'C:\Work\domin8te-build\daysky\out\b\f0059.png'
Time: 00:21.15 (Saving: 00:00.15)

Fra:60 Mem:230.90M (Peak 320.76M) | Time:00:00.48 | Mem:9.93M, Peak:9.93M | Scene, ViewLayer | Synchronizing object | main_vol
Fra:60 Mem:230.81M (Peak 320.76M) | Time:00:00.48 | Mem:9.93M, Peak:9.93M | Scene, ViewLayer | Synchronizing object | t0
Fra:60 Mem:230.73M (Peak 320.76M) | Time:00:00.48 | Mem:9.93M, Peak:9.93M | Scene, ViewLayer | Synchronizing object | t1
Fra:60 Mem:230.73M (Peak 320.76M) | Time:00:00.48 | Mem:9.93M, Peak:9.93M | Scene, ViewLayer | Initializing
Fra:60 Mem:230.73M (Peak 320.76M) | Time:00:00.48 | Mem:9.93M, Peak:9.93M | Scene, ViewLayer | Waiting for render to start
Fra:60 Mem:230.73M (Peak 320.76M) | Time:00:00.48 | Mem:9.93M, Peak:9.93M | Scene, ViewLayer | Updating Scene
Fra:60 Mem:230.73M (Peak 320.76M) | Time:00:00.48 | Mem:9.93M, Peak:9.93M | Scene, ViewLayer | Updating Shaders
Fra:60 Mem:230.73M (Peak 320.76M) | Time:00:00.48 | Mem:9.93M, Peak:9.93M | Scene, ViewLayer | Updating Background
Fra:60 Mem:230.73M (Peak 320.76M) | Time:00:00.48 | Mem:9.93M, Peak:9.93M | Scene, ViewLayer | Updating Camera
Fra:60 Mem:230.73M (Peak 320.76M) | Time:00:00.48 | Mem:9.93M, Peak:9.93M | Scene, ViewLayer | Updating Meshes Flags
Fra:60 Mem:230.73M (Peak 320.76M) | Time:00:00.48 | Mem:9.93M, Peak:9.93M | Scene, ViewLayer | Updating Meshes Volume Bounds
Fra:60 Mem:230.73M (Peak 320.76M) | Time:00:00.48 | Mem:9.93M, Peak:9.93M | Scene, ViewLayer | Updating Volume Images
Fra:60 Mem:230.73M (Peak 320.76M) | Time:00:00.48 | Mem:9.93M, Peak:9.93M | Scene, ViewLayer | Updating Mesh | Computing Volume Mesh main_vol
Fra:60 Mem:230.80M (Peak 320.76M) | Time:00:00.49 | Mem:9.93M, Peak:9.93M | Scene, ViewLayer | Updating Mesh | Computing Volume Mesh far_vol
Fra:60 Mem:230.83M (Peak 320.76M) | Time:00:00.49 | Mem:9.93M, Peak:9.93M | Scene, ViewLayer | Updating Mesh | Computing Volume Mesh near_vol
Fra:60 Mem:230.86M (Peak 320.76M) | Time:00:00.50 | Mem:9.93M, Peak:9.93M | Scene, ViewLayer | Updating Objects
Fra:60 Mem:230.86M (Peak 320.76M) | Time:00:00.50 | Mem:9.93M, Peak:9.93M | Scene, ViewLayer | Updating Objects | Copying Transformations to device
Fra:60 Mem:230.86M (Peak 320.76M) | Time:00:00.50 | Mem:9.93M, Peak:9.93M | Scene, ViewLayer | Updating Particle Systems
Fra:60 Mem:230.86M (Peak 320.76M) | Time:00:00.50 | Mem:9.93M, Peak:9.93M | Scene, ViewLayer | Updating Meshes
Fra:60 Mem:225.77M (Peak 320.76M) | Time:00:00.50 | Mem:4.80M, Peak:9.93M | Scene, ViewLayer | Updating Objects | Applying Static Transformations
Fra:60 Mem:225.77M (Peak 320.76M) | Time:00:00.50 | Mem:4.80M, Peak:9.93M | Scene, ViewLayer | Updating Mesh | Computing attributes
Fra:60 Mem:226.73M (Peak 320.76M) | Time:00:00.50 | Mem:4.80M, Peak:9.93M | Scene, ViewLayer | Updating Mesh | Copying Attributes to device
Fra:60 Mem:226.73M (Peak 320.76M) | Time:00:00.50 | Mem:5.76M, Peak:9.93M | Scene, ViewLayer | Updating Geometry BVH near_vol 4/5 | Building BVH
Fra:60 Mem:226.73M (Peak 320.76M) | Time:00:00.50 | Mem:5.76M, Peak:9.93M | Scene, ViewLayer | Updating Geometry BVH t1 6/5 | Building BVH
Fra:60 Mem:226.73M (Peak 320.76M) | Time:00:00.50 | Mem:5.76M, Peak:9.93M | Scene, ViewLayer | Updating Geometry BVH t0 5/5 | Building BVH
Fra:60 Mem:226.73M (Peak 320.76M) | Time:00:00.50 | Mem:5.76M, Peak:9.93M | Scene, ViewLayer | Updating Geometry BVH t0 5/5 | Building OptiX acceleration structure
Fra:60 Mem:226.73M (Peak 320.76M) | Time:00:00.51 | Mem:5.76M, Peak:9.93M | Scene, ViewLayer | Updating Scene BVH | Building
Fra:60 Mem:226.73M (Peak 320.76M) | Time:00:00.51 | Mem:5.76M, Peak:9.93M | Scene, ViewLayer | Updating Scene BVH | Building OptiX acceleration structure
Fra:60 Mem:226.73M (Peak 320.76M) | Time:00:00.51 | Mem:5.76M, Peak:9.93M | Scene, ViewLayer | Updating Scene BVH | Building BVH
Fra:60 Mem:226.73M (Peak 320.76M) | Time:00:00.51 | Mem:5.76M, Peak:9.93M | Scene, ViewLayer | Updating Scene BVH | Building BVH 0%
Fra:60 Mem:226.73M (Peak 320.76M) | Time:00:00.51 | Mem:5.76M, Peak:9.93M | Scene, ViewLayer | Updating Scene BVH | Copying BVH to device
Fra:60 Mem:226.73M (Peak 320.76M) | Time:00:00.51 | Mem:5.76M, Peak:9.93M | Scene, ViewLayer | Updating Mesh | Computing normals
Fra:60 Mem:230.90M (Peak 320.76M) | Time:00:00.52 | Mem:5.76M, Peak:9.93M | Scene, ViewLayer | Updating Mesh | Copying Mesh to device
Fra:60 Mem:230.90M (Peak 320.76M) | Time:00:00.52 | Mem:9.93M, Peak:9.93M | Scene, ViewLayer | Updating Objects Flags
Fra:60 Mem:230.90M (Peak 320.76M) | Time:00:00.54 | Mem:9.93M, Peak:9.93M | Scene, ViewLayer | Updating Primitive Offsets
Fra:60 Mem:230.90M (Peak 320.76M) | Time:00:00.54 | Mem:9.93M, Peak:9.93M | Scene, ViewLayer | Updating Images
Fra:60 Mem:226.19M (Peak 320.76M) | Time:00:00.54 | Mem:5.22M, Peak:9.93M | Scene, ViewLayer | Updating Images | Loading density
Fra:60 Mem:230.90M (Peak 320.76M) | Time:00:00.54 | Mem:9.93M, Peak:9.93M | Scene, ViewLayer | Updating Camera Volume
Fra:60 Mem:230.90M (Peak 320.76M) | Time:00:00.54 | Mem:9.93M, Peak:9.93M | Scene, ViewLayer | Updating Lookup Tables
Fra:60 Mem:230.90M (Peak 320.76M) | Time:00:00.54 | Mem:9.93M, Peak:9.93M | Scene, ViewLayer | Updating Lights
Fra:60 Mem:230.90M (Peak 320.76M) | Time:00:00.54 | Mem:9.93M, Peak:9.93M | Scene, ViewLayer | Updating Lights | Computing tree
Fra:60 Mem:230.90M (Peak 320.76M) | Time:00:00.54 | Mem:9.93M, Peak:9.93M | Scene, ViewLayer | Updating Integrator
Fra:60 Mem:230.90M (Peak 320.76M) | Time:00:00.54 | Mem:9.93M, Peak:9.93M | Scene, ViewLayer | Updating Film
Fra:60 Mem:230.90M (Peak 320.76M) | Time:00:00.54 | Mem:9.93M, Peak:9.93M | Scene, ViewLayer | Updating Lookup Tables
Fra:60 Mem:230.90M (Peak 320.76M) | Time:00:00.54 | Mem:9.93M, Peak:9.93M | Scene, ViewLayer | Updating Baking
Fra:60 Mem:230.90M (Peak 320.76M) | Time:00:00.54 | Mem:9.93M, Peak:9.93M | Scene, ViewLayer | Updating Device | Writing constant memory
Fra:60 Mem:230.90M (Peak 320.76M) | Time:00:00.54 | Mem:9.93M, Peak:9.93M | Scene, ViewLayer | Sample 0/24
Fra:60 Mem:230.90M (Peak 320.76M) | Time:00:01.53 | Remaining:00:22.66 | Mem:9.93M, Peak:9.93M | Scene, ViewLayer | Sample 1/24
Fra:60 Mem:230.90M (Peak 320.76M) | Time:00:02.58 | Remaining:00:22.47 | Mem:9.93M, Peak:94.47M | Scene, ViewLayer | Sample 2/24
Fra:60 Mem:230.90M (Peak 320.76M) | Time:00:03.56 | Remaining:00:21.14 | Mem:9.93M, Peak:94.47M | Scene, ViewLayer | Sample 3/24
Fra:60 Mem:266.50M (Peak 320.76M) | Time:00:24.95 | Mem:9.93M, Peak:94.47M | Scene, ViewLayer | Sample 24/24
Fra:60 Mem:266.50M (Peak 320.76M) | Time:00:24.95 | Mem:9.93M, Peak:94.47M | Scene, ViewLayer | Finished
Saved: 'C:\Work\domin8te-build\daysky\out\b\f0060.png'
Time: 00:25.13 (Saving: 00:00.17)

Fra:61 Mem:230.90M (Peak 320.76M) | Time:00:00.65 | Mem:9.93M, Peak:9.93M | Scene, ViewLayer | Synchronizing object | t0
Fra:61 Mem:230.90M (Peak 320.76M) | Time:00:00.65 | Mem:9.93M, Peak:9.93M | Scene, ViewLayer | Synchronizing object | t1
Fra:61 Mem:234.89M (Peak 320.76M) | Time:00:00.65 | Mem:9.93M, Peak:9.93M | Scene, ViewLayer | Synchronizing object | main_vol
Fra:61 Mem:234.80M (Peak 320.76M) | Time:00:00.65 | Mem:9.93M, Peak:9.93M | Scene, ViewLayer | Synchronizing object | far_vol
Fra:61 Mem:234.75M (Peak 320.76M) | Time:00:00.65 | Mem:9.93M, Peak:9.93M | Scene, ViewLayer | Synchronizing object | near_vol
Fra:61 Mem:230.73M (Peak 320.76M) | Time:00:00.65 | Mem:9.93M, Peak:9.93M | Scene, ViewLayer | Initializing
Fra:61 Mem:230.73M (Peak 320.76M) | Time:00:00.65 | Mem:9.93M, Peak:9.93M | Scene, ViewLayer | Waiting for render to start
Fra:61 Mem:230.73M (Peak 320.76M) | Time:00:00.65 | Mem:9.93M, Peak:9.93M | Scene, ViewLayer | Updating Scene
Fra:61 Mem:230.73M (Peak 320.76M) | Time:00:00.65 | Mem:9.93M, Peak:9.93M | Scene, ViewLayer | Updating Shaders
Fra:61 Mem:230.73M (Peak 320.76M) | Time:00:00.65 | Mem:9.93M, Peak:9.93M | Scene, ViewLayer | Updating Background
Fra:61 Mem:230.73M (Peak 320.76M) | Time:00:00.65 | Mem:9.93M, Peak:9.93M | Scene, ViewLayer | Updating Camera
Fra:61 Mem:230.73M (Peak 320.76M) | Time:00:00.65 | Mem:9.93M, Peak:9.93M | Scene, ViewLayer | Updating Meshes Flags
Fra:61 Mem:230.73M (Peak 320.76M) | Time:00:00.65 | Mem:9.93M, Peak:9.93M | Scene, ViewLayer | Updating Meshes Volume Bounds
Fra:61 Mem:230.73M (Peak 320.76M) | Time:00:00.65 | Mem:9.93M, Peak:9.93M | Scene, ViewLayer | Updating Volume Images
Fra:61 Mem:230.73M (Peak 320.76M) | Time:00:00.65 | Mem:9.93M, Peak:9.93M | Scene, ViewLayer | Updating Mesh | Computing Volume Mesh main_vol
Fra:61 Mem:230.80M (Peak 320.76M) | Time:00:00.67 | Mem:9.93M, Peak:9.93M | Scene, ViewLayer | Updating Mesh | Computing Volume Mesh far_vol
Fra:61 Mem:230.83M (Peak 320.76M) | Time:00:00.68 | Mem:9.93M, Peak:9.93M | Scene, ViewLayer | Updating Mesh | Computing Volume Mesh near_vol
Fra:61 Mem:230.86M (Peak 320.76M) | Time:00:00.70 | Mem:9.93M, Peak:9.93M | Scene, ViewLayer | Updating Objects
Fra:61 Mem:230.86M (Peak 320.76M) | Time:00:00.70 | Mem:9.93M, Peak:9.93M | Scene, ViewLayer | Updating Objects | Copying Transformations to device
Fra:61 Mem:230.86M (Peak 320.76M) | Time:00:00.70 | Mem:9.93M, Peak:9.93M | Scene, ViewLayer | Updating Particle Systems
Fra:61 Mem:230.86M (Peak 320.76M) | Time:00:00.70 | Mem:9.93M, Peak:9.93M | Scene, ViewLayer | Updating Meshes
Fra:61 Mem:225.77M (Peak 320.76M) | Time:00:00.72 | Mem:4.80M, Peak:9.93M | Scene, ViewLayer | Updating Objects | Applying Static Transformations
Fra:61 Mem:225.77M (Peak 320.76M) | Time:00:00.72 | Mem:4.80M, Peak:9.93M | Scene, ViewLayer | Updating Mesh | Computing attributes
Fra:61 Mem:226.73M (Peak 320.76M) | Time:00:00.72 | Mem:4.80M, Peak:9.93M | Scene, ViewLayer | Updating Mesh | Copying Attributes to device
Fra:61 Mem:226.73M (Peak 320.76M) | Time:00:00.72 | Mem:5.76M, Peak:9.93M | Scene, ViewLayer | Updating Geometry BVH t1 6/5 | Building BVH
Fra:61 Mem:226.73M (Peak 320.76M) | Time:00:00.73 | Mem:5.76M, Peak:9.93M | Scene, ViewLayer | Updating Geometry BVH t1 6/5 | Building OptiX acceleration structure
Fra:61 Mem:228.61M (Peak 320.76M) | Time:00:00.74 | Mem:5.76M, Peak:9.93M | Scene, ViewLayer | Updating Geometry BVH main_vol 2/5 | Building BVH
Fra:61 Mem:228.61M (Peak 320.76M) | Time:00:00.77 | Mem:5.76M, Peak:9.93M | Scene, ViewLayer | Updating Geometry BVH main_vol 2/5 | Building OptiX acceleration structure
Fra:61 Mem:226.73M (Peak 320.76M) | Time:00:00.77 | Mem:5.76M, Peak:9.93M | Scene, ViewLayer | Updating Geometry BVH far_vol 3/5 | Building BVH
Fra:61 Mem:226.73M (Peak 320.76M) | Time:00:00.77 | Mem:5.76M, Peak:9.93M | Scene, ViewLayer | Updating Geometry BVH t0 5/5 | Building BVH
Fra:61 Mem:226.73M (Peak 320.76M) | Time:00:00.77 | Mem:5.76M, Peak:9.93M | Scene, ViewLayer | Updating Geometry BVH t0 5/5 | Building OptiX acceleration structure
Fra:61 Mem:227.70M (Peak 320.76M) | Time:00:00.78 | Mem:5.76M, Peak:9.93M | Scene, ViewLayer | Updating Geometry BVH near_vol 4/5 | Building BVH
Fra:61 Mem:227.70M (Peak 320.76M) | Time:00:00.78 | Mem:5.76M, Peak:9.93M | Scene, ViewLayer | Updating Geometry BVH near_vol 4/5 | Building OptiX acceleration structure
Fra:61 Mem:226.73M (Peak 320.76M) | Time:00:00.78 | Mem:5.76M, Peak:9.93M | Scene, ViewLayer | Updating Scene BVH | Building
Fra:61 Mem:226.73M (Peak 320.76M) | Time:00:00.78 | Mem:5.76M, Peak:9.93M | Scene, ViewLayer | Updating Scene BVH | Building OptiX acceleration structure
Fra:61 Mem:226.73M (Peak 320.76M) | Time:00:00.78 | Mem:5.76M, Peak:9.93M | Scene, ViewLayer | Updating Scene BVH | Building BVH
Fra:61 Mem:226.73M (Peak 320.76M) | Time:00:00.78 | Mem:5.76M, Peak:9.93M | Scene, ViewLayer | Updating Scene BVH | Building BVH 0%
Fra:61 Mem:226.73M (Peak 320.76M) | Time:00:00.81 | Mem:5.76M, Peak:9.93M | Scene, ViewLayer | Updating Scene BVH | Copying BVH to device
Fra:61 Mem:226.73M (Peak 320.76M) | Time:00:00.81 | Mem:5.76M, Peak:9.93M | Scene, ViewLayer | Updating Mesh | Computing normals
Fra:61 Mem:230.90M (Peak 320.76M) | Time:00:00.81 | Mem:5.76M, Peak:9.93M | Scene, ViewLayer | Updating Mesh | Copying Mesh to device
Fra:61 Mem:230.90M (Peak 320.76M) | Time:00:00.81 | Mem:9.93M, Peak:9.93M | Scene, ViewLayer | Updating Objects Flags
Fra:61 Mem:230.90M (Peak 320.76M) | Time:00:00.86 | Mem:9.93M, Peak:9.93M | Scene, ViewLayer | Updating Primitive Offsets
Fra:61 Mem:230.90M (Peak 320.76M) | Time:00:00.86 | Mem:9.93M, Peak:9.93M | Scene, ViewLayer | Updating Images
Fra:61 Mem:228.28M (Peak 320.76M) | Time:00:00.86 | Mem:9.93M, Peak:9.93M | Scene, ViewLayer | Updating Images | Loading density
Fra:61 Mem:230.90M (Peak 320.76M) | Time:00:00.86 | Mem:9.93M, Peak:12.03M | Scene, ViewLayer | Updating Camera Volume
Fra:61 Mem:230.90M (Peak 320.76M) | Time:00:00.86 | Mem:9.93M, Peak:12.03M | Scene, ViewLayer | Updating Lookup Tables
Fra:61 Mem:230.90M (Peak 320.76M) | Time:00:00.86 | Mem:9.93M, Peak:12.03M | Scene, ViewLayer | Updating Lights
Fra:61 Mem:230.90M (Peak 320.76M) | Time:00:00.86 | Mem:9.93M, Peak:12.03M | Scene, ViewLayer | Updating Lights | Computing tree
Fra:61 Mem:230.90M (Peak 320.76M) | Time:00:00.86 | Mem:9.93M, Peak:12.03M | Scene, ViewLayer | Updating Integrator
Fra:61 Mem:230.90M (Peak 320.76M) | Time:00:00.86 | Mem:9.93M, Peak:12.03M | Scene, ViewLayer | Updating Film
Fra:61 Mem:230.90M (Peak 320.76M) | Time:00:00.86 | Mem:9.93M, Peak:12.03M | Scene, ViewLayer | Updating Lookup Tables
Fra:61 Mem:230.90M (Peak 320.76M) | Time:00:00.86 | Mem:9.93M, Peak:12.03M | Scene, ViewLayer | Updating Baking
Fra:61 Mem:230.90M (Peak 320.76M) | Time:00:00.86 | Mem:9.93M, Peak:12.03M | Scene, ViewLayer | Updating Device | Writing constant memory
Fra:61 Mem:230.90M (Peak 320.76M) | Time:00:00.86 | Mem:9.93M, Peak:12.03M | Scene, ViewLayer | Sample 0/24
Fra:61 Mem:230.90M (Peak 320.76M) | Time:00:01.80 | Remaining:00:21.58 | Mem:9.93M, Peak:12.03M | Scene, ViewLayer | Sample 1/24
Fra:61 Mem:230.90M (Peak 320.76M) | Time:00:02.82 | Remaining:00:21.58 | Mem:9.93M, Peak:94.47M | Scene, ViewLayer | Sample 2/24
Fra:61 Mem:230.90M (Peak 320.76M) | Time:00:03.85 | Remaining:00:20.94 | Mem:9.93M, Peak:94.47M | Scene, ViewLayer | Sample 3/24
Fra:61 Mem:230.90M (Peak 320.76M) | Time:00:04.90 | Remaining:00:20.20 | Mem:9.93M, Peak:94.47M | Scene, ViewLayer | Sample 4/24
Fra:61 Mem:266.50M (Peak 320.76M) | Time:00:24.05 | Mem:9.93M, Peak:94.47M | Scene, ViewLayer | Sample 24/24
Fra:61 Mem:266.50M (Peak 320.76M) | Time:00:24.05 | Mem:9.93M, Peak:94.47M | Scene, ViewLayer | Finished
Saved: 'C:\Work\domin8te-build\daysky\out\b\f0061.png'
Time: 00:24.27 (Saving: 00:00.22)

Fra:62 Mem:230.90M (Peak 320.76M) | Time:00:00.68 | Mem:9.93M, Peak:9.93M | Scene, ViewLayer | Synchronizing object | main_vol
Fra:62 Mem:230.81M (Peak 320.76M) | Time:00:00.68 | Mem:9.93M, Peak:9.93M | Scene, ViewLayer | Synchronizing object | t0
Fra:62 Mem:230.73M (Peak 320.76M) | Time:00:00.68 | Mem:9.93M, Peak:9.93M | Scene, ViewLayer | Synchronizing object | t1
Fra:62 Mem:230.73M (Peak 320.76M) | Time:00:00.68 | Mem:9.93M, Peak:9.93M | Scene, ViewLayer | Initializing
Fra:62 Mem:230.73M (Peak 320.76M) | Time:00:00.68 | Mem:9.93M, Peak:9.93M | Scene, ViewLayer | Waiting for render to start
Fra:62 Mem:230.73M (Peak 320.76M) | Time:00:00.68 | Mem:9.93M, Peak:9.93M | Scene, ViewLayer | Updating Scene
Fra:62 Mem:230.73M (Peak 320.76M) | Time:00:00.68 | Mem:9.93M, Peak:9.93M | Scene, ViewLayer | Updating Shaders
Fra:62 Mem:230.73M (Peak 320.76M) | Time:00:00.68 | Mem:9.93M, Peak:9.93M | Scene, ViewLayer | Updating Background
Fra:62 Mem:230.73M (Peak 320.76M) | Time:00:00.68 | Mem:9.93M, Peak:9.93M | Scene, ViewLayer | Updating Camera
Fra:62 Mem:230.73M (Peak 320.76M) | Time:00:00.68 | Mem:9.93M, Peak:9.93M | Scene, ViewLayer | Updating Meshes Flags
Fra:62 Mem:230.73M (Peak 320.76M) | Time:00:00.68 | Mem:9.93M, Peak:9.93M | Scene, ViewLayer | Updating Meshes Volume Bounds
Fra:62 Mem:230.73M (Peak 320.76M) | Time:00:00.68 | Mem:9.93M, Peak:9.93M | Scene, ViewLayer | Updating Volume Images
Fra:62 Mem:230.73M (Peak 320.76M) | Time:00:00.68 | Mem:9.93M, Peak:9.93M | Scene, ViewLayer | Updating Mesh | Computing Volume Mesh main_vol
Fra:62 Mem:230.80M (Peak 320.76M) | Time:00:00.70 | Mem:9.93M, Peak:9.93M | Scene, ViewLayer | Updating Mesh | Computing Volume Mesh far_vol
Fra:62 Mem:230.83M (Peak 320.76M) | Time:00:00.70 | Mem:9.93M, Peak:9.93M | Scene, ViewLayer | Updating Mesh | Computing Volume Mesh near_vol
Fra:62 Mem:230.86M (Peak 320.76M) | Time:00:00.71 | Mem:9.93M, Peak:9.93M | Scene, ViewLayer | Updating Objects
Fra:62 Mem:230.86M (Peak 320.76M) | Time:00:00.71 | Mem:9.93M, Peak:9.93M | Scene, ViewLayer | Updating Objects | Copying Transformations to device
Fra:62 Mem:230.86M (Peak 320.76M) | Time:00:00.71 | Mem:9.93M, Peak:9.93M | Scene, ViewLayer | Updating Particle Systems
Fra:62 Mem:230.86M (Peak 320.76M) | Time:00:00.71 | Mem:9.93M, Peak:9.93M | Scene, ViewLayer | Updating Meshes
Fra:62 Mem:225.77M (Peak 320.76M) | Time:00:00.71 | Mem:4.80M, Peak:9.93M | Scene, ViewLayer | Updating Objects | Applying Static Transformations
Fra:62 Mem:225.77M (Peak 320.76M) | Time:00:00.71 | Mem:4.80M, Peak:9.93M | Scene, ViewLayer | Updating Mesh | Computing attributes
Fra:62 Mem:226.73M (Peak 320.76M) | Time:00:00.71 | Mem:4.80M, Peak:9.93M | Scene, ViewLayer | Updating Mesh | Copying Attributes to device
Fra:62 Mem:226.73M (Peak 320.76M) | Time:00:00.71 | Mem:5.76M, Peak:9.93M | Scene, ViewLayer | Updating Geometry BVH main_vol 2/5 | Building BVH
Fra:62 Mem:226.73M (Peak 320.76M) | Time:00:00.71 | Mem:5.76M, Peak:9.93M | Scene, ViewLayer | Updating Geometry BVH near_vol 4/5 | Building BVH
Fra:62 Mem:226.73M (Peak 320.76M) | Time:00:00.71 | Mem:5.76M, Peak:9.93M | Scene, ViewLayer | Updating Geometry BVH t1 6/5 | Building BVH
Fra:62 Mem:226.73M (Peak 320.76M) | Time:00:00.71 | Mem:5.76M, Peak:9.93M | Scene, ViewLayer | Updating Geometry BVH t1 6/5 | Building OptiX acceleration structure
Fra:62 Mem:226.73M (Peak 320.76M) | Time:00:00.73 | Mem:5.76M, Peak:9.93M | Scene, ViewLayer | Updating Scene BVH | Building
Fra:62 Mem:226.73M (Peak 320.76M) | Time:00:00.73 | Mem:5.76M, Peak:9.93M | Scene, ViewLayer | Updating Scene BVH | Building OptiX acceleration structure
Fra:62 Mem:226.73M (Peak 320.76M) | Time:00:00.73 | Mem:5.76M, Peak:9.93M | Scene, ViewLayer | Updating Scene BVH | Building BVH
Fra:62 Mem:226.73M (Peak 320.76M) | Time:00:00.73 | Mem:5.76M, Peak:9.93M | Scene, ViewLayer | Updating Scene BVH | Building BVH 0%
Fra:62 Mem:226.73M (Peak 320.76M) | Time:00:00.75 | Mem:5.76M, Peak:9.93M | Scene, ViewLayer | Updating Scene BVH | Copying BVH to device
Fra:62 Mem:226.73M (Peak 320.76M) | Time:00:00.75 | Mem:5.76M, Peak:9.93M | Scene, ViewLayer | Updating Mesh | Computing normals
Fra:62 Mem:230.90M (Peak 320.76M) | Time:00:00.75 | Mem:5.76M, Peak:9.93M | Scene, ViewLayer | Updating Mesh | Copying Mesh to device
Fra:62 Mem:230.90M (Peak 320.76M) | Time:00:00.76 | Mem:9.93M, Peak:9.93M | Scene, ViewLayer | Updating Objects Flags
Fra:62 Mem:230.90M (Peak 320.76M) | Time:00:01.19 | Mem:9.93M, Peak:9.93M | Scene, ViewLayer | Updating Primitive Offsets
Fra:62 Mem:230.90M (Peak 320.76M) | Time:00:01.19 | Mem:9.93M, Peak:9.93M | Scene, ViewLayer | Updating Images
Fra:62 Mem:226.19M (Peak 320.76M) | Time:00:01.19 | Mem:5.22M, Peak:9.93M | Scene, ViewLayer | Updating Images | Loading density
Fra:62 Mem:230.90M (Peak 320.76M) | Time:00:01.19 | Mem:9.93M, Peak:9.93M | Scene, ViewLayer | Updating Camera Volume
Fra:62 Mem:230.90M (Peak 320.76M) | Time:00:01.19 | Mem:9.93M, Peak:9.93M | Scene, ViewLayer | Updating Lookup Tables
Fra:62 Mem:230.90M (Peak 320.76M) | Time:00:01.19 | Mem:9.93M, Peak:9.93M | Scene, ViewLayer | Updating Lights
Fra:62 Mem:230.90M (Peak 320.76M) | Time:00:01.19 | Mem:9.93M, Peak:9.93M | Scene, ViewLayer | Updating Lights | Computing tree
Fra:62 Mem:230.90M (Peak 320.76M) | Time:00:01.19 | Mem:9.93M, Peak:9.93M | Scene, ViewLayer | Updating Integrator
Fra:62 Mem:230.90M (Peak 320.76M) | Time:00:01.19 | Mem:9.93M, Peak:9.93M | Scene, ViewLayer | Updating Film
Fra:62 Mem:230.90M (Peak 320.76M) | Time:00:01.19 | Mem:9.93M, Peak:9.93M | Scene, ViewLayer | Updating Lookup Tables
Fra:62 Mem:230.90M (Peak 320.76M) | Time:00:01.19 | Mem:9.93M, Peak:9.93M | Scene, ViewLayer | Updating Baking
Fra:62 Mem:230.90M (Peak 320.76M) | Time:00:01.19 | Mem:9.93M, Peak:9.93M | Scene, ViewLayer | Updating Device | Writing constant memory
Fra:62 Mem:230.90M (Peak 320.76M) | Time:00:01.19 | Mem:9.93M, Peak:9.93M | Scene, ViewLayer | Sample 0/24
Fra:62 Mem:230.90M (Peak 320.76M) | Time:00:02.32 | Remaining:00:25.79 | Mem:9.93M, Peak:9.93M | Scene, ViewLayer | Sample 1/24
Fra:62 Mem:230.90M (Peak 320.76M) | Time:00:03.25 | Remaining:00:22.67 | Mem:9.93M, Peak:94.47M | Scene, ViewLayer | Sample 2/24
Fra:62 Mem:230.90M (Peak 320.76M) | Time:00:04.27 | Remaining:00:21.52 | Mem:9.93M, Peak:94.47M | Scene, ViewLayer | Sample 3/24
Fra:62 Mem:230.90M (Peak 320.76M) | Time:00:05.32 | Remaining:00:20.64 | Mem:9.93M, Peak:94.47M | Scene, ViewLayer | Sample 4/24
Fra:62 Mem:266.50M (Peak 320.76M) | Time:00:26.26 | Mem:9.93M, Peak:94.47M | Scene, ViewLayer | Sample 24/24
Fra:62 Mem:266.50M (Peak 320.76M) | Time:00:26.26 | Mem:9.93M, Peak:94.47M | Scene, ViewLayer | Finished
Saved: 'C:\Work\domin8te-build\daysky\out\b\f0062.png'
Time: 00:26.51 (Saving: 00:00.24)

Fra:63 Mem:230.90M (Peak 320.76M) | Time:00:00.57 | Mem:9.93M, Peak:9.93M | Scene, ViewLayer | Synchronizing object | t0
Fra:63 Mem:230.90M (Peak 320.76M) | Time:00:00.57 | Mem:9.93M, Peak:9.93M | Scene, ViewLayer | Synchronizing object | far_vol
Fra:63 Mem:230.85M (Peak 320.76M) | Time:00:00.57 | Mem:9.93M, Peak:9.93M | Scene, ViewLayer | Synchronizing object | near_vol
Fra:63 Mem:230.73M (Peak 320.76M) | Time:00:00.57 | Mem:9.93M, Peak:9.93M | Scene, ViewLayer | Synchronizing object | t1
Fra:63 Mem:230.73M (Peak 320.76M) | Time:00:00.57 | Mem:9.93M, Peak:9.93M | Scene, ViewLayer | Initializing
Fra:63 Mem:230.73M (Peak 320.76M) | Time:00:00.57 | Mem:9.93M, Peak:9.93M | Scene, ViewLayer | Waiting for render to start
Fra:63 Mem:230.73M (Peak 320.76M) | Time:00:00.57 | Mem:9.93M, Peak:9.93M | Scene, ViewLayer | Updating Scene
Fra:63 Mem:230.73M (Peak 320.76M) | Time:00:00.57 | Mem:9.93M, Peak:9.93M | Scene, ViewLayer | Updating Shaders
Fra:63 Mem:230.73M (Peak 320.76M) | Time:00:00.57 | Mem:9.93M, Peak:9.93M | Scene, ViewLayer | Updating Background
Fra:63 Mem:230.73M (Peak 320.76M) | Time:00:00.58 | Mem:9.93M, Peak:9.93M | Scene, ViewLayer | Updating Camera
Fra:63 Mem:230.73M (Peak 320.76M) | Time:00:00.58 | Mem:9.93M, Peak:9.93M | Scene, ViewLayer | Updating Meshes Flags
Fra:63 Mem:230.73M (Peak 320.76M) | Time:00:00.58 | Mem:9.93M, Peak:9.93M | Scene, ViewLayer | Updating Meshes Volume Bounds
Fra:63 Mem:230.73M (Peak 320.76M) | Time:00:00.58 | Mem:9.93M, Peak:9.93M | Scene, ViewLayer | Updating Volume Images
Fra:63 Mem:230.73M (Peak 320.76M) | Time:00:00.58 | Mem:9.93M, Peak:9.93M | Scene, ViewLayer | Updating Mesh | Computing Volume Mesh main_vol
Fra:63 Mem:230.80M (Peak 320.76M) | Time:00:00.60 | Mem:9.93M, Peak:9.93M | Scene, ViewLayer | Updating Mesh | Computing Volume Mesh far_vol
Fra:63 Mem:230.83M (Peak 320.76M) | Time:00:00.61 | Mem:9.93M, Peak:9.93M | Scene, ViewLayer | Updating Mesh | Computing Volume Mesh near_vol
Fra:63 Mem:230.86M (Peak 320.76M) | Time:00:00.62 | Mem:9.93M, Peak:9.93M | Scene, ViewLayer | Updating Objects
Fra:63 Mem:230.86M (Peak 320.76M) | Time:00:00.62 | Mem:9.93M, Peak:9.93M | Scene, ViewLayer | Updating Objects | Copying Transformations to device
Fra:63 Mem:230.86M (Peak 320.76M) | Time:00:00.62 | Mem:9.93M, Peak:9.93M | Scene, ViewLayer | Updating Particle Systems
Fra:63 Mem:230.86M (Peak 320.76M) | Time:00:00.62 | Mem:9.93M, Peak:9.93M | Scene, ViewLayer | Updating Meshes
Fra:63 Mem:225.77M (Peak 320.76M) | Time:00:00.62 | Mem:4.80M, Peak:9.93M | Scene, ViewLayer | Updating Objects | Applying Static Transformations
Fra:63 Mem:225.77M (Peak 320.76M) | Time:00:00.62 | Mem:4.80M, Peak:9.93M | Scene, ViewLayer | Updating Mesh | Computing attributes
Fra:63 Mem:226.73M (Peak 320.76M) | Time:00:00.62 | Mem:4.80M, Peak:9.93M | Scene, ViewLayer | Updating Mesh | Copying Attributes to device
Fra:63 Mem:226.73M (Peak 320.76M) | Time:00:00.62 | Mem:5.76M, Peak:9.93M | Scene, ViewLayer | Updating Geometry BVH t1 6/5 | Building BVH
Fra:63 Mem:226.73M (Peak 320.76M) | Time:00:00.62 | Mem:5.76M, Peak:9.93M | Scene, ViewLayer | Updating Geometry BVH t1 6/5 | Building OptiX acceleration structure
Fra:63 Mem:228.61M (Peak 320.76M) | Time:00:00.64 | Mem:5.76M, Peak:9.93M | Scene, ViewLayer | Updating Geometry BVH main_vol 2/5 | Building BVH
Fra:63 Mem:228.61M (Peak 320.76M) | Time:00:00.64 | Mem:5.76M, Peak:9.93M | Scene, ViewLayer | Updating Geometry BVH near_vol 4/5 | Building BVH
Fra:63 Mem:228.61M (Peak 320.76M) | Time:00:00.64 | Mem:5.76M, Peak:9.93M | Scene, ViewLayer | Updating Geometry BVH t0 5/5 | Building BVH
Fra:63 Mem:228.61M (Peak 320.76M) | Time:00:00.64 | Mem:5.76M, Peak:9.93M | Scene, ViewLayer | Updating Geometry BVH t0 5/5 | Building OptiX acceleration structure
Fra:63 Mem:226.73M (Peak 320.76M) | Time:00:00.65 | Mem:5.76M, Peak:9.93M | Scene, ViewLayer | Updating Scene BVH | Building
Fra:63 Mem:226.73M (Peak 320.76M) | Time:00:00.65 | Mem:5.76M, Peak:9.93M | Scene, ViewLayer | Updating Scene BVH | Building OptiX acceleration structure
Fra:63 Mem:226.73M (Peak 320.76M) | Time:00:00.65 | Mem:5.76M, Peak:9.93M | Scene, ViewLayer | Updating Scene BVH | Building BVH
Fra:63 Mem:226.73M (Peak 320.76M) | Time:00:00.65 | Mem:5.76M, Peak:9.93M | Scene, ViewLayer | Updating Scene BVH | Building BVH 0%
Fra:63 Mem:226.73M (Peak 320.76M) | Time:00:00.73 | Mem:5.76M, Peak:9.93M | Scene, ViewLayer | Updating Scene BVH | Copying BVH to device
Fra:63 Mem:226.73M (Peak 320.76M) | Time:00:00.73 | Mem:5.76M, Peak:9.93M | Scene, ViewLayer | Updating Mesh | Computing normals
Fra:63 Mem:230.90M (Peak 320.76M) | Time:00:00.73 | Mem:5.76M, Peak:9.93M | Scene, ViewLayer | Updating Mesh | Copying Mesh to device
Fra:63 Mem:230.90M (Peak 320.76M) | Time:00:00.73 | Mem:9.93M, Peak:9.93M | Scene, ViewLayer | Updating Objects Flags
Fra:63 Mem:230.90M (Peak 320.76M) | Time:00:01.04 | Mem:9.93M, Peak:9.93M | Scene, ViewLayer | Updating Primitive Offsets
Fra:63 Mem:230.90M (Peak 320.76M) | Time:00:01.05 | Mem:9.93M, Peak:9.93M | Scene, ViewLayer | Updating Images
Fra:63 Mem:228.28M (Peak 320.76M) | Time:00:01.06 | Mem:9.93M, Peak:9.93M | Scene, ViewLayer | Updating Images | Loading density
Fra:63 Mem:230.90M (Peak 320.76M) | Time:00:01.06 | Mem:9.93M, Peak:12.03M | Scene, ViewLayer | Updating Camera Volume
Fra:63 Mem:230.90M (Peak 320.76M) | Time:00:01.06 | Mem:9.93M, Peak:12.03M | Scene, ViewLayer | Updating Lookup Tables
Fra:63 Mem:230.90M (Peak 320.76M) | Time:00:01.06 | Mem:9.93M, Peak:12.03M | Scene, ViewLayer | Updating Lights
Fra:63 Mem:230.90M (Peak 320.76M) | Time:00:01.06 | Mem:9.93M, Peak:12.03M | Scene, ViewLayer | Updating Lights | Computing tree
Fra:63 Mem:230.90M (Peak 320.76M) | Time:00:01.06 | Mem:9.93M, Peak:12.03M | Scene, ViewLayer | Updating Integrator
Fra:63 Mem:230.90M (Peak 320.76M) | Time:00:01.06 | Mem:9.93M, Peak:12.03M | Scene, ViewLayer | Updating Film
Fra:63 Mem:230.90M (Peak 320.76M) | Time:00:01.06 | Mem:9.93M, Peak:12.03M | Scene, ViewLayer | Updating Lookup Tables
Fra:63 Mem:230.90M (Peak 320.76M) | Time:00:01.06 | Mem:9.93M, Peak:12.03M | Scene, ViewLayer | Updating Baking
Fra:63 Mem:230.90M (Peak 320.76M) | Time:00:01.06 | Mem:9.93M, Peak:12.03M | Scene, ViewLayer | Updating Device | Writing constant memory
Fra:63 Mem:230.90M (Peak 320.76M) | Time:00:01.06 | Mem:9.93M, Peak:12.03M | Scene, ViewLayer | Sample 0/24
Fra:63 Mem:230.90M (Peak 320.76M) | Time:00:02.00 | Remaining:00:21.47 | Mem:9.93M, Peak:12.03M | Scene, ViewLayer | Sample 1/24
Fra:63 Mem:230.90M (Peak 320.76M) | Time:00:03.00 | Remaining:00:21.35 | Mem:9.93M, Peak:94.47M | Scene, ViewLayer | Sample 2/24
Fra:63 Mem:230.90M (Peak 320.76M) | Time:00:04.03 | Remaining:00:20.75 | Mem:9.93M, Peak:94.47M | Scene, ViewLayer | Sample 3/24
Fra:63 Mem:230.90M (Peak 320.76M) | Time:00:05.04 | Remaining:00:19.86 | Mem:9.93M, Peak:94.47M | Scene, ViewLayer | Sample 4/24
Fra:63 Mem:266.50M (Peak 320.76M) | Time:00:22.79 | Mem:9.93M, Peak:94.47M | Scene, ViewLayer | Sample 24/24
Fra:63 Mem:266.50M (Peak 320.76M) | Time:00:22.79 | Mem:9.93M, Peak:94.47M | Scene, ViewLayer | Finished
Saved: 'C:\Work\domin8te-build\daysky\out\b\f0063.png'
Time: 00:22.99 (Saving: 00:00.19)

Fra:64 Mem:230.90M (Peak 320.76M) | Time:00:00.82 | Mem:9.93M, Peak:9.93M | Scene, ViewLayer | Synchronizing object | main_vol
Fra:64 Mem:230.81M (Peak 320.76M) | Time:00:00.82 | Mem:9.93M, Peak:9.93M | Scene, ViewLayer | Synchronizing object | t0
Fra:64 Mem:230.73M (Peak 320.76M) | Time:00:00.82 | Mem:9.93M, Peak:9.93M | Scene, ViewLayer | Synchronizing object | t1
Fra:64 Mem:230.73M (Peak 320.76M) | Time:00:00.82 | Mem:9.93M, Peak:9.93M | Scene, ViewLayer | Initializing
Fra:64 Mem:230.73M (Peak 320.76M) | Time:00:00.82 | Mem:9.93M, Peak:9.93M | Scene, ViewLayer | Waiting for render to start
Fra:64 Mem:230.73M (Peak 320.76M) | Time:00:00.82 | Mem:9.93M, Peak:9.93M | Scene, ViewLayer | Updating Scene
Fra:64 Mem:230.73M (Peak 320.76M) | Time:00:00.82 | Mem:9.93M, Peak:9.93M | Scene, ViewLayer | Updating Shaders
Fra:64 Mem:230.73M (Peak 320.76M) | Time:00:00.82 | Mem:9.93M, Peak:9.93M | Scene, ViewLayer | Updating Background
Fra:64 Mem:230.73M (Peak 320.76M) | Time:00:00.82 | Mem:9.93M, Peak:9.93M | Scene, ViewLayer | Updating Camera
Fra:64 Mem:230.73M (Peak 320.76M) | Time:00:00.82 | Mem:9.93M, Peak:9.93M | Scene, ViewLayer | Updating Meshes Flags
Fra:64 Mem:230.73M (Peak 320.76M) | Time:00:00.82 | Mem:9.93M, Peak:9.93M | Scene, ViewLayer | Updating Meshes Volume Bounds
Fra:64 Mem:230.73M (Peak 320.76M) | Time:00:00.82 | Mem:9.93M, Peak:9.93M | Scene, ViewLayer | Updating Volume Images
Fra:64 Mem:230.73M (Peak 320.76M) | Time:00:00.82 | Mem:9.93M, Peak:9.93M | Scene, ViewLayer | Updating Mesh | Computing Volume Mesh main_vol
Fra:64 Mem:230.80M (Peak 320.76M) | Time:00:00.85 | Mem:9.93M, Peak:9.93M | Scene, ViewLayer | Updating Mesh | Computing Volume Mesh far_vol
Fra:64 Mem:230.83M (Peak 320.76M) | Time:00:00.85 | Mem:9.93M, Peak:9.93M | Scene, ViewLayer | Updating Mesh | Computing Volume Mesh near_vol
Fra:64 Mem:230.86M (Peak 320.76M) | Time:00:00.86 | Mem:9.93M, Peak:9.93M | Scene, ViewLayer | Updating Objects
Fra:64 Mem:230.86M (Peak 320.76M) | Time:00:00.86 | Mem:9.93M, Peak:9.93M | Scene, ViewLayer | Updating Objects | Copying Transformations to device
Fra:64 Mem:230.86M (Peak 320.76M) | Time:00:00.86 | Mem:9.93M, Peak:9.93M | Scene, ViewLayer | Updating Particle Systems
Fra:64 Mem:230.86M (Peak 320.76M) | Time:00:00.86 | Mem:9.93M, Peak:9.93M | Scene, ViewLayer | Updating Meshes
Fra:64 Mem:225.77M (Peak 320.76M) | Time:00:00.86 | Mem:4.80M, Peak:9.93M | Scene, ViewLayer | Updating Objects | Applying Static Transformations
Fra:64 Mem:225.77M (Peak 320.76M) | Time:00:00.86 | Mem:4.80M, Peak:9.93M | Scene, ViewLayer | Updating Mesh | Computing attributes
Fra:64 Mem:226.73M (Peak 320.76M) | Time:00:00.86 | Mem:4.80M, Peak:9.93M | Scene, ViewLayer | Updating Mesh | Copying Attributes to device
Fra:64 Mem:226.73M (Peak 320.76M) | Time:00:00.86 | Mem:5.76M, Peak:9.93M | Scene, ViewLayer | Updating Geometry BVH main_vol 2/5 | Building BVH
Fra:64 Mem:226.73M (Peak 320.76M) | Time:00:00.86 | Mem:5.76M, Peak:9.93M | Scene, ViewLayer | Updating Geometry BVH t0 5/5 | Building BVH
Fra:64 Mem:226.73M (Peak 320.76M) | Time:00:00.86 | Mem:5.76M, Peak:9.93M | Scene, ViewLayer | Updating Geometry BVH t1 6/5 | Building BVH
Fra:64 Mem:226.73M (Peak 320.76M) | Time:00:00.86 | Mem:5.76M, Peak:9.93M | Scene, ViewLayer | Updating Geometry BVH t1 6/5 | Building OptiX acceleration structure
Fra:64 Mem:226.73M (Peak 320.76M) | Time:00:00.87 | Mem:5.76M, Peak:9.93M | Scene, ViewLayer | Updating Scene BVH | Building
Fra:64 Mem:226.73M (Peak 320.76M) | Time:00:00.87 | Mem:5.76M, Peak:9.93M | Scene, ViewLayer | Updating Scene BVH | Building OptiX acceleration structure
Fra:64 Mem:226.73M (Peak 320.76M) | Time:00:00.87 | Mem:5.76M, Peak:9.93M | Scene, ViewLayer | Updating Scene BVH | Building BVH
Fra:64 Mem:226.73M (Peak 320.76M) | Time:00:00.87 | Mem:5.76M, Peak:9.93M | Scene, ViewLayer | Updating Scene BVH | Building BVH 0%
Fra:64 Mem:226.73M (Peak 320.76M) | Time:00:00.88 | Mem:5.76M, Peak:9.93M | Scene, ViewLayer | Updating Scene BVH | Copying BVH to device
Fra:64 Mem:226.73M (Peak 320.76M) | Time:00:00.88 | Mem:5.76M, Peak:9.93M | Scene, ViewLayer | Updating Mesh | Computing normals
Fra:64 Mem:230.90M (Peak 320.76M) | Time:00:00.88 | Mem:5.76M, Peak:9.93M | Scene, ViewLayer | Updating Mesh | Copying Mesh to device
Fra:64 Mem:230.90M (Peak 320.76M) | Time:00:00.89 | Mem:9.93M, Peak:9.93M | Scene, ViewLayer | Updating Objects Flags
Fra:64 Mem:230.90M (Peak 320.76M) | Time:00:00.90 | Mem:9.93M, Peak:9.93M | Scene, ViewLayer | Updating Primitive Offsets
Fra:64 Mem:230.90M (Peak 320.76M) | Time:00:00.90 | Mem:9.93M, Peak:9.93M | Scene, ViewLayer | Updating Images
Fra:64 Mem:226.19M (Peak 320.76M) | Time:00:00.91 | Mem:5.22M, Peak:9.93M | Scene, ViewLayer | Updating Images | Loading density
Fra:64 Mem:230.90M (Peak 320.76M) | Time:00:00.91 | Mem:9.93M, Peak:9.93M | Scene, ViewLayer | Updating Camera Volume
Fra:64 Mem:230.90M (Peak 320.76M) | Time:00:00.91 | Mem:9.93M, Peak:9.93M | Scene, ViewLayer | Updating Lookup Tables
Fra:64 Mem:230.90M (Peak 320.76M) | Time:00:00.91 | Mem:9.93M, Peak:9.93M | Scene, ViewLayer | Updating Lights
Fra:64 Mem:230.90M (Peak 320.76M) | Time:00:00.91 | Mem:9.93M, Peak:9.93M | Scene, ViewLayer | Updating Lights | Computing tree
Fra:64 Mem:230.90M (Peak 320.76M) | Time:00:00.91 | Mem:9.93M, Peak:9.93M | Scene, ViewLayer | Updating Integrator
Fra:64 Mem:230.90M (Peak 320.76M) | Time:00:00.91 | Mem:9.93M, Peak:9.93M | Scene, ViewLayer | Updating Film
Fra:64 Mem:230.90M (Peak 320.76M) | Time:00:00.91 | Mem:9.93M, Peak:9.93M | Scene, ViewLayer | Updating Lookup Tables
Fra:64 Mem:230.90M (Peak 320.76M) | Time:00:00.91 | Mem:9.93M, Peak:9.93M | Scene, ViewLayer | Updating Baking
Fra:64 Mem:230.90M (Peak 320.76M) | Time:00:00.91 | Mem:9.93M, Peak:9.93M | Scene, ViewLayer | Updating Device | Writing constant memory
Fra:64 Mem:230.90M (Peak 320.76M) | Time:00:00.91 | Mem:9.93M, Peak:9.93M | Scene, ViewLayer | Sample 0/24
Fra:64 Mem:230.90M (Peak 320.76M) | Time:00:01.99 | Remaining:00:24.76 | Mem:9.93M, Peak:9.93M | Scene, ViewLayer | Sample 1/24
Fra:64 Mem:230.90M (Peak 320.76M) | Time:00:02.86 | Remaining:00:21.42 | Mem:9.93M, Peak:9.93M | Scene, ViewLayer | Sample 2/24
Fra:64 Mem:266.50M (Peak 320.76M) | Time:00:23.61 | Mem:9.93M, Peak:9.93M | Scene, ViewLayer | Sample 24/24
Fra:64 Mem:266.50M (Peak 320.76M) | Time:00:23.61 | Mem:9.93M, Peak:9.93M | Scene, ViewLayer | Finished
Saved: 'C:\Work\domin8te-build\daysky\out\b\f0064.png'
Time: 00:23.79 (Saving: 00:00.17)

Fra:65 Mem:230.90M (Peak 320.76M) | Time:00:00.84 | Mem:9.93M, Peak:9.93M | Scene, ViewLayer | Synchronizing object | main_vol
Fra:65 Mem:230.83M (Peak 320.76M) | Time:00:00.84 | Mem:9.93M, Peak:9.93M | Scene, ViewLayer | Synchronizing object | t0
Fra:65 Mem:230.73M (Peak 320.76M) | Time:00:00.84 | Mem:9.93M, Peak:9.93M | Scene, ViewLayer | Synchronizing object | t1
Fra:65 Mem:230.73M (Peak 320.76M) | Time:00:00.85 | Mem:9.93M, Peak:9.93M | Scene, ViewLayer | Initializing
Fra:65 Mem:230.73M (Peak 320.76M) | Time:00:00.85 | Mem:9.93M, Peak:9.93M | Scene, ViewLayer | Waiting for render to start
Fra:65 Mem:230.73M (Peak 320.76M) | Time:00:00.85 | Mem:9.93M, Peak:9.93M | Scene, ViewLayer | Updating Scene
Fra:65 Mem:230.73M (Peak 320.76M) | Time:00:00.85 | Mem:9.93M, Peak:9.93M | Scene, ViewLayer | Updating Shaders
Fra:65 Mem:230.73M (Peak 320.76M) | Time:00:00.85 | Mem:9.93M, Peak:9.93M | Scene, ViewLayer | Updating Background
Fra:65 Mem:230.73M (Peak 320.76M) | Time:00:00.85 | Mem:9.93M, Peak:9.93M | Scene, ViewLayer | Updating Camera
Fra:65 Mem:230.73M (Peak 320.76M) | Time:00:00.85 | Mem:9.93M, Peak:9.93M | Scene, ViewLayer | Updating Meshes Flags
Fra:65 Mem:230.73M (Peak 320.76M) | Time:00:00.85 | Mem:9.93M, Peak:9.93M | Scene, ViewLayer | Updating Meshes Volume Bounds
Fra:65 Mem:230.73M (Peak 320.76M) | Time:00:00.85 | Mem:9.93M, Peak:9.93M | Scene, ViewLayer | Updating Volume Images
Fra:65 Mem:230.73M (Peak 320.76M) | Time:00:00.85 | Mem:9.93M, Peak:9.93M | Scene, ViewLayer | Updating Mesh | Computing Volume Mesh main_vol
Fra:65 Mem:230.80M (Peak 320.76M) | Time:00:00.86 | Mem:9.93M, Peak:9.93M | Scene, ViewLayer | Updating Mesh | Computing Volume Mesh far_vol
Fra:65 Mem:230.83M (Peak 320.76M) | Time:00:00.86 | Mem:9.93M, Peak:9.93M | Scene, ViewLayer | Updating Mesh | Computing Volume Mesh near_vol
Fra:65 Mem:230.86M (Peak 320.76M) | Time:00:00.87 | Mem:9.93M, Peak:9.93M | Scene, ViewLayer | Updating Objects
Fra:65 Mem:230.86M (Peak 320.76M) | Time:00:00.87 | Mem:9.93M, Peak:9.93M | Scene, ViewLayer | Updating Objects | Copying Transformations to device
Fra:65 Mem:230.86M (Peak 320.76M) | Time:00:00.87 | Mem:9.93M, Peak:9.93M | Scene, ViewLayer | Updating Particle Systems
Fra:65 Mem:230.86M (Peak 320.76M) | Time:00:00.87 | Mem:9.93M, Peak:9.93M | Scene, ViewLayer | Updating Meshes
Fra:65 Mem:225.77M (Peak 320.76M) | Time:00:00.87 | Mem:4.80M, Peak:9.93M | Scene, ViewLayer | Updating Objects | Applying Static Transformations
Fra:65 Mem:225.77M (Peak 320.76M) | Time:00:00.87 | Mem:4.80M, Peak:9.93M | Scene, ViewLayer | Updating Mesh | Computing attributes
Fra:65 Mem:226.73M (Peak 320.76M) | Time:00:00.87 | Mem:4.80M, Peak:9.93M | Scene, ViewLayer | Updating Mesh | Copying Attributes to device
Fra:65 Mem:226.73M (Peak 320.76M) | Time:00:00.87 | Mem:5.76M, Peak:9.93M | Scene, ViewLayer | Updating Geometry BVH main_vol 2/5 | Building BVH
Fra:65 Mem:226.73M (Peak 320.76M) | Time:00:00.87 | Mem:5.76M, Peak:9.93M | Scene, ViewLayer | Updating Geometry BVH t0 5/5 | Building BVH
Fra:65 Mem:226.73M (Peak 320.76M) | Time:00:00.87 | Mem:5.76M, Peak:9.93M | Scene, ViewLayer | Updating Geometry BVH t0 5/5 | Building OptiX acceleration structure
Fra:65 Mem:226.81M (Peak 320.76M) | Time:00:00.87 | Mem:5.76M, Peak:9.93M | Scene, ViewLayer | Updating Geometry BVH t1 6/5 | Building BVH
Fra:65 Mem:226.81M (Peak 320.76M) | Time:00:00.87 | Mem:5.76M, Peak:9.93M | Scene, ViewLayer | Updating Geometry BVH t1 6/5 | Building OptiX acceleration structure
Fra:65 Mem:226.73M (Peak 320.76M) | Time:00:00.89 | Mem:5.76M, Peak:9.93M | Scene, ViewLayer | Updating Scene BVH | Building
Fra:65 Mem:226.73M (Peak 320.76M) | Time:00:00.89 | Mem:5.76M, Peak:9.93M | Scene, ViewLayer | Updating Scene BVH | Building OptiX acceleration structure
Fra:65 Mem:226.73M (Peak 320.76M) | Time:00:00.89 | Mem:5.76M, Peak:9.93M | Scene, ViewLayer | Updating Scene BVH | Building BVH
Fra:65 Mem:226.73M (Peak 320.76M) | Time:00:00.89 | Mem:5.76M, Peak:9.93M | Scene, ViewLayer | Updating Scene BVH | Building BVH 0%
Fra:65 Mem:226.73M (Peak 320.76M) | Time:00:00.90 | Mem:5.76M, Peak:9.93M | Scene, ViewLayer | Updating Scene BVH | Copying BVH to device
Fra:65 Mem:226.73M (Peak 320.76M) | Time:00:00.90 | Mem:5.76M, Peak:9.93M | Scene, ViewLayer | Updating Mesh | Computing normals
Fra:65 Mem:230.90M (Peak 320.76M) | Time:00:00.90 | Mem:5.76M, Peak:9.93M | Scene, ViewLayer | Updating Mesh | Copying Mesh to device
Fra:65 Mem:230.90M (Peak 320.76M) | Time:00:00.90 | Mem:9.93M, Peak:9.93M | Scene, ViewLayer | Updating Objects Flags
Fra:65 Mem:230.90M (Peak 320.76M) | Time:00:00.92 | Mem:9.93M, Peak:9.93M | Scene, ViewLayer | Updating Primitive Offsets
Fra:65 Mem:230.90M (Peak 320.76M) | Time:00:00.92 | Mem:9.93M, Peak:9.93M | Scene, ViewLayer | Updating Images
Fra:65 Mem:228.28M (Peak 320.76M) | Time:00:00.92 | Mem:9.93M, Peak:9.93M | Scene, ViewLayer | Updating Images | Loading density
Fra:65 Mem:230.90M (Peak 320.76M) | Time:00:00.93 | Mem:9.93M, Peak:10.77M | Scene, ViewLayer | Updating Camera Volume
Fra:65 Mem:230.90M (Peak 320.76M) | Time:00:00.93 | Mem:9.93M, Peak:10.77M | Scene, ViewLayer | Updating Lookup Tables
Fra:65 Mem:230.90M (Peak 320.76M) | Time:00:00.93 | Mem:9.93M, Peak:10.77M | Scene, ViewLayer | Updating Lights
Fra:65 Mem:230.90M (Peak 320.76M) | Time:00:00.93 | Mem:9.93M, Peak:10.77M | Scene, ViewLayer | Updating Lights | Computing tree
Fra:65 Mem:230.90M (Peak 320.76M) | Time:00:00.93 | Mem:9.93M, Peak:10.77M | Scene, ViewLayer | Updating Integrator
Fra:65 Mem:230.90M (Peak 320.76M) | Time:00:00.93 | Mem:9.93M, Peak:10.77M | Scene, ViewLayer | Updating Film
Fra:65 Mem:230.90M (Peak 320.76M) | Time:00:00.93 | Mem:9.93M, Peak:10.77M | Scene, ViewLayer | Updating Lookup Tables
Fra:65 Mem:230.90M (Peak 320.76M) | Time:00:00.93 | Mem:9.93M, Peak:10.77M | Scene, ViewLayer | Updating Baking
Fra:65 Mem:230.90M (Peak 320.76M) | Time:00:00.93 | Mem:9.93M, Peak:10.77M | Scene, ViewLayer | Updating Device | Writing constant memory
Fra:65 Mem:230.90M (Peak 320.76M) | Time:00:00.93 | Mem:9.93M, Peak:10.77M | Scene, ViewLayer | Sample 0/24
Fra:65 Mem:230.90M (Peak 320.76M) | Time:00:02.09 | Remaining:00:26.66 | Mem:9.93M, Peak:10.77M | Scene, ViewLayer | Sample 1/24
Fra:65 Mem:230.90M (Peak 320.76M) | Time:00:03.14 | Remaining:00:24.34 | Mem:9.93M, Peak:94.47M | Scene, ViewLayer | Sample 2/24
Fra:65 Mem:230.90M (Peak 320.76M) | Time:00:04.07 | Remaining:00:21.98 | Mem:9.93M, Peak:94.47M | Scene, ViewLayer | Sample 3/24
Fra:65 Mem:266.50M (Peak 320.76M) | Time:00:21.87 | Mem:9.93M, Peak:94.47M | Scene, ViewLayer | Sample 24/24
Fra:65 Mem:266.50M (Peak 320.76M) | Time:00:21.87 | Mem:9.93M, Peak:94.47M | Scene, ViewLayer | Finished
Saved: 'C:\Work\domin8te-build\daysky\out\b\f0065.png'
Time: 00:22.19 (Saving: 00:00.32)

Fra:66 Mem:230.90M (Peak 320.76M) | Time:00:00.64 | Mem:9.93M, Peak:9.93M | Scene, ViewLayer | Synchronizing object | main_vol
Fra:66 Mem:230.81M (Peak 320.76M) | Time:00:00.64 | Mem:9.93M, Peak:9.93M | Scene, ViewLayer | Synchronizing object | t0
Fra:66 Mem:230.73M (Peak 320.76M) | Time:00:00.65 | Mem:9.93M, Peak:9.93M | Scene, ViewLayer | Synchronizing object | t1
Fra:66 Mem:230.73M (Peak 320.76M) | Time:00:00.65 | Mem:9.93M, Peak:9.93M | Scene, ViewLayer | Initializing
Fra:66 Mem:230.73M (Peak 320.76M) | Time:00:00.65 | Mem:9.93M, Peak:9.93M | Scene, ViewLayer | Waiting for render to start
Fra:66 Mem:230.73M (Peak 320.76M) | Time:00:00.65 | Mem:9.93M, Peak:9.93M | Scene, ViewLayer | Updating Scene
Fra:66 Mem:230.73M (Peak 320.76M) | Time:00:00.65 | Mem:9.93M, Peak:9.93M | Scene, ViewLayer | Updating Shaders
Fra:66 Mem:230.73M (Peak 320.76M) | Time:00:00.65 | Mem:9.93M, Peak:9.93M | Scene, ViewLayer | Updating Background
Fra:66 Mem:230.73M (Peak 320.76M) | Time:00:00.65 | Mem:9.93M, Peak:9.93M | Scene, ViewLayer | Updating Camera
Fra:66 Mem:230.73M (Peak 320.76M) | Time:00:00.65 | Mem:9.93M, Peak:9.93M | Scene, ViewLayer | Updating Meshes Flags
Fra:66 Mem:230.73M (Peak 320.76M) | Time:00:00.65 | Mem:9.93M, Peak:9.93M | Scene, ViewLayer | Updating Meshes Volume Bounds
Fra:66 Mem:230.73M (Peak 320.76M) | Time:00:00.65 | Mem:9.93M, Peak:9.93M | Scene, ViewLayer | Updating Volume Images
Fra:66 Mem:230.73M (Peak 320.76M) | Time:00:00.65 | Mem:9.93M, Peak:9.93M | Scene, ViewLayer | Updating Mesh | Computing Volume Mesh main_vol
Fra:66 Mem:230.80M (Peak 320.76M) | Time:00:00.67 | Mem:9.93M, Peak:9.93M | Scene, ViewLayer | Updating Mesh | Computing Volume Mesh far_vol
Fra:66 Mem:230.83M (Peak 320.76M) | Time:00:00.68 | Mem:9.93M, Peak:9.93M | Scene, ViewLayer | Updating Mesh | Computing Volume Mesh near_vol
Fra:66 Mem:230.86M (Peak 320.76M) | Time:00:00.69 | Mem:9.93M, Peak:9.93M | Scene, ViewLayer | Updating Objects
Fra:66 Mem:230.86M (Peak 320.76M) | Time:00:00.69 | Mem:9.93M, Peak:9.93M | Scene, ViewLayer | Updating Objects | Copying Transformations to device
Fra:66 Mem:230.86M (Peak 320.76M) | Time:00:00.69 | Mem:9.93M, Peak:9.93M | Scene, ViewLayer | Updating Particle Systems
Fra:66 Mem:230.86M (Peak 320.76M) | Time:00:00.69 | Mem:9.93M, Peak:9.93M | Scene, ViewLayer | Updating Meshes
Fra:66 Mem:225.77M (Peak 320.76M) | Time:00:00.76 | Mem:4.80M, Peak:9.93M | Scene, ViewLayer | Updating Objects | Applying Static Transformations
Fra:66 Mem:225.77M (Peak 320.76M) | Time:00:00.76 | Mem:4.80M, Peak:9.93M | Scene, ViewLayer | Updating Mesh | Computing attributes
Fra:66 Mem:226.73M (Peak 320.76M) | Time:00:00.76 | Mem:4.80M, Peak:9.93M | Scene, ViewLayer | Updating Mesh | Copying Attributes to device
Fra:66 Mem:226.73M (Peak 320.76M) | Time:00:00.76 | Mem:5.76M, Peak:9.93M | Scene, ViewLayer | Updating Geometry BVH main_vol 2/1 | Building BVH
Fra:66 Mem:226.73M (Peak 320.76M) | Time:00:00.76 | Mem:5.76M, Peak:9.93M | Scene, ViewLayer | Updating Geometry BVH main_vol 2/1 | Building OptiX acceleration structure
Fra:66 Mem:226.78M (Peak 320.76M) | Time:00:00.76 | Mem:5.76M, Peak:9.93M | Scene, ViewLayer | Updating Geometry BVH t1 6/5 | Building BVH
Fra:66 Mem:226.78M (Peak 320.76M) | Time:00:00.76 | Mem:5.76M, Peak:9.93M | Scene, ViewLayer | Updating Geometry BVH t1 6/5 | Building OptiX acceleration structure
Fra:66 Mem:228.61M (Peak 320.76M) | Time:00:00.76 | Mem:5.76M, Peak:9.93M | Scene, ViewLayer | Updating Geometry BVH far_vol 3/5 | Building BVH
Fra:66 Mem:228.61M (Peak 320.76M) | Time:00:00.76 | Mem:5.76M, Peak:9.93M | Scene, ViewLayer | Updating Geometry BVH far_vol 3/5 | Building OptiX acceleration structure
Fra:66 Mem:226.76M (Peak 320.76M) | Time:00:00.76 | Mem:5.76M, Peak:9.93M | Scene, ViewLayer | Updating Geometry BVH t0 5/5 | Building BVH
Fra:66 Mem:226.76M (Peak 320.76M) | Time:00:00.76 | Mem:5.76M, Peak:9.93M | Scene, ViewLayer | Updating Geometry BVH t0 5/5 | Building OptiX acceleration structure
Fra:66 Mem:226.73M (Peak 320.76M) | Time:00:00.77 | Mem:5.76M, Peak:9.93M | Scene, ViewLayer | Updating Geometry BVH near_vol 4/5 | Building BVH
Fra:66 Mem:226.73M (Peak 320.76M) | Time:00:00.77 | Mem:5.76M, Peak:9.93M | Scene, ViewLayer | Updating Geometry BVH near_vol 4/5 | Building OptiX acceleration structure
Fra:66 Mem:226.73M (Peak 320.76M) | Time:00:00.77 | Mem:5.76M, Peak:9.93M | Scene, ViewLayer | Updating Scene BVH | Building
Fra:66 Mem:226.73M (Peak 320.76M) | Time:00:00.77 | Mem:5.76M, Peak:9.93M | Scene, ViewLayer | Updating Scene BVH | Building OptiX acceleration structure
Fra:66 Mem:226.73M (Peak 320.76M) | Time:00:00.77 | Mem:5.76M, Peak:9.93M | Scene, ViewLayer | Updating Scene BVH | Building BVH
Fra:66 Mem:226.73M (Peak 320.76M) | Time:00:00.77 | Mem:5.76M, Peak:9.93M | Scene, ViewLayer | Updating Scene BVH | Building BVH 0%
Fra:66 Mem:226.73M (Peak 320.76M) | Time:00:00.80 | Mem:5.76M, Peak:9.93M | Scene, ViewLayer | Updating Scene BVH | Copying BVH to device
Fra:66 Mem:226.73M (Peak 320.76M) | Time:00:00.80 | Mem:5.76M, Peak:9.93M | Scene, ViewLayer | Updating Mesh | Computing normals
Fra:66 Mem:230.90M (Peak 320.76M) | Time:00:00.80 | Mem:5.76M, Peak:9.93M | Scene, ViewLayer | Updating Mesh | Copying Mesh to device
Fra:66 Mem:230.90M (Peak 320.76M) | Time:00:00.81 | Mem:9.93M, Peak:9.93M | Scene, ViewLayer | Updating Objects Flags
Fra:66 Mem:230.90M (Peak 320.76M) | Time:00:00.88 | Mem:9.93M, Peak:9.93M | Scene, ViewLayer | Updating Primitive Offsets
Fra:66 Mem:230.90M (Peak 320.76M) | Time:00:00.88 | Mem:9.93M, Peak:9.93M | Scene, ViewLayer | Updating Images
Fra:66 Mem:226.19M (Peak 320.76M) | Time:00:00.88 | Mem:5.22M, Peak:9.93M | Scene, ViewLayer | Updating Images | Loading density
Fra:66 Mem:230.90M (Peak 320.76M) | Time:00:00.88 | Mem:9.93M, Peak:9.93M | Scene, ViewLayer | Updating Camera Volume
Fra:66 Mem:230.90M (Peak 320.76M) | Time:00:00.88 | Mem:9.93M, Peak:9.93M | Scene, ViewLayer | Updating Lookup Tables
Fra:66 Mem:230.90M (Peak 320.76M) | Time:00:00.88 | Mem:9.93M, Peak:9.93M | Scene, ViewLayer | Updating Lights
Fra:66 Mem:230.90M (Peak 320.76M) | Time:00:00.88 | Mem:9.93M, Peak:9.93M | Scene, ViewLayer | Updating Lights | Computing tree
Fra:66 Mem:230.90M (Peak 320.76M) | Time:00:00.88 | Mem:9.93M, Peak:9.93M | Scene, ViewLayer | Updating Integrator
Fra:66 Mem:230.90M (Peak 320.76M) | Time:00:00.88 | Mem:9.93M, Peak:9.93M | Scene, ViewLayer | Updating Film
Fra:66 Mem:230.90M (Peak 320.76M) | Time:00:00.88 | Mem:9.93M, Peak:9.93M | Scene, ViewLayer | Updating Lookup Tables
Fra:66 Mem:230.90M (Peak 320.76M) | Time:00:00.88 | Mem:9.93M, Peak:9.93M | Scene, ViewLayer | Updating Baking
Fra:66 Mem:230.90M (Peak 320.76M) | Time:00:00.88 | Mem:9.93M, Peak:9.93M | Scene, ViewLayer | Updating Device | Writing constant memory
Fra:66 Mem:230.90M (Peak 320.76M) | Time:00:00.88 | Mem:9.93M, Peak:9.93M | Scene, ViewLayer | Sample 0/24
Fra:66 Mem:230.90M (Peak 320.76M) | Time:00:01.75 | Remaining:00:20.10 | Mem:9.93M, Peak:9.93M | Scene, ViewLayer | Sample 1/24
Fra:66 Mem:230.90M (Peak 320.76M) | Time:00:02.65 | Remaining:00:19.48 | Mem:9.93M, Peak:9.93M | Scene, ViewLayer | Sample 2/24
Fra:66 Mem:266.50M (Peak 320.76M) | Time:00:20.90 | Mem:9.93M, Peak:9.93M | Scene, ViewLayer | Sample 24/24
Fra:66 Mem:266.50M (Peak 320.76M) | Time:00:20.90 | Mem:9.93M, Peak:9.93M | Scene, ViewLayer | Finished
Saved: 'C:\Work\domin8te-build\daysky\out\b\f0066.png'
Time: 00:21.11 (Saving: 00:00.21)

Fra:67 Mem:230.90M (Peak 320.76M) | Time:00:00.70 | Mem:9.93M, Peak:9.93M | Scene, ViewLayer | Synchronizing object | main_vol
Fra:67 Mem:230.81M (Peak 320.76M) | Time:00:00.70 | Mem:9.93M, Peak:9.93M | Scene, ViewLayer | Synchronizing object | t0
Fra:67 Mem:230.81M (Peak 320.76M) | Time:00:00.70 | Mem:9.93M, Peak:9.93M | Scene, ViewLayer | Synchronizing object | far_vol
Fra:67 Mem:230.73M (Peak 320.76M) | Time:00:00.70 | Mem:9.93M, Peak:9.93M | Scene, ViewLayer | Synchronizing object | t1
Fra:67 Mem:230.73M (Peak 320.76M) | Time:00:00.71 | Mem:9.93M, Peak:9.93M | Scene, ViewLayer | Initializing
Fra:67 Mem:230.73M (Peak 320.76M) | Time:00:00.71 | Mem:9.93M, Peak:9.93M | Scene, ViewLayer | Waiting for render to start
Fra:67 Mem:230.73M (Peak 320.76M) | Time:00:00.71 | Mem:9.93M, Peak:9.93M | Scene, ViewLayer | Updating Scene
Fra:67 Mem:230.73M (Peak 320.76M) | Time:00:00.71 | Mem:9.93M, Peak:9.93M | Scene, ViewLayer | Updating Shaders
Fra:67 Mem:230.73M (Peak 320.76M) | Time:00:00.71 | Mem:9.93M, Peak:9.93M | Scene, ViewLayer | Updating Background
Fra:67 Mem:230.73M (Peak 320.76M) | Time:00:00.71 | Mem:9.93M, Peak:9.93M | Scene, ViewLayer | Updating Camera
Fra:67 Mem:230.73M (Peak 320.76M) | Time:00:00.71 | Mem:9.93M, Peak:9.93M | Scene, ViewLayer | Updating Meshes Flags
Fra:67 Mem:230.73M (Peak 320.76M) | Time:00:00.71 | Mem:9.93M, Peak:9.93M | Scene, ViewLayer | Updating Meshes Volume Bounds
Fra:67 Mem:230.73M (Peak 320.76M) | Time:00:00.71 | Mem:9.93M, Peak:9.93M | Scene, ViewLayer | Updating Volume Images
Fra:67 Mem:230.73M (Peak 320.76M) | Time:00:00.71 | Mem:9.93M, Peak:9.93M | Scene, ViewLayer | Updating Mesh | Computing Volume Mesh main_vol
Fra:67 Mem:230.80M (Peak 320.76M) | Time:00:00.73 | Mem:9.93M, Peak:9.93M | Scene, ViewLayer | Updating Mesh | Computing Volume Mesh far_vol
Fra:67 Mem:230.83M (Peak 320.76M) | Time:00:00.74 | Mem:9.93M, Peak:9.93M | Scene, ViewLayer | Updating Mesh | Computing Volume Mesh near_vol
Fra:67 Mem:230.86M (Peak 320.76M) | Time:00:00.75 | Mem:9.93M, Peak:9.93M | Scene, ViewLayer | Updating Objects
Fra:67 Mem:230.86M (Peak 320.76M) | Time:00:00.75 | Mem:9.93M, Peak:9.93M | Scene, ViewLayer | Updating Objects | Copying Transformations to device
Fra:67 Mem:230.86M (Peak 320.76M) | Time:00:00.75 | Mem:9.93M, Peak:9.93M | Scene, ViewLayer | Updating Particle Systems
Fra:67 Mem:230.86M (Peak 320.76M) | Time:00:00.75 | Mem:9.93M, Peak:9.93M | Scene, ViewLayer | Updating Meshes
Fra:67 Mem:225.77M (Peak 320.76M) | Time:00:00.75 | Mem:4.80M, Peak:9.93M | Scene, ViewLayer | Updating Objects | Applying Static Transformations
Fra:67 Mem:225.77M (Peak 320.76M) | Time:00:00.75 | Mem:4.80M, Peak:9.93M | Scene, ViewLayer | Updating Mesh | Computing attributes
Fra:67 Mem:226.73M (Peak 320.76M) | Time:00:00.75 | Mem:4.80M, Peak:9.93M | Scene, ViewLayer | Updating Mesh | Copying Attributes to device
Fra:67 Mem:226.73M (Peak 320.76M) | Time:00:00.75 | Mem:5.76M, Peak:9.93M | Scene, ViewLayer | Updating Geometry BVH t1 6/5 | Building BVH
Fra:67 Mem:226.73M (Peak 320.76M) | Time:00:00.75 | Mem:5.76M, Peak:9.93M | Scene, ViewLayer | Updating Geometry BVH main_vol 2/5 | Building BVH
Fra:67 Mem:226.73M (Peak 320.76M) | Time:00:00.75 | Mem:5.76M, Peak:9.93M | Scene, ViewLayer | Updating Geometry BVH main_vol 2/5 | Building OptiX acceleration structure
Fra:67 Mem:228.61M (Peak 320.76M) | Time:00:00.76 | Mem:5.76M, Peak:9.93M | Scene, ViewLayer | Updating Geometry BVH far_vol 3/5 | Building BVH
Fra:67 Mem:228.61M (Peak 320.76M) | Time:00:00.76 | Mem:5.76M, Peak:9.93M | Scene, ViewLayer | Updating Geometry BVH far_vol 3/5 | Building OptiX acceleration structure
Fra:67 Mem:228.61M (Peak 320.76M) | Time:00:00.76 | Mem:5.76M, Peak:9.93M | Scene, ViewLayer | Updating Geometry BVH near_vol 4/5 | Building BVH
Fra:67 Mem:228.61M (Peak 320.76M) | Time:00:00.76 | Mem:5.76M, Peak:9.93M | Scene, ViewLayer | Updating Geometry BVH near_vol 4/5 | Building OptiX acceleration structure
Fra:67 Mem:228.63M (Peak 320.76M) | Time:00:00.76 | Mem:5.76M, Peak:9.93M | Scene, ViewLayer | Updating Geometry BVH t0 5/5 | Building BVH
Fra:67 Mem:226.74M (Peak 320.76M) | Time:00:00.76 | Mem:5.76M, Peak:9.93M | Scene, ViewLayer | Updating Geometry BVH t0 5/5 | Building OptiX acceleration structure
Fra:67 Mem:226.73M (Peak 320.76M) | Time:00:00.76 | Mem:5.76M, Peak:9.93M | Scene, ViewLayer | Updating Scene BVH | Building
Fra:67 Mem:226.73M (Peak 320.76M) | Time:00:00.76 | Mem:5.76M, Peak:9.93M | Scene, ViewLayer | Updating Scene BVH | Building OptiX acceleration structure
Fra:67 Mem:226.73M (Peak 320.76M) | Time:00:00.77 | Mem:5.76M, Peak:9.93M | Scene, ViewLayer | Updating Scene BVH | Building BVH
Fra:67 Mem:226.73M (Peak 320.76M) | Time:00:00.77 | Mem:5.76M, Peak:9.93M | Scene, ViewLayer | Updating Scene BVH | Building BVH 0%
Fra:67 Mem:226.73M (Peak 320.76M) | Time:00:00.78 | Mem:5.76M, Peak:9.93M | Scene, ViewLayer | Updating Scene BVH | Copying BVH to device
Fra:67 Mem:226.73M (Peak 320.76M) | Time:00:00.78 | Mem:5.76M, Peak:9.93M | Scene, ViewLayer | Updating Mesh | Computing normals
Fra:67 Mem:230.90M (Peak 320.76M) | Time:00:00.79 | Mem:5.76M, Peak:9.93M | Scene, ViewLayer | Updating Mesh | Copying Mesh to device
Fra:67 Mem:230.90M (Peak 320.76M) | Time:00:00.79 | Mem:9.93M, Peak:9.93M | Scene, ViewLayer | Updating Objects Flags
Fra:67 Mem:230.90M (Peak 320.76M) | Time:00:01.18 | Mem:9.93M, Peak:9.93M | Scene, ViewLayer | Updating Primitive Offsets
Fra:67 Mem:230.90M (Peak 320.76M) | Time:00:01.18 | Mem:9.93M, Peak:9.93M | Scene, ViewLayer | Updating Images
Fra:67 Mem:226.19M (Peak 320.76M) | Time:00:01.18 | Mem:5.22M, Peak:9.93M | Scene, ViewLayer | Updating Images | Loading density
Fra:67 Mem:230.90M (Peak 320.76M) | Time:00:01.18 | Mem:9.93M, Peak:9.93M | Scene, ViewLayer | Updating Camera Volume
Fra:67 Mem:230.90M (Peak 320.76M) | Time:00:01.18 | Mem:9.93M, Peak:9.93M | Scene, ViewLayer | Updating Lookup Tables
Fra:67 Mem:230.90M (Peak 320.76M) | Time:00:01.18 | Mem:9.93M, Peak:9.93M | Scene, ViewLayer | Updating Lights
Fra:67 Mem:230.90M (Peak 320.76M) | Time:00:01.18 | Mem:9.93M, Peak:9.93M | Scene, ViewLayer | Updating Lights | Computing tree
Fra:67 Mem:230.90M (Peak 320.76M) | Time:00:01.18 | Mem:9.93M, Peak:9.93M | Scene, ViewLayer | Updating Integrator
Fra:67 Mem:230.90M (Peak 320.76M) | Time:00:01.18 | Mem:9.93M, Peak:9.93M | Scene, ViewLayer | Updating Film
Fra:67 Mem:230.90M (Peak 320.76M) | Time:00:01.18 | Mem:9.93M, Peak:9.93M | Scene, ViewLayer | Updating Lookup Tables
Fra:67 Mem:230.90M (Peak 320.76M) | Time:00:01.18 | Mem:9.93M, Peak:9.93M | Scene, ViewLayer | Updating Baking
Fra:67 Mem:230.90M (Peak 320.76M) | Time:00:01.18 | Mem:9.93M, Peak:9.93M | Scene, ViewLayer | Updating Device | Writing constant memory
Fra:67 Mem:230.90M (Peak 320.76M) | Time:00:01.18 | Mem:9.93M, Peak:9.93M | Scene, ViewLayer | Sample 0/24
Fra:67 Mem:230.90M (Peak 320.76M) | Time:00:02.12 | Remaining:00:21.66 | Mem:9.93M, Peak:9.93M | Scene, ViewLayer | Sample 1/24
Fra:67 Mem:230.90M (Peak 320.76M) | Time:00:03.01 | Remaining:00:20.11 | Mem:9.93M, Peak:9.93M | Scene, ViewLayer | Sample 2/24
Fra:67 Mem:266.50M (Peak 320.76M) | Time:00:21.63 | Mem:9.93M, Peak:9.93M | Scene, ViewLayer | Sample 24/24
Fra:67 Mem:266.50M (Peak 320.76M) | Time:00:21.63 | Mem:9.93M, Peak:9.93M | Scene, ViewLayer | Finished
Saved: 'C:\Work\domin8te-build\daysky\out\b\f0067.png'
Time: 00:21.88 (Saving: 00:00.25)

Fra:68 Mem:230.90M (Peak 320.76M) | Time:00:00.68 | Mem:9.93M, Peak:9.93M | Scene, ViewLayer | Synchronizing object | t0
Fra:68 Mem:230.90M (Peak 320.76M) | Time:00:00.68 | Mem:9.93M, Peak:9.93M | Scene, ViewLayer | Synchronizing object | t1
Fra:68 Mem:230.90M (Peak 320.76M) | Time:00:00.68 | Mem:9.93M, Peak:9.93M | Scene, ViewLayer | Synchronizing object | near_vol
Fra:68 Mem:230.87M (Peak 320.76M) | Time:00:00.68 | Mem:9.93M, Peak:9.93M | Scene, ViewLayer | Synchronizing object | far_vol
Fra:68 Mem:230.82M (Peak 320.76M) | Time:00:00.68 | Mem:9.93M, Peak:9.93M | Scene, ViewLayer | Synchronizing object | main_vol
Fra:68 Mem:230.73M (Peak 320.76M) | Time:00:00.68 | Mem:9.93M, Peak:9.93M | Scene, ViewLayer | Initializing
Fra:68 Mem:230.73M (Peak 320.76M) | Time:00:00.68 | Mem:9.93M, Peak:9.93M | Scene, ViewLayer | Waiting for render to start
Fra:68 Mem:230.73M (Peak 320.76M) | Time:00:00.68 | Mem:9.93M, Peak:9.93M | Scene, ViewLayer | Updating Scene
Fra:68 Mem:230.73M (Peak 320.76M) | Time:00:00.68 | Mem:9.93M, Peak:9.93M | Scene, ViewLayer | Updating Shaders
Fra:68 Mem:230.73M (Peak 320.76M) | Time:00:00.68 | Mem:9.93M, Peak:9.93M | Scene, ViewLayer | Updating Background
Fra:68 Mem:230.73M (Peak 320.76M) | Time:00:00.68 | Mem:9.93M, Peak:9.93M | Scene, ViewLayer | Updating Camera
Fra:68 Mem:230.73M (Peak 320.76M) | Time:00:00.68 | Mem:9.93M, Peak:9.93M | Scene, ViewLayer | Updating Meshes Flags
Fra:68 Mem:230.73M (Peak 320.76M) | Time:00:00.68 | Mem:9.93M, Peak:9.93M | Scene, ViewLayer | Updating Meshes Volume Bounds
Fra:68 Mem:230.73M (Peak 320.76M) | Time:00:00.68 | Mem:9.93M, Peak:9.93M | Scene, ViewLayer | Updating Volume Images
Fra:68 Mem:230.73M (Peak 320.76M) | Time:00:00.68 | Mem:9.93M, Peak:9.93M | Scene, ViewLayer | Updating Mesh | Computing Volume Mesh main_vol
Fra:68 Mem:230.80M (Peak 320.76M) | Time:00:00.70 | Mem:9.93M, Peak:9.93M | Scene, ViewLayer | Updating Mesh | Computing Volume Mesh far_vol
Fra:68 Mem:230.83M (Peak 320.76M) | Time:00:00.71 | Mem:9.93M, Peak:9.93M | Scene, ViewLayer | Updating Mesh | Computing Volume Mesh near_vol
Fra:68 Mem:230.86M (Peak 320.76M) | Time:00:00.73 | Mem:9.93M, Peak:9.93M | Scene, ViewLayer | Updating Objects
Fra:68 Mem:230.86M (Peak 320.76M) | Time:00:00.73 | Mem:9.93M, Peak:9.93M | Scene, ViewLayer | Updating Objects | Copying Transformations to device
Fra:68 Mem:230.86M (Peak 320.76M) | Time:00:00.73 | Mem:9.93M, Peak:9.93M | Scene, ViewLayer | Updating Particle Systems
Fra:68 Mem:230.86M (Peak 320.76M) | Time:00:00.73 | Mem:9.93M, Peak:9.93M | Scene, ViewLayer | Updating Meshes
Fra:68 Mem:225.77M (Peak 320.76M) | Time:00:00.76 | Mem:4.80M, Peak:9.93M | Scene, ViewLayer | Updating Objects | Applying Static Transformations
Fra:68 Mem:225.77M (Peak 320.76M) | Time:00:00.76 | Mem:4.80M, Peak:9.93M | Scene, ViewLayer | Updating Mesh | Computing attributes
Fra:68 Mem:226.73M (Peak 320.76M) | Time:00:00.76 | Mem:4.80M, Peak:9.93M | Scene, ViewLayer | Updating Mesh | Copying Attributes to device
Fra:68 Mem:226.73M (Peak 320.76M) | Time:00:00.76 | Mem:5.76M, Peak:9.93M | Scene, ViewLayer | Updating Geometry BVH t1 6/5 | Building BVH
Fra:68 Mem:226.73M (Peak 320.76M) | Time:00:00.77 | Mem:5.76M, Peak:9.93M | Scene, ViewLayer | Updating Geometry BVH main_vol 2/5 | Building BVH
Fra:68 Mem:226.73M (Peak 320.76M) | Time:00:00.77 | Mem:5.76M, Peak:9.93M | Scene, ViewLayer | Updating Geometry BVH main_vol 2/5 | Building OptiX acceleration structure
Fra:68 Mem:228.61M (Peak 320.76M) | Time:00:00.77 | Mem:5.76M, Peak:9.93M | Scene, ViewLayer | Updating Geometry BVH far_vol 3/5 | Building BVH
Fra:68 Mem:228.61M (Peak 320.76M) | Time:00:00.77 | Mem:5.76M, Peak:9.93M | Scene, ViewLayer | Updating Geometry BVH far_vol 3/5 | Building OptiX acceleration structure
Fra:68 Mem:226.73M (Peak 320.76M) | Time:00:00.77 | Mem:5.76M, Peak:9.93M | Scene, ViewLayer | Updating Geometry BVH near_vol 4/5 | Building BVH
Fra:68 Mem:226.73M (Peak 320.76M) | Time:00:00.77 | Mem:5.76M, Peak:9.93M | Scene, ViewLayer | Updating Geometry BVH near_vol 4/5 | Building OptiX acceleration structure
Fra:68 Mem:226.74M (Peak 320.76M) | Time:00:00.77 | Mem:5.76M, Peak:9.93M | Scene, ViewLayer | Updating Geometry BVH t0 5/5 | Building BVH
Fra:68 Mem:226.74M (Peak 320.76M) | Time:00:00.77 | Mem:5.76M, Peak:9.93M | Scene, ViewLayer | Updating Geometry BVH t0 5/5 | Building OptiX acceleration structure
Fra:68 Mem:226.73M (Peak 320.76M) | Time:00:00.78 | Mem:5.76M, Peak:9.93M | Scene, ViewLayer | Updating Scene BVH | Building
Fra:68 Mem:226.73M (Peak 320.76M) | Time:00:00.78 | Mem:5.76M, Peak:9.93M | Scene, ViewLayer | Updating Scene BVH | Building OptiX acceleration structure
Fra:68 Mem:226.73M (Peak 320.76M) | Time:00:00.78 | Mem:5.76M, Peak:9.93M | Scene, ViewLayer | Updating Scene BVH | Building BVH
Fra:68 Mem:226.73M (Peak 320.76M) | Time:00:00.78 | Mem:5.76M, Peak:9.93M | Scene, ViewLayer | Updating Scene BVH | Building BVH 0%
Fra:68 Mem:226.73M (Peak 320.76M) | Time:00:00.84 | Mem:5.76M, Peak:9.93M | Scene, ViewLayer | Updating Scene BVH | Copying BVH to device
Fra:68 Mem:226.73M (Peak 320.76M) | Time:00:00.84 | Mem:5.76M, Peak:9.93M | Scene, ViewLayer | Updating Mesh | Computing normals
Fra:68 Mem:230.90M (Peak 320.76M) | Time:00:00.85 | Mem:5.76M, Peak:9.93M | Scene, ViewLayer | Updating Mesh | Copying Mesh to device
Fra:68 Mem:230.90M (Peak 320.76M) | Time:00:00.87 | Mem:9.93M, Peak:9.93M | Scene, ViewLayer | Updating Objects Flags
Fra:68 Mem:230.90M (Peak 320.76M) | Time:00:00.89 | Mem:9.93M, Peak:9.93M | Scene, ViewLayer | Updating Primitive Offsets
Fra:68 Mem:230.90M (Peak 320.76M) | Time:00:00.89 | Mem:9.93M, Peak:9.93M | Scene, ViewLayer | Updating Images
Fra:68 Mem:226.19M (Peak 320.76M) | Time:00:00.89 | Mem:5.22M, Peak:9.93M | Scene, ViewLayer | Updating Images | Loading density
Fra:68 Mem:230.90M (Peak 320.76M) | Time:00:00.89 | Mem:9.93M, Peak:9.93M | Scene, ViewLayer | Updating Camera Volume
Fra:68 Mem:230.90M (Peak 320.76M) | Time:00:00.89 | Mem:9.93M, Peak:9.93M | Scene, ViewLayer | Updating Lookup Tables
Fra:68 Mem:230.90M (Peak 320.76M) | Time:00:00.89 | Mem:9.93M, Peak:9.93M | Scene, ViewLayer | Updating Lights
Fra:68 Mem:230.90M (Peak 320.76M) | Time:00:00.89 | Mem:9.93M, Peak:9.93M | Scene, ViewLayer | Updating Lights | Computing tree
Fra:68 Mem:230.90M (Peak 320.76M) | Time:00:00.89 | Mem:9.93M, Peak:9.93M | Scene, ViewLayer | Updating Integrator
Fra:68 Mem:230.90M (Peak 320.76M) | Time:00:00.89 | Mem:9.93M, Peak:9.93M | Scene, ViewLayer | Updating Film
Fra:68 Mem:230.90M (Peak 320.76M) | Time:00:00.89 | Mem:9.93M, Peak:9.93M | Scene, ViewLayer | Updating Lookup Tables
Fra:68 Mem:230.90M (Peak 320.76M) | Time:00:00.89 | Mem:9.93M, Peak:9.93M | Scene, ViewLayer | Updating Baking
Fra:68 Mem:230.90M (Peak 320.76M) | Time:00:00.89 | Mem:9.93M, Peak:9.93M | Scene, ViewLayer | Updating Device | Writing constant memory
Fra:68 Mem:230.90M (Peak 320.76M) | Time:00:00.89 | Mem:9.93M, Peak:9.93M | Scene, ViewLayer | Sample 0/24
Fra:68 Mem:230.90M (Peak 320.76M) | Time:00:02.02 | Remaining:00:25.80 | Mem:9.93M, Peak:9.93M | Scene, ViewLayer | Sample 1/24
Fra:68 Mem:230.90M (Peak 320.76M) | Time:00:02.87 | Remaining:00:21.72 | Mem:9.93M, Peak:9.93M | Scene, ViewLayer | Sample 2/24
Fra:68 Mem:266.50M (Peak 320.76M) | Time:00:23.40 | Mem:9.93M, Peak:9.93M | Scene, ViewLayer | Sample 24/24
Fra:68 Mem:266.50M (Peak 320.76M) | Time:00:23.40 | Mem:9.93M, Peak:9.93M | Scene, ViewLayer | Finished
Saved: 'C:\Work\domin8te-build\daysky\out\b\f0068.png'
Time: 00:23.74 (Saving: 00:00.33)

Fra:69 Mem:230.90M (Peak 320.76M) | Time:00:00.53 | Mem:9.93M, Peak:9.93M | Scene, ViewLayer | Synchronizing object | t0
Fra:69 Mem:232.11M (Peak 320.76M) | Time:00:00.53 | Mem:9.93M, Peak:9.93M | Scene, ViewLayer | Synchronizing object | main_vol
Fra:69 Mem:232.01M (Peak 320.76M) | Time:00:00.53 | Mem:9.93M, Peak:9.93M | Scene, ViewLayer | Synchronizing object | far_vol
Fra:69 Mem:231.96M (Peak 320.76M) | Time:00:00.53 | Mem:9.93M, Peak:9.93M | Scene, ViewLayer | Synchronizing object | near_vol
Fra:69 Mem:230.73M (Peak 320.76M) | Time:00:00.53 | Mem:9.93M, Peak:9.93M | Scene, ViewLayer | Synchronizing object | t1
Fra:69 Mem:230.73M (Peak 320.76M) | Time:00:00.53 | Mem:9.93M, Peak:9.93M | Scene, ViewLayer | Initializing
Fra:69 Mem:230.73M (Peak 320.76M) | Time:00:00.53 | Mem:9.93M, Peak:9.93M | Scene, ViewLayer | Waiting for render to start
Fra:69 Mem:230.73M (Peak 320.76M) | Time:00:00.53 | Mem:9.93M, Peak:9.93M | Scene, ViewLayer | Updating Scene
Fra:69 Mem:230.73M (Peak 320.76M) | Time:00:00.53 | Mem:9.93M, Peak:9.93M | Scene, ViewLayer | Updating Shaders
Fra:69 Mem:230.73M (Peak 320.76M) | Time:00:00.54 | Mem:9.93M, Peak:9.93M | Scene, ViewLayer | Updating Background
Fra:69 Mem:230.73M (Peak 320.76M) | Time:00:00.54 | Mem:9.93M, Peak:9.93M | Scene, ViewLayer | Updating Camera
Fra:69 Mem:230.73M (Peak 320.76M) | Time:00:00.54 | Mem:9.93M, Peak:9.93M | Scene, ViewLayer | Updating Meshes Flags
Fra:69 Mem:230.73M (Peak 320.76M) | Time:00:00.54 | Mem:9.93M, Peak:9.93M | Scene, ViewLayer | Updating Meshes Volume Bounds
Fra:69 Mem:230.73M (Peak 320.76M) | Time:00:00.54 | Mem:9.93M, Peak:9.93M | Scene, ViewLayer | Updating Volume Images
Fra:69 Mem:230.73M (Peak 320.76M) | Time:00:00.54 | Mem:9.93M, Peak:9.93M | Scene, ViewLayer | Updating Mesh | Computing Volume Mesh main_vol
Fra:69 Mem:230.80M (Peak 320.76M) | Time:00:00.55 | Mem:9.93M, Peak:9.93M | Scene, ViewLayer | Updating Mesh | Computing Volume Mesh far_vol
Fra:69 Mem:230.83M (Peak 320.76M) | Time:00:00.56 | Mem:9.93M, Peak:9.93M | Scene, ViewLayer | Updating Mesh | Computing Volume Mesh near_vol
Fra:69 Mem:230.86M (Peak 320.76M) | Time:00:00.57 | Mem:9.93M, Peak:9.93M | Scene, ViewLayer | Updating Objects
Fra:69 Mem:230.86M (Peak 320.76M) | Time:00:00.57 | Mem:9.93M, Peak:9.93M | Scene, ViewLayer | Updating Objects | Copying Transformations to device
Fra:69 Mem:230.86M (Peak 320.76M) | Time:00:00.59 | Mem:9.93M, Peak:9.93M | Scene, ViewLayer | Updating Particle Systems
Fra:69 Mem:230.86M (Peak 320.76M) | Time:00:00.59 | Mem:9.93M, Peak:9.93M | Scene, ViewLayer | Updating Meshes
Fra:69 Mem:225.77M (Peak 320.76M) | Time:00:00.66 | Mem:4.80M, Peak:9.93M | Scene, ViewLayer | Updating Objects | Applying Static Transformations
Fra:69 Mem:225.77M (Peak 320.76M) | Time:00:00.66 | Mem:4.80M, Peak:9.93M | Scene, ViewLayer | Updating Mesh | Computing attributes
Fra:69 Mem:226.73M (Peak 320.76M) | Time:00:00.66 | Mem:4.80M, Peak:9.93M | Scene, ViewLayer | Updating Mesh | Copying Attributes to device
Fra:69 Mem:226.73M (Peak 320.76M) | Time:00:00.66 | Mem:5.76M, Peak:9.93M | Scene, ViewLayer | Updating Geometry BVH main_vol 2/5 | Building BVH
Fra:69 Mem:226.73M (Peak 320.76M) | Time:00:00.66 | Mem:5.76M, Peak:9.93M | Scene, ViewLayer | Updating Geometry BVH near_vol 4/5 | Building BVH
Fra:69 Mem:226.73M (Peak 320.76M) | Time:00:00.66 | Mem:5.76M, Peak:9.93M | Scene, ViewLayer | Updating Geometry BVH t1 6/5 | Building BVH
Fra:69 Mem:226.73M (Peak 320.76M) | Time:00:00.66 | Mem:5.76M, Peak:9.93M | Scene, ViewLayer | Updating Geometry BVH t0 5/5 | Building OptiX acceleration structure
Fra:69 Mem:226.73M (Peak 320.76M) | Time:00:00.70 | Mem:5.76M, Peak:9.93M | Scene, ViewLayer | Updating Scene BVH | Building
Fra:69 Mem:226.73M (Peak 320.76M) | Time:00:00.70 | Mem:5.76M, Peak:9.93M | Scene, ViewLayer | Updating Scene BVH | Building OptiX acceleration structure
Fra:69 Mem:226.73M (Peak 320.76M) | Time:00:00.70 | Mem:5.76M, Peak:9.93M | Scene, ViewLayer | Updating Scene BVH | Building BVH
Fra:69 Mem:226.73M (Peak 320.76M) | Time:00:00.70 | Mem:5.76M, Peak:9.93M | Scene, ViewLayer | Updating Scene BVH | Building BVH 0%
Fra:69 Mem:226.73M (Peak 320.76M) | Time:00:00.78 | Mem:5.76M, Peak:9.93M | Scene, ViewLayer | Updating Scene BVH | Copying BVH to device
Fra:69 Mem:226.73M (Peak 320.76M) | Time:00:00.78 | Mem:5.76M, Peak:9.93M | Scene, ViewLayer | Updating Mesh | Computing normals
Fra:69 Mem:230.90M (Peak 320.76M) | Time:00:00.79 | Mem:5.76M, Peak:9.93M | Scene, ViewLayer | Updating Mesh | Copying Mesh to device
Fra:69 Mem:230.90M (Peak 320.76M) | Time:00:00.79 | Mem:9.93M, Peak:9.93M | Scene, ViewLayer | Updating Objects Flags
Fra:69 Mem:230.90M (Peak 320.76M) | Time:00:00.90 | Mem:9.93M, Peak:9.93M | Scene, ViewLayer | Updating Primitive Offsets
Fra:69 Mem:230.90M (Peak 320.76M) | Time:00:00.90 | Mem:9.93M, Peak:9.93M | Scene, ViewLayer | Updating Images
Fra:69 Mem:230.06M (Peak 320.76M) | Time:00:00.90 | Mem:9.93M, Peak:9.93M | Scene, ViewLayer | Updating Images | Loading density
Fra:69 Mem:230.90M (Peak 320.76M) | Time:00:00.91 | Mem:9.93M, Peak:13.80M | Scene, ViewLayer | Updating Camera Volume
Fra:69 Mem:230.90M (Peak 320.76M) | Time:00:00.91 | Mem:9.93M, Peak:13.80M | Scene, ViewLayer | Updating Lookup Tables
Fra:69 Mem:230.90M (Peak 320.76M) | Time:00:00.91 | Mem:9.93M, Peak:13.80M | Scene, ViewLayer | Updating Lights
Fra:69 Mem:230.90M (Peak 320.76M) | Time:00:00.91 | Mem:9.93M, Peak:13.80M | Scene, ViewLayer | Updating Lights | Computing tree
Fra:69 Mem:230.90M (Peak 320.76M) | Time:00:00.91 | Mem:9.93M, Peak:13.80M | Scene, ViewLayer | Updating Integrator
Fra:69 Mem:230.90M (Peak 320.76M) | Time:00:00.91 | Mem:9.93M, Peak:13.80M | Scene, ViewLayer | Updating Film
Fra:69 Mem:230.90M (Peak 320.76M) | Time:00:00.91 | Mem:9.93M, Peak:13.80M | Scene, ViewLayer | Updating Lookup Tables
Fra:69 Mem:230.90M (Peak 320.76M) | Time:00:00.91 | Mem:9.93M, Peak:13.80M | Scene, ViewLayer | Updating Baking
Fra:69 Mem:230.90M (Peak 320.76M) | Time:00:00.91 | Mem:9.93M, Peak:13.80M | Scene, ViewLayer | Updating Device | Writing constant memory
Fra:69 Mem:230.90M (Peak 320.76M) | Time:00:00.91 | Mem:9.93M, Peak:13.80M | Scene, ViewLayer | Sample 0/24
Fra:69 Mem:230.90M (Peak 320.76M) | Time:00:01.88 | Remaining:00:22.40 | Mem:9.93M, Peak:13.80M | Scene, ViewLayer | Sample 1/24
Fra:69 Mem:230.90M (Peak 320.76M) | Time:00:02.85 | Remaining:00:21.40 | Mem:9.93M, Peak:13.80M | Scene, ViewLayer | Sample 2/24
Fra:69 Mem:266.50M (Peak 320.76M) | Time:00:21.11 | Mem:9.93M, Peak:13.80M | Scene, ViewLayer | Sample 24/24
Fra:69 Mem:266.50M (Peak 320.76M) | Time:00:21.11 | Mem:9.93M, Peak:13.80M | Scene, ViewLayer | Finished
Saved: 'C:\Work\domin8te-build\daysky\out\b\f0069.png'
Time: 00:21.29 (Saving: 00:00.17)

Fra:70 Mem:230.90M (Peak 320.76M) | Time:00:00.78 | Mem:9.93M, Peak:9.93M | Scene, ViewLayer | Synchronizing object | main_vol
Fra:70 Mem:230.81M (Peak 320.76M) | Time:00:00.78 | Mem:9.93M, Peak:9.93M | Scene, ViewLayer | Synchronizing object | t0
Fra:70 Mem:230.73M (Peak 320.76M) | Time:00:00.78 | Mem:9.93M, Peak:9.93M | Scene, ViewLayer | Synchronizing object | t1
Fra:70 Mem:230.73M (Peak 320.76M) | Time:00:00.78 | Mem:9.93M, Peak:9.93M | Scene, ViewLayer | Initializing
Fra:70 Mem:230.73M (Peak 320.76M) | Time:00:00.78 | Mem:9.93M, Peak:9.93M | Scene, ViewLayer | Waiting for render to start
Fra:70 Mem:230.73M (Peak 320.76M) | Time:00:00.78 | Mem:9.93M, Peak:9.93M | Scene, ViewLayer | Updating Scene
Fra:70 Mem:230.73M (Peak 320.76M) | Time:00:00.78 | Mem:9.93M, Peak:9.93M | Scene, ViewLayer | Updating Shaders
Fra:70 Mem:230.73M (Peak 320.76M) | Time:00:00.78 | Mem:9.93M, Peak:9.93M | Scene, ViewLayer | Updating Background
Fra:70 Mem:230.73M (Peak 320.76M) | Time:00:00.78 | Mem:9.93M, Peak:9.93M | Scene, ViewLayer | Updating Camera
Fra:70 Mem:230.73M (Peak 320.76M) | Time:00:00.78 | Mem:9.93M, Peak:9.93M | Scene, ViewLayer | Updating Meshes Flags
Fra:70 Mem:230.73M (Peak 320.76M) | Time:00:00.78 | Mem:9.93M, Peak:9.93M | Scene, ViewLayer | Updating Meshes Volume Bounds
Fra:70 Mem:230.73M (Peak 320.76M) | Time:00:00.78 | Mem:9.93M, Peak:9.93M | Scene, ViewLayer | Updating Volume Images
Fra:70 Mem:230.73M (Peak 320.76M) | Time:00:00.78 | Mem:9.93M, Peak:9.93M | Scene, ViewLayer | Updating Mesh | Computing Volume Mesh main_vol
Fra:70 Mem:230.80M (Peak 320.76M) | Time:00:00.79 | Mem:9.93M, Peak:9.93M | Scene, ViewLayer | Updating Mesh | Computing Volume Mesh far_vol
Fra:70 Mem:230.83M (Peak 320.76M) | Time:00:00.80 | Mem:9.93M, Peak:9.93M | Scene, ViewLayer | Updating Mesh | Computing Volume Mesh near_vol
Fra:70 Mem:230.86M (Peak 320.76M) | Time:00:00.80 | Mem:9.93M, Peak:9.93M | Scene, ViewLayer | Updating Objects
Fra:70 Mem:230.86M (Peak 320.76M) | Time:00:00.80 | Mem:9.93M, Peak:9.93M | Scene, ViewLayer | Updating Objects | Copying Transformations to device
Fra:70 Mem:230.86M (Peak 320.76M) | Time:00:00.80 | Mem:9.93M, Peak:9.93M | Scene, ViewLayer | Updating Particle Systems
Fra:70 Mem:230.86M (Peak 320.76M) | Time:00:00.80 | Mem:9.93M, Peak:9.93M | Scene, ViewLayer | Updating Meshes
Fra:70 Mem:225.77M (Peak 320.76M) | Time:00:00.80 | Mem:4.80M, Peak:9.93M | Scene, ViewLayer | Updating Objects | Applying Static Transformations
Fra:70 Mem:225.77M (Peak 320.76M) | Time:00:00.80 | Mem:4.80M, Peak:9.93M | Scene, ViewLayer | Updating Mesh | Computing attributes
Fra:70 Mem:226.73M (Peak 320.76M) | Time:00:00.80 | Mem:4.80M, Peak:9.93M | Scene, ViewLayer | Updating Mesh | Copying Attributes to device
Fra:70 Mem:226.73M (Peak 320.76M) | Time:00:00.81 | Mem:5.76M, Peak:9.93M | Scene, ViewLayer | Updating Geometry BVH main_vol 2/5 | Building BVH
Fra:70 Mem:226.73M (Peak 320.76M) | Time:00:00.81 | Mem:5.76M, Peak:9.93M | Scene, ViewLayer | Updating Geometry BVH near_vol 4/5 | Building BVH
Fra:70 Mem:226.73M (Peak 320.76M) | Time:00:00.81 | Mem:5.76M, Peak:9.93M | Scene, ViewLayer | Updating Geometry BVH t0 5/5 | Building BVH
Fra:70 Mem:226.73M (Peak 320.76M) | Time:00:00.81 | Mem:5.76M, Peak:9.93M | Scene, ViewLayer | Updating Geometry BVH t1 6/5 | Building BVH
Fra:70 Mem:226.73M (Peak 320.76M) | Time:00:00.81 | Mem:5.76M, Peak:9.93M | Scene, ViewLayer | Updating Geometry BVH t1 6/5 | Building OptiX acceleration structure
Fra:70 Mem:226.73M (Peak 320.76M) | Time:00:00.81 | Mem:5.76M, Peak:9.93M | Scene, ViewLayer | Updating Scene BVH | Building
Fra:70 Mem:226.73M (Peak 320.76M) | Time:00:00.81 | Mem:5.76M, Peak:9.93M | Scene, ViewLayer | Updating Scene BVH | Building OptiX acceleration structure
Fra:70 Mem:226.73M (Peak 320.76M) | Time:00:00.81 | Mem:5.76M, Peak:9.93M | Scene, ViewLayer | Updating Scene BVH | Building BVH
Fra:70 Mem:226.73M (Peak 320.76M) | Time:00:00.81 | Mem:5.76M, Peak:9.93M | Scene, ViewLayer | Updating Scene BVH | Building BVH 0%
Fra:70 Mem:226.73M (Peak 320.76M) | Time:00:00.82 | Mem:5.76M, Peak:9.93M | Scene, ViewLayer | Updating Scene BVH | Copying BVH to device
Fra:70 Mem:226.73M (Peak 320.76M) | Time:00:00.82 | Mem:5.76M, Peak:9.93M | Scene, ViewLayer | Updating Mesh | Computing normals
Fra:70 Mem:230.90M (Peak 320.76M) | Time:00:00.82 | Mem:5.76M, Peak:9.93M | Scene, ViewLayer | Updating Mesh | Copying Mesh to device
Fra:70 Mem:230.90M (Peak 320.76M) | Time:00:00.82 | Mem:9.93M, Peak:9.93M | Scene, ViewLayer | Updating Objects Flags
Fra:70 Mem:230.90M (Peak 320.76M) | Time:00:00.84 | Mem:9.93M, Peak:9.93M | Scene, ViewLayer | Updating Primitive Offsets
Fra:70 Mem:230.90M (Peak 320.76M) | Time:00:00.85 | Mem:9.93M, Peak:9.93M | Scene, ViewLayer | Updating Images
Fra:70 Mem:226.19M (Peak 320.76M) | Time:00:00.85 | Mem:5.22M, Peak:9.93M | Scene, ViewLayer | Updating Images | Loading density
Fra:70 Mem:230.90M (Peak 320.76M) | Time:00:00.85 | Mem:9.93M, Peak:9.93M | Scene, ViewLayer | Updating Camera Volume
Fra:70 Mem:230.90M (Peak 320.76M) | Time:00:00.85 | Mem:9.93M, Peak:9.93M | Scene, ViewLayer | Updating Lookup Tables
Fra:70 Mem:230.90M (Peak 320.76M) | Time:00:00.85 | Mem:9.93M, Peak:9.93M | Scene, ViewLayer | Updating Lights
Fra:70 Mem:230.90M (Peak 320.76M) | Time:00:00.85 | Mem:9.93M, Peak:9.93M | Scene, ViewLayer | Updating Lights | Computing tree
Fra:70 Mem:230.90M (Peak 320.76M) | Time:00:00.85 | Mem:9.93M, Peak:9.93M | Scene, ViewLayer | Updating Integrator
Fra:70 Mem:230.90M (Peak 320.76M) | Time:00:00.85 | Mem:9.93M, Peak:9.93M | Scene, ViewLayer | Updating Film
Fra:70 Mem:230.90M (Peak 320.76M) | Time:00:00.85 | Mem:9.93M, Peak:9.93M | Scene, ViewLayer | Updating Lookup Tables
Fra:70 Mem:230.90M (Peak 320.76M) | Time:00:00.85 | Mem:9.93M, Peak:9.93M | Scene, ViewLayer | Updating Baking
Fra:70 Mem:230.90M (Peak 320.76M) | Time:00:00.85 | Mem:9.93M, Peak:9.93M | Scene, ViewLayer | Updating Device | Writing constant memory
Fra:70 Mem:230.90M (Peak 320.76M) | Time:00:00.85 | Mem:9.93M, Peak:9.93M | Scene, ViewLayer | Sample 0/24
Fra:70 Mem:230.90M (Peak 320.76M) | Time:00:01.85 | Remaining:00:22.97 | Mem:9.93M, Peak:9.93M | Scene, ViewLayer | Sample 1/24
Fra:70 Mem:230.90M (Peak 320.76M) | Time:00:02.81 | Remaining:00:21.62 | Mem:9.93M, Peak:9.93M | Scene, ViewLayer | Sample 2/24
Fra:70 Mem:266.50M (Peak 320.76M) | Time:00:21.79 | Mem:9.93M, Peak:9.93M | Scene, ViewLayer | Sample 24/24
Fra:70 Mem:266.50M (Peak 320.76M) | Time:00:21.79 | Mem:9.93M, Peak:9.93M | Scene, ViewLayer | Finished
Saved: 'C:\Work\domin8te-build\daysky\out\b\f0070.png'
Time: 00:21.96 (Saving: 00:00.16)

Fra:71 Mem:230.90M (Peak 320.76M) | Time:00:00.85 | Mem:9.93M, Peak:9.93M | Scene, ViewLayer | Synchronizing object | main_vol
Fra:71 Mem:230.81M (Peak 320.76M) | Time:00:00.85 | Mem:9.93M, Peak:9.93M | Scene, ViewLayer | Synchronizing object | t0
Fra:71 Mem:230.73M (Peak 320.76M) | Time:00:00.85 | Mem:9.93M, Peak:9.93M | Scene, ViewLayer | Synchronizing object | t1
Fra:71 Mem:230.73M (Peak 320.76M) | Time:00:00.85 | Mem:9.93M, Peak:9.93M | Scene, ViewLayer | Initializing
Fra:71 Mem:230.73M (Peak 320.76M) | Time:00:00.85 | Mem:9.93M, Peak:9.93M | Scene, ViewLayer | Waiting for render to start
Fra:71 Mem:230.73M (Peak 320.76M) | Time:00:00.85 | Mem:9.93M, Peak:9.93M | Scene, ViewLayer | Updating Scene
Fra:71 Mem:230.73M (Peak 320.76M) | Time:00:00.85 | Mem:9.93M, Peak:9.93M | Scene, ViewLayer | Updating Shaders
Fra:71 Mem:230.73M (Peak 320.76M) | Time:00:00.85 | Mem:9.93M, Peak:9.93M | Scene, ViewLayer | Updating Background
Fra:71 Mem:230.73M (Peak 320.76M) | Time:00:00.85 | Mem:9.93M, Peak:9.93M | Scene, ViewLayer | Updating Camera
Fra:71 Mem:230.73M (Peak 320.76M) | Time:00:00.85 | Mem:9.93M, Peak:9.93M | Scene, ViewLayer | Updating Meshes Flags
Fra:71 Mem:230.73M (Peak 320.76M) | Time:00:00.85 | Mem:9.93M, Peak:9.93M | Scene, ViewLayer | Updating Meshes Volume Bounds
Fra:71 Mem:230.73M (Peak 320.76M) | Time:00:00.85 | Mem:9.93M, Peak:9.93M | Scene, ViewLayer | Updating Volume Images
Fra:71 Mem:230.73M (Peak 320.76M) | Time:00:00.85 | Mem:9.93M, Peak:9.93M | Scene, ViewLayer | Updating Mesh | Computing Volume Mesh main_vol
Fra:71 Mem:230.80M (Peak 320.76M) | Time:00:00.86 | Mem:9.93M, Peak:9.93M | Scene, ViewLayer | Updating Mesh | Computing Volume Mesh far_vol
Fra:71 Mem:230.83M (Peak 320.76M) | Time:00:00.87 | Mem:9.93M, Peak:9.93M | Scene, ViewLayer | Updating Mesh | Computing Volume Mesh near_vol
Fra:71 Mem:230.86M (Peak 320.76M) | Time:00:00.87 | Mem:9.93M, Peak:9.93M | Scene, ViewLayer | Updating Objects
Fra:71 Mem:230.86M (Peak 320.76M) | Time:00:00.87 | Mem:9.93M, Peak:9.93M | Scene, ViewLayer | Updating Objects | Copying Transformations to device
Fra:71 Mem:230.86M (Peak 320.76M) | Time:00:00.87 | Mem:9.93M, Peak:9.93M | Scene, ViewLayer | Updating Particle Systems
Fra:71 Mem:230.86M (Peak 320.76M) | Time:00:00.87 | Mem:9.93M, Peak:9.93M | Scene, ViewLayer | Updating Meshes
Fra:71 Mem:225.77M (Peak 320.76M) | Time:00:00.87 | Mem:4.80M, Peak:9.93M | Scene, ViewLayer | Updating Objects | Applying Static Transformations
Fra:71 Mem:225.77M (Peak 320.76M) | Time:00:00.87 | Mem:4.80M, Peak:9.93M | Scene, ViewLayer | Updating Mesh | Computing attributes
Fra:71 Mem:226.73M (Peak 320.76M) | Time:00:00.87 | Mem:4.80M, Peak:9.93M | Scene, ViewLayer | Updating Mesh | Copying Attributes to device
Fra:71 Mem:226.73M (Peak 320.76M) | Time:00:00.87 | Mem:5.76M, Peak:9.93M | Scene, ViewLayer | Updating Geometry BVH main_vol 2/5 | Building BVH
Fra:71 Mem:226.73M (Peak 320.76M) | Time:00:00.87 | Mem:5.76M, Peak:9.93M | Scene, ViewLayer | Updating Geometry BVH t0 5/5 | Building BVH
Fra:71 Mem:226.73M (Peak 320.76M) | Time:00:00.87 | Mem:5.76M, Peak:9.93M | Scene, ViewLayer | Updating Geometry BVH t1 6/5 | Building BVH
Fra:71 Mem:226.73M (Peak 320.76M) | Time:00:00.87 | Mem:5.76M, Peak:9.93M | Scene, ViewLayer | Updating Geometry BVH t1 6/5 | Building OptiX acceleration structure
Fra:71 Mem:226.73M (Peak 320.76M) | Time:00:00.88 | Mem:5.76M, Peak:9.93M | Scene, ViewLayer | Updating Scene BVH | Building
Fra:71 Mem:226.73M (Peak 320.76M) | Time:00:00.88 | Mem:5.76M, Peak:9.93M | Scene, ViewLayer | Updating Scene BVH | Building OptiX acceleration structure
Fra:71 Mem:226.73M (Peak 320.76M) | Time:00:00.89 | Mem:5.76M, Peak:9.93M | Scene, ViewLayer | Updating Scene BVH | Building BVH
Fra:71 Mem:226.73M (Peak 320.76M) | Time:00:00.89 | Mem:5.76M, Peak:9.93M | Scene, ViewLayer | Updating Scene BVH | Building BVH 0%
Fra:71 Mem:226.73M (Peak 320.76M) | Time:00:00.89 | Mem:5.76M, Peak:9.93M | Scene, ViewLayer | Updating Scene BVH | Copying BVH to device
Fra:71 Mem:226.73M (Peak 320.76M) | Time:00:00.89 | Mem:5.76M, Peak:9.93M | Scene, ViewLayer | Updating Mesh | Computing normals
Fra:71 Mem:230.90M (Peak 320.76M) | Time:00:00.89 | Mem:5.76M, Peak:9.93M | Scene, ViewLayer | Updating Mesh | Copying Mesh to device
Fra:71 Mem:230.90M (Peak 320.76M) | Time:00:00.90 | Mem:9.93M, Peak:9.93M | Scene, ViewLayer | Updating Objects Flags
Fra:71 Mem:230.90M (Peak 320.76M) | Time:00:00.91 | Mem:9.93M, Peak:9.93M | Scene, ViewLayer | Updating Primitive Offsets
Fra:71 Mem:230.90M (Peak 320.76M) | Time:00:00.91 | Mem:9.93M, Peak:9.93M | Scene, ViewLayer | Updating Images
Fra:71 Mem:228.28M (Peak 320.76M) | Time:00:00.91 | Mem:9.93M, Peak:9.93M | Scene, ViewLayer | Updating Images | Loading density
Fra:71 Mem:230.90M (Peak 320.76M) | Time:00:00.92 | Mem:9.93M, Peak:10.77M | Scene, ViewLayer | Updating Camera Volume
Fra:71 Mem:230.90M (Peak 320.76M) | Time:00:00.92 | Mem:9.93M, Peak:10.77M | Scene, ViewLayer | Updating Lookup Tables
Fra:71 Mem:230.90M (Peak 320.76M) | Time:00:00.92 | Mem:9.93M, Peak:10.77M | Scene, ViewLayer | Updating Lights
Fra:71 Mem:230.90M (Peak 320.76M) | Time:00:00.92 | Mem:9.93M, Peak:10.77M | Scene, ViewLayer | Updating Lights | Computing tree
Fra:71 Mem:230.90M (Peak 320.76M) | Time:00:00.92 | Mem:9.93M, Peak:10.77M | Scene, ViewLayer | Updating Integrator
Fra:71 Mem:230.90M (Peak 320.76M) | Time:00:00.92 | Mem:9.93M, Peak:10.77M | Scene, ViewLayer | Updating Film
Fra:71 Mem:230.90M (Peak 320.76M) | Time:00:00.92 | Mem:9.93M, Peak:10.77M | Scene, ViewLayer | Updating Lookup Tables
Fra:71 Mem:230.90M (Peak 320.76M) | Time:00:00.92 | Mem:9.93M, Peak:10.77M | Scene, ViewLayer | Updating Baking
Fra:71 Mem:230.90M (Peak 320.76M) | Time:00:00.92 | Mem:9.93M, Peak:10.77M | Scene, ViewLayer | Updating Device | Writing constant memory
Fra:71 Mem:230.90M (Peak 320.76M) | Time:00:00.92 | Mem:9.93M, Peak:10.77M | Scene, ViewLayer | Sample 0/24
Fra:71 Mem:230.90M (Peak 320.76M) | Time:00:01.96 | Remaining:00:23.98 | Mem:9.93M, Peak:10.77M | Scene, ViewLayer | Sample 1/24
Fra:71 Mem:230.90M (Peak 320.76M) | Time:00:02.80 | Remaining:00:20.67 | Mem:9.93M, Peak:10.77M | Scene, ViewLayer | Sample 2/24
Fra:71 Mem:266.50M (Peak 320.76M) | Time:00:22.09 | Mem:9.93M, Peak:10.77M | Scene, ViewLayer | Sample 24/24
Fra:71 Mem:266.50M (Peak 320.76M) | Time:00:22.09 | Mem:9.93M, Peak:10.77M | Scene, ViewLayer | Finished
Saved: 'C:\Work\domin8te-build\daysky\out\b\f0071.png'
Time: 00:22.26 (Saving: 00:00.17)

Fra:72 Mem:230.90M (Peak 320.76M) | Time:00:00.83 | Mem:9.93M, Peak:9.93M | Scene, ViewLayer | Synchronizing object | main_vol
Fra:72 Mem:230.81M (Peak 320.76M) | Time:00:00.83 | Mem:9.93M, Peak:9.93M | Scene, ViewLayer | Synchronizing object | near_vol
Fra:72 Mem:230.73M (Peak 320.76M) | Time:00:00.83 | Mem:9.93M, Peak:9.93M | Scene, ViewLayer | Synchronizing object | t1
Fra:72 Mem:230.73M (Peak 320.76M) | Time:00:00.84 | Mem:9.93M, Peak:9.93M | Scene, ViewLayer | Initializing
Fra:72 Mem:230.73M (Peak 320.76M) | Time:00:00.84 | Mem:9.93M, Peak:9.93M | Scene, ViewLayer | Waiting for render to start
Fra:72 Mem:230.73M (Peak 320.76M) | Time:00:00.84 | Mem:9.93M, Peak:9.93M | Scene, ViewLayer | Updating Scene
Fra:72 Mem:230.73M (Peak 320.76M) | Time:00:00.84 | Mem:9.93M, Peak:9.93M | Scene, ViewLayer | Updating Shaders
Fra:72 Mem:230.73M (Peak 320.76M) | Time:00:00.84 | Mem:9.93M, Peak:9.93M | Scene, ViewLayer | Updating Background
Fra:72 Mem:230.73M (Peak 320.76M) | Time:00:00.84 | Mem:9.93M, Peak:9.93M | Scene, ViewLayer | Updating Camera
Fra:72 Mem:230.73M (Peak 320.76M) | Time:00:00.84 | Mem:9.93M, Peak:9.93M | Scene, ViewLayer | Updating Meshes Flags
Fra:72 Mem:230.73M (Peak 320.76M) | Time:00:00.84 | Mem:9.93M, Peak:9.93M | Scene, ViewLayer | Updating Meshes Volume Bounds
Fra:72 Mem:230.73M (Peak 320.76M) | Time:00:00.84 | Mem:9.93M, Peak:9.93M | Scene, ViewLayer | Updating Volume Images
Fra:72 Mem:230.73M (Peak 320.76M) | Time:00:00.84 | Mem:9.93M, Peak:9.93M | Scene, ViewLayer | Updating Mesh | Computing Volume Mesh main_vol
Fra:72 Mem:230.80M (Peak 320.76M) | Time:00:00.86 | Mem:9.93M, Peak:9.93M | Scene, ViewLayer | Updating Mesh | Computing Volume Mesh far_vol
Fra:72 Mem:230.83M (Peak 320.76M) | Time:00:00.86 | Mem:9.93M, Peak:9.93M | Scene, ViewLayer | Updating Mesh | Computing Volume Mesh near_vol
Fra:72 Mem:230.86M (Peak 320.76M) | Time:00:00.87 | Mem:9.93M, Peak:9.93M | Scene, ViewLayer | Updating Objects
Fra:72 Mem:230.86M (Peak 320.76M) | Time:00:00.87 | Mem:9.93M, Peak:9.93M | Scene, ViewLayer | Updating Objects | Copying Transformations to device
Fra:72 Mem:230.86M (Peak 320.76M) | Time:00:00.87 | Mem:9.93M, Peak:9.93M | Scene, ViewLayer | Updating Particle Systems
Fra:72 Mem:230.86M (Peak 320.76M) | Time:00:00.87 | Mem:9.93M, Peak:9.93M | Scene, ViewLayer | Updating Meshes
Fra:72 Mem:225.77M (Peak 320.76M) | Time:00:00.87 | Mem:4.80M, Peak:9.93M | Scene, ViewLayer | Updating Objects | Applying Static Transformations
Fra:72 Mem:225.77M (Peak 320.76M) | Time:00:00.87 | Mem:4.80M, Peak:9.93M | Scene, ViewLayer | Updating Mesh | Computing attributes
Fra:72 Mem:226.73M (Peak 320.76M) | Time:00:00.87 | Mem:4.80M, Peak:9.93M | Scene, ViewLayer | Updating Mesh | Copying Attributes to device
Fra:72 Mem:226.73M (Peak 320.76M) | Time:00:00.87 | Mem:5.76M, Peak:9.93M | Scene, ViewLayer | Updating Geometry BVH main_vol 2/5 | Building BVH
Fra:72 Mem:226.73M (Peak 320.76M) | Time:00:00.87 | Mem:5.76M, Peak:9.93M | Scene, ViewLayer | Updating Geometry BVH near_vol 4/5 | Building BVH
Fra:72 Mem:226.73M (Peak 320.76M) | Time:00:00.87 | Mem:5.76M, Peak:9.93M | Scene, ViewLayer | Updating Geometry BVH t1 6/5 | Building BVH
Fra:72 Mem:226.73M (Peak 320.76M) | Time:00:00.87 | Mem:5.76M, Peak:9.93M | Scene, ViewLayer | Updating Geometry BVH t1 6/5 | Building OptiX acceleration structure
Fra:72 Mem:226.73M (Peak 320.76M) | Time:00:00.88 | Mem:5.76M, Peak:9.93M | Scene, ViewLayer | Updating Scene BVH | Building
Fra:72 Mem:226.73M (Peak 320.76M) | Time:00:00.88 | Mem:5.76M, Peak:9.93M | Scene, ViewLayer | Updating Scene BVH | Building OptiX acceleration structure
Fra:72 Mem:226.73M (Peak 320.76M) | Time:00:00.88 | Mem:5.76M, Peak:9.93M | Scene, ViewLayer | Updating Scene BVH | Building BVH
Fra:72 Mem:226.73M (Peak 320.76M) | Time:00:00.88 | Mem:5.76M, Peak:9.93M | Scene, ViewLayer | Updating Scene BVH | Building BVH 0%
Fra:72 Mem:226.73M (Peak 320.76M) | Time:00:00.89 | Mem:5.76M, Peak:9.93M | Scene, ViewLayer | Updating Scene BVH | Copying BVH to device
Fra:72 Mem:226.73M (Peak 320.76M) | Time:00:00.89 | Mem:5.76M, Peak:9.93M | Scene, ViewLayer | Updating Mesh | Computing normals
Fra:72 Mem:230.90M (Peak 320.76M) | Time:00:00.89 | Mem:5.76M, Peak:9.93M | Scene, ViewLayer | Updating Mesh | Copying Mesh to device
Fra:72 Mem:230.90M (Peak 320.76M) | Time:00:00.89 | Mem:9.93M, Peak:9.93M | Scene, ViewLayer | Updating Objects Flags
Fra:72 Mem:230.90M (Peak 320.76M) | Time:00:00.91 | Mem:9.93M, Peak:9.93M | Scene, ViewLayer | Updating Primitive Offsets
Fra:72 Mem:230.90M (Peak 320.76M) | Time:00:00.91 | Mem:9.93M, Peak:9.93M | Scene, ViewLayer | Updating Images
Fra:72 Mem:226.19M (Peak 320.76M) | Time:00:00.91 | Mem:5.22M, Peak:9.93M | Scene, ViewLayer | Updating Images | Loading density
Fra:72 Mem:230.90M (Peak 320.76M) | Time:00:00.91 | Mem:9.93M, Peak:9.93M | Scene, ViewLayer | Updating Camera Volume
Fra:72 Mem:230.90M (Peak 320.76M) | Time:00:00.91 | Mem:9.93M, Peak:9.93M | Scene, ViewLayer | Updating Lookup Tables
Fra:72 Mem:230.90M (Peak 320.76M) | Time:00:00.91 | Mem:9.93M, Peak:9.93M | Scene, ViewLayer | Updating Lights
Fra:72 Mem:230.90M (Peak 320.76M) | Time:00:00.91 | Mem:9.93M, Peak:9.93M | Scene, ViewLayer | Updating Lights | Computing tree
Fra:72 Mem:230.90M (Peak 320.76M) | Time:00:00.91 | Mem:9.93M, Peak:9.93M | Scene, ViewLayer | Updating Integrator
Fra:72 Mem:230.90M (Peak 320.76M) | Time:00:00.91 | Mem:9.93M, Peak:9.93M | Scene, ViewLayer | Updating Film
Fra:72 Mem:230.90M (Peak 320.76M) | Time:00:00.91 | Mem:9.93M, Peak:9.93M | Scene, ViewLayer | Updating Lookup Tables
Fra:72 Mem:230.90M (Peak 320.76M) | Time:00:00.91 | Mem:9.93M, Peak:9.93M | Scene, ViewLayer | Updating Baking
Fra:72 Mem:230.90M (Peak 320.76M) | Time:00:00.91 | Mem:9.93M, Peak:9.93M | Scene, ViewLayer | Updating Device | Writing constant memory
Fra:72 Mem:230.90M (Peak 320.76M) | Time:00:00.91 | Mem:9.93M, Peak:9.93M | Scene, ViewLayer | Sample 0/24
Fra:72 Mem:230.90M (Peak 320.76M) | Time:00:01.86 | Remaining:00:21.93 | Mem:9.93M, Peak:9.93M | Scene, ViewLayer | Sample 1/24
Fra:72 Mem:230.90M (Peak 320.76M) | Time:00:02.73 | Remaining:00:20.04 | Mem:9.93M, Peak:9.93M | Scene, ViewLayer | Sample 2/24
Fra:72 Mem:266.50M (Peak 320.76M) | Time:00:21.90 | Mem:9.93M, Peak:9.93M | Scene, ViewLayer | Sample 24/24
Fra:72 Mem:266.50M (Peak 320.76M) | Time:00:21.90 | Mem:9.93M, Peak:9.93M | Scene, ViewLayer | Finished
Saved: 'C:\Work\domin8te-build\daysky\out\b\f0072.png'
Time: 00:22.14 (Saving: 00:00.23)

Fra:73 Mem:230.90M (Peak 320.76M) | Time:00:00.67 | Mem:9.93M, Peak:9.93M | Scene, ViewLayer | Synchronizing object | main_vol
Fra:73 Mem:230.81M (Peak 320.76M) | Time:00:00.67 | Mem:9.93M, Peak:9.93M | Scene, ViewLayer | Synchronizing object | t0
Fra:73 Mem:230.73M (Peak 320.76M) | Time:00:00.67 | Mem:9.93M, Peak:9.93M | Scene, ViewLayer | Synchronizing object | t1
Fra:73 Mem:230.73M (Peak 320.76M) | Time:00:00.67 | Mem:9.93M, Peak:9.93M | Scene, ViewLayer | Initializing
Fra:73 Mem:230.73M (Peak 320.76M) | Time:00:00.67 | Mem:9.93M, Peak:9.93M | Scene, ViewLayer | Waiting for render to start
Fra:73 Mem:230.73M (Peak 320.76M) | Time:00:00.67 | Mem:9.93M, Peak:9.93M | Scene, ViewLayer | Updating Scene
Fra:73 Mem:230.73M (Peak 320.76M) | Time:00:00.67 | Mem:9.93M, Peak:9.93M | Scene, ViewLayer | Updating Shaders
Fra:73 Mem:230.73M (Peak 320.76M) | Time:00:00.67 | Mem:9.93M, Peak:9.93M | Scene, ViewLayer | Updating Background
Fra:73 Mem:230.73M (Peak 320.76M) | Time:00:00.67 | Mem:9.93M, Peak:9.93M | Scene, ViewLayer | Updating Camera
Fra:73 Mem:230.73M (Peak 320.76M) | Time:00:00.67 | Mem:9.93M, Peak:9.93M | Scene, ViewLayer | Updating Meshes Flags
Fra:73 Mem:230.73M (Peak 320.76M) | Time:00:00.67 | Mem:9.93M, Peak:9.93M | Scene, ViewLayer | Updating Meshes Volume Bounds
Fra:73 Mem:230.73M (Peak 320.76M) | Time:00:00.67 | Mem:9.93M, Peak:9.93M | Scene, ViewLayer | Updating Volume Images
Fra:73 Mem:230.73M (Peak 320.76M) | Time:00:00.67 | Mem:9.93M, Peak:9.93M | Scene, ViewLayer | Updating Mesh | Computing Volume Mesh main_vol
Fra:73 Mem:230.80M (Peak 320.76M) | Time:00:00.68 | Mem:9.93M, Peak:9.93M | Scene, ViewLayer | Updating Mesh | Computing Volume Mesh far_vol
Fra:73 Mem:230.83M (Peak 320.76M) | Time:00:00.69 | Mem:9.93M, Peak:9.93M | Scene, ViewLayer | Updating Mesh | Computing Volume Mesh near_vol
Fra:73 Mem:230.86M (Peak 320.76M) | Time:00:00.69 | Mem:9.93M, Peak:9.93M | Scene, ViewLayer | Updating Objects
Fra:73 Mem:230.86M (Peak 320.76M) | Time:00:00.69 | Mem:9.93M, Peak:9.93M | Scene, ViewLayer | Updating Objects | Copying Transformations to device
Fra:73 Mem:230.86M (Peak 320.76M) | Time:00:00.69 | Mem:9.93M, Peak:9.93M | Scene, ViewLayer | Updating Particle Systems
Fra:73 Mem:230.86M (Peak 320.76M) | Time:00:00.69 | Mem:9.93M, Peak:9.93M | Scene, ViewLayer | Updating Meshes
Fra:73 Mem:225.77M (Peak 320.76M) | Time:00:00.69 | Mem:4.80M, Peak:9.93M | Scene, ViewLayer | Updating Objects | Applying Static Transformations
Fra:73 Mem:225.77M (Peak 320.76M) | Time:00:00.69 | Mem:4.80M, Peak:9.93M | Scene, ViewLayer | Updating Mesh | Computing attributes
Fra:73 Mem:226.73M (Peak 320.76M) | Time:00:00.69 | Mem:4.80M, Peak:9.93M | Scene, ViewLayer | Updating Mesh | Copying Attributes to device
Fra:73 Mem:226.73M (Peak 320.76M) | Time:00:00.70 | Mem:5.76M, Peak:9.93M | Scene, ViewLayer | Updating Geometry BVH main_vol 2/1 | Building BVH
Fra:73 Mem:226.73M (Peak 320.76M) | Time:00:00.70 | Mem:5.76M, Peak:9.93M | Scene, ViewLayer | Updating Geometry BVH main_vol 2/1 | Building OptiX acceleration structure
Fra:73 Mem:226.73M (Peak 320.76M) | Time:00:00.70 | Mem:5.76M, Peak:9.93M | Scene, ViewLayer | Updating Geometry BVH far_vol 3/5 | Building BVH
Fra:73 Mem:226.73M (Peak 320.76M) | Time:00:00.70 | Mem:5.76M, Peak:9.93M | Scene, ViewLayer | Updating Geometry BVH near_vol 4/5 | Building OptiX acceleration structure
Fra:73 Mem:226.74M (Peak 320.76M) | Time:00:00.70 | Mem:5.76M, Peak:9.93M | Scene, ViewLayer | Updating Geometry BVH t1 6/5 | Building BVH
Fra:73 Mem:226.76M (Peak 320.76M) | Time:00:00.70 | Mem:5.76M, Peak:9.93M | Scene, ViewLayer | Updating Geometry BVH t1 6/5 | Building OptiX acceleration structure
Fra:73 Mem:226.73M (Peak 320.76M) | Time:00:00.72 | Mem:5.76M, Peak:9.93M | Scene, ViewLayer | Updating Scene BVH | Building
Fra:73 Mem:226.73M (Peak 320.76M) | Time:00:00.72 | Mem:5.76M, Peak:9.93M | Scene, ViewLayer | Updating Scene BVH | Building OptiX acceleration structure
Fra:73 Mem:226.73M (Peak 320.76M) | Time:00:00.72 | Mem:5.76M, Peak:9.93M | Scene, ViewLayer | Updating Scene BVH | Building BVH
Fra:73 Mem:226.73M (Peak 320.76M) | Time:00:00.72 | Mem:5.76M, Peak:9.93M | Scene, ViewLayer | Updating Scene BVH | Building BVH 0%
Fra:73 Mem:226.73M (Peak 320.76M) | Time:00:00.74 | Mem:5.76M, Peak:9.93M | Scene, ViewLayer | Updating Scene BVH | Copying BVH to device
Fra:73 Mem:226.73M (Peak 320.76M) | Time:00:00.74 | Mem:5.76M, Peak:9.93M | Scene, ViewLayer | Updating Mesh | Computing normals
Fra:73 Mem:230.90M (Peak 320.76M) | Time:00:00.75 | Mem:5.76M, Peak:9.93M | Scene, ViewLayer | Updating Mesh | Copying Mesh to device
Fra:73 Mem:230.90M (Peak 320.76M) | Time:00:00.75 | Mem:9.93M, Peak:9.93M | Scene, ViewLayer | Updating Objects Flags
Fra:73 Mem:230.90M (Peak 320.76M) | Time:00:01.14 | Mem:9.93M, Peak:9.93M | Scene, ViewLayer | Updating Primitive Offsets
Fra:73 Mem:230.90M (Peak 320.76M) | Time:00:01.14 | Mem:9.93M, Peak:9.93M | Scene, ViewLayer | Updating Images
Fra:73 Mem:227.03M (Peak 320.76M) | Time:00:01.15 | Mem:6.06M, Peak:9.93M | Scene, ViewLayer | Updating Images | Loading density
Fra:73 Mem:230.90M (Peak 320.76M) | Time:00:01.15 | Mem:9.93M, Peak:9.93M | Scene, ViewLayer | Updating Camera Volume
Fra:73 Mem:230.90M (Peak 320.76M) | Time:00:01.15 | Mem:9.93M, Peak:9.93M | Scene, ViewLayer | Updating Lookup Tables
Fra:73 Mem:230.90M (Peak 320.76M) | Time:00:01.15 | Mem:9.93M, Peak:9.93M | Scene, ViewLayer | Updating Lights
Fra:73 Mem:230.90M (Peak 320.76M) | Time:00:01.15 | Mem:9.93M, Peak:9.93M | Scene, ViewLayer | Updating Lights | Computing tree
Fra:73 Mem:230.90M (Peak 320.76M) | Time:00:01.15 | Mem:9.93M, Peak:9.93M | Scene, ViewLayer | Updating Integrator
Fra:73 Mem:230.90M (Peak 320.76M) | Time:00:01.15 | Mem:9.93M, Peak:9.93M | Scene, ViewLayer | Updating Film
Fra:73 Mem:230.90M (Peak 320.76M) | Time:00:01.15 | Mem:9.93M, Peak:9.93M | Scene, ViewLayer | Updating Lookup Tables
Fra:73 Mem:230.90M (Peak 320.76M) | Time:00:01.15 | Mem:9.93M, Peak:9.93M | Scene, ViewLayer | Updating Baking
Fra:73 Mem:230.90M (Peak 320.76M) | Time:00:01.15 | Mem:9.93M, Peak:9.93M | Scene, ViewLayer | Updating Device | Writing constant memory
Fra:73 Mem:230.90M (Peak 320.76M) | Time:00:01.15 | Mem:9.93M, Peak:9.93M | Scene, ViewLayer | Sample 0/24
Fra:73 Mem:230.90M (Peak 320.76M) | Time:00:02.30 | Remaining:00:26.32 | Mem:9.93M, Peak:9.93M | Scene, ViewLayer | Sample 1/24
Fra:73 Mem:230.90M (Peak 320.76M) | Time:00:03.26 | Remaining:00:23.20 | Mem:9.93M, Peak:9.93M | Scene, ViewLayer | Sample 2/24
Fra:73 Mem:266.50M (Peak 320.76M) | Time:00:21.51 | Mem:9.93M, Peak:9.93M | Scene, ViewLayer | Sample 24/24
Fra:73 Mem:266.50M (Peak 320.76M) | Time:00:21.51 | Mem:9.93M, Peak:9.93M | Scene, ViewLayer | Finished
Saved: 'C:\Work\domin8te-build\daysky\out\b\f0073.png'
Time: 00:21.76 (Saving: 00:00.25)

Fra:74 Mem:230.90M (Peak 320.76M) | Time:00:00.61 | Mem:9.93M, Peak:9.93M | Scene, ViewLayer | Synchronizing object | main_vol
Fra:74 Mem:230.90M (Peak 320.76M) | Time:00:00.61 | Mem:9.93M, Peak:9.93M | Scene, ViewLayer | Synchronizing object | near_vol
Fra:74 Mem:230.73M (Peak 320.76M) | Time:00:00.61 | Mem:9.93M, Peak:9.93M | Scene, ViewLayer | Synchronizing object | t1
Fra:74 Mem:230.73M (Peak 320.76M) | Time:00:00.61 | Mem:9.93M, Peak:9.93M | Scene, ViewLayer | Initializing
Fra:74 Mem:230.73M (Peak 320.76M) | Time:00:00.61 | Mem:9.93M, Peak:9.93M | Scene, ViewLayer | Waiting for render to start
Fra:74 Mem:230.73M (Peak 320.76M) | Time:00:00.61 | Mem:9.93M, Peak:9.93M | Scene, ViewLayer | Updating Scene
Fra:74 Mem:230.73M (Peak 320.76M) | Time:00:00.61 | Mem:9.93M, Peak:9.93M | Scene, ViewLayer | Updating Shaders
Fra:74 Mem:230.73M (Peak 320.76M) | Time:00:00.61 | Mem:9.93M, Peak:9.93M | Scene, ViewLayer | Updating Background
Fra:74 Mem:230.73M (Peak 320.76M) | Time:00:00.61 | Mem:9.93M, Peak:9.93M | Scene, ViewLayer | Updating Camera
Fra:74 Mem:230.73M (Peak 320.76M) | Time:00:00.61 | Mem:9.93M, Peak:9.93M | Scene, ViewLayer | Updating Meshes Flags
Fra:74 Mem:230.73M (Peak 320.76M) | Time:00:00.61 | Mem:9.93M, Peak:9.93M | Scene, ViewLayer | Updating Meshes Volume Bounds
Fra:74 Mem:230.73M (Peak 320.76M) | Time:00:00.61 | Mem:9.93M, Peak:9.93M | Scene, ViewLayer | Updating Volume Images
Fra:74 Mem:230.73M (Peak 320.76M) | Time:00:00.61 | Mem:9.93M, Peak:9.93M | Scene, ViewLayer | Updating Mesh | Computing Volume Mesh main_vol
Fra:74 Mem:230.80M (Peak 320.76M) | Time:00:00.68 | Mem:9.93M, Peak:9.93M | Scene, ViewLayer | Updating Mesh | Computing Volume Mesh far_vol
Fra:74 Mem:230.83M (Peak 320.76M) | Time:00:00.70 | Mem:9.93M, Peak:9.93M | Scene, ViewLayer | Updating Mesh | Computing Volume Mesh near_vol
Fra:74 Mem:230.86M (Peak 320.76M) | Time:00:00.71 | Mem:9.93M, Peak:9.93M | Scene, ViewLayer | Updating Objects
Fra:74 Mem:230.86M (Peak 320.76M) | Time:00:00.71 | Mem:9.93M, Peak:9.93M | Scene, ViewLayer | Updating Objects | Copying Transformations to device
Fra:74 Mem:230.86M (Peak 320.76M) | Time:00:00.71 | Mem:9.93M, Peak:9.93M | Scene, ViewLayer | Updating Particle Systems
Fra:74 Mem:230.86M (Peak 320.76M) | Time:00:00.71 | Mem:9.93M, Peak:9.93M | Scene, ViewLayer | Updating Meshes
Fra:74 Mem:225.77M (Peak 320.76M) | Time:00:00.71 | Mem:4.80M, Peak:9.93M | Scene, ViewLayer | Updating Objects | Applying Static Transformations
Fra:74 Mem:225.77M (Peak 320.76M) | Time:00:00.71 | Mem:4.80M, Peak:9.93M | Scene, ViewLayer | Updating Mesh | Computing attributes
Fra:74 Mem:226.73M (Peak 320.76M) | Time:00:00.71 | Mem:4.80M, Peak:9.93M | Scene, ViewLayer | Updating Mesh | Copying Attributes to device
Fra:74 Mem:226.73M (Peak 320.76M) | Time:00:00.72 | Mem:5.76M, Peak:9.93M | Scene, ViewLayer | Updating Geometry BVH t1 6/5 | Building BVH
Fra:74 Mem:226.73M (Peak 320.76M) | Time:00:00.72 | Mem:5.76M, Peak:9.93M | Scene, ViewLayer | Updating Geometry BVH t1 6/5 | Building OptiX acceleration structure
Fra:74 Mem:228.61M (Peak 320.76M) | Time:00:00.73 | Mem:5.76M, Peak:9.93M | Scene, ViewLayer | Updating Geometry BVH main_vol 2/5 | Building BVH
Fra:74 Mem:228.61M (Peak 320.76M) | Time:00:00.73 | Mem:5.76M, Peak:9.93M | Scene, ViewLayer | Updating Geometry BVH main_vol 2/5 | Building OptiX acceleration structure
Fra:74 Mem:226.78M (Peak 320.76M) | Time:00:00.73 | Mem:5.76M, Peak:9.93M | Scene, ViewLayer | Updating Geometry BVH t0 5/5 | Building BVH
Fra:74 Mem:226.78M (Peak 320.76M) | Time:00:00.73 | Mem:5.76M, Peak:9.93M | Scene, ViewLayer | Updating Geometry BVH far_vol 3/5 | Building BVH
Fra:74 Mem:226.78M (Peak 320.76M) | Time:00:00.73 | Mem:5.76M, Peak:9.93M | Scene, ViewLayer | Updating Geometry BVH far_vol 3/5 | Building OptiX acceleration structure
Fra:74 Mem:227.73M (Peak 320.76M) | Time:00:00.73 | Mem:5.76M, Peak:9.93M | Scene, ViewLayer | Updating Geometry BVH near_vol 4/5 | Building BVH
Fra:74 Mem:227.73M (Peak 320.76M) | Time:00:00.73 | Mem:5.76M, Peak:9.93M | Scene, ViewLayer | Updating Geometry BVH near_vol 4/5 | Building OptiX acceleration structure
Fra:74 Mem:226.73M (Peak 320.76M) | Time:00:00.74 | Mem:5.76M, Peak:9.93M | Scene, ViewLayer | Updating Scene BVH | Building
Fra:74 Mem:226.73M (Peak 320.76M) | Time:00:00.74 | Mem:5.76M, Peak:9.93M | Scene, ViewLayer | Updating Scene BVH | Building OptiX acceleration structure
Fra:74 Mem:226.73M (Peak 320.76M) | Time:00:00.74 | Mem:5.76M, Peak:9.93M | Scene, ViewLayer | Updating Scene BVH | Building BVH
Fra:74 Mem:226.73M (Peak 320.76M) | Time:00:00.74 | Mem:5.76M, Peak:9.93M | Scene, ViewLayer | Updating Scene BVH | Building BVH 0%
Fra:74 Mem:226.73M (Peak 320.76M) | Time:00:00.78 | Mem:5.76M, Peak:9.93M | Scene, ViewLayer | Updating Scene BVH | Copying BVH to device
Fra:74 Mem:226.73M (Peak 320.76M) | Time:00:00.78 | Mem:5.76M, Peak:9.93M | Scene, ViewLayer | Updating Mesh | Computing normals
Fra:74 Mem:230.90M (Peak 320.76M) | Time:00:00.79 | Mem:5.76M, Peak:9.93M | Scene, ViewLayer | Updating Mesh | Copying Mesh to device
Fra:74 Mem:230.90M (Peak 320.76M) | Time:00:00.79 | Mem:9.93M, Peak:9.93M | Scene, ViewLayer | Updating Objects Flags
Fra:74 Mem:230.90M (Peak 320.76M) | Time:00:01.09 | Mem:9.93M, Peak:9.93M | Scene, ViewLayer | Updating Primitive Offsets
Fra:74 Mem:230.90M (Peak 320.76M) | Time:00:01.09 | Mem:9.93M, Peak:9.93M | Scene, ViewLayer | Updating Images
Fra:74 Mem:226.19M (Peak 320.76M) | Time:00:01.09 | Mem:5.22M, Peak:9.93M | Scene, ViewLayer | Updating Images | Loading density
Fra:74 Mem:230.90M (Peak 320.76M) | Time:00:01.10 | Mem:9.93M, Peak:9.93M | Scene, ViewLayer | Updating Camera Volume
Fra:74 Mem:230.90M (Peak 320.76M) | Time:00:01.10 | Mem:9.93M, Peak:9.93M | Scene, ViewLayer | Updating Lookup Tables
Fra:74 Mem:230.90M (Peak 320.76M) | Time:00:01.10 | Mem:9.93M, Peak:9.93M | Scene, ViewLayer | Updating Lights
Fra:74 Mem:230.90M (Peak 320.76M) | Time:00:01.10 | Mem:9.93M, Peak:9.93M | Scene, ViewLayer | Updating Lights | Computing tree
Fra:74 Mem:230.90M (Peak 320.76M) | Time:00:01.10 | Mem:9.93M, Peak:9.93M | Scene, ViewLayer | Updating Integrator
Fra:74 Mem:230.90M (Peak 320.76M) | Time:00:01.10 | Mem:9.93M, Peak:9.93M | Scene, ViewLayer | Updating Film
Fra:74 Mem:230.90M (Peak 320.76M) | Time:00:01.10 | Mem:9.93M, Peak:9.93M | Scene, ViewLayer | Updating Lookup Tables
Fra:74 Mem:230.90M (Peak 320.76M) | Time:00:01.10 | Mem:9.93M, Peak:9.93M | Scene, ViewLayer | Updating Baking
Fra:74 Mem:230.90M (Peak 320.76M) | Time:00:01.10 | Mem:9.93M, Peak:9.93M | Scene, ViewLayer | Updating Device | Writing constant memory
Fra:74 Mem:230.90M (Peak 320.76M) | Time:00:01.10 | Mem:9.93M, Peak:9.93M | Scene, ViewLayer | Sample 0/24
Fra:74 Mem:230.90M (Peak 320.76M) | Time:00:02.20 | Remaining:00:25.34 | Mem:9.93M, Peak:9.93M | Scene, ViewLayer | Sample 1/24
Fra:74 Mem:230.90M (Peak 320.76M) | Time:00:03.19 | Remaining:00:22.96 | Mem:9.93M, Peak:9.93M | Scene, ViewLayer | Sample 2/24
Fra:74 Mem:266.50M (Peak 320.76M) | Time:00:21.51 | Mem:9.93M, Peak:9.93M | Scene, ViewLayer | Sample 24/24
Fra:74 Mem:266.50M (Peak 320.76M) | Time:00:21.51 | Mem:9.93M, Peak:9.93M | Scene, ViewLayer | Finished
Saved: 'C:\Work\domin8te-build\daysky\out\b\f0074.png'
Time: 00:21.72 (Saving: 00:00.21)

Fra:75 Mem:230.90M (Peak 320.76M) | Time:00:00.74 | Mem:9.93M, Peak:9.93M | Scene, ViewLayer | Synchronizing object | main_vol
Fra:75 Mem:230.81M (Peak 320.76M) | Time:00:00.74 | Mem:9.93M, Peak:9.93M | Scene, ViewLayer | Synchronizing object | t0
Fra:75 Mem:230.73M (Peak 320.76M) | Time:00:00.74 | Mem:9.93M, Peak:9.93M | Scene, ViewLayer | Synchronizing object | t1
Fra:75 Mem:230.73M (Peak 320.76M) | Time:00:00.74 | Mem:9.93M, Peak:9.93M | Scene, ViewLayer | Initializing
Fra:75 Mem:230.73M (Peak 320.76M) | Time:00:00.74 | Mem:9.93M, Peak:9.93M | Scene, ViewLayer | Waiting for render to start
Fra:75 Mem:230.73M (Peak 320.76M) | Time:00:00.74 | Mem:9.93M, Peak:9.93M | Scene, ViewLayer | Updating Scene
Fra:75 Mem:230.73M (Peak 320.76M) | Time:00:00.74 | Mem:9.93M, Peak:9.93M | Scene, ViewLayer | Updating Shaders
Fra:75 Mem:230.73M (Peak 320.76M) | Time:00:00.74 | Mem:9.93M, Peak:9.93M | Scene, ViewLayer | Updating Background
Fra:75 Mem:230.73M (Peak 320.76M) | Time:00:00.74 | Mem:9.93M, Peak:9.93M | Scene, ViewLayer | Updating Camera
Fra:75 Mem:230.73M (Peak 320.76M) | Time:00:00.74 | Mem:9.93M, Peak:9.93M | Scene, ViewLayer | Updating Meshes Flags
Fra:75 Mem:230.73M (Peak 320.76M) | Time:00:00.74 | Mem:9.93M, Peak:9.93M | Scene, ViewLayer | Updating Meshes Volume Bounds
Fra:75 Mem:230.73M (Peak 320.76M) | Time:00:00.74 | Mem:9.93M, Peak:9.93M | Scene, ViewLayer | Updating Volume Images
Fra:75 Mem:230.73M (Peak 320.76M) | Time:00:00.74 | Mem:9.93M, Peak:9.93M | Scene, ViewLayer | Updating Mesh | Computing Volume Mesh main_vol
Fra:75 Mem:230.80M (Peak 320.76M) | Time:00:00.76 | Mem:9.93M, Peak:9.93M | Scene, ViewLayer | Updating Mesh | Computing Volume Mesh far_vol
Fra:75 Mem:230.83M (Peak 320.76M) | Time:00:00.76 | Mem:9.93M, Peak:9.93M | Scene, ViewLayer | Updating Mesh | Computing Volume Mesh near_vol
Fra:75 Mem:230.86M (Peak 320.76M) | Time:00:00.76 | Mem:9.93M, Peak:9.93M | Scene, ViewLayer | Updating Objects
Fra:75 Mem:230.86M (Peak 320.76M) | Time:00:00.76 | Mem:9.93M, Peak:9.93M | Scene, ViewLayer | Updating Objects | Copying Transformations to device
Fra:75 Mem:230.86M (Peak 320.76M) | Time:00:00.76 | Mem:9.93M, Peak:9.93M | Scene, ViewLayer | Updating Particle Systems
Fra:75 Mem:230.86M (Peak 320.76M) | Time:00:00.76 | Mem:9.93M, Peak:9.93M | Scene, ViewLayer | Updating Meshes
Fra:75 Mem:225.77M (Peak 320.76M) | Time:00:00.76 | Mem:4.80M, Peak:9.93M | Scene, ViewLayer | Updating Objects | Applying Static Transformations
Fra:75 Mem:225.77M (Peak 320.76M) | Time:00:00.76 | Mem:4.80M, Peak:9.93M | Scene, ViewLayer | Updating Mesh | Computing attributes
Fra:75 Mem:226.73M (Peak 320.76M) | Time:00:00.77 | Mem:4.80M, Peak:9.93M | Scene, ViewLayer | Updating Mesh | Copying Attributes to device
Fra:75 Mem:226.73M (Peak 320.76M) | Time:00:00.77 | Mem:5.76M, Peak:9.93M | Scene, ViewLayer | Updating Geometry BVH main_vol 2/5 | Building BVH
Fra:75 Mem:226.73M (Peak 320.76M) | Time:00:00.77 | Mem:5.76M, Peak:9.93M | Scene, ViewLayer | Updating Geometry BVH t0 5/5 | Building BVH
Fra:75 Mem:226.73M (Peak 320.76M) | Time:00:00.77 | Mem:5.76M, Peak:9.93M | Scene, ViewLayer | Updating Geometry BVH t1 6/5 | Building BVH
Fra:75 Mem:226.73M (Peak 320.76M) | Time:00:00.77 | Mem:5.76M, Peak:9.93M | Scene, ViewLayer | Updating Geometry BVH t1 6/5 | Building OptiX acceleration structure
Fra:75 Mem:226.73M (Peak 320.76M) | Time:00:00.77 | Mem:5.76M, Peak:9.93M | Scene, ViewLayer | Updating Scene BVH | Building
Fra:75 Mem:226.73M (Peak 320.76M) | Time:00:00.77 | Mem:5.76M, Peak:9.93M | Scene, ViewLayer | Updating Scene BVH | Building OptiX acceleration structure
Fra:75 Mem:226.73M (Peak 320.76M) | Time:00:00.77 | Mem:5.76M, Peak:9.93M | Scene, ViewLayer | Updating Scene BVH | Building BVH
Fra:75 Mem:226.73M (Peak 320.76M) | Time:00:00.77 | Mem:5.76M, Peak:9.93M | Scene, ViewLayer | Updating Scene BVH | Building BVH 0%
Fra:75 Mem:226.73M (Peak 320.76M) | Time:00:00.78 | Mem:5.76M, Peak:9.93M | Scene, ViewLayer | Updating Scene BVH | Copying BVH to device
Fra:75 Mem:226.73M (Peak 320.76M) | Time:00:00.78 | Mem:5.76M, Peak:9.93M | Scene, ViewLayer | Updating Mesh | Computing normals
Fra:75 Mem:230.90M (Peak 320.76M) | Time:00:00.78 | Mem:5.76M, Peak:9.93M | Scene, ViewLayer | Updating Mesh | Copying Mesh to device
Fra:75 Mem:230.90M (Peak 320.76M) | Time:00:00.78 | Mem:9.93M, Peak:9.93M | Scene, ViewLayer | Updating Objects Flags
Fra:75 Mem:230.90M (Peak 320.76M) | Time:00:01.04 | Mem:9.93M, Peak:9.93M | Scene, ViewLayer | Updating Primitive Offsets
Fra:75 Mem:230.90M (Peak 320.76M) | Time:00:01.04 | Mem:9.93M, Peak:9.93M | Scene, ViewLayer | Updating Images
Fra:75 Mem:228.28M (Peak 320.76M) | Time:00:01.04 | Mem:9.93M, Peak:9.93M | Scene, ViewLayer | Updating Images | Loading density
Fra:75 Mem:230.90M (Peak 320.76M) | Time:00:01.05 | Mem:9.93M, Peak:12.03M | Scene, ViewLayer | Updating Camera Volume
Fra:75 Mem:230.90M (Peak 320.76M) | Time:00:01.05 | Mem:9.93M, Peak:12.03M | Scene, ViewLayer | Updating Lookup Tables
Fra:75 Mem:230.90M (Peak 320.76M) | Time:00:01.05 | Mem:9.93M, Peak:12.03M | Scene, ViewLayer | Updating Lights
Fra:75 Mem:230.90M (Peak 320.76M) | Time:00:01.05 | Mem:9.93M, Peak:12.03M | Scene, ViewLayer | Updating Lights | Computing tree
Fra:75 Mem:230.90M (Peak 320.76M) | Time:00:01.05 | Mem:9.93M, Peak:12.03M | Scene, ViewLayer | Updating Integrator
Fra:75 Mem:230.90M (Peak 320.76M) | Time:00:01.05 | Mem:9.93M, Peak:12.03M | Scene, ViewLayer | Updating Film
Fra:75 Mem:230.90M (Peak 320.76M) | Time:00:01.05 | Mem:9.93M, Peak:12.03M | Scene, ViewLayer | Updating Lookup Tables
Fra:75 Mem:230.90M (Peak 320.76M) | Time:00:01.05 | Mem:9.93M, Peak:12.03M | Scene, ViewLayer | Updating Baking
Fra:75 Mem:230.90M (Peak 320.76M) | Time:00:01.05 | Mem:9.93M, Peak:12.03M | Scene, ViewLayer | Updating Device | Writing constant memory
Fra:75 Mem:230.90M (Peak 320.76M) | Time:00:01.05 | Mem:9.93M, Peak:12.03M | Scene, ViewLayer | Sample 0/24
Fra:75 Mem:230.90M (Peak 320.76M) | Time:00:02.15 | Remaining:00:25.37 | Mem:9.93M, Peak:12.03M | Scene, ViewLayer | Sample 1/24
Fra:75 Mem:230.90M (Peak 320.76M) | Time:00:03.16 | Remaining:00:23.25 | Mem:9.93M, Peak:12.03M | Scene, ViewLayer | Sample 2/24
Fra:75 Mem:266.50M (Peak 320.76M) | Time:00:22.22 | Mem:9.93M, Peak:12.03M | Scene, ViewLayer | Sample 24/24
Fra:75 Mem:266.50M (Peak 320.76M) | Time:00:22.22 | Mem:9.93M, Peak:12.03M | Scene, ViewLayer | Finished
Saved: 'C:\Work\domin8te-build\daysky\out\b\f0075.png'
Time: 00:22.41 (Saving: 00:00.18)

Fra:76 Mem:230.90M (Peak 320.76M) | Time:00:00.74 | Mem:9.93M, Peak:9.93M | Scene, ViewLayer | Synchronizing object | main_vol
Fra:76 Mem:230.81M (Peak 320.76M) | Time:00:00.74 | Mem:9.93M, Peak:9.93M | Scene, ViewLayer | Synchronizing object | t0
Fra:76 Mem:230.73M (Peak 320.76M) | Time:00:00.75 | Mem:9.93M, Peak:9.93M | Scene, ViewLayer | Synchronizing object | t1
Fra:76 Mem:230.73M (Peak 320.76M) | Time:00:00.75 | Mem:9.93M, Peak:9.93M | Scene, ViewLayer | Initializing
Fra:76 Mem:230.73M (Peak 320.76M) | Time:00:00.75 | Mem:9.93M, Peak:9.93M | Scene, ViewLayer | Waiting for render to start
Fra:76 Mem:230.73M (Peak 320.76M) | Time:00:00.75 | Mem:9.93M, Peak:9.93M | Scene, ViewLayer | Updating Scene
Fra:76 Mem:230.73M (Peak 320.76M) | Time:00:00.75 | Mem:9.93M, Peak:9.93M | Scene, ViewLayer | Updating Shaders
Fra:76 Mem:230.73M (Peak 320.76M) | Time:00:00.75 | Mem:9.93M, Peak:9.93M | Scene, ViewLayer | Updating Background
Fra:76 Mem:230.73M (Peak 320.76M) | Time:00:00.75 | Mem:9.93M, Peak:9.93M | Scene, ViewLayer | Updating Camera
Fra:76 Mem:230.73M (Peak 320.76M) | Time:00:00.75 | Mem:9.93M, Peak:9.93M | Scene, ViewLayer | Updating Meshes Flags
Fra:76 Mem:230.73M (Peak 320.76M) | Time:00:00.75 | Mem:9.93M, Peak:9.93M | Scene, ViewLayer | Updating Meshes Volume Bounds
Fra:76 Mem:230.73M (Peak 320.76M) | Time:00:00.75 | Mem:9.93M, Peak:9.93M | Scene, ViewLayer | Updating Volume Images
Fra:76 Mem:230.73M (Peak 320.76M) | Time:00:00.75 | Mem:9.93M, Peak:9.93M | Scene, ViewLayer | Updating Mesh | Computing Volume Mesh main_vol
Fra:76 Mem:230.80M (Peak 320.76M) | Time:00:00.76 | Mem:9.93M, Peak:9.93M | Scene, ViewLayer | Updating Mesh | Computing Volume Mesh far_vol
Fra:76 Mem:230.83M (Peak 320.76M) | Time:00:00.76 | Mem:9.93M, Peak:9.93M | Scene, ViewLayer | Updating Mesh | Computing Volume Mesh near_vol
Fra:76 Mem:230.86M (Peak 320.76M) | Time:00:00.77 | Mem:9.93M, Peak:9.93M | Scene, ViewLayer | Updating Objects
Fra:76 Mem:230.86M (Peak 320.76M) | Time:00:00.77 | Mem:9.93M, Peak:9.93M | Scene, ViewLayer | Updating Objects | Copying Transformations to device
Fra:76 Mem:230.86M (Peak 320.76M) | Time:00:00.77 | Mem:9.93M, Peak:9.93M | Scene, ViewLayer | Updating Particle Systems
Fra:76 Mem:230.86M (Peak 320.76M) | Time:00:00.77 | Mem:9.93M, Peak:9.93M | Scene, ViewLayer | Updating Meshes
Fra:76 Mem:225.77M (Peak 320.76M) | Time:00:00.77 | Mem:4.80M, Peak:9.93M | Scene, ViewLayer | Updating Objects | Applying Static Transformations
Fra:76 Mem:225.77M (Peak 320.76M) | Time:00:00.77 | Mem:4.80M, Peak:9.93M | Scene, ViewLayer | Updating Mesh | Computing attributes
Fra:76 Mem:226.73M (Peak 320.76M) | Time:00:00.77 | Mem:4.80M, Peak:9.93M | Scene, ViewLayer | Updating Mesh | Copying Attributes to device
Fra:76 Mem:226.73M (Peak 320.76M) | Time:00:00.77 | Mem:5.76M, Peak:9.93M | Scene, ViewLayer | Updating Geometry BVH main_vol 2/5 | Building BVH
Fra:76 Mem:226.73M (Peak 320.76M) | Time:00:00.77 | Mem:5.76M, Peak:9.93M | Scene, ViewLayer | Updating Geometry BVH far_vol 3/5 | Building BVH
Fra:76 Mem:226.73M (Peak 320.76M) | Time:00:00.77 | Mem:5.76M, Peak:9.93M | Scene, ViewLayer | Updating Geometry BVH t1 6/5 | Building BVH
Fra:76 Mem:226.73M (Peak 320.76M) | Time:00:00.77 | Mem:5.76M, Peak:9.93M | Scene, ViewLayer | Updating Geometry BVH t1 6/5 | Building OptiX acceleration structure
Fra:76 Mem:226.73M (Peak 320.76M) | Time:00:00.78 | Mem:5.76M, Peak:9.93M | Scene, ViewLayer | Updating Scene BVH | Building
Fra:76 Mem:226.73M (Peak 320.76M) | Time:00:00.78 | Mem:5.76M, Peak:9.93M | Scene, ViewLayer | Updating Scene BVH | Building OptiX acceleration structure
Fra:76 Mem:226.73M (Peak 320.76M) | Time:00:00.78 | Mem:5.76M, Peak:9.93M | Scene, ViewLayer | Updating Scene BVH | Building BVH
Fra:76 Mem:226.73M (Peak 320.76M) | Time:00:00.78 | Mem:5.76M, Peak:9.93M | Scene, ViewLayer | Updating Scene BVH | Building BVH 0%
Fra:76 Mem:226.73M (Peak 320.76M) | Time:00:00.79 | Mem:5.76M, Peak:9.93M | Scene, ViewLayer | Updating Scene BVH | Copying BVH to device
Fra:76 Mem:226.73M (Peak 320.76M) | Time:00:00.79 | Mem:5.76M, Peak:9.93M | Scene, ViewLayer | Updating Mesh | Computing normals
Fra:76 Mem:230.90M (Peak 320.76M) | Time:00:00.79 | Mem:5.76M, Peak:9.93M | Scene, ViewLayer | Updating Mesh | Copying Mesh to device
Fra:76 Mem:230.90M (Peak 320.76M) | Time:00:00.80 | Mem:9.93M, Peak:9.93M | Scene, ViewLayer | Updating Objects Flags
Fra:76 Mem:230.90M (Peak 320.76M) | Time:00:01.25 | Mem:9.93M, Peak:9.93M | Scene, ViewLayer | Updating Primitive Offsets
Fra:76 Mem:230.90M (Peak 320.76M) | Time:00:01.25 | Mem:9.93M, Peak:9.93M | Scene, ViewLayer | Updating Images
Fra:76 Mem:226.19M (Peak 320.76M) | Time:00:01.25 | Mem:5.22M, Peak:9.93M | Scene, ViewLayer | Updating Images | Loading density
Fra:76 Mem:230.90M (Peak 320.76M) | Time:00:01.26 | Mem:9.93M, Peak:9.93M | Scene, ViewLayer | Updating Camera Volume
Fra:76 Mem:230.90M (Peak 320.76M) | Time:00:01.26 | Mem:9.93M, Peak:9.93M | Scene, ViewLayer | Updating Lookup Tables
Fra:76 Mem:230.90M (Peak 320.76M) | Time:00:01.26 | Mem:9.93M, Peak:9.93M | Scene, ViewLayer | Updating Lights
Fra:76 Mem:230.90M (Peak 320.76M) | Time:00:01.26 | Mem:9.93M, Peak:9.93M | Scene, ViewLayer | Updating Lights | Computing tree
Fra:76 Mem:230.90M (Peak 320.76M) | Time:00:01.26 | Mem:9.93M, Peak:9.93M | Scene, ViewLayer | Updating Integrator
Fra:76 Mem:230.90M (Peak 320.76M) | Time:00:01.26 | Mem:9.93M, Peak:9.93M | Scene, ViewLayer | Updating Film
Fra:76 Mem:230.90M (Peak 320.76M) | Time:00:01.26 | Mem:9.93M, Peak:9.93M | Scene, ViewLayer | Updating Lookup Tables
Fra:76 Mem:230.90M (Peak 320.76M) | Time:00:01.26 | Mem:9.93M, Peak:9.93M | Scene, ViewLayer | Updating Baking
Fra:76 Mem:230.90M (Peak 320.76M) | Time:00:01.26 | Mem:9.93M, Peak:9.93M | Scene, ViewLayer | Updating Device | Writing constant memory
Fra:76 Mem:230.90M (Peak 320.76M) | Time:00:01.26 | Mem:9.93M, Peak:9.93M | Scene, ViewLayer | Sample 0/24
Fra:76 Mem:230.90M (Peak 320.76M) | Time:00:02.36 | Remaining:00:25.33 | Mem:9.93M, Peak:9.93M | Scene, ViewLayer | Sample 1/24
Fra:76 Mem:230.90M (Peak 320.76M) | Time:00:03.21 | Remaining:00:21.46 | Mem:9.93M, Peak:9.93M | Scene, ViewLayer | Sample 2/24
Fra:76 Mem:266.50M (Peak 320.76M) | Time:00:21.59 | Mem:9.93M, Peak:9.93M | Scene, ViewLayer | Sample 24/24
Fra:76 Mem:266.50M (Peak 320.76M) | Time:00:21.59 | Mem:9.93M, Peak:9.93M | Scene, ViewLayer | Finished
Saved: 'C:\Work\domin8te-build\daysky\out\b\f0076.png'
Time: 00:21.81 (Saving: 00:00.21)

Fra:77 Mem:230.90M (Peak 320.76M) | Time:00:00.73 | Mem:9.93M, Peak:9.93M | Scene, ViewLayer | Synchronizing object | main_vol
Fra:77 Mem:230.81M (Peak 320.76M) | Time:00:00.73 | Mem:9.93M, Peak:9.93M | Scene, ViewLayer | Synchronizing object | t0
Fra:77 Mem:230.73M (Peak 320.76M) | Time:00:00.73 | Mem:9.93M, Peak:9.93M | Scene, ViewLayer | Synchronizing object | t1
Fra:77 Mem:230.73M (Peak 320.76M) | Time:00:00.73 | Mem:9.93M, Peak:9.93M | Scene, ViewLayer | Initializing
Fra:77 Mem:230.73M (Peak 320.76M) | Time:00:00.73 | Mem:9.93M, Peak:9.93M | Scene, ViewLayer | Waiting for render to start
Fra:77 Mem:230.73M (Peak 320.76M) | Time:00:00.73 | Mem:9.93M, Peak:9.93M | Scene, ViewLayer | Updating Scene
Fra:77 Mem:230.73M (Peak 320.76M) | Time:00:00.73 | Mem:9.93M, Peak:9.93M | Scene, ViewLayer | Updating Shaders
Fra:77 Mem:230.73M (Peak 320.76M) | Time:00:00.73 | Mem:9.93M, Peak:9.93M | Scene, ViewLayer | Updating Background
Fra:77 Mem:230.73M (Peak 320.76M) | Time:00:00.73 | Mem:9.93M, Peak:9.93M | Scene, ViewLayer | Updating Camera
Fra:77 Mem:230.73M (Peak 320.76M) | Time:00:00.73 | Mem:9.93M, Peak:9.93M | Scene, ViewLayer | Updating Meshes Flags
Fra:77 Mem:230.73M (Peak 320.76M) | Time:00:00.73 | Mem:9.93M, Peak:9.93M | Scene, ViewLayer | Updating Meshes Volume Bounds
Fra:77 Mem:230.73M (Peak 320.76M) | Time:00:00.73 | Mem:9.93M, Peak:9.93M | Scene, ViewLayer | Updating Volume Images
Fra:77 Mem:230.73M (Peak 320.76M) | Time:00:00.73 | Mem:9.93M, Peak:9.93M | Scene, ViewLayer | Updating Mesh | Computing Volume Mesh main_vol
Fra:77 Mem:230.80M (Peak 320.76M) | Time:00:00.75 | Mem:9.93M, Peak:9.93M | Scene, ViewLayer | Updating Mesh | Computing Volume Mesh far_vol
Fra:77 Mem:230.83M (Peak 320.76M) | Time:00:00.75 | Mem:9.93M, Peak:9.93M | Scene, ViewLayer | Updating Mesh | Computing Volume Mesh near_vol
Fra:77 Mem:230.86M (Peak 320.76M) | Time:00:00.76 | Mem:9.93M, Peak:9.93M | Scene, ViewLayer | Updating Objects
Fra:77 Mem:230.86M (Peak 320.76M) | Time:00:00.76 | Mem:9.93M, Peak:9.93M | Scene, ViewLayer | Updating Objects | Copying Transformations to device
Fra:77 Mem:230.86M (Peak 320.76M) | Time:00:00.76 | Mem:9.93M, Peak:9.93M | Scene, ViewLayer | Updating Particle Systems
Fra:77 Mem:230.86M (Peak 320.76M) | Time:00:00.76 | Mem:9.93M, Peak:9.93M | Scene, ViewLayer | Updating Meshes
Fra:77 Mem:225.77M (Peak 320.76M) | Time:00:00.76 | Mem:4.80M, Peak:9.93M | Scene, ViewLayer | Updating Objects | Applying Static Transformations
Fra:77 Mem:225.77M (Peak 320.76M) | Time:00:00.76 | Mem:4.80M, Peak:9.93M | Scene, ViewLayer | Updating Mesh | Computing attributes
Fra:77 Mem:226.73M (Peak 320.76M) | Time:00:00.76 | Mem:4.80M, Peak:9.93M | Scene, ViewLayer | Updating Mesh | Copying Attributes to device
Fra:77 Mem:226.73M (Peak 320.76M) | Time:00:00.76 | Mem:5.76M, Peak:9.93M | Scene, ViewLayer | Updating Geometry BVH main_vol 2/5 | Building BVH
Fra:77 Mem:226.73M (Peak 320.76M) | Time:00:00.76 | Mem:5.76M, Peak:9.93M | Scene, ViewLayer | Updating Geometry BVH near_vol 4/5 | Building BVH
Fra:77 Mem:226.73M (Peak 320.76M) | Time:00:00.76 | Mem:5.76M, Peak:9.93M | Scene, ViewLayer | Updating Geometry BVH t0 5/5 | Building OptiX acceleration structure
Fra:77 Mem:226.83M (Peak 320.76M) | Time:00:00.76 | Mem:5.76M, Peak:9.93M | Scene, ViewLayer | Updating Geometry BVH t1 6/5 | Building BVH
Fra:77 Mem:226.83M (Peak 320.76M) | Time:00:00.76 | Mem:5.76M, Peak:9.93M | Scene, ViewLayer | Updating Geometry BVH t1 6/5 | Building OptiX acceleration structure
Fra:77 Mem:226.73M (Peak 320.76M) | Time:00:00.76 | Mem:5.76M, Peak:9.93M | Scene, ViewLayer | Updating Scene BVH | Building
Fra:77 Mem:226.73M (Peak 320.76M) | Time:00:00.76 | Mem:5.76M, Peak:9.93M | Scene, ViewLayer | Updating Scene BVH | Building OptiX acceleration structure
Fra:77 Mem:226.73M (Peak 320.76M) | Time:00:00.77 | Mem:5.76M, Peak:9.93M | Scene, ViewLayer | Updating Scene BVH | Building BVH
Fra:77 Mem:226.73M (Peak 320.76M) | Time:00:00.77 | Mem:5.76M, Peak:9.93M | Scene, ViewLayer | Updating Scene BVH | Building BVH 0%
Fra:77 Mem:226.73M (Peak 320.76M) | Time:00:00.77 | Mem:5.76M, Peak:9.93M | Scene, ViewLayer | Updating Scene BVH | Copying BVH to device
Fra:77 Mem:226.73M (Peak 320.76M) | Time:00:00.77 | Mem:5.76M, Peak:9.93M | Scene, ViewLayer | Updating Mesh | Computing normals
Fra:77 Mem:230.90M (Peak 320.76M) | Time:00:00.77 | Mem:5.76M, Peak:9.93M | Scene, ViewLayer | Updating Mesh | Copying Mesh to device
Fra:77 Mem:230.90M (Peak 320.76M) | Time:00:00.78 | Mem:9.93M, Peak:9.93M | Scene, ViewLayer | Updating Objects Flags
Fra:77 Mem:230.90M (Peak 320.76M) | Time:00:00.79 | Mem:9.93M, Peak:9.93M | Scene, ViewLayer | Updating Primitive Offsets
Fra:77 Mem:230.90M (Peak 320.76M) | Time:00:00.79 | Mem:9.93M, Peak:9.93M | Scene, ViewLayer | Updating Images
Fra:77 Mem:228.28M (Peak 320.76M) | Time:00:00.79 | Mem:9.93M, Peak:9.93M | Scene, ViewLayer | Updating Images | Loading density
Fra:77 Mem:230.90M (Peak 320.76M) | Time:00:00.80 | Mem:9.93M, Peak:10.77M | Scene, ViewLayer | Updating Camera Volume
Fra:77 Mem:230.90M (Peak 320.76M) | Time:00:00.80 | Mem:9.93M, Peak:10.77M | Scene, ViewLayer | Updating Lookup Tables
Fra:77 Mem:230.90M (Peak 320.76M) | Time:00:00.80 | Mem:9.93M, Peak:10.77M | Scene, ViewLayer | Updating Lights
Fra:77 Mem:230.90M (Peak 320.76M) | Time:00:00.80 | Mem:9.93M, Peak:10.77M | Scene, ViewLayer | Updating Lights | Computing tree
Fra:77 Mem:230.90M (Peak 320.76M) | Time:00:00.80 | Mem:9.93M, Peak:10.77M | Scene, ViewLayer | Updating Integrator
Fra:77 Mem:230.90M (Peak 320.76M) | Time:00:00.80 | Mem:9.93M, Peak:10.77M | Scene, ViewLayer | Updating Film
Fra:77 Mem:230.90M (Peak 320.76M) | Time:00:00.80 | Mem:9.93M, Peak:10.77M | Scene, ViewLayer | Updating Lookup Tables
Fra:77 Mem:230.90M (Peak 320.76M) | Time:00:00.80 | Mem:9.93M, Peak:10.77M | Scene, ViewLayer | Updating Baking
Fra:77 Mem:230.90M (Peak 320.76M) | Time:00:00.80 | Mem:9.93M, Peak:10.77M | Scene, ViewLayer | Updating Device | Writing constant memory
Fra:77 Mem:230.90M (Peak 320.76M) | Time:00:00.80 | Mem:9.93M, Peak:10.77M | Scene, ViewLayer | Sample 0/24
Fra:77 Mem:230.90M (Peak 320.76M) | Time:00:01.75 | Remaining:00:21.87 | Mem:9.93M, Peak:10.77M | Scene, ViewLayer | Sample 1/24
Fra:77 Mem:230.90M (Peak 320.76M) | Time:00:02.64 | Remaining:00:20.28 | Mem:9.93M, Peak:10.77M | Scene, ViewLayer | Sample 2/24
Fra:77 Mem:266.50M (Peak 320.76M) | Time:00:24.39 | Mem:9.93M, Peak:10.77M | Scene, ViewLayer | Sample 24/24
Fra:77 Mem:266.50M (Peak 320.76M) | Time:00:24.39 | Mem:9.93M, Peak:10.77M | Scene, ViewLayer | Finished
Saved: 'C:\Work\domin8te-build\daysky\out\b\f0077.png'
Time: 00:24.58 (Saving: 00:00.18)

Fra:78 Mem:230.90M (Peak 320.76M) | Time:00:00.86 | Mem:9.93M, Peak:9.93M | Scene, ViewLayer | Synchronizing object | main_vol
Fra:78 Mem:230.81M (Peak 320.76M) | Time:00:00.86 | Mem:9.93M, Peak:9.93M | Scene, ViewLayer | Synchronizing object | t0
Fra:78 Mem:230.73M (Peak 320.76M) | Time:00:00.87 | Mem:9.93M, Peak:9.93M | Scene, ViewLayer | Synchronizing object | t1
Fra:78 Mem:230.73M (Peak 320.76M) | Time:00:00.87 | Mem:9.93M, Peak:9.93M | Scene, ViewLayer | Initializing
Fra:78 Mem:230.73M (Peak 320.76M) | Time:00:00.87 | Mem:9.93M, Peak:9.93M | Scene, ViewLayer | Waiting for render to start
Fra:78 Mem:230.73M (Peak 320.76M) | Time:00:00.87 | Mem:9.93M, Peak:9.93M | Scene, ViewLayer | Updating Scene
Fra:78 Mem:230.73M (Peak 320.76M) | Time:00:00.87 | Mem:9.93M, Peak:9.93M | Scene, ViewLayer | Updating Shaders
Fra:78 Mem:230.73M (Peak 320.76M) | Time:00:00.87 | Mem:9.93M, Peak:9.93M | Scene, ViewLayer | Updating Background
Fra:78 Mem:230.73M (Peak 320.76M) | Time:00:00.87 | Mem:9.93M, Peak:9.93M | Scene, ViewLayer | Updating Camera
Fra:78 Mem:230.73M (Peak 320.76M) | Time:00:00.87 | Mem:9.93M, Peak:9.93M | Scene, ViewLayer | Updating Meshes Flags
Fra:78 Mem:230.73M (Peak 320.76M) | Time:00:00.87 | Mem:9.93M, Peak:9.93M | Scene, ViewLayer | Updating Meshes Volume Bounds
Fra:78 Mem:230.73M (Peak 320.76M) | Time:00:00.87 | Mem:9.93M, Peak:9.93M | Scene, ViewLayer | Updating Volume Images
Fra:78 Mem:230.73M (Peak 320.76M) | Time:00:00.87 | Mem:9.93M, Peak:9.93M | Scene, ViewLayer | Updating Mesh | Computing Volume Mesh main_vol
Fra:78 Mem:230.80M (Peak 320.76M) | Time:00:00.88 | Mem:9.93M, Peak:9.93M | Scene, ViewLayer | Updating Mesh | Computing Volume Mesh far_vol
Fra:78 Mem:230.83M (Peak 320.76M) | Time:00:00.89 | Mem:9.93M, Peak:9.93M | Scene, ViewLayer | Updating Mesh | Computing Volume Mesh near_vol
Fra:78 Mem:230.86M (Peak 320.76M) | Time:00:00.89 | Mem:9.93M, Peak:9.93M | Scene, ViewLayer | Updating Objects
Fra:78 Mem:230.86M (Peak 320.76M) | Time:00:00.89 | Mem:9.93M, Peak:9.93M | Scene, ViewLayer | Updating Objects | Copying Transformations to device
Fra:78 Mem:230.86M (Peak 320.76M) | Time:00:00.89 | Mem:9.93M, Peak:9.93M | Scene, ViewLayer | Updating Particle Systems
Fra:78 Mem:230.86M (Peak 320.76M) | Time:00:00.89 | Mem:9.93M, Peak:9.93M | Scene, ViewLayer | Updating Meshes
Fra:78 Mem:225.77M (Peak 320.76M) | Time:00:00.89 | Mem:4.80M, Peak:9.93M | Scene, ViewLayer | Updating Objects | Applying Static Transformations
Fra:78 Mem:225.77M (Peak 320.76M) | Time:00:00.89 | Mem:4.80M, Peak:9.93M | Scene, ViewLayer | Updating Mesh | Computing attributes
Fra:78 Mem:226.73M (Peak 320.76M) | Time:00:00.89 | Mem:4.80M, Peak:9.93M | Scene, ViewLayer | Updating Mesh | Copying Attributes to device
Fra:78 Mem:226.73M (Peak 320.76M) | Time:00:00.89 | Mem:5.76M, Peak:9.93M | Scene, ViewLayer | Updating Geometry BVH near_vol 4/5 | Building BVH
Fra:78 Mem:226.73M (Peak 320.76M) | Time:00:00.89 | Mem:5.76M, Peak:9.93M | Scene, ViewLayer | Updating Geometry BVH far_vol 3/5 | Building BVH
Fra:78 Mem:226.73M (Peak 320.76M) | Time:00:00.89 | Mem:5.76M, Peak:9.93M | Scene, ViewLayer | Updating Geometry BVH far_vol 3/5 | Building OptiX acceleration structure
Fra:78 Mem:226.73M (Peak 320.76M) | Time:00:00.89 | Mem:5.76M, Peak:9.93M | Scene, ViewLayer | Updating Geometry BVH t0 5/5 | Building BVH
Fra:78 Mem:226.74M (Peak 320.76M) | Time:00:00.89 | Mem:5.76M, Peak:9.93M | Scene, ViewLayer | Updating Geometry BVH t0 5/5 | Building OptiX acceleration structure
Fra:78 Mem:226.73M (Peak 320.76M) | Time:00:00.92 | Mem:5.76M, Peak:9.93M | Scene, ViewLayer | Updating Scene BVH | Building
Fra:78 Mem:226.73M (Peak 320.76M) | Time:00:00.92 | Mem:5.76M, Peak:9.93M | Scene, ViewLayer | Updating Scene BVH | Building OptiX acceleration structure
Fra:78 Mem:226.73M (Peak 320.76M) | Time:00:00.93 | Mem:5.76M, Peak:9.93M | Scene, ViewLayer | Updating Scene BVH | Building BVH
Fra:78 Mem:226.73M (Peak 320.76M) | Time:00:00.93 | Mem:5.76M, Peak:9.93M | Scene, ViewLayer | Updating Scene BVH | Building BVH 0%
Fra:78 Mem:226.73M (Peak 320.76M) | Time:00:00.94 | Mem:5.76M, Peak:9.93M | Scene, ViewLayer | Updating Scene BVH | Copying BVH to device
Fra:78 Mem:226.73M (Peak 320.76M) | Time:00:00.94 | Mem:5.76M, Peak:9.93M | Scene, ViewLayer | Updating Mesh | Computing normals
Fra:78 Mem:230.90M (Peak 320.76M) | Time:00:00.94 | Mem:5.76M, Peak:9.93M | Scene, ViewLayer | Updating Mesh | Copying Mesh to device
Fra:78 Mem:230.90M (Peak 320.76M) | Time:00:00.95 | Mem:9.93M, Peak:9.93M | Scene, ViewLayer | Updating Objects Flags
Fra:78 Mem:230.90M (Peak 320.76M) | Time:00:01.24 | Mem:9.93M, Peak:9.93M | Scene, ViewLayer | Updating Primitive Offsets
Fra:78 Mem:230.90M (Peak 320.76M) | Time:00:01.24 | Mem:9.93M, Peak:9.93M | Scene, ViewLayer | Updating Images
Fra:78 Mem:226.19M (Peak 320.76M) | Time:00:01.28 | Mem:5.22M, Peak:9.93M | Scene, ViewLayer | Updating Images | Loading density
Fra:78 Mem:230.90M (Peak 320.76M) | Time:00:01.28 | Mem:9.93M, Peak:9.93M | Scene, ViewLayer | Updating Camera Volume
Fra:78 Mem:230.90M (Peak 320.76M) | Time:00:01.28 | Mem:9.93M, Peak:9.93M | Scene, ViewLayer | Updating Lookup Tables
Fra:78 Mem:230.90M (Peak 320.76M) | Time:00:01.28 | Mem:9.93M, Peak:9.93M | Scene, ViewLayer | Updating Lights
Fra:78 Mem:230.90M (Peak 320.76M) | Time:00:01.28 | Mem:9.93M, Peak:9.93M | Scene, ViewLayer | Updating Lights | Computing tree
Fra:78 Mem:230.90M (Peak 320.76M) | Time:00:01.28 | Mem:9.93M, Peak:9.93M | Scene, ViewLayer | Updating Integrator
Fra:78 Mem:230.90M (Peak 320.76M) | Time:00:01.28 | Mem:9.93M, Peak:9.93M | Scene, ViewLayer | Updating Film
Fra:78 Mem:230.90M (Peak 320.76M) | Time:00:01.28 | Mem:9.93M, Peak:9.93M | Scene, ViewLayer | Updating Lookup Tables
Fra:78 Mem:230.90M (Peak 320.76M) | Time:00:01.29 | Mem:9.93M, Peak:9.93M | Scene, ViewLayer | Updating Baking
Fra:78 Mem:230.90M (Peak 320.76M) | Time:00:01.29 | Mem:9.93M, Peak:9.93M | Scene, ViewLayer | Updating Device | Writing constant memory
Fra:78 Mem:230.90M (Peak 320.76M) | Time:00:01.29 | Mem:9.93M, Peak:9.93M | Scene, ViewLayer | Sample 0/24
Fra:78 Mem:230.90M (Peak 320.76M) | Time:00:02.48 | Remaining:00:27.48 | Mem:9.93M, Peak:9.93M | Scene, ViewLayer | Sample 1/24
Fra:78 Mem:230.90M (Peak 320.76M) | Time:00:03.31 | Remaining:00:22.31 | Mem:9.93M, Peak:9.93M | Scene, ViewLayer | Sample 2/24
Fra:78 Mem:266.50M (Peak 320.76M) | Time:00:21.59 | Mem:9.93M, Peak:9.93M | Scene, ViewLayer | Sample 24/24
Fra:78 Mem:266.50M (Peak 320.76M) | Time:00:21.59 | Mem:9.93M, Peak:9.93M | Scene, ViewLayer | Finished
Saved: 'C:\Work\domin8te-build\daysky\out\b\f0078.png'
Time: 00:21.78 (Saving: 00:00.18)

Fra:79 Mem:230.90M (Peak 320.76M) | Time:00:00.77 | Mem:9.93M, Peak:9.93M | Scene, ViewLayer | Synchronizing object | main_vol
Fra:79 Mem:230.90M (Peak 320.76M) | Time:00:00.77 | Mem:9.93M, Peak:9.93M | Scene, ViewLayer | Synchronizing object | near_vol
Fra:79 Mem:230.73M (Peak 320.76M) | Time:00:00.77 | Mem:9.93M, Peak:9.93M | Scene, ViewLayer | Synchronizing object | t1
Fra:79 Mem:230.73M (Peak 320.76M) | Time:00:00.78 | Mem:9.93M, Peak:9.93M | Scene, ViewLayer | Initializing
Fra:79 Mem:230.73M (Peak 320.76M) | Time:00:00.78 | Mem:9.93M, Peak:9.93M | Scene, ViewLayer | Waiting for render to start
Fra:79 Mem:230.73M (Peak 320.76M) | Time:00:00.78 | Mem:9.93M, Peak:9.93M | Scene, ViewLayer | Updating Scene
Fra:79 Mem:230.73M (Peak 320.76M) | Time:00:00.78 | Mem:9.93M, Peak:9.93M | Scene, ViewLayer | Updating Shaders
Fra:79 Mem:230.73M (Peak 320.76M) | Time:00:00.78 | Mem:9.93M, Peak:9.93M | Scene, ViewLayer | Updating Background
Fra:79 Mem:230.73M (Peak 320.76M) | Time:00:00.78 | Mem:9.93M, Peak:9.93M | Scene, ViewLayer | Updating Camera
Fra:79 Mem:230.73M (Peak 320.76M) | Time:00:00.78 | Mem:9.93M, Peak:9.93M | Scene, ViewLayer | Updating Meshes Flags
Fra:79 Mem:230.73M (Peak 320.76M) | Time:00:00.78 | Mem:9.93M, Peak:9.93M | Scene, ViewLayer | Updating Meshes Volume Bounds
Fra:79 Mem:230.73M (Peak 320.76M) | Time:00:00.78 | Mem:9.93M, Peak:9.93M | Scene, ViewLayer | Updating Volume Images
Fra:79 Mem:230.73M (Peak 320.76M) | Time:00:00.78 | Mem:9.93M, Peak:9.93M | Scene, ViewLayer | Updating Mesh | Computing Volume Mesh main_vol
Fra:79 Mem:230.80M (Peak 320.76M) | Time:00:00.79 | Mem:9.93M, Peak:9.93M | Scene, ViewLayer | Updating Mesh | Computing Volume Mesh far_vol
Fra:79 Mem:230.83M (Peak 320.76M) | Time:00:00.79 | Mem:9.93M, Peak:9.93M | Scene, ViewLayer | Updating Mesh | Computing Volume Mesh near_vol
Fra:79 Mem:230.86M (Peak 320.76M) | Time:00:00.80 | Mem:9.93M, Peak:9.93M | Scene, ViewLayer | Updating Objects
Fra:79 Mem:230.86M (Peak 320.76M) | Time:00:00.80 | Mem:9.93M, Peak:9.93M | Scene, ViewLayer | Updating Objects | Copying Transformations to device
Fra:79 Mem:230.86M (Peak 320.76M) | Time:00:00.80 | Mem:9.93M, Peak:9.93M | Scene, ViewLayer | Updating Particle Systems
Fra:79 Mem:230.86M (Peak 320.76M) | Time:00:00.80 | Mem:9.93M, Peak:9.93M | Scene, ViewLayer | Updating Meshes
Fra:79 Mem:225.77M (Peak 320.76M) | Time:00:00.80 | Mem:4.80M, Peak:9.93M | Scene, ViewLayer | Updating Objects | Applying Static Transformations
Fra:79 Mem:225.77M (Peak 320.76M) | Time:00:00.80 | Mem:4.80M, Peak:9.93M | Scene, ViewLayer | Updating Mesh | Computing attributes
Fra:79 Mem:226.73M (Peak 320.76M) | Time:00:00.80 | Mem:4.80M, Peak:9.93M | Scene, ViewLayer | Updating Mesh | Copying Attributes to device
Fra:79 Mem:226.73M (Peak 320.76M) | Time:00:00.80 | Mem:5.76M, Peak:9.93M | Scene, ViewLayer | Updating Geometry BVH main_vol 2/5 | Building BVH
Fra:79 Mem:226.73M (Peak 320.76M) | Time:00:00.80 | Mem:5.76M, Peak:9.93M | Scene, ViewLayer | Updating Geometry BVH near_vol 4/5 | Building BVH
Fra:79 Mem:226.73M (Peak 320.76M) | Time:00:00.80 | Mem:5.76M, Peak:9.93M | Scene, ViewLayer | Updating Geometry BVH t1 6/5 | Building BVH
Fra:79 Mem:226.78M (Peak 320.76M) | Time:00:00.80 | Mem:5.76M, Peak:9.93M | Scene, ViewLayer | Updating Geometry BVH t1 6/5 | Building OptiX acceleration structure
Fra:79 Mem:226.73M (Peak 320.76M) | Time:00:00.81 | Mem:5.76M, Peak:9.93M | Scene, ViewLayer | Updating Scene BVH | Building
Fra:79 Mem:226.73M (Peak 320.76M) | Time:00:00.81 | Mem:5.76M, Peak:9.93M | Scene, ViewLayer | Updating Scene BVH | Building OptiX acceleration structure
Fra:79 Mem:226.73M (Peak 320.76M) | Time:00:00.81 | Mem:5.76M, Peak:9.93M | Scene, ViewLayer | Updating Scene BVH | Building BVH
Fra:79 Mem:226.73M (Peak 320.76M) | Time:00:00.81 | Mem:5.76M, Peak:9.93M | Scene, ViewLayer | Updating Scene BVH | Building BVH 0%
Fra:79 Mem:226.73M (Peak 320.76M) | Time:00:00.82 | Mem:5.76M, Peak:9.93M | Scene, ViewLayer | Updating Scene BVH | Copying BVH to device
Fra:79 Mem:226.73M (Peak 320.76M) | Time:00:00.82 | Mem:5.76M, Peak:9.93M | Scene, ViewLayer | Updating Mesh | Computing normals
Fra:79 Mem:230.90M (Peak 320.76M) | Time:00:00.82 | Mem:5.76M, Peak:9.93M | Scene, ViewLayer | Updating Mesh | Copying Mesh to device
Fra:79 Mem:230.90M (Peak 320.76M) | Time:00:00.82 | Mem:9.93M, Peak:9.93M | Scene, ViewLayer | Updating Objects Flags
Fra:79 Mem:230.90M (Peak 320.76M) | Time:00:00.84 | Mem:9.93M, Peak:9.93M | Scene, ViewLayer | Updating Primitive Offsets
Fra:79 Mem:230.90M (Peak 320.76M) | Time:00:00.84 | Mem:9.93M, Peak:9.93M | Scene, ViewLayer | Updating Images
Fra:79 Mem:228.28M (Peak 320.76M) | Time:00:00.84 | Mem:9.93M, Peak:9.93M | Scene, ViewLayer | Updating Images | Loading density
Fra:79 Mem:230.90M (Peak 320.76M) | Time:00:00.84 | Mem:9.93M, Peak:11.18M | Scene, ViewLayer | Updating Camera Volume
Fra:79 Mem:230.90M (Peak 320.76M) | Time:00:00.84 | Mem:9.93M, Peak:11.18M | Scene, ViewLayer | Updating Lookup Tables
Fra:79 Mem:230.90M (Peak 320.76M) | Time:00:00.84 | Mem:9.93M, Peak:11.18M | Scene, ViewLayer | Updating Lights
Fra:79 Mem:230.90M (Peak 320.76M) | Time:00:00.84 | Mem:9.93M, Peak:11.18M | Scene, ViewLayer | Updating Lights | Computing tree
Fra:79 Mem:230.90M (Peak 320.76M) | Time:00:00.84 | Mem:9.93M, Peak:11.18M | Scene, ViewLayer | Updating Integrator
Fra:79 Mem:230.90M (Peak 320.76M) | Time:00:00.84 | Mem:9.93M, Peak:11.18M | Scene, ViewLayer | Updating Film
Fra:79 Mem:230.90M (Peak 320.76M) | Time:00:00.84 | Mem:9.93M, Peak:11.18M | Scene, ViewLayer | Updating Lookup Tables
Fra:79 Mem:230.90M (Peak 320.76M) | Time:00:00.84 | Mem:9.93M, Peak:11.18M | Scene, ViewLayer | Updating Baking
Fra:79 Mem:230.90M (Peak 320.76M) | Time:00:00.84 | Mem:9.93M, Peak:11.18M | Scene, ViewLayer | Updating Device | Writing constant memory
Fra:79 Mem:230.90M (Peak 320.76M) | Time:00:00.84 | Mem:9.93M, Peak:11.18M | Scene, ViewLayer | Sample 0/24
Fra:79 Mem:230.90M (Peak 320.76M) | Time:00:01.92 | Remaining:00:24.76 | Mem:9.93M, Peak:11.18M | Scene, ViewLayer | Sample 1/24
Fra:79 Mem:230.90M (Peak 320.76M) | Time:00:02.83 | Remaining:00:21.84 | Mem:9.93M, Peak:11.18M | Scene, ViewLayer | Sample 2/24
Fra:79 Mem:266.50M (Peak 320.76M) | Time:00:20.40 | Mem:9.93M, Peak:11.18M | Scene, ViewLayer | Sample 24/24
Fra:79 Mem:266.50M (Peak 320.76M) | Time:00:20.40 | Mem:9.93M, Peak:11.18M | Scene, ViewLayer | Finished
Saved: 'C:\Work\domin8te-build\daysky\out\b\f0079.png'
Time: 00:20.62 (Saving: 00:00.21)

Fra:80 Mem:230.90M (Peak 320.76M) | Time:00:00.63 | Mem:9.93M, Peak:9.93M | Scene, ViewLayer | Synchronizing object | main_vol
Fra:80 Mem:230.81M (Peak 320.76M) | Time:00:00.63 | Mem:9.93M, Peak:9.93M | Scene, ViewLayer | Synchronizing object | t0
Fra:80 Mem:230.73M (Peak 320.76M) | Time:00:00.63 | Mem:9.93M, Peak:9.93M | Scene, ViewLayer | Synchronizing object | t1
Fra:80 Mem:230.73M (Peak 320.76M) | Time:00:00.63 | Mem:9.93M, Peak:9.93M | Scene, ViewLayer | Initializing
Fra:80 Mem:230.73M (Peak 320.76M) | Time:00:00.63 | Mem:9.93M, Peak:9.93M | Scene, ViewLayer | Waiting for render to start
Fra:80 Mem:230.73M (Peak 320.76M) | Time:00:00.63 | Mem:9.93M, Peak:9.93M | Scene, ViewLayer | Updating Scene
Fra:80 Mem:230.73M (Peak 320.76M) | Time:00:00.63 | Mem:9.93M, Peak:9.93M | Scene, ViewLayer | Updating Shaders
Fra:80 Mem:230.73M (Peak 320.76M) | Time:00:00.63 | Mem:9.93M, Peak:9.93M | Scene, ViewLayer | Updating Background
Fra:80 Mem:230.73M (Peak 320.76M) | Time:00:00.63 | Mem:9.93M, Peak:9.93M | Scene, ViewLayer | Updating Camera
Fra:80 Mem:230.73M (Peak 320.76M) | Time:00:00.63 | Mem:9.93M, Peak:9.93M | Scene, ViewLayer | Updating Meshes Flags
Fra:80 Mem:230.73M (Peak 320.76M) | Time:00:00.63 | Mem:9.93M, Peak:9.93M | Scene, ViewLayer | Updating Meshes Volume Bounds
Fra:80 Mem:230.73M (Peak 320.76M) | Time:00:00.63 | Mem:9.93M, Peak:9.93M | Scene, ViewLayer | Updating Volume Images
Fra:80 Mem:230.73M (Peak 320.76M) | Time:00:00.63 | Mem:9.93M, Peak:9.93M | Scene, ViewLayer | Updating Mesh | Computing Volume Mesh main_vol
Fra:80 Mem:230.80M (Peak 320.76M) | Time:00:00.65 | Mem:9.93M, Peak:9.93M | Scene, ViewLayer | Updating Mesh | Computing Volume Mesh far_vol
Fra:80 Mem:230.83M (Peak 320.76M) | Time:00:00.65 | Mem:9.93M, Peak:9.93M | Scene, ViewLayer | Updating Mesh | Computing Volume Mesh near_vol
Fra:80 Mem:230.86M (Peak 320.76M) | Time:00:00.66 | Mem:9.93M, Peak:9.93M | Scene, ViewLayer | Updating Objects
Fra:80 Mem:230.86M (Peak 320.76M) | Time:00:00.66 | Mem:9.93M, Peak:9.93M | Scene, ViewLayer | Updating Objects | Copying Transformations to device
Fra:80 Mem:230.86M (Peak 320.76M) | Time:00:00.66 | Mem:9.93M, Peak:9.93M | Scene, ViewLayer | Updating Particle Systems
Fra:80 Mem:230.86M (Peak 320.76M) | Time:00:00.66 | Mem:9.93M, Peak:9.93M | Scene, ViewLayer | Updating Meshes
Fra:80 Mem:225.77M (Peak 320.76M) | Time:00:00.66 | Mem:4.80M, Peak:9.93M | Scene, ViewLayer | Updating Objects | Applying Static Transformations
Fra:80 Mem:225.77M (Peak 320.76M) | Time:00:00.66 | Mem:4.80M, Peak:9.93M | Scene, ViewLayer | Updating Mesh | Computing attributes
Fra:80 Mem:226.73M (Peak 320.76M) | Time:00:00.66 | Mem:4.80M, Peak:9.93M | Scene, ViewLayer | Updating Mesh | Copying Attributes to device
Fra:80 Mem:226.73M (Peak 320.76M) | Time:00:00.66 | Mem:5.76M, Peak:9.93M | Scene, ViewLayer | Updating Geometry BVH near_vol 4/5 | Building BVH
Fra:80 Mem:226.73M (Peak 320.76M) | Time:00:00.66 | Mem:5.76M, Peak:9.93M | Scene, ViewLayer | Updating Geometry BVH main_vol 2/5 | Building BVH
Fra:80 Mem:226.73M (Peak 320.76M) | Time:00:00.66 | Mem:5.76M, Peak:9.93M | Scene, ViewLayer | Updating Geometry BVH t0 5/5 | Building OptiX acceleration structure
Fra:80 Mem:227.81M (Peak 320.76M) | Time:00:00.66 | Mem:5.76M, Peak:9.93M | Scene, ViewLayer | Updating Geometry BVH t1 6/5 | Building BVH
Fra:80 Mem:227.81M (Peak 320.76M) | Time:00:00.66 | Mem:5.76M, Peak:9.93M | Scene, ViewLayer | Updating Geometry BVH t1 6/5 | Building OptiX acceleration structure
Fra:80 Mem:226.73M (Peak 320.76M) | Time:00:00.67 | Mem:5.76M, Peak:9.93M | Scene, ViewLayer | Updating Scene BVH | Building
Fra:80 Mem:226.73M (Peak 320.76M) | Time:00:00.67 | Mem:5.76M, Peak:9.93M | Scene, ViewLayer | Updating Scene BVH | Building OptiX acceleration structure
Fra:80 Mem:226.73M (Peak 320.76M) | Time:00:00.67 | Mem:5.76M, Peak:9.93M | Scene, ViewLayer | Updating Scene BVH | Building BVH
Fra:80 Mem:226.73M (Peak 320.76M) | Time:00:00.67 | Mem:5.76M, Peak:9.93M | Scene, ViewLayer | Updating Scene BVH | Building BVH 0%
Fra:80 Mem:226.73M (Peak 320.76M) | Time:00:00.68 | Mem:5.76M, Peak:9.93M | Scene, ViewLayer | Updating Scene BVH | Copying BVH to device
Fra:80 Mem:226.73M (Peak 320.76M) | Time:00:00.68 | Mem:5.76M, Peak:9.93M | Scene, ViewLayer | Updating Mesh | Computing normals
Fra:80 Mem:230.90M (Peak 320.76M) | Time:00:00.68 | Mem:5.76M, Peak:9.93M | Scene, ViewLayer | Updating Mesh | Copying Mesh to device
Fra:80 Mem:230.90M (Peak 320.76M) | Time:00:00.69 | Mem:9.93M, Peak:9.93M | Scene, ViewLayer | Updating Objects Flags
Fra:80 Mem:230.90M (Peak 320.76M) | Time:00:01.14 | Mem:9.93M, Peak:9.93M | Scene, ViewLayer | Updating Primitive Offsets
Fra:80 Mem:230.90M (Peak 320.76M) | Time:00:01.14 | Mem:9.93M, Peak:9.93M | Scene, ViewLayer | Updating Images
Fra:80 Mem:226.19M (Peak 320.76M) | Time:00:01.14 | Mem:5.22M, Peak:9.93M | Scene, ViewLayer | Updating Images | Loading density
Fra:80 Mem:230.90M (Peak 320.76M) | Time:00:01.15 | Mem:9.93M, Peak:9.93M | Scene, ViewLayer | Updating Camera Volume
Fra:80 Mem:230.90M (Peak 320.76M) | Time:00:01.15 | Mem:9.93M, Peak:9.93M | Scene, ViewLayer | Updating Lookup Tables
Fra:80 Mem:230.90M (Peak 320.76M) | Time:00:01.15 | Mem:9.93M, Peak:9.93M | Scene, ViewLayer | Updating Lights
Fra:80 Mem:230.90M (Peak 320.76M) | Time:00:01.15 | Mem:9.93M, Peak:9.93M | Scene, ViewLayer | Updating Lights | Computing tree
Fra:80 Mem:230.90M (Peak 320.76M) | Time:00:01.15 | Mem:9.93M, Peak:9.93M | Scene, ViewLayer | Updating Integrator
Fra:80 Mem:230.90M (Peak 320.76M) | Time:00:01.15 | Mem:9.93M, Peak:9.93M | Scene, ViewLayer | Updating Film
Fra:80 Mem:230.90M (Peak 320.76M) | Time:00:01.15 | Mem:9.93M, Peak:9.93M | Scene, ViewLayer | Updating Lookup Tables
Fra:80 Mem:230.90M (Peak 320.76M) | Time:00:01.15 | Mem:9.93M, Peak:9.93M | Scene, ViewLayer | Updating Baking
Fra:80 Mem:230.90M (Peak 320.76M) | Time:00:01.15 | Mem:9.93M, Peak:9.93M | Scene, ViewLayer | Updating Device | Writing constant memory
Fra:80 Mem:230.90M (Peak 320.76M) | Time:00:01.15 | Mem:9.93M, Peak:9.93M | Scene, ViewLayer | Sample 0/24
Fra:80 Mem:230.90M (Peak 320.76M) | Time:00:02.06 | Remaining:00:21.06 | Mem:9.93M, Peak:9.93M | Scene, ViewLayer | Sample 1/24
Fra:80 Mem:230.90M (Peak 320.76M) | Time:00:03.09 | Remaining:00:21.40 | Mem:9.93M, Peak:9.93M | Scene, ViewLayer | Sample 2/24
Fra:80 Mem:266.50M (Peak 320.76M) | Time:00:23.63 | Mem:9.93M, Peak:9.93M | Scene, ViewLayer | Sample 24/24
Fra:80 Mem:266.50M (Peak 320.76M) | Time:00:23.63 | Mem:9.93M, Peak:9.93M | Scene, ViewLayer | Finished
Saved: 'C:\Work\domin8te-build\daysky\out\b\f0080.png'
Time: 00:23.89 (Saving: 00:00.25)

Fra:81 Mem:230.90M (Peak 320.76M) | Time:00:00.56 | Mem:9.93M, Peak:9.93M | Scene, ViewLayer | Synchronizing object | t0
Fra:81 Mem:230.90M (Peak 320.76M) | Time:00:00.56 | Mem:9.93M, Peak:9.93M | Scene, ViewLayer | Synchronizing object | t1
Fra:81 Mem:230.90M (Peak 320.76M) | Time:00:00.56 | Mem:9.93M, Peak:9.93M | Scene, ViewLayer | Synchronizing object | near_vol
Fra:81 Mem:230.87M (Peak 320.76M) | Time:00:00.56 | Mem:9.93M, Peak:9.93M | Scene, ViewLayer | Synchronizing object | far_vol
Fra:81 Mem:230.82M (Peak 320.76M) | Time:00:00.56 | Mem:9.93M, Peak:9.93M | Scene, ViewLayer | Synchronizing object | main_vol
Fra:81 Mem:230.73M (Peak 320.76M) | Time:00:00.56 | Mem:9.93M, Peak:9.93M | Scene, ViewLayer | Initializing
Fra:81 Mem:230.73M (Peak 320.76M) | Time:00:00.56 | Mem:9.93M, Peak:9.93M | Scene, ViewLayer | Waiting for render to start
Fra:81 Mem:230.73M (Peak 320.76M) | Time:00:00.56 | Mem:9.93M, Peak:9.93M | Scene, ViewLayer | Updating Scene
Fra:81 Mem:230.73M (Peak 320.76M) | Time:00:00.56 | Mem:9.93M, Peak:9.93M | Scene, ViewLayer | Updating Shaders
Fra:81 Mem:230.73M (Peak 320.76M) | Time:00:00.56 | Mem:9.93M, Peak:9.93M | Scene, ViewLayer | Updating Background
Fra:81 Mem:230.73M (Peak 320.76M) | Time:00:00.56 | Mem:9.93M, Peak:9.93M | Scene, ViewLayer | Updating Camera
Fra:81 Mem:230.73M (Peak 320.76M) | Time:00:00.56 | Mem:9.93M, Peak:9.93M | Scene, ViewLayer | Updating Meshes Flags
Fra:81 Mem:230.73M (Peak 320.76M) | Time:00:00.56 | Mem:9.93M, Peak:9.93M | Scene, ViewLayer | Updating Meshes Volume Bounds
Fra:81 Mem:230.73M (Peak 320.76M) | Time:00:00.56 | Mem:9.93M, Peak:9.93M | Scene, ViewLayer | Updating Volume Images
Fra:81 Mem:230.73M (Peak 320.76M) | Time:00:00.56 | Mem:9.93M, Peak:9.93M | Scene, ViewLayer | Updating Mesh | Computing Volume Mesh main_vol
Fra:81 Mem:230.80M (Peak 320.76M) | Time:00:00.61 | Mem:9.93M, Peak:9.93M | Scene, ViewLayer | Updating Mesh | Computing Volume Mesh far_vol
Fra:81 Mem:230.83M (Peak 320.76M) | Time:00:00.62 | Mem:9.93M, Peak:9.93M | Scene, ViewLayer | Updating Mesh | Computing Volume Mesh near_vol
Fra:81 Mem:230.86M (Peak 320.76M) | Time:00:00.64 | Mem:9.93M, Peak:9.93M | Scene, ViewLayer | Updating Objects
Fra:81 Mem:230.86M (Peak 320.76M) | Time:00:00.64 | Mem:9.93M, Peak:9.93M | Scene, ViewLayer | Updating Objects | Copying Transformations to device
Fra:81 Mem:230.86M (Peak 320.76M) | Time:00:00.64 | Mem:9.93M, Peak:9.93M | Scene, ViewLayer | Updating Particle Systems
Fra:81 Mem:230.86M (Peak 320.76M) | Time:00:00.64 | Mem:9.93M, Peak:9.93M | Scene, ViewLayer | Updating Meshes
Fra:81 Mem:225.77M (Peak 320.76M) | Time:00:00.68 | Mem:4.80M, Peak:9.93M | Scene, ViewLayer | Updating Objects | Applying Static Transformations
Fra:81 Mem:225.77M (Peak 320.76M) | Time:00:00.68 | Mem:4.80M, Peak:9.93M | Scene, ViewLayer | Updating Mesh | Computing attributes
Fra:81 Mem:226.73M (Peak 320.76M) | Time:00:00.68 | Mem:4.80M, Peak:9.93M | Scene, ViewLayer | Updating Mesh | Copying Attributes to device
Fra:81 Mem:226.73M (Peak 320.76M) | Time:00:00.68 | Mem:5.76M, Peak:9.93M | Scene, ViewLayer | Updating Geometry BVH t1 6/5 | Building BVH
Fra:81 Mem:226.73M (Peak 320.76M) | Time:00:00.69 | Mem:5.76M, Peak:9.93M | Scene, ViewLayer | Updating Geometry BVH t1 6/5 | Building OptiX acceleration structure
Fra:81 Mem:228.61M (Peak 320.76M) | Time:00:00.69 | Mem:5.76M, Peak:9.93M | Scene, ViewLayer | Updating Geometry BVH far_vol 3/5 | Building BVH
Fra:81 Mem:228.61M (Peak 320.76M) | Time:00:00.69 | Mem:5.76M, Peak:9.93M | Scene, ViewLayer | Updating Geometry BVH near_vol 4/5 | Building BVH
Fra:81 Mem:228.61M (Peak 320.76M) | Time:00:00.70 | Mem:5.76M, Peak:9.93M | Scene, ViewLayer | Updating Geometry BVH near_vol 4/5 | Building OptiX acceleration structure
Fra:81 Mem:228.71M (Peak 320.76M) | Time:00:00.70 | Mem:5.76M, Peak:9.93M | Scene, ViewLayer | Updating Geometry BVH t0 5/5 | Building BVH
Fra:81 Mem:228.71M (Peak 320.76M) | Time:00:00.73 | Mem:5.76M, Peak:9.93M | Scene, ViewLayer | Updating Geometry BVH t0 5/5 | Building OptiX acceleration structure
Fra:81 Mem:226.73M (Peak 320.76M) | Time:00:00.77 | Mem:5.76M, Peak:9.93M | Scene, ViewLayer | Updating Scene BVH | Building
Fra:81 Mem:226.73M (Peak 320.76M) | Time:00:00.77 | Mem:5.76M, Peak:9.93M | Scene, ViewLayer | Updating Scene BVH | Building OptiX acceleration structure
Fra:81 Mem:226.73M (Peak 320.76M) | Time:00:00.77 | Mem:5.76M, Peak:9.93M | Scene, ViewLayer | Updating Scene BVH | Building BVH
Fra:81 Mem:226.73M (Peak 320.76M) | Time:00:00.77 | Mem:5.76M, Peak:9.93M | Scene, ViewLayer | Updating Scene BVH | Building BVH 0%
Fra:81 Mem:226.73M (Peak 320.76M) | Time:00:00.85 | Mem:5.76M, Peak:9.93M | Scene, ViewLayer | Updating Scene BVH | Copying BVH to device
Fra:81 Mem:226.73M (Peak 320.76M) | Time:00:00.85 | Mem:5.76M, Peak:9.93M | Scene, ViewLayer | Updating Mesh | Computing normals
Fra:81 Mem:230.90M (Peak 320.76M) | Time:00:00.85 | Mem:5.76M, Peak:9.93M | Scene, ViewLayer | Updating Mesh | Copying Mesh to device
Fra:81 Mem:230.90M (Peak 320.76M) | Time:00:00.85 | Mem:9.93M, Peak:9.93M | Scene, ViewLayer | Updating Objects Flags
Fra:81 Mem:230.90M (Peak 320.76M) | Time:00:00.93 | Mem:9.93M, Peak:9.93M | Scene, ViewLayer | Updating Primitive Offsets
Fra:81 Mem:230.90M (Peak 320.76M) | Time:00:00.93 | Mem:9.93M, Peak:9.93M | Scene, ViewLayer | Updating Images
Fra:81 Mem:228.28M (Peak 320.76M) | Time:00:00.93 | Mem:9.93M, Peak:9.93M | Scene, ViewLayer | Updating Images | Loading density
Fra:81 Mem:230.90M (Peak 320.76M) | Time:00:00.93 | Mem:9.93M, Peak:10.77M | Scene, ViewLayer | Updating Camera Volume
Fra:81 Mem:230.90M (Peak 320.76M) | Time:00:00.93 | Mem:9.93M, Peak:10.77M | Scene, ViewLayer | Updating Lookup Tables
Fra:81 Mem:230.90M (Peak 320.76M) | Time:00:00.93 | Mem:9.93M, Peak:10.77M | Scene, ViewLayer | Updating Lights
Fra:81 Mem:230.90M (Peak 320.76M) | Time:00:00.93 | Mem:9.93M, Peak:10.77M | Scene, ViewLayer | Updating Lights | Computing tree
Fra:81 Mem:230.90M (Peak 320.76M) | Time:00:00.93 | Mem:9.93M, Peak:10.77M | Scene, ViewLayer | Updating Integrator
Fra:81 Mem:230.90M (Peak 320.76M) | Time:00:00.93 | Mem:9.93M, Peak:10.77M | Scene, ViewLayer | Updating Film
Fra:81 Mem:230.90M (Peak 320.76M) | Time:00:00.93 | Mem:9.93M, Peak:10.77M | Scene, ViewLayer | Updating Lookup Tables
Fra:81 Mem:230.90M (Peak 320.76M) | Time:00:00.94 | Mem:9.93M, Peak:10.77M | Scene, ViewLayer | Updating Baking
Fra:81 Mem:230.90M (Peak 320.76M) | Time:00:00.94 | Mem:9.93M, Peak:10.77M | Scene, ViewLayer | Updating Device | Writing constant memory
Fra:81 Mem:230.90M (Peak 320.76M) | Time:00:00.94 | Mem:9.93M, Peak:10.77M | Scene, ViewLayer | Sample 0/24
Fra:81 Mem:230.90M (Peak 320.76M) | Time:00:01.94 | Remaining:00:23.01 | Mem:9.93M, Peak:10.77M | Scene, ViewLayer | Sample 1/24
Fra:81 Mem:230.90M (Peak 320.76M) | Time:00:02.86 | Remaining:00:21.19 | Mem:9.93M, Peak:10.77M | Scene, ViewLayer | Sample 2/24
Fra:81 Mem:266.50M (Peak 320.76M) | Time:00:22.19 | Mem:9.93M, Peak:10.77M | Scene, ViewLayer | Sample 24/24
Fra:81 Mem:266.50M (Peak 320.76M) | Time:00:22.19 | Mem:9.93M, Peak:10.77M | Scene, ViewLayer | Finished
Saved: 'C:\Work\domin8te-build\daysky\out\b\f0081.png'
Time: 00:22.42 (Saving: 00:00.22)

Fra:82 Mem:230.90M (Peak 320.76M) | Time:00:00.66 | Mem:9.93M, Peak:9.93M | Scene, ViewLayer | Synchronizing object | t0
Fra:82 Mem:232.11M (Peak 320.76M) | Time:00:00.66 | Mem:9.93M, Peak:9.93M | Scene, ViewLayer | Synchronizing object | main_vol
Fra:82 Mem:232.01M (Peak 320.76M) | Time:00:00.66 | Mem:9.93M, Peak:9.93M | Scene, ViewLayer | Synchronizing object | near_vol
Fra:82 Mem:230.73M (Peak 320.76M) | Time:00:00.66 | Mem:9.93M, Peak:9.93M | Scene, ViewLayer | Synchronizing object | t1
Fra:82 Mem:230.73M (Peak 320.76M) | Time:00:00.66 | Mem:9.93M, Peak:9.93M | Scene, ViewLayer | Initializing
Fra:82 Mem:230.73M (Peak 320.76M) | Time:00:00.66 | Mem:9.93M, Peak:9.93M | Scene, ViewLayer | Waiting for render to start
Fra:82 Mem:230.73M (Peak 320.76M) | Time:00:00.66 | Mem:9.93M, Peak:9.93M | Scene, ViewLayer | Updating Scene
Fra:82 Mem:230.73M (Peak 320.76M) | Time:00:00.66 | Mem:9.93M, Peak:9.93M | Scene, ViewLayer | Updating Shaders
Fra:82 Mem:230.73M (Peak 320.76M) | Time:00:00.66 | Mem:9.93M, Peak:9.93M | Scene, ViewLayer | Updating Background
Fra:82 Mem:230.73M (Peak 320.76M) | Time:00:00.66 | Mem:9.93M, Peak:9.93M | Scene, ViewLayer | Updating Camera
Fra:82 Mem:230.73M (Peak 320.76M) | Time:00:00.66 | Mem:9.93M, Peak:9.93M | Scene, ViewLayer | Updating Meshes Flags
Fra:82 Mem:230.73M (Peak 320.76M) | Time:00:00.66 | Mem:9.93M, Peak:9.93M | Scene, ViewLayer | Updating Meshes Volume Bounds
Fra:82 Mem:230.73M (Peak 320.76M) | Time:00:00.66 | Mem:9.93M, Peak:9.93M | Scene, ViewLayer | Updating Volume Images
Fra:82 Mem:230.73M (Peak 320.76M) | Time:00:00.66 | Mem:9.93M, Peak:9.93M | Scene, ViewLayer | Updating Mesh | Computing Volume Mesh main_vol
Fra:82 Mem:230.80M (Peak 320.76M) | Time:00:00.68 | Mem:9.93M, Peak:9.93M | Scene, ViewLayer | Updating Mesh | Computing Volume Mesh far_vol
Fra:82 Mem:230.83M (Peak 320.76M) | Time:00:00.69 | Mem:9.93M, Peak:9.93M | Scene, ViewLayer | Updating Mesh | Computing Volume Mesh near_vol
Fra:82 Mem:230.86M (Peak 320.76M) | Time:00:00.70 | Mem:9.93M, Peak:9.93M | Scene, ViewLayer | Updating Objects
Fra:82 Mem:230.86M (Peak 320.76M) | Time:00:00.70 | Mem:9.93M, Peak:9.93M | Scene, ViewLayer | Updating Objects | Copying Transformations to device
Fra:82 Mem:230.86M (Peak 320.76M) | Time:00:00.70 | Mem:9.93M, Peak:9.93M | Scene, ViewLayer | Updating Particle Systems
Fra:82 Mem:230.86M (Peak 320.76M) | Time:00:00.70 | Mem:9.93M, Peak:9.93M | Scene, ViewLayer | Updating Meshes
Fra:82 Mem:225.77M (Peak 320.76M) | Time:00:00.82 | Mem:4.80M, Peak:9.93M | Scene, ViewLayer | Updating Objects | Applying Static Transformations
Fra:82 Mem:225.77M (Peak 320.76M) | Time:00:00.82 | Mem:4.80M, Peak:9.93M | Scene, ViewLayer | Updating Mesh | Computing attributes
Fra:82 Mem:226.73M (Peak 320.76M) | Time:00:00.82 | Mem:4.80M, Peak:9.93M | Scene, ViewLayer | Updating Mesh | Copying Attributes to device
Fra:82 Mem:226.73M (Peak 320.76M) | Time:00:00.82 | Mem:5.76M, Peak:9.93M | Scene, ViewLayer | Updating Geometry BVH t1 6/5 | Building BVH
Fra:82 Mem:226.73M (Peak 320.76M) | Time:00:00.82 | Mem:5.76M, Peak:9.93M | Scene, ViewLayer | Updating Geometry BVH t1 6/5 | Building OptiX acceleration structure
Fra:82 Mem:228.61M (Peak 320.76M) | Time:00:00.83 | Mem:5.76M, Peak:9.93M | Scene, ViewLayer | Updating Geometry BVH main_vol 2/5 | Building BVH
Fra:82 Mem:228.61M (Peak 320.76M) | Time:00:00.85 | Mem:5.76M, Peak:9.93M | Scene, ViewLayer | Updating Geometry BVH far_vol 3/5 | Building BVH
Fra:82 Mem:228.61M (Peak 320.76M) | Time:00:00.86 | Mem:5.76M, Peak:9.93M | Scene, ViewLayer | Updating Geometry BVH far_vol 3/5 | Building OptiX acceleration structure
Fra:82 Mem:226.81M (Peak 320.76M) | Time:00:00.86 | Mem:5.76M, Peak:9.93M | Scene, ViewLayer | Updating Geometry BVH t0 5/5 | Building BVH
Fra:82 Mem:226.81M (Peak 320.76M) | Time:00:00.86 | Mem:5.76M, Peak:9.93M | Scene, ViewLayer | Updating Geometry BVH t0 5/5 | Building OptiX acceleration structure
Fra:82 Mem:227.73M (Peak 320.76M) | Time:00:00.86 | Mem:5.76M, Peak:9.93M | Scene, ViewLayer | Updating Geometry BVH near_vol 4/5 | Building BVH
Fra:82 Mem:227.73M (Peak 320.76M) | Time:00:00.87 | Mem:5.76M, Peak:9.93M | Scene, ViewLayer | Updating Geometry BVH near_vol 4/5 | Building OptiX acceleration structure
Fra:82 Mem:226.73M (Peak 320.76M) | Time:00:00.88 | Mem:5.76M, Peak:9.93M | Scene, ViewLayer | Updating Scene BVH | Building
Fra:82 Mem:226.73M (Peak 320.76M) | Time:00:00.88 | Mem:5.76M, Peak:9.93M | Scene, ViewLayer | Updating Scene BVH | Building OptiX acceleration structure
Fra:82 Mem:226.73M (Peak 320.76M) | Time:00:00.88 | Mem:5.76M, Peak:9.93M | Scene, ViewLayer | Updating Scene BVH | Building BVH
Fra:82 Mem:226.73M (Peak 320.76M) | Time:00:00.88 | Mem:5.76M, Peak:9.93M | Scene, ViewLayer | Updating Scene BVH | Building BVH 0%
Fra:82 Mem:226.73M (Peak 320.76M) | Time:00:00.97 | Mem:5.76M, Peak:9.93M | Scene, ViewLayer | Updating Scene BVH | Copying BVH to device
Fra:82 Mem:226.73M (Peak 320.76M) | Time:00:00.97 | Mem:5.76M, Peak:9.93M | Scene, ViewLayer | Updating Mesh | Computing normals
Fra:82 Mem:230.90M (Peak 320.76M) | Time:00:00.97 | Mem:5.76M, Peak:9.93M | Scene, ViewLayer | Updating Mesh | Copying Mesh to device
Fra:82 Mem:230.90M (Peak 320.76M) | Time:00:00.97 | Mem:9.93M, Peak:9.93M | Scene, ViewLayer | Updating Objects Flags
Fra:82 Mem:230.90M (Peak 320.76M) | Time:00:01.12 | Mem:9.93M, Peak:9.93M | Scene, ViewLayer | Updating Primitive Offsets
Fra:82 Mem:230.90M (Peak 320.76M) | Time:00:01.12 | Mem:9.93M, Peak:9.93M | Scene, ViewLayer | Updating Images
Fra:82 Mem:226.19M (Peak 320.76M) | Time:00:01.12 | Mem:5.22M, Peak:9.93M | Scene, ViewLayer | Updating Images | Loading density
Fra:82 Mem:230.90M (Peak 320.76M) | Time:00:01.13 | Mem:9.93M, Peak:9.93M | Scene, ViewLayer | Updating Camera Volume
Fra:82 Mem:230.90M (Peak 320.76M) | Time:00:01.13 | Mem:9.93M, Peak:9.93M | Scene, ViewLayer | Updating Lookup Tables
Fra:82 Mem:230.90M (Peak 320.76M) | Time:00:01.13 | Mem:9.93M, Peak:9.93M | Scene, ViewLayer | Updating Lights
Fra:82 Mem:230.90M (Peak 320.76M) | Time:00:01.13 | Mem:9.93M, Peak:9.93M | Scene, ViewLayer | Updating Lights | Computing tree
Fra:82 Mem:230.90M (Peak 320.76M) | Time:00:01.13 | Mem:9.93M, Peak:9.93M | Scene, ViewLayer | Updating Integrator
Fra:82 Mem:230.90M (Peak 320.76M) | Time:00:01.13 | Mem:9.93M, Peak:9.93M | Scene, ViewLayer | Updating Film
Fra:82 Mem:230.90M (Peak 320.76M) | Time:00:01.13 | Mem:9.93M, Peak:9.93M | Scene, ViewLayer | Updating Lookup Tables
Fra:82 Mem:230.90M (Peak 320.76M) | Time:00:01.13 | Mem:9.93M, Peak:9.93M | Scene, ViewLayer | Updating Baking
Fra:82 Mem:230.90M (Peak 320.76M) | Time:00:01.13 | Mem:9.93M, Peak:9.93M | Scene, ViewLayer | Updating Device | Writing constant memory
Fra:82 Mem:230.90M (Peak 320.76M) | Time:00:01.13 | Mem:9.93M, Peak:9.93M | Scene, ViewLayer | Sample 0/24
Fra:82 Mem:230.90M (Peak 320.76M) | Time:00:02.28 | Remaining:00:26.51 | Mem:9.93M, Peak:9.93M | Scene, ViewLayer | Sample 1/24
Fra:82 Mem:230.90M (Peak 320.76M) | Time:00:03.27 | Remaining:00:23.54 | Mem:9.93M, Peak:9.93M | Scene, ViewLayer | Sample 2/24
Fra:82 Mem:266.50M (Peak 320.76M) | Time:00:21.97 | Mem:9.93M, Peak:9.93M | Scene, ViewLayer | Sample 24/24
Fra:82 Mem:266.50M (Peak 320.76M) | Time:00:21.97 | Mem:9.93M, Peak:9.93M | Scene, ViewLayer | Finished
Saved: 'C:\Work\domin8te-build\daysky\out\b\f0082.png'
Time: 00:22.18 (Saving: 00:00.21)

Fra:83 Mem:230.90M (Peak 320.76M) | Time:00:00.64 | Mem:9.93M, Peak:9.93M | Scene, ViewLayer | Synchronizing object | t0
Fra:83 Mem:230.90M (Peak 320.76M) | Time:00:00.64 | Mem:9.93M, Peak:9.93M | Scene, ViewLayer | Synchronizing object | t1
Fra:83 Mem:233.22M (Peak 320.76M) | Time:00:00.64 | Mem:9.93M, Peak:9.93M | Scene, ViewLayer | Synchronizing object | main_vol
Fra:83 Mem:233.13M (Peak 320.76M) | Time:00:00.64 | Mem:9.93M, Peak:9.93M | Scene, ViewLayer | Synchronizing object | near_vol
Fra:83 Mem:230.73M (Peak 320.76M) | Time:00:00.65 | Mem:9.93M, Peak:9.93M | Scene, ViewLayer | Initializing
Fra:83 Mem:230.73M (Peak 320.76M) | Time:00:00.65 | Mem:9.93M, Peak:9.93M | Scene, ViewLayer | Waiting for render to start
Fra:83 Mem:230.73M (Peak 320.76M) | Time:00:00.65 | Mem:9.93M, Peak:9.93M | Scene, ViewLayer | Updating Scene
Fra:83 Mem:230.73M (Peak 320.76M) | Time:00:00.65 | Mem:9.93M, Peak:9.93M | Scene, ViewLayer | Updating Shaders
Fra:83 Mem:230.73M (Peak 320.76M) | Time:00:00.65 | Mem:9.93M, Peak:9.93M | Scene, ViewLayer | Updating Background
Fra:83 Mem:230.73M (Peak 320.76M) | Time:00:00.65 | Mem:9.93M, Peak:9.93M | Scene, ViewLayer | Updating Camera
Fra:83 Mem:230.73M (Peak 320.76M) | Time:00:00.65 | Mem:9.93M, Peak:9.93M | Scene, ViewLayer | Updating Meshes Flags
Fra:83 Mem:230.73M (Peak 320.76M) | Time:00:00.65 | Mem:9.93M, Peak:9.93M | Scene, ViewLayer | Updating Meshes Volume Bounds
Fra:83 Mem:230.73M (Peak 320.76M) | Time:00:00.65 | Mem:9.93M, Peak:9.93M | Scene, ViewLayer | Updating Volume Images
Fra:83 Mem:230.73M (Peak 320.76M) | Time:00:00.65 | Mem:9.93M, Peak:9.93M | Scene, ViewLayer | Updating Mesh | Computing Volume Mesh main_vol
Fra:83 Mem:230.80M (Peak 320.76M) | Time:00:00.67 | Mem:9.93M, Peak:9.93M | Scene, ViewLayer | Updating Mesh | Computing Volume Mesh far_vol
Fra:83 Mem:230.83M (Peak 320.76M) | Time:00:00.68 | Mem:9.93M, Peak:9.93M | Scene, ViewLayer | Updating Mesh | Computing Volume Mesh near_vol
Fra:83 Mem:230.86M (Peak 320.76M) | Time:00:00.68 | Mem:9.93M, Peak:9.93M | Scene, ViewLayer | Updating Objects
Fra:83 Mem:230.86M (Peak 320.76M) | Time:00:00.68 | Mem:9.93M, Peak:9.93M | Scene, ViewLayer | Updating Objects | Copying Transformations to device
Fra:83 Mem:230.86M (Peak 320.76M) | Time:00:00.68 | Mem:9.93M, Peak:9.93M | Scene, ViewLayer | Updating Particle Systems
Fra:83 Mem:230.86M (Peak 320.76M) | Time:00:00.68 | Mem:9.93M, Peak:9.93M | Scene, ViewLayer | Updating Meshes
Fra:83 Mem:225.77M (Peak 320.76M) | Time:00:00.69 | Mem:4.80M, Peak:9.93M | Scene, ViewLayer | Updating Objects | Applying Static Transformations
Fra:83 Mem:225.77M (Peak 320.76M) | Time:00:00.69 | Mem:4.80M, Peak:9.93M | Scene, ViewLayer | Updating Mesh | Computing attributes
Fra:83 Mem:226.73M (Peak 320.76M) | Time:00:00.69 | Mem:4.80M, Peak:9.93M | Scene, ViewLayer | Updating Mesh | Copying Attributes to device
Fra:83 Mem:226.73M (Peak 320.76M) | Time:00:00.69 | Mem:5.76M, Peak:9.93M | Scene, ViewLayer | Updating Geometry BVH main_vol 2/5 | Building BVH
Fra:83 Mem:226.73M (Peak 320.76M) | Time:00:00.69 | Mem:5.76M, Peak:9.93M | Scene, ViewLayer | Updating Geometry BVH t0 5/5 | Building BVH
Fra:83 Mem:226.73M (Peak 320.76M) | Time:00:00.69 | Mem:5.76M, Peak:9.93M | Scene, ViewLayer | Updating Geometry BVH t1 6/5 | Building BVH
Fra:83 Mem:226.73M (Peak 320.76M) | Time:00:00.69 | Mem:5.76M, Peak:9.93M | Scene, ViewLayer | Updating Geometry BVH t1 6/5 | Building OptiX acceleration structure
Fra:83 Mem:226.73M (Peak 320.76M) | Time:00:00.70 | Mem:5.76M, Peak:9.93M | Scene, ViewLayer | Updating Scene BVH | Building
Fra:83 Mem:226.73M (Peak 320.76M) | Time:00:00.70 | Mem:5.76M, Peak:9.93M | Scene, ViewLayer | Updating Scene BVH | Building OptiX acceleration structure
Fra:83 Mem:226.73M (Peak 320.76M) | Time:00:00.70 | Mem:5.76M, Peak:9.93M | Scene, ViewLayer | Updating Scene BVH | Building BVH
Fra:83 Mem:226.73M (Peak 320.76M) | Time:00:00.70 | Mem:5.76M, Peak:9.93M | Scene, ViewLayer | Updating Scene BVH | Building BVH 0%
Fra:83 Mem:226.73M (Peak 320.76M) | Time:00:00.79 | Mem:5.76M, Peak:9.93M | Scene, ViewLayer | Updating Scene BVH | Copying BVH to device
Fra:83 Mem:226.73M (Peak 320.76M) | Time:00:00.79 | Mem:5.76M, Peak:9.93M | Scene, ViewLayer | Updating Mesh | Computing normals
Fra:83 Mem:230.90M (Peak 320.76M) | Time:00:00.79 | Mem:5.76M, Peak:9.93M | Scene, ViewLayer | Updating Mesh | Copying Mesh to device
Fra:83 Mem:230.90M (Peak 320.76M) | Time:00:00.79 | Mem:9.93M, Peak:9.93M | Scene, ViewLayer | Updating Objects Flags
Fra:83 Mem:230.90M (Peak 320.76M) | Time:00:01.10 | Mem:9.93M, Peak:9.93M | Scene, ViewLayer | Updating Primitive Offsets
Fra:83 Mem:230.90M (Peak 320.76M) | Time:00:01.10 | Mem:9.93M, Peak:9.93M | Scene, ViewLayer | Updating Images
Fra:83 Mem:228.28M (Peak 320.76M) | Time:00:01.10 | Mem:9.93M, Peak:9.93M | Scene, ViewLayer | Updating Images | Loading density
Fra:83 Mem:230.90M (Peak 320.76M) | Time:00:01.10 | Mem:9.93M, Peak:10.77M | Scene, ViewLayer | Updating Camera Volume
Fra:83 Mem:230.90M (Peak 320.76M) | Time:00:01.10 | Mem:9.93M, Peak:10.77M | Scene, ViewLayer | Updating Lookup Tables
Fra:83 Mem:230.90M (Peak 320.76M) | Time:00:01.10 | Mem:9.93M, Peak:10.77M | Scene, ViewLayer | Updating Lights
Fra:83 Mem:230.90M (Peak 320.76M) | Time:00:01.10 | Mem:9.93M, Peak:10.77M | Scene, ViewLayer | Updating Lights | Computing tree
Fra:83 Mem:230.90M (Peak 320.76M) | Time:00:01.10 | Mem:9.93M, Peak:10.77M | Scene, ViewLayer | Updating Integrator
Fra:83 Mem:230.90M (Peak 320.76M) | Time:00:01.10 | Mem:9.93M, Peak:10.77M | Scene, ViewLayer | Updating Film
Fra:83 Mem:230.90M (Peak 320.76M) | Time:00:01.10 | Mem:9.93M, Peak:10.77M | Scene, ViewLayer | Updating Lookup Tables
Fra:83 Mem:230.90M (Peak 320.76M) | Time:00:01.10 | Mem:9.93M, Peak:10.77M | Scene, ViewLayer | Updating Baking
Fra:83 Mem:230.90M (Peak 320.76M) | Time:00:01.10 | Mem:9.93M, Peak:10.77M | Scene, ViewLayer | Updating Device | Writing constant memory
Fra:83 Mem:230.90M (Peak 320.76M) | Time:00:01.10 | Mem:9.93M, Peak:10.77M | Scene, ViewLayer | Sample 0/24
Fra:83 Mem:230.90M (Peak 320.76M) | Time:00:02.22 | Remaining:00:25.65 | Mem:9.93M, Peak:10.77M | Scene, ViewLayer | Sample 1/24
Fra:83 Mem:230.90M (Peak 320.76M) | Time:00:03.23 | Remaining:00:23.34 | Mem:9.93M, Peak:10.77M | Scene, ViewLayer | Sample 2/24
Fra:83 Mem:266.50M (Peak 320.76M) | Time:00:21.27 | Mem:9.93M, Peak:10.77M | Scene, ViewLayer | Sample 24/24
Fra:83 Mem:266.50M (Peak 320.76M) | Time:00:21.27 | Mem:9.93M, Peak:10.77M | Scene, ViewLayer | Finished
Saved: 'C:\Work\domin8te-build\daysky\out\b\f0083.png'
Time: 00:21.53 (Saving: 00:00.25)

Fra:84 Mem:230.90M (Peak 320.76M) | Time:00:00.67 | Mem:9.93M, Peak:9.93M | Scene, ViewLayer | Synchronizing object | t0
Fra:84 Mem:230.90M (Peak 320.76M) | Time:00:00.67 | Mem:9.93M, Peak:9.93M | Scene, ViewLayer | Synchronizing object | t1
Fra:84 Mem:234.89M (Peak 320.76M) | Time:00:00.67 | Mem:9.93M, Peak:9.93M | Scene, ViewLayer | Synchronizing object | main_vol
Fra:84 Mem:234.80M (Peak 320.76M) | Time:00:00.67 | Mem:9.93M, Peak:9.93M | Scene, ViewLayer | Synchronizing object | far_vol
Fra:84 Mem:234.75M (Peak 320.76M) | Time:00:00.67 | Mem:9.93M, Peak:9.93M | Scene, ViewLayer | Synchronizing object | near_vol
Fra:84 Mem:230.73M (Peak 320.76M) | Time:00:00.67 | Mem:9.93M, Peak:9.93M | Scene, ViewLayer | Initializing
Fra:84 Mem:230.73M (Peak 320.76M) | Time:00:00.67 | Mem:9.93M, Peak:9.93M | Scene, ViewLayer | Waiting for render to start
Fra:84 Mem:230.73M (Peak 320.76M) | Time:00:00.67 | Mem:9.93M, Peak:9.93M | Scene, ViewLayer | Updating Scene
Fra:84 Mem:230.73M (Peak 320.76M) | Time:00:00.67 | Mem:9.93M, Peak:9.93M | Scene, ViewLayer | Updating Shaders
Fra:84 Mem:230.73M (Peak 320.76M) | Time:00:00.67 | Mem:9.93M, Peak:9.93M | Scene, ViewLayer | Updating Background
Fra:84 Mem:230.73M (Peak 320.76M) | Time:00:00.67 | Mem:9.93M, Peak:9.93M | Scene, ViewLayer | Updating Camera
Fra:84 Mem:230.73M (Peak 320.76M) | Time:00:00.67 | Mem:9.93M, Peak:9.93M | Scene, ViewLayer | Updating Meshes Flags
Fra:84 Mem:230.73M (Peak 320.76M) | Time:00:00.67 | Mem:9.93M, Peak:9.93M | Scene, ViewLayer | Updating Meshes Volume Bounds
Fra:84 Mem:230.73M (Peak 320.76M) | Time:00:00.67 | Mem:9.93M, Peak:9.93M | Scene, ViewLayer | Updating Volume Images
Fra:84 Mem:230.73M (Peak 320.76M) | Time:00:00.67 | Mem:9.93M, Peak:9.93M | Scene, ViewLayer | Updating Mesh | Computing Volume Mesh main_vol
Fra:84 Mem:230.80M (Peak 320.76M) | Time:00:00.70 | Mem:9.93M, Peak:9.93M | Scene, ViewLayer | Updating Mesh | Computing Volume Mesh far_vol
Fra:84 Mem:230.83M (Peak 320.76M) | Time:00:00.74 | Mem:9.93M, Peak:9.93M | Scene, ViewLayer | Updating Mesh | Computing Volume Mesh near_vol
Fra:84 Mem:230.86M (Peak 320.76M) | Time:00:00.75 | Mem:9.93M, Peak:9.93M | Scene, ViewLayer | Updating Objects
Fra:84 Mem:230.86M (Peak 320.76M) | Time:00:00.75 | Mem:9.93M, Peak:9.93M | Scene, ViewLayer | Updating Objects | Copying Transformations to device
Fra:84 Mem:230.86M (Peak 320.76M) | Time:00:00.75 | Mem:9.93M, Peak:9.93M | Scene, ViewLayer | Updating Particle Systems
Fra:84 Mem:230.86M (Peak 320.76M) | Time:00:00.75 | Mem:9.93M, Peak:9.93M | Scene, ViewLayer | Updating Meshes
Fra:84 Mem:225.77M (Peak 320.76M) | Time:00:00.75 | Mem:4.80M, Peak:9.93M | Scene, ViewLayer | Updating Objects | Applying Static Transformations
Fra:84 Mem:225.77M (Peak 320.76M) | Time:00:00.75 | Mem:4.80M, Peak:9.93M | Scene, ViewLayer | Updating Mesh | Computing attributes
Fra:84 Mem:226.73M (Peak 320.76M) | Time:00:00.75 | Mem:4.80M, Peak:9.93M | Scene, ViewLayer | Updating Mesh | Copying Attributes to device
Fra:84 Mem:226.73M (Peak 320.76M) | Time:00:00.75 | Mem:5.76M, Peak:9.93M | Scene, ViewLayer | Updating Geometry BVH t1 6/5 | Building BVH
Fra:84 Mem:226.73M (Peak 320.76M) | Time:00:00.75 | Mem:5.76M, Peak:9.93M | Scene, ViewLayer | Updating Geometry BVH main_vol 2/5 | Building BVH
Fra:84 Mem:226.73M (Peak 320.76M) | Time:00:00.75 | Mem:5.76M, Peak:9.93M | Scene, ViewLayer | Updating Geometry BVH main_vol 2/5 | Building OptiX acceleration structure
Fra:84 Mem:228.61M (Peak 320.76M) | Time:00:00.75 | Mem:5.76M, Peak:9.93M | Scene, ViewLayer | Updating Geometry BVH far_vol 3/5 | Building BVH
Fra:84 Mem:228.61M (Peak 320.76M) | Time:00:00.75 | Mem:5.76M, Peak:9.93M | Scene, ViewLayer | Updating Geometry BVH far_vol 3/5 | Building OptiX acceleration structure
Fra:84 Mem:228.64M (Peak 320.76M) | Time:00:00.75 | Mem:5.76M, Peak:9.93M | Scene, ViewLayer | Updating Geometry BVH near_vol 4/5 | Building BVH
Fra:84 Mem:228.64M (Peak 320.76M) | Time:00:00.75 | Mem:5.76M, Peak:9.93M | Scene, ViewLayer | Updating Geometry BVH near_vol 4/5 | Building OptiX acceleration structure
Fra:84 Mem:228.66M (Peak 320.76M) | Time:00:00.75 | Mem:5.76M, Peak:9.93M | Scene, ViewLayer | Updating Geometry BVH t0 5/5 | Building BVH
Fra:84 Mem:228.66M (Peak 320.76M) | Time:00:00.75 | Mem:5.76M, Peak:9.93M | Scene, ViewLayer | Updating Geometry BVH t0 5/5 | Building OptiX acceleration structure
Fra:84 Mem:226.73M (Peak 320.76M) | Time:00:00.76 | Mem:5.76M, Peak:9.93M | Scene, ViewLayer | Updating Scene BVH | Building
Fra:84 Mem:226.73M (Peak 320.76M) | Time:00:00.76 | Mem:5.76M, Peak:9.93M | Scene, ViewLayer | Updating Scene BVH | Building OptiX acceleration structure
Fra:84 Mem:226.73M (Peak 320.76M) | Time:00:00.76 | Mem:5.76M, Peak:9.93M | Scene, ViewLayer | Updating Scene BVH | Building BVH
Fra:84 Mem:226.73M (Peak 320.76M) | Time:00:00.76 | Mem:5.76M, Peak:9.93M | Scene, ViewLayer | Updating Scene BVH | Building BVH 0%
Fra:84 Mem:226.73M (Peak 320.76M) | Time:00:00.79 | Mem:5.76M, Peak:9.93M | Scene, ViewLayer | Updating Scene BVH | Copying BVH to device
Fra:84 Mem:226.73M (Peak 320.76M) | Time:00:00.79 | Mem:5.76M, Peak:9.93M | Scene, ViewLayer | Updating Mesh | Computing normals
Fra:84 Mem:230.90M (Peak 320.76M) | Time:00:00.80 | Mem:5.76M, Peak:9.93M | Scene, ViewLayer | Updating Mesh | Copying Mesh to device
Fra:84 Mem:230.90M (Peak 320.76M) | Time:00:00.81 | Mem:9.93M, Peak:9.93M | Scene, ViewLayer | Updating Objects Flags
Fra:84 Mem:230.90M (Peak 320.76M) | Time:00:00.94 | Mem:9.93M, Peak:9.93M | Scene, ViewLayer | Updating Primitive Offsets
Fra:84 Mem:230.90M (Peak 320.76M) | Time:00:00.94 | Mem:9.93M, Peak:9.93M | Scene, ViewLayer | Updating Images
Fra:84 Mem:226.19M (Peak 320.76M) | Time:00:00.94 | Mem:5.22M, Peak:9.93M | Scene, ViewLayer | Updating Images | Loading density
Fra:84 Mem:230.90M (Peak 320.76M) | Time:00:00.95 | Mem:9.93M, Peak:9.93M | Scene, ViewLayer | Updating Camera Volume
Fra:84 Mem:230.90M (Peak 320.76M) | Time:00:00.95 | Mem:9.93M, Peak:9.93M | Scene, ViewLayer | Updating Lookup Tables
Fra:84 Mem:230.90M (Peak 320.76M) | Time:00:00.95 | Mem:9.93M, Peak:9.93M | Scene, ViewLayer | Updating Lights
Fra:84 Mem:230.90M (Peak 320.76M) | Time:00:00.95 | Mem:9.93M, Peak:9.93M | Scene, ViewLayer | Updating Lights | Computing tree
Fra:84 Mem:230.90M (Peak 320.76M) | Time:00:00.95 | Mem:9.93M, Peak:9.93M | Scene, ViewLayer | Updating Integrator
Fra:84 Mem:230.90M (Peak 320.76M) | Time:00:00.95 | Mem:9.93M, Peak:9.93M | Scene, ViewLayer | Updating Film
Fra:84 Mem:230.90M (Peak 320.76M) | Time:00:00.95 | Mem:9.93M, Peak:9.93M | Scene, ViewLayer | Updating Lookup Tables
Fra:84 Mem:230.90M (Peak 320.76M) | Time:00:00.95 | Mem:9.93M, Peak:9.93M | Scene, ViewLayer | Updating Baking
Fra:84 Mem:230.90M (Peak 320.76M) | Time:00:00.95 | Mem:9.93M, Peak:9.93M | Scene, ViewLayer | Updating Device | Writing constant memory
Fra:84 Mem:230.90M (Peak 320.76M) | Time:00:00.95 | Mem:9.93M, Peak:9.93M | Scene, ViewLayer | Sample 0/24
Fra:84 Mem:230.90M (Peak 320.76M) | Time:00:01.90 | Remaining:00:21.83 | Mem:9.93M, Peak:9.93M | Scene, ViewLayer | Sample 1/24
Fra:84 Mem:230.90M (Peak 320.76M) | Time:00:02.79 | Remaining:00:20.28 | Mem:9.93M, Peak:9.93M | Scene, ViewLayer | Sample 2/24
Fra:84 Mem:266.50M (Peak 320.76M) | Time:00:25.34 | Mem:9.93M, Peak:9.93M | Scene, ViewLayer | Sample 24/24
Fra:84 Mem:266.50M (Peak 320.76M) | Time:00:25.34 | Mem:9.93M, Peak:9.93M | Scene, ViewLayer | Finished
Saved: 'C:\Work\domin8te-build\daysky\out\b\f0084.png'
Time: 00:25.53 (Saving: 00:00.19)

Fra:85 Mem:230.90M (Peak 320.76M) | Time:00:00.92 | Mem:9.93M, Peak:9.93M | Scene, ViewLayer | Synchronizing object | main_vol
Fra:85 Mem:230.81M (Peak 320.76M) | Time:00:00.92 | Mem:9.93M, Peak:9.93M | Scene, ViewLayer | Synchronizing object | t0
Fra:85 Mem:230.73M (Peak 320.76M) | Time:00:00.92 | Mem:9.93M, Peak:9.93M | Scene, ViewLayer | Synchronizing object | t1
Fra:85 Mem:230.73M (Peak 320.76M) | Time:00:00.92 | Mem:9.93M, Peak:9.93M | Scene, ViewLayer | Initializing
Fra:85 Mem:230.73M (Peak 320.76M) | Time:00:00.92 | Mem:9.93M, Peak:9.93M | Scene, ViewLayer | Waiting for render to start
Fra:85 Mem:230.73M (Peak 320.76M) | Time:00:00.92 | Mem:9.93M, Peak:9.93M | Scene, ViewLayer | Updating Scene
Fra:85 Mem:230.73M (Peak 320.76M) | Time:00:00.92 | Mem:9.93M, Peak:9.93M | Scene, ViewLayer | Updating Shaders
Fra:85 Mem:230.73M (Peak 320.76M) | Time:00:00.92 | Mem:9.93M, Peak:9.93M | Scene, ViewLayer | Updating Background
Fra:85 Mem:230.73M (Peak 320.76M) | Time:00:00.92 | Mem:9.93M, Peak:9.93M | Scene, ViewLayer | Updating Camera
Fra:85 Mem:230.73M (Peak 320.76M) | Time:00:00.92 | Mem:9.93M, Peak:9.93M | Scene, ViewLayer | Updating Meshes Flags
Fra:85 Mem:230.73M (Peak 320.76M) | Time:00:00.92 | Mem:9.93M, Peak:9.93M | Scene, ViewLayer | Updating Meshes Volume Bounds
Fra:85 Mem:230.73M (Peak 320.76M) | Time:00:00.92 | Mem:9.93M, Peak:9.93M | Scene, ViewLayer | Updating Volume Images
Fra:85 Mem:230.73M (Peak 320.76M) | Time:00:00.92 | Mem:9.93M, Peak:9.93M | Scene, ViewLayer | Updating Mesh | Computing Volume Mesh main_vol
Fra:85 Mem:230.80M (Peak 320.76M) | Time:00:00.94 | Mem:9.93M, Peak:9.93M | Scene, ViewLayer | Updating Mesh | Computing Volume Mesh far_vol
Fra:85 Mem:230.83M (Peak 320.76M) | Time:00:00.95 | Mem:9.93M, Peak:9.93M | Scene, ViewLayer | Updating Mesh | Computing Volume Mesh near_vol
Fra:85 Mem:230.86M (Peak 320.76M) | Time:00:00.95 | Mem:9.93M, Peak:9.93M | Scene, ViewLayer | Updating Objects
Fra:85 Mem:230.86M (Peak 320.76M) | Time:00:00.95 | Mem:9.93M, Peak:9.93M | Scene, ViewLayer | Updating Objects | Copying Transformations to device
Fra:85 Mem:230.86M (Peak 320.76M) | Time:00:00.95 | Mem:9.93M, Peak:9.93M | Scene, ViewLayer | Updating Particle Systems
Fra:85 Mem:230.86M (Peak 320.76M) | Time:00:00.95 | Mem:9.93M, Peak:9.93M | Scene, ViewLayer | Updating Meshes
Fra:85 Mem:225.77M (Peak 320.76M) | Time:00:00.97 | Mem:4.80M, Peak:9.93M | Scene, ViewLayer | Updating Objects | Applying Static Transformations
Fra:85 Mem:225.77M (Peak 320.76M) | Time:00:00.97 | Mem:4.80M, Peak:9.93M | Scene, ViewLayer | Updating Mesh | Computing attributes
Fra:85 Mem:226.73M (Peak 320.76M) | Time:00:00.97 | Mem:4.80M, Peak:9.93M | Scene, ViewLayer | Updating Mesh | Copying Attributes to device
Fra:85 Mem:226.73M (Peak 320.76M) | Time:00:00.97 | Mem:5.76M, Peak:9.93M | Scene, ViewLayer | Updating Geometry BVH main_vol 2/5 | Building BVH
Fra:85 Mem:226.73M (Peak 320.76M) | Time:00:00.97 | Mem:5.76M, Peak:9.93M | Scene, ViewLayer | Updating Geometry BVH t0 5/5 | Building BVH
Fra:85 Mem:226.73M (Peak 320.76M) | Time:00:00.97 | Mem:5.76M, Peak:9.93M | Scene, ViewLayer | Updating Geometry BVH t1 6/5 | Building OptiX acceleration structure
Fra:85 Mem:226.73M (Peak 320.76M) | Time:00:00.99 | Mem:5.76M, Peak:9.93M | Scene, ViewLayer | Updating Scene BVH | Building
Fra:85 Mem:226.73M (Peak 320.76M) | Time:00:00.99 | Mem:5.76M, Peak:9.93M | Scene, ViewLayer | Updating Scene BVH | Building OptiX acceleration structure
Fra:85 Mem:226.73M (Peak 320.76M) | Time:00:00.99 | Mem:5.76M, Peak:9.93M | Scene, ViewLayer | Updating Scene BVH | Building BVH
Fra:85 Mem:226.73M (Peak 320.76M) | Time:00:00.99 | Mem:5.76M, Peak:9.93M | Scene, ViewLayer | Updating Scene BVH | Building BVH 0%
Fra:85 Mem:226.73M (Peak 320.76M) | Time:00:01.00 | Mem:5.76M, Peak:9.93M | Scene, ViewLayer | Updating Scene BVH | Copying BVH to device
Fra:85 Mem:226.73M (Peak 320.76M) | Time:00:01.00 | Mem:5.76M, Peak:9.93M | Scene, ViewLayer | Updating Mesh | Computing normals
Fra:85 Mem:230.90M (Peak 320.76M) | Time:00:01.02 | Mem:5.76M, Peak:9.93M | Scene, ViewLayer | Updating Mesh | Copying Mesh to device
Fra:85 Mem:230.90M (Peak 320.76M) | Time:00:01.02 | Mem:9.93M, Peak:9.93M | Scene, ViewLayer | Updating Objects Flags
Fra:85 Mem:230.90M (Peak 320.76M) | Time:00:02.41 | Mem:9.93M, Peak:9.93M | Scene, ViewLayer | Updating Primitive Offsets
Fra:85 Mem:230.90M (Peak 320.76M) | Time:00:02.41 | Mem:9.93M, Peak:9.93M | Scene, ViewLayer | Updating Images
Fra:85 Mem:228.28M (Peak 320.76M) | Time:00:02.43 | Mem:9.93M, Peak:9.93M | Scene, ViewLayer | Updating Images | Loading density
Fra:85 Mem:230.90M (Peak 320.76M) | Time:00:02.47 | Mem:9.93M, Peak:10.77M | Scene, ViewLayer | Updating Camera Volume
Fra:85 Mem:230.90M (Peak 320.76M) | Time:00:02.47 | Mem:9.93M, Peak:10.77M | Scene, ViewLayer | Updating Lookup Tables
Fra:85 Mem:230.90M (Peak 320.76M) | Time:00:02.47 | Mem:9.93M, Peak:10.77M | Scene, ViewLayer | Updating Lights
Fra:85 Mem:230.90M (Peak 320.76M) | Time:00:02.47 | Mem:9.93M, Peak:10.77M | Scene, ViewLayer | Updating Lights | Computing tree
Fra:85 Mem:230.90M (Peak 320.76M) | Time:00:02.47 | Mem:9.93M, Peak:10.77M | Scene, ViewLayer | Updating Integrator
Fra:85 Mem:230.90M (Peak 320.76M) | Time:00:02.47 | Mem:9.93M, Peak:10.77M | Scene, ViewLayer | Updating Film
Fra:85 Mem:230.90M (Peak 320.76M) | Time:00:02.47 | Mem:9.93M, Peak:10.77M | Scene, ViewLayer | Updating Lookup Tables
Fra:85 Mem:230.90M (Peak 320.76M) | Time:00:02.47 | Mem:9.93M, Peak:10.77M | Scene, ViewLayer | Updating Baking
Fra:85 Mem:230.90M (Peak 320.76M) | Time:00:02.47 | Mem:9.93M, Peak:10.77M | Scene, ViewLayer | Updating Device | Writing constant memory
Fra:85 Mem:230.90M (Peak 320.76M) | Time:00:02.47 | Mem:9.93M, Peak:10.77M | Scene, ViewLayer | Sample 0/24
Fra:85 Mem:230.90M (Peak 320.76M) | Time:00:04.07 | Remaining:00:36.96 | Mem:9.93M, Peak:10.77M | Scene, ViewLayer | Sample 1/24
Fra:85 Mem:230.90M (Peak 320.76M) | Time:00:05.18 | Remaining:00:29.84 | Mem:9.93M, Peak:10.77M | Scene, ViewLayer | Sample 2/24
Fra:85 Mem:230.90M (Peak 320.76M) | Time:00:22.42 | Remaining:00:06.65 | Mem:9.93M, Peak:10.77M | Scene, ViewLayer | Sample 18/24
Fra:85 Mem:266.50M (Peak 320.76M) | Time:00:27.76 | Mem:9.93M, Peak:10.77M | Scene, ViewLayer | Sample 24/24
Fra:85 Mem:266.50M (Peak 320.76M) | Time:00:27.76 | Mem:9.93M, Peak:10.77M | Scene, ViewLayer | Finished
Saved: 'C:\Work\domin8te-build\daysky\out\b\f0085.png'
Time: 00:28.11 (Saving: 00:00.35)

Fra:86 Mem:230.90M (Peak 320.76M) | Time:00:00.75 | Mem:9.93M, Peak:9.93M | Scene, ViewLayer | Synchronizing object | t0
Fra:86 Mem:230.90M (Peak 320.76M) | Time:00:00.75 | Mem:9.93M, Peak:9.93M | Scene, ViewLayer | Synchronizing object | t1
Fra:86 Mem:234.06M (Peak 320.76M) | Time:00:00.75 | Mem:9.93M, Peak:9.93M | Scene, ViewLayer | Synchronizing object | main_vol
Fra:86 Mem:234.80M (Peak 320.76M) | Time:00:00.75 | Mem:9.93M, Peak:9.93M | Scene, ViewLayer | Synchronizing object | far_vol
Fra:86 Mem:234.75M (Peak 320.76M) | Time:00:00.75 | Mem:9.93M, Peak:9.93M | Scene, ViewLayer | Synchronizing object | near_vol
Fra:86 Mem:230.73M (Peak 320.76M) | Time:00:00.75 | Mem:9.93M, Peak:9.93M | Scene, ViewLayer | Initializing
Fra:86 Mem:230.73M (Peak 320.76M) | Time:00:00.75 | Mem:9.93M, Peak:9.93M | Scene, ViewLayer | Waiting for render to start
Fra:86 Mem:230.73M (Peak 320.76M) | Time:00:00.75 | Mem:9.93M, Peak:9.93M | Scene, ViewLayer | Updating Scene
Fra:86 Mem:230.73M (Peak 320.76M) | Time:00:00.75 | Mem:9.93M, Peak:9.93M | Scene, ViewLayer | Updating Shaders
Fra:86 Mem:230.73M (Peak 320.76M) | Time:00:00.75 | Mem:9.93M, Peak:9.93M | Scene, ViewLayer | Updating Background
Fra:86 Mem:230.73M (Peak 320.76M) | Time:00:00.75 | Mem:9.93M, Peak:9.93M | Scene, ViewLayer | Updating Camera
Fra:86 Mem:230.73M (Peak 320.76M) | Time:00:00.75 | Mem:9.93M, Peak:9.93M | Scene, ViewLayer | Updating Meshes Flags
Fra:86 Mem:230.73M (Peak 320.76M) | Time:00:00.75 | Mem:9.93M, Peak:9.93M | Scene, ViewLayer | Updating Meshes Volume Bounds
Fra:86 Mem:230.73M (Peak 320.76M) | Time:00:00.75 | Mem:9.93M, Peak:9.93M | Scene, ViewLayer | Updating Volume Images
Fra:86 Mem:230.73M (Peak 320.76M) | Time:00:00.75 | Mem:9.93M, Peak:9.93M | Scene, ViewLayer | Updating Mesh | Computing Volume Mesh main_vol
Fra:86 Mem:230.80M (Peak 320.76M) | Time:00:00.78 | Mem:9.93M, Peak:9.93M | Scene, ViewLayer | Updating Mesh | Computing Volume Mesh far_vol
Fra:86 Mem:230.83M (Peak 320.76M) | Time:00:00.79 | Mem:9.93M, Peak:9.93M | Scene, ViewLayer | Updating Mesh | Computing Volume Mesh near_vol
Fra:86 Mem:230.86M (Peak 320.76M) | Time:00:00.79 | Mem:9.93M, Peak:9.93M | Scene, ViewLayer | Updating Objects
Fra:86 Mem:230.86M (Peak 320.76M) | Time:00:00.79 | Mem:9.93M, Peak:9.93M | Scene, ViewLayer | Updating Objects | Copying Transformations to device
Fra:86 Mem:230.86M (Peak 320.76M) | Time:00:00.79 | Mem:9.93M, Peak:9.93M | Scene, ViewLayer | Updating Particle Systems
Fra:86 Mem:230.86M (Peak 320.76M) | Time:00:00.79 | Mem:9.93M, Peak:9.93M | Scene, ViewLayer | Updating Meshes
Fra:86 Mem:225.77M (Peak 320.76M) | Time:00:00.79 | Mem:4.80M, Peak:9.93M | Scene, ViewLayer | Updating Objects | Applying Static Transformations
Fra:86 Mem:225.77M (Peak 320.76M) | Time:00:00.80 | Mem:4.80M, Peak:9.93M | Scene, ViewLayer | Updating Mesh | Computing attributes
Fra:86 Mem:226.73M (Peak 320.76M) | Time:00:00.80 | Mem:4.80M, Peak:9.93M | Scene, ViewLayer | Updating Mesh | Copying Attributes to device
Fra:86 Mem:226.73M (Peak 320.76M) | Time:00:00.80 | Mem:5.76M, Peak:9.93M | Scene, ViewLayer | Updating Geometry BVH t1 6/5 | Building BVH
Fra:86 Mem:226.73M (Peak 320.76M) | Time:00:00.80 | Mem:5.76M, Peak:9.93M | Scene, ViewLayer | Updating Geometry BVH main_vol 2/5 | Building BVH
Fra:86 Mem:226.73M (Peak 320.76M) | Time:00:00.80 | Mem:5.76M, Peak:9.93M | Scene, ViewLayer | Updating Geometry BVH far_vol 3/5 | Building BVH
Fra:86 Mem:226.73M (Peak 320.76M) | Time:00:00.80 | Mem:5.76M, Peak:9.93M | Scene, ViewLayer | Updating Geometry BVH near_vol 4/5 | Building BVH
Fra:86 Mem:226.73M (Peak 320.76M) | Time:00:00.80 | Mem:5.76M, Peak:9.93M | Scene, ViewLayer | Updating Geometry BVH near_vol 4/5 | Building OptiX acceleration structure
Fra:86 Mem:228.66M (Peak 320.76M) | Time:00:00.80 | Mem:5.76M, Peak:9.93M | Scene, ViewLayer | Updating Geometry BVH t0 5/5 | Building BVH
Fra:86 Mem:228.66M (Peak 320.76M) | Time:00:00.80 | Mem:5.76M, Peak:9.93M | Scene, ViewLayer | Updating Geometry BVH t0 5/5 | Building OptiX acceleration structure
Fra:86 Mem:226.73M (Peak 320.76M) | Time:00:00.81 | Mem:5.76M, Peak:9.93M | Scene, ViewLayer | Updating Scene BVH | Building
Fra:86 Mem:226.73M (Peak 320.76M) | Time:00:00.81 | Mem:5.76M, Peak:9.93M | Scene, ViewLayer | Updating Scene BVH | Building OptiX acceleration structure
Fra:86 Mem:226.73M (Peak 320.76M) | Time:00:00.81 | Mem:5.76M, Peak:9.93M | Scene, ViewLayer | Updating Scene BVH | Building BVH
Fra:86 Mem:226.73M (Peak 320.76M) | Time:00:00.81 | Mem:5.76M, Peak:9.93M | Scene, ViewLayer | Updating Scene BVH | Building BVH 0%
Fra:86 Mem:226.73M (Peak 320.76M) | Time:00:00.85 | Mem:5.76M, Peak:9.93M | Scene, ViewLayer | Updating Scene BVH | Copying BVH to device
Fra:86 Mem:226.73M (Peak 320.76M) | Time:00:00.85 | Mem:5.76M, Peak:9.93M | Scene, ViewLayer | Updating Mesh | Computing normals
Fra:86 Mem:230.90M (Peak 320.76M) | Time:00:00.86 | Mem:5.76M, Peak:9.93M | Scene, ViewLayer | Updating Mesh | Copying Mesh to device
Fra:86 Mem:230.90M (Peak 320.76M) | Time:00:00.86 | Mem:9.93M, Peak:9.93M | Scene, ViewLayer | Updating Objects Flags
Fra:86 Mem:230.90M (Peak 320.76M) | Time:00:00.91 | Mem:9.93M, Peak:9.93M | Scene, ViewLayer | Updating Primitive Offsets
Fra:86 Mem:230.90M (Peak 320.76M) | Time:00:00.91 | Mem:9.93M, Peak:9.93M | Scene, ViewLayer | Updating Images
Fra:86 Mem:226.19M (Peak 320.76M) | Time:00:00.91 | Mem:5.22M, Peak:9.93M | Scene, ViewLayer | Updating Images | Loading density
Fra:86 Mem:230.90M (Peak 320.76M) | Time:00:00.91 | Mem:9.93M, Peak:9.93M | Scene, ViewLayer | Updating Camera Volume
Fra:86 Mem:230.90M (Peak 320.76M) | Time:00:00.91 | Mem:9.93M, Peak:9.93M | Scene, ViewLayer | Updating Lookup Tables
Fra:86 Mem:230.90M (Peak 320.76M) | Time:00:00.91 | Mem:9.93M, Peak:9.93M | Scene, ViewLayer | Updating Lights
Fra:86 Mem:230.90M (Peak 320.76M) | Time:00:00.91 | Mem:9.93M, Peak:9.93M | Scene, ViewLayer | Updating Lights | Computing tree
Fra:86 Mem:230.90M (Peak 320.76M) | Time:00:00.91 | Mem:9.93M, Peak:9.93M | Scene, ViewLayer | Updating Integrator
Fra:86 Mem:230.90M (Peak 320.76M) | Time:00:00.91 | Mem:9.93M, Peak:9.93M | Scene, ViewLayer | Updating Film
Fra:86 Mem:230.90M (Peak 320.76M) | Time:00:00.91 | Mem:9.93M, Peak:9.93M | Scene, ViewLayer | Updating Lookup Tables
Fra:86 Mem:230.90M (Peak 320.76M) | Time:00:00.91 | Mem:9.93M, Peak:9.93M | Scene, ViewLayer | Updating Baking
Fra:86 Mem:230.90M (Peak 320.76M) | Time:00:00.91 | Mem:9.93M, Peak:9.93M | Scene, ViewLayer | Updating Device | Writing constant memory
Fra:86 Mem:230.90M (Peak 320.76M) | Time:00:00.91 | Mem:9.93M, Peak:9.93M | Scene, ViewLayer | Sample 0/24
Fra:86 Mem:230.90M (Peak 320.76M) | Time:00:01.85 | Remaining:00:21.65 | Mem:9.93M, Peak:9.93M | Scene, ViewLayer | Sample 1/24
Fra:86 Mem:230.90M (Peak 320.76M) | Time:00:02.77 | Remaining:00:20.42 | Mem:9.93M, Peak:9.93M | Scene, ViewLayer | Sample 2/24
Fra:86 Mem:266.50M (Peak 320.76M) | Time:00:21.15 | Mem:9.93M, Peak:9.93M | Scene, ViewLayer | Sample 24/24
Fra:86 Mem:266.50M (Peak 320.76M) | Time:00:21.15 | Mem:9.93M, Peak:9.93M | Scene, ViewLayer | Finished
Saved: 'C:\Work\domin8te-build\daysky\out\b\f0086.png'
Time: 00:21.39 (Saving: 00:00.24)

Fra:87 Mem:230.90M (Peak 320.76M) | Time:00:00.67 | Mem:9.93M, Peak:9.93M | Scene, ViewLayer | Synchronizing object | t0
Fra:87 Mem:230.90M (Peak 320.76M) | Time:00:00.68 | Mem:9.93M, Peak:9.93M | Scene, ViewLayer | Synchronizing object | t1
Fra:87 Mem:230.90M (Peak 320.76M) | Time:00:00.68 | Mem:9.93M, Peak:9.93M | Scene, ViewLayer | Synchronizing object | near_vol
Fra:87 Mem:230.87M (Peak 320.76M) | Time:00:00.68 | Mem:9.93M, Peak:9.93M | Scene, ViewLayer | Synchronizing object | far_vol
Fra:87 Mem:230.82M (Peak 320.76M) | Time:00:00.68 | Mem:9.93M, Peak:9.93M | Scene, ViewLayer | Synchronizing object | main_vol
Fra:87 Mem:230.73M (Peak 320.76M) | Time:00:00.68 | Mem:9.93M, Peak:9.93M | Scene, ViewLayer | Initializing
Fra:87 Mem:230.73M (Peak 320.76M) | Time:00:00.68 | Mem:9.93M, Peak:9.93M | Scene, ViewLayer | Waiting for render to start
Fra:87 Mem:230.73M (Peak 320.76M) | Time:00:00.68 | Mem:9.93M, Peak:9.93M | Scene, ViewLayer | Updating Scene
Fra:87 Mem:230.73M (Peak 320.76M) | Time:00:00.68 | Mem:9.93M, Peak:9.93M | Scene, ViewLayer | Updating Shaders
Fra:87 Mem:230.73M (Peak 320.76M) | Time:00:00.68 | Mem:9.93M, Peak:9.93M | Scene, ViewLayer | Updating Background
Fra:87 Mem:230.73M (Peak 320.76M) | Time:00:00.68 | Mem:9.93M, Peak:9.93M | Scene, ViewLayer | Updating Camera
Fra:87 Mem:230.73M (Peak 320.76M) | Time:00:00.68 | Mem:9.93M, Peak:9.93M | Scene, ViewLayer | Updating Meshes Flags
Fra:87 Mem:230.73M (Peak 320.76M) | Time:00:00.68 | Mem:9.93M, Peak:9.93M | Scene, ViewLayer | Updating Meshes Volume Bounds
Fra:87 Mem:230.73M (Peak 320.76M) | Time:00:00.68 | Mem:9.93M, Peak:9.93M | Scene, ViewLayer | Updating Volume Images
Fra:87 Mem:230.73M (Peak 320.76M) | Time:00:00.68 | Mem:9.93M, Peak:9.93M | Scene, ViewLayer | Updating Mesh | Computing Volume Mesh main_vol
Fra:87 Mem:230.80M (Peak 320.76M) | Time:00:00.70 | Mem:9.93M, Peak:9.93M | Scene, ViewLayer | Updating Mesh | Computing Volume Mesh far_vol
Fra:87 Mem:230.83M (Peak 320.76M) | Time:00:00.72 | Mem:9.93M, Peak:9.93M | Scene, ViewLayer | Updating Mesh | Computing Volume Mesh near_vol
Fra:87 Mem:230.86M (Peak 320.76M) | Time:00:00.73 | Mem:9.93M, Peak:9.93M | Scene, ViewLayer | Updating Objects
Fra:87 Mem:230.86M (Peak 320.76M) | Time:00:00.73 | Mem:9.93M, Peak:9.93M | Scene, ViewLayer | Updating Objects | Copying Transformations to device
Fra:87 Mem:230.86M (Peak 320.76M) | Time:00:00.73 | Mem:9.93M, Peak:9.93M | Scene, ViewLayer | Updating Particle Systems
Fra:87 Mem:230.86M (Peak 320.76M) | Time:00:00.73 | Mem:9.93M, Peak:9.93M | Scene, ViewLayer | Updating Meshes
Fra:87 Mem:225.77M (Peak 320.76M) | Time:00:00.75 | Mem:4.80M, Peak:9.93M | Scene, ViewLayer | Updating Objects | Applying Static Transformations
Fra:87 Mem:225.77M (Peak 320.76M) | Time:00:00.75 | Mem:4.80M, Peak:9.93M | Scene, ViewLayer | Updating Mesh | Computing attributes
Fra:87 Mem:226.73M (Peak 320.76M) | Time:00:00.75 | Mem:4.80M, Peak:9.93M | Scene, ViewLayer | Updating Mesh | Copying Attributes to device
Fra:87 Mem:226.73M (Peak 320.76M) | Time:00:00.75 | Mem:5.76M, Peak:9.93M | Scene, ViewLayer | Updating Geometry BVH t1 6/5 | Building BVH
Fra:87 Mem:226.73M (Peak 320.76M) | Time:00:00.79 | Mem:5.76M, Peak:9.93M | Scene, ViewLayer | Updating Geometry BVH t1 6/5 | Building OptiX acceleration structure
Fra:87 Mem:228.61M (Peak 320.76M) | Time:00:00.82 | Mem:5.76M, Peak:9.93M | Scene, ViewLayer | Updating Geometry BVH main_vol 2/5 | Building BVH
Fra:87 Mem:228.61M (Peak 320.76M) | Time:00:00.82 | Mem:5.76M, Peak:9.93M | Scene, ViewLayer | Updating Geometry BVH far_vol 3/5 | Building BVH
Fra:87 Mem:228.61M (Peak 320.76M) | Time:00:00.82 | Mem:5.76M, Peak:9.93M | Scene, ViewLayer | Updating Geometry BVH near_vol 4/5 | Building BVH
Fra:87 Mem:226.73M (Peak 320.76M) | Time:00:00.82 | Mem:5.76M, Peak:9.93M | Scene, ViewLayer | Updating Geometry BVH near_vol 4/5 | Building OptiX acceleration structure
Fra:87 Mem:226.78M (Peak 320.76M) | Time:00:00.82 | Mem:5.76M, Peak:9.93M | Scene, ViewLayer | Updating Geometry BVH t0 5/5 | Building BVH
Fra:87 Mem:226.78M (Peak 320.76M) | Time:00:00.82 | Mem:5.76M, Peak:9.93M | Scene, ViewLayer | Updating Geometry BVH t0 5/5 | Building OptiX acceleration structure
Fra:87 Mem:226.73M (Peak 320.76M) | Time:00:00.83 | Mem:5.76M, Peak:9.93M | Scene, ViewLayer | Updating Scene BVH | Building
Fra:87 Mem:226.73M (Peak 320.76M) | Time:00:00.83 | Mem:5.76M, Peak:9.93M | Scene, ViewLayer | Updating Scene BVH | Building OptiX acceleration structure
Fra:87 Mem:226.73M (Peak 320.76M) | Time:00:00.83 | Mem:5.76M, Peak:9.93M | Scene, ViewLayer | Updating Scene BVH | Building BVH
Fra:87 Mem:226.73M (Peak 320.76M) | Time:00:00.83 | Mem:5.76M, Peak:9.93M | Scene, ViewLayer | Updating Scene BVH | Building BVH 0%
Fra:87 Mem:226.73M (Peak 320.76M) | Time:00:00.87 | Mem:5.76M, Peak:9.93M | Scene, ViewLayer | Updating Scene BVH | Copying BVH to device
Fra:87 Mem:226.73M (Peak 320.76M) | Time:00:00.87 | Mem:5.76M, Peak:9.93M | Scene, ViewLayer | Updating Mesh | Computing normals
Fra:87 Mem:230.90M (Peak 320.76M) | Time:00:00.87 | Mem:5.76M, Peak:9.93M | Scene, ViewLayer | Updating Mesh | Copying Mesh to device
Fra:87 Mem:230.90M (Peak 320.76M) | Time:00:00.87 | Mem:9.93M, Peak:9.93M | Scene, ViewLayer | Updating Objects Flags
Fra:87 Mem:230.90M (Peak 320.76M) | Time:00:00.89 | Mem:9.93M, Peak:9.93M | Scene, ViewLayer | Updating Primitive Offsets
Fra:87 Mem:230.90M (Peak 320.76M) | Time:00:00.89 | Mem:9.93M, Peak:9.93M | Scene, ViewLayer | Updating Images
Fra:87 Mem:228.28M (Peak 320.76M) | Time:00:00.89 | Mem:9.93M, Peak:9.93M | Scene, ViewLayer | Updating Images | Loading density
Fra:87 Mem:230.90M (Peak 320.76M) | Time:00:00.89 | Mem:9.93M, Peak:11.18M | Scene, ViewLayer | Updating Camera Volume
Fra:87 Mem:230.90M (Peak 320.76M) | Time:00:00.89 | Mem:9.93M, Peak:11.18M | Scene, ViewLayer | Updating Lookup Tables
Fra:87 Mem:230.90M (Peak 320.76M) | Time:00:00.89 | Mem:9.93M, Peak:11.18M | Scene, ViewLayer | Updating Lights
Fra:87 Mem:230.90M (Peak 320.76M) | Time:00:00.89 | Mem:9.93M, Peak:11.18M | Scene, ViewLayer | Updating Lights | Computing tree
Fra:87 Mem:230.90M (Peak 320.76M) | Time:00:00.89 | Mem:9.93M, Peak:11.18M | Scene, ViewLayer | Updating Integrator
Fra:87 Mem:230.90M (Peak 320.76M) | Time:00:00.89 | Mem:9.93M, Peak:11.18M | Scene, ViewLayer | Updating Film
Fra:87 Mem:230.90M (Peak 320.76M) | Time:00:00.89 | Mem:9.93M, Peak:11.18M | Scene, ViewLayer | Updating Lookup Tables
Fra:87 Mem:230.90M (Peak 320.76M) | Time:00:00.89 | Mem:9.93M, Peak:11.18M | Scene, ViewLayer | Updating Baking
Fra:87 Mem:230.90M (Peak 320.76M) | Time:00:00.89 | Mem:9.93M, Peak:11.18M | Scene, ViewLayer | Updating Device | Writing constant memory
Fra:87 Mem:230.90M (Peak 320.76M) | Time:00:00.89 | Mem:9.93M, Peak:11.18M | Scene, ViewLayer | Sample 0/24
Fra:87 Mem:230.90M (Peak 320.76M) | Time:00:01.94 | Remaining:00:24.12 | Mem:9.93M, Peak:11.18M | Scene, ViewLayer | Sample 1/24
Fra:87 Mem:230.90M (Peak 320.76M) | Time:00:02.88 | Remaining:00:21.90 | Mem:9.93M, Peak:11.18M | Scene, ViewLayer | Sample 2/24
Fra:87 Mem:266.50M (Peak 320.76M) | Time:00:21.68 | Mem:9.93M, Peak:11.18M | Scene, ViewLayer | Sample 24/24
Fra:87 Mem:266.50M (Peak 320.76M) | Time:00:21.68 | Mem:9.93M, Peak:11.18M | Scene, ViewLayer | Finished
Saved: 'C:\Work\domin8te-build\daysky\out\b\f0087.png'
Time: 00:21.87 (Saving: 00:00.18)

Fra:88 Mem:230.90M (Peak 320.76M) | Time:00:00.83 | Mem:9.93M, Peak:9.93M | Scene, ViewLayer | Synchronizing object | t0
Fra:88 Mem:232.11M (Peak 320.76M) | Time:00:00.83 | Mem:9.93M, Peak:9.93M | Scene, ViewLayer | Synchronizing object | main_vol
Fra:88 Mem:232.01M (Peak 320.76M) | Time:00:00.83 | Mem:9.93M, Peak:9.93M | Scene, ViewLayer | Synchronizing object | far_vol
Fra:88 Mem:231.96M (Peak 320.76M) | Time:00:00.83 | Mem:9.93M, Peak:9.93M | Scene, ViewLayer | Synchronizing object | near_vol
Fra:88 Mem:230.73M (Peak 320.76M) | Time:00:00.83 | Mem:9.93M, Peak:9.93M | Scene, ViewLayer | Synchronizing object | t1
Fra:88 Mem:230.73M (Peak 320.76M) | Time:00:00.84 | Mem:9.93M, Peak:9.93M | Scene, ViewLayer | Initializing
Fra:88 Mem:230.73M (Peak 320.76M) | Time:00:00.84 | Mem:9.93M, Peak:9.93M | Scene, ViewLayer | Waiting for render to start
Fra:88 Mem:230.73M (Peak 320.76M) | Time:00:00.84 | Mem:9.93M, Peak:9.93M | Scene, ViewLayer | Updating Scene
Fra:88 Mem:230.73M (Peak 320.76M) | Time:00:00.84 | Mem:9.93M, Peak:9.93M | Scene, ViewLayer | Updating Shaders
Fra:88 Mem:230.73M (Peak 320.76M) | Time:00:00.84 | Mem:9.93M, Peak:9.93M | Scene, ViewLayer | Updating Background
Fra:88 Mem:230.73M (Peak 320.76M) | Time:00:00.84 | Mem:9.93M, Peak:9.93M | Scene, ViewLayer | Updating Camera
Fra:88 Mem:230.73M (Peak 320.76M) | Time:00:00.84 | Mem:9.93M, Peak:9.93M | Scene, ViewLayer | Updating Meshes Flags
Fra:88 Mem:230.73M (Peak 320.76M) | Time:00:00.84 | Mem:9.93M, Peak:9.93M | Scene, ViewLayer | Updating Meshes Volume Bounds
Fra:88 Mem:230.73M (Peak 320.76M) | Time:00:00.84 | Mem:9.93M, Peak:9.93M | Scene, ViewLayer | Updating Volume Images
Fra:88 Mem:230.73M (Peak 320.76M) | Time:00:00.84 | Mem:9.93M, Peak:9.93M | Scene, ViewLayer | Updating Mesh | Computing Volume Mesh main_vol
Fra:88 Mem:230.80M (Peak 320.76M) | Time:00:00.86 | Mem:9.93M, Peak:9.93M | Scene, ViewLayer | Updating Mesh | Computing Volume Mesh far_vol
Fra:88 Mem:230.83M (Peak 320.76M) | Time:00:00.87 | Mem:9.93M, Peak:9.93M | Scene, ViewLayer | Updating Mesh | Computing Volume Mesh near_vol
Fra:88 Mem:230.86M (Peak 320.76M) | Time:00:00.88 | Mem:9.93M, Peak:9.93M | Scene, ViewLayer | Updating Objects
Fra:88 Mem:230.86M (Peak 320.76M) | Time:00:00.88 | Mem:9.93M, Peak:9.93M | Scene, ViewLayer | Updating Objects | Copying Transformations to device
Fra:88 Mem:230.86M (Peak 320.76M) | Time:00:00.88 | Mem:9.93M, Peak:9.93M | Scene, ViewLayer | Updating Particle Systems
Fra:88 Mem:230.86M (Peak 320.76M) | Time:00:00.88 | Mem:9.93M, Peak:9.93M | Scene, ViewLayer | Updating Meshes
Fra:88 Mem:225.77M (Peak 320.76M) | Time:00:00.88 | Mem:4.80M, Peak:9.93M | Scene, ViewLayer | Updating Objects | Applying Static Transformations
Fra:88 Mem:225.77M (Peak 320.76M) | Time:00:00.88 | Mem:4.80M, Peak:9.93M | Scene, ViewLayer | Updating Mesh | Computing attributes
Fra:88 Mem:226.73M (Peak 320.76M) | Time:00:00.88 | Mem:4.80M, Peak:9.93M | Scene, ViewLayer | Updating Mesh | Copying Attributes to device
Fra:88 Mem:226.73M (Peak 320.76M) | Time:00:00.88 | Mem:5.76M, Peak:9.93M | Scene, ViewLayer | Updating Geometry BVH t1 6/5 | Building BVH
Fra:88 Mem:226.73M (Peak 320.76M) | Time:00:00.88 | Mem:5.76M, Peak:9.93M | Scene, ViewLayer | Updating Geometry BVH main_vol 2/5 | Building BVH
Fra:88 Mem:226.73M (Peak 320.76M) | Time:00:00.88 | Mem:5.76M, Peak:9.93M | Scene, ViewLayer | Updating Geometry BVH far_vol 3/5 | Building BVH
Fra:88 Mem:226.73M (Peak 320.76M) | Time:00:00.88 | Mem:5.76M, Peak:9.93M | Scene, ViewLayer | Updating Geometry BVH near_vol 4/5 | Building BVH
Fra:88 Mem:226.73M (Peak 320.76M) | Time:00:00.88 | Mem:5.76M, Peak:9.93M | Scene, ViewLayer | Updating Geometry BVH t0 5/5 | Building BVH
Fra:88 Mem:226.73M (Peak 320.76M) | Time:00:00.88 | Mem:5.76M, Peak:9.93M | Scene, ViewLayer | Updating Geometry BVH t0 5/5 | Building OptiX acceleration structure
Fra:88 Mem:226.73M (Peak 320.76M) | Time:00:00.89 | Mem:5.76M, Peak:9.93M | Scene, ViewLayer | Updating Scene BVH | Building
Fra:88 Mem:226.73M (Peak 320.76M) | Time:00:00.89 | Mem:5.76M, Peak:9.93M | Scene, ViewLayer | Updating Scene BVH | Building OptiX acceleration structure
Fra:88 Mem:226.73M (Peak 320.76M) | Time:00:00.89 | Mem:5.76M, Peak:9.93M | Scene, ViewLayer | Updating Scene BVH | Building BVH
Fra:88 Mem:226.73M (Peak 320.76M) | Time:00:00.89 | Mem:5.76M, Peak:9.93M | Scene, ViewLayer | Updating Scene BVH | Building BVH 0%
Fra:88 Mem:226.73M (Peak 320.76M) | Time:00:00.94 | Mem:5.76M, Peak:9.93M | Scene, ViewLayer | Updating Scene BVH | Copying BVH to device
Fra:88 Mem:226.73M (Peak 320.76M) | Time:00:00.94 | Mem:5.76M, Peak:9.93M | Scene, ViewLayer | Updating Mesh | Computing normals
Fra:88 Mem:230.90M (Peak 320.76M) | Time:00:00.94 | Mem:5.76M, Peak:9.93M | Scene, ViewLayer | Updating Mesh | Copying Mesh to device
Fra:88 Mem:230.90M (Peak 320.76M) | Time:00:00.94 | Mem:9.93M, Peak:9.93M | Scene, ViewLayer | Updating Objects Flags
Fra:88 Mem:230.90M (Peak 320.76M) | Time:00:01.33 | Mem:9.93M, Peak:9.93M | Scene, ViewLayer | Updating Primitive Offsets
Fra:88 Mem:230.90M (Peak 320.76M) | Time:00:01.33 | Mem:9.93M, Peak:9.93M | Scene, ViewLayer | Updating Images
Fra:88 Mem:226.19M (Peak 320.76M) | Time:00:01.33 | Mem:5.22M, Peak:9.93M | Scene, ViewLayer | Updating Images | Loading density
Fra:88 Mem:230.90M (Peak 320.76M) | Time:00:01.33 | Mem:9.93M, Peak:9.93M | Scene, ViewLayer | Updating Camera Volume
Fra:88 Mem:230.90M (Peak 320.76M) | Time:00:01.33 | Mem:9.93M, Peak:9.93M | Scene, ViewLayer | Updating Lookup Tables
Fra:88 Mem:230.90M (Peak 320.76M) | Time:00:01.33 | Mem:9.93M, Peak:9.93M | Scene, ViewLayer | Updating Lights
Fra:88 Mem:230.90M (Peak 320.76M) | Time:00:01.33 | Mem:9.93M, Peak:9.93M | Scene, ViewLayer | Updating Lights | Computing tree
Fra:88 Mem:230.90M (Peak 320.76M) | Time:00:01.34 | Mem:9.93M, Peak:9.93M | Scene, ViewLayer | Updating Integrator
Fra:88 Mem:230.90M (Peak 320.76M) | Time:00:01.34 | Mem:9.93M, Peak:9.93M | Scene, ViewLayer | Updating Film
Fra:88 Mem:230.90M (Peak 320.76M) | Time:00:01.34 | Mem:9.93M, Peak:9.93M | Scene, ViewLayer | Updating Lookup Tables
Fra:88 Mem:230.90M (Peak 320.76M) | Time:00:01.34 | Mem:9.93M, Peak:9.93M | Scene, ViewLayer | Updating Baking
Fra:88 Mem:230.90M (Peak 320.76M) | Time:00:01.34 | Mem:9.93M, Peak:9.93M | Scene, ViewLayer | Updating Device | Writing constant memory
Fra:88 Mem:230.90M (Peak 320.76M) | Time:00:01.34 | Mem:9.93M, Peak:9.93M | Scene, ViewLayer | Sample 0/24
Fra:88 Mem:230.90M (Peak 320.76M) | Time:00:02.42 | Remaining:00:24.99 | Mem:9.93M, Peak:9.93M | Scene, ViewLayer | Sample 1/24
Fra:88 Mem:230.90M (Peak 320.76M) | Time:00:03.82 | Remaining:00:27.27 | Mem:9.93M, Peak:9.93M | Scene, ViewLayer | Sample 2/24
Fra:88 Mem:266.50M (Peak 320.76M) | Time:00:27.91 | Mem:9.93M, Peak:9.93M | Scene, ViewLayer | Sample 24/24
Fra:88 Mem:266.50M (Peak 320.76M) | Time:00:27.91 | Mem:9.93M, Peak:9.93M | Scene, ViewLayer | Finished
Saved: 'C:\Work\domin8te-build\daysky\out\b\f0088.png'
Time: 00:28.19 (Saving: 00:00.27)

Fra:89 Mem:230.90M (Peak 320.76M) | Time:00:00.71 | Mem:9.93M, Peak:9.93M | Scene, ViewLayer | Synchronizing object | t0
Fra:89 Mem:232.98M (Peak 320.76M) | Time:00:00.71 | Mem:9.93M, Peak:9.93M | Scene, ViewLayer | Synchronizing object | main_vol
Fra:89 Mem:230.81M (Peak 320.76M) | Time:00:00.71 | Mem:9.93M, Peak:9.93M | Scene, ViewLayer | Synchronizing object | t1
Fra:89 Mem:234.80M (Peak 320.76M) | Time:00:00.71 | Mem:9.93M, Peak:9.93M | Scene, ViewLayer | Synchronizing object | far_vol
Fra:89 Mem:232.43M (Peak 320.76M) | Time:00:00.71 | Mem:9.93M, Peak:9.93M | Scene, ViewLayer | Synchronizing object | near_vol
Fra:89 Mem:230.73M (Peak 320.76M) | Time:00:00.71 | Mem:9.93M, Peak:9.93M | Scene, ViewLayer | Initializing
Fra:89 Mem:230.73M (Peak 320.76M) | Time:00:00.71 | Mem:9.93M, Peak:9.93M | Scene, ViewLayer | Waiting for render to start
Fra:89 Mem:230.73M (Peak 320.76M) | Time:00:00.71 | Mem:9.93M, Peak:9.93M | Scene, ViewLayer | Updating Scene
Fra:89 Mem:230.73M (Peak 320.76M) | Time:00:00.71 | Mem:9.93M, Peak:9.93M | Scene, ViewLayer | Updating Shaders
Fra:89 Mem:230.73M (Peak 320.76M) | Time:00:00.71 | Mem:9.93M, Peak:9.93M | Scene, ViewLayer | Updating Background
Fra:89 Mem:230.73M (Peak 320.76M) | Time:00:00.71 | Mem:9.93M, Peak:9.93M | Scene, ViewLayer | Updating Camera
Fra:89 Mem:230.73M (Peak 320.76M) | Time:00:00.71 | Mem:9.93M, Peak:9.93M | Scene, ViewLayer | Updating Meshes Flags
Fra:89 Mem:230.73M (Peak 320.76M) | Time:00:00.71 | Mem:9.93M, Peak:9.93M | Scene, ViewLayer | Updating Meshes Volume Bounds
Fra:89 Mem:230.73M (Peak 320.76M) | Time:00:00.71 | Mem:9.93M, Peak:9.93M | Scene, ViewLayer | Updating Volume Images
Fra:89 Mem:230.73M (Peak 320.76M) | Time:00:00.71 | Mem:9.93M, Peak:9.93M | Scene, ViewLayer | Updating Mesh | Computing Volume Mesh main_vol
Fra:89 Mem:230.80M (Peak 320.76M) | Time:00:00.73 | Mem:9.93M, Peak:9.93M | Scene, ViewLayer | Updating Mesh | Computing Volume Mesh far_vol
Fra:89 Mem:230.83M (Peak 320.76M) | Time:00:00.74 | Mem:9.93M, Peak:9.93M | Scene, ViewLayer | Updating Mesh | Computing Volume Mesh near_vol
Fra:89 Mem:230.86M (Peak 320.76M) | Time:00:00.75 | Mem:9.93M, Peak:9.93M | Scene, ViewLayer | Updating Objects
Fra:89 Mem:230.86M (Peak 320.76M) | Time:00:00.75 | Mem:9.93M, Peak:9.93M | Scene, ViewLayer | Updating Objects | Copying Transformations to device
Fra:89 Mem:230.86M (Peak 320.76M) | Time:00:00.75 | Mem:9.93M, Peak:9.93M | Scene, ViewLayer | Updating Particle Systems
Fra:89 Mem:230.86M (Peak 320.76M) | Time:00:00.75 | Mem:9.93M, Peak:9.93M | Scene, ViewLayer | Updating Meshes
Fra:89 Mem:225.77M (Peak 320.76M) | Time:00:00.75 | Mem:4.80M, Peak:9.93M | Scene, ViewLayer | Updating Objects | Applying Static Transformations
Fra:89 Mem:225.77M (Peak 320.76M) | Time:00:00.75 | Mem:4.80M, Peak:9.93M | Scene, ViewLayer | Updating Mesh | Computing attributes
Fra:89 Mem:226.73M (Peak 320.76M) | Time:00:00.75 | Mem:4.80M, Peak:9.93M | Scene, ViewLayer | Updating Mesh | Copying Attributes to device
Fra:89 Mem:226.73M (Peak 320.76M) | Time:00:00.75 | Mem:5.76M, Peak:9.93M | Scene, ViewLayer | Updating Geometry BVH t1 6/5 | Building BVH
Fra:89 Mem:226.73M (Peak 320.76M) | Time:00:00.76 | Mem:5.76M, Peak:9.93M | Scene, ViewLayer | Updating Geometry BVH t1 6/5 | Building OptiX acceleration structure
Fra:89 Mem:228.61M (Peak 320.76M) | Time:00:00.76 | Mem:5.76M, Peak:9.93M | Scene, ViewLayer | Updating Geometry BVH main_vol 2/5 | Building BVH
Fra:89 Mem:228.61M (Peak 320.76M) | Time:00:00.76 | Mem:5.76M, Peak:9.93M | Scene, ViewLayer | Updating Geometry BVH main_vol 2/5 | Building OptiX acceleration structure
Fra:89 Mem:228.66M (Peak 320.76M) | Time:00:00.77 | Mem:5.76M, Peak:9.93M | Scene, ViewLayer | Updating Geometry BVH far_vol 3/5 | Building BVH
Fra:89 Mem:228.66M (Peak 320.76M) | Time:00:00.77 | Mem:5.76M, Peak:9.93M | Scene, ViewLayer | Updating Geometry BVH near_vol 4/5 | Building BVH
Fra:89 Mem:228.66M (Peak 320.76M) | Time:00:00.77 | Mem:5.76M, Peak:9.93M | Scene, ViewLayer | Updating Geometry BVH near_vol 4/5 | Building OptiX acceleration structure
Fra:89 Mem:228.69M (Peak 320.76M) | Time:00:00.77 | Mem:5.76M, Peak:9.93M | Scene, ViewLayer | Updating Geometry BVH t0 5/5 | Building BVH
Fra:89 Mem:227.86M (Peak 320.76M) | Time:00:00.77 | Mem:5.76M, Peak:9.93M | Scene, ViewLayer | Updating Geometry BVH t0 5/5 | Building OptiX acceleration structure
Fra:89 Mem:226.73M (Peak 320.76M) | Time:00:00.79 | Mem:5.76M, Peak:9.93M | Scene, ViewLayer | Updating Scene BVH | Building
Fra:89 Mem:226.73M (Peak 320.76M) | Time:00:00.79 | Mem:5.76M, Peak:9.93M | Scene, ViewLayer | Updating Scene BVH | Building OptiX acceleration structure
Fra:89 Mem:226.73M (Peak 320.76M) | Time:00:00.79 | Mem:5.76M, Peak:9.93M | Scene, ViewLayer | Updating Scene BVH | Building BVH
Fra:89 Mem:226.73M (Peak 320.76M) | Time:00:00.79 | Mem:5.76M, Peak:9.93M | Scene, ViewLayer | Updating Scene BVH | Building BVH 0%
Fra:89 Mem:226.73M (Peak 320.76M) | Time:00:00.87 | Mem:5.76M, Peak:9.93M | Scene, ViewLayer | Updating Scene BVH | Copying BVH to device
Fra:89 Mem:226.73M (Peak 320.76M) | Time:00:00.87 | Mem:5.76M, Peak:9.93M | Scene, ViewLayer | Updating Mesh | Computing normals
Fra:89 Mem:230.90M (Peak 320.76M) | Time:00:00.87 | Mem:5.76M, Peak:9.93M | Scene, ViewLayer | Updating Mesh | Copying Mesh to device
Fra:89 Mem:230.90M (Peak 320.76M) | Time:00:00.87 | Mem:9.93M, Peak:9.93M | Scene, ViewLayer | Updating Objects Flags
Fra:89 Mem:230.90M (Peak 320.76M) | Time:00:01.44 | Mem:9.93M, Peak:9.93M | Scene, ViewLayer | Updating Primitive Offsets
Fra:89 Mem:230.90M (Peak 320.76M) | Time:00:01.44 | Mem:9.93M, Peak:9.93M | Scene, ViewLayer | Updating Images
Fra:89 Mem:228.28M (Peak 320.76M) | Time:00:01.44 | Mem:9.93M, Peak:9.93M | Scene, ViewLayer | Updating Images | Loading density
Fra:89 Mem:230.90M (Peak 320.76M) | Time:00:01.44 | Mem:9.93M, Peak:10.77M | Scene, ViewLayer | Updating Camera Volume
Fra:89 Mem:230.90M (Peak 320.76M) | Time:00:01.44 | Mem:9.93M, Peak:10.77M | Scene, ViewLayer | Updating Lookup Tables
Fra:89 Mem:230.90M (Peak 320.76M) | Time:00:01.44 | Mem:9.93M, Peak:10.77M | Scene, ViewLayer | Updating Lights
Fra:89 Mem:230.90M (Peak 320.76M) | Time:00:01.44 | Mem:9.93M, Peak:10.77M | Scene, ViewLayer | Updating Lights | Computing tree
Fra:89 Mem:230.90M (Peak 320.76M) | Time:00:01.44 | Mem:9.93M, Peak:10.77M | Scene, ViewLayer | Updating Integrator
Fra:89 Mem:230.90M (Peak 320.76M) | Time:00:01.44 | Mem:9.93M, Peak:10.77M | Scene, ViewLayer | Updating Film
Fra:89 Mem:230.90M (Peak 320.76M) | Time:00:01.44 | Mem:9.93M, Peak:10.77M | Scene, ViewLayer | Updating Lookup Tables
Fra:89 Mem:230.90M (Peak 320.76M) | Time:00:01.44 | Mem:9.93M, Peak:10.77M | Scene, ViewLayer | Updating Baking
Fra:89 Mem:230.90M (Peak 320.76M) | Time:00:01.44 | Mem:9.93M, Peak:10.77M | Scene, ViewLayer | Updating Device | Writing constant memory
Fra:89 Mem:230.90M (Peak 320.76M) | Time:00:01.44 | Mem:9.93M, Peak:10.77M | Scene, ViewLayer | Sample 0/24
Fra:89 Mem:230.90M (Peak 320.76M) | Time:00:02.40 | Remaining:00:22.00 | Mem:9.93M, Peak:10.77M | Scene, ViewLayer | Sample 1/24
Fra:89 Mem:230.90M (Peak 320.76M) | Time:00:03.37 | Remaining:00:21.16 | Mem:9.93M, Peak:10.77M | Scene, ViewLayer | Sample 2/24
Fra:89 Mem:266.50M (Peak 320.76M) | Time:00:23.26 | Mem:9.93M, Peak:10.77M | Scene, ViewLayer | Sample 24/24
Fra:89 Mem:266.50M (Peak 320.76M) | Time:00:23.26 | Mem:9.93M, Peak:10.77M | Scene, ViewLayer | Finished
Saved: 'C:\Work\domin8te-build\daysky\out\b\f0089.png'
Time: 00:23.45 (Saving: 00:00.19)

Fra:90 Mem:230.90M (Peak 320.76M) | Time:00:00.67 | Mem:9.93M, Peak:9.93M | Scene, ViewLayer | Synchronizing object | t0
Fra:90 Mem:230.90M (Peak 320.76M) | Time:00:00.68 | Mem:9.93M, Peak:9.93M | Scene, ViewLayer | Synchronizing object | t1
Fra:90 Mem:230.90M (Peak 320.76M) | Time:00:00.68 | Mem:9.93M, Peak:9.93M | Scene, ViewLayer | Synchronizing object | near_vol
Fra:90 Mem:230.87M (Peak 320.76M) | Time:00:00.68 | Mem:9.93M, Peak:9.93M | Scene, ViewLayer | Synchronizing object | far_vol
Fra:90 Mem:230.82M (Peak 320.76M) | Time:00:00.68 | Mem:9.93M, Peak:9.93M | Scene, ViewLayer | Synchronizing object | main_vol
Fra:90 Mem:230.73M (Peak 320.76M) | Time:00:00.68 | Mem:9.93M, Peak:9.93M | Scene, ViewLayer | Initializing
Fra:90 Mem:230.73M (Peak 320.76M) | Time:00:00.68 | Mem:9.93M, Peak:9.93M | Scene, ViewLayer | Waiting for render to start
Fra:90 Mem:230.73M (Peak 320.76M) | Time:00:00.68 | Mem:9.93M, Peak:9.93M | Scene, ViewLayer | Updating Scene
Fra:90 Mem:230.73M (Peak 320.76M) | Time:00:00.68 | Mem:9.93M, Peak:9.93M | Scene, ViewLayer | Updating Shaders
Fra:90 Mem:230.73M (Peak 320.76M) | Time:00:00.68 | Mem:9.93M, Peak:9.93M | Scene, ViewLayer | Updating Background
Fra:90 Mem:230.73M (Peak 320.76M) | Time:00:00.68 | Mem:9.93M, Peak:9.93M | Scene, ViewLayer | Updating Camera
Fra:90 Mem:230.73M (Peak 320.76M) | Time:00:00.68 | Mem:9.93M, Peak:9.93M | Scene, ViewLayer | Updating Meshes Flags
Fra:90 Mem:230.73M (Peak 320.76M) | Time:00:00.68 | Mem:9.93M, Peak:9.93M | Scene, ViewLayer | Updating Meshes Volume Bounds
Fra:90 Mem:230.73M (Peak 320.76M) | Time:00:00.68 | Mem:9.93M, Peak:9.93M | Scene, ViewLayer | Updating Volume Images
Fra:90 Mem:230.73M (Peak 320.76M) | Time:00:00.68 | Mem:9.93M, Peak:9.93M | Scene, ViewLayer | Updating Mesh | Computing Volume Mesh main_vol
Fra:90 Mem:230.80M (Peak 320.76M) | Time:00:00.72 | Mem:9.93M, Peak:9.93M | Scene, ViewLayer | Updating Mesh | Computing Volume Mesh far_vol
Fra:90 Mem:230.83M (Peak 320.76M) | Time:00:00.73 | Mem:9.93M, Peak:9.93M | Scene, ViewLayer | Updating Mesh | Computing Volume Mesh near_vol
Fra:90 Mem:230.86M (Peak 320.76M) | Time:00:00.74 | Mem:9.93M, Peak:9.93M | Scene, ViewLayer | Updating Objects
Fra:90 Mem:230.86M (Peak 320.76M) | Time:00:00.74 | Mem:9.93M, Peak:9.93M | Scene, ViewLayer | Updating Objects | Copying Transformations to device
Fra:90 Mem:230.86M (Peak 320.76M) | Time:00:00.74 | Mem:9.93M, Peak:9.93M | Scene, ViewLayer | Updating Particle Systems
Fra:90 Mem:230.86M (Peak 320.76M) | Time:00:00.74 | Mem:9.93M, Peak:9.93M | Scene, ViewLayer | Updating Meshes
Fra:90 Mem:225.77M (Peak 320.76M) | Time:00:00.76 | Mem:4.80M, Peak:9.93M | Scene, ViewLayer | Updating Objects | Applying Static Transformations
Fra:90 Mem:225.77M (Peak 320.76M) | Time:00:00.76 | Mem:4.80M, Peak:9.93M | Scene, ViewLayer | Updating Mesh | Computing attributes
Fra:90 Mem:226.73M (Peak 320.76M) | Time:00:00.76 | Mem:4.80M, Peak:9.93M | Scene, ViewLayer | Updating Mesh | Copying Attributes to device
Fra:90 Mem:226.73M (Peak 320.76M) | Time:00:00.76 | Mem:5.76M, Peak:9.93M | Scene, ViewLayer | Updating Geometry BVH t1 6/5 | Building BVH
Fra:90 Mem:226.73M (Peak 320.76M) | Time:00:00.78 | Mem:5.76M, Peak:9.93M | Scene, ViewLayer | Updating Geometry BVH main_vol 2/5 | Building BVH
Fra:90 Mem:226.73M (Peak 320.76M) | Time:00:00.78 | Mem:5.76M, Peak:9.93M | Scene, ViewLayer | Updating Geometry BVH far_vol 3/5 | Building BVH
Fra:90 Mem:226.73M (Peak 320.76M) | Time:00:00.79 | Mem:5.76M, Peak:9.93M | Scene, ViewLayer | Updating Geometry BVH near_vol 4/5 | Building BVH
Fra:90 Mem:226.73M (Peak 320.76M) | Time:00:00.79 | Mem:5.76M, Peak:9.93M | Scene, ViewLayer | Updating Geometry BVH near_vol 4/5 | Building OptiX acceleration structure
Fra:90 Mem:228.71M (Peak 320.76M) | Time:00:00.79 | Mem:5.76M, Peak:9.93M | Scene, ViewLayer | Updating Geometry BVH t0 5/5 | Building BVH
Fra:90 Mem:228.71M (Peak 320.76M) | Time:00:00.79 | Mem:5.76M, Peak:9.93M | Scene, ViewLayer | Updating Geometry BVH t0 5/5 | Building OptiX acceleration structure
Fra:90 Mem:226.73M (Peak 320.76M) | Time:00:00.80 | Mem:5.76M, Peak:9.93M | Scene, ViewLayer | Updating Scene BVH | Building
Fra:90 Mem:226.73M (Peak 320.76M) | Time:00:00.80 | Mem:5.76M, Peak:9.93M | Scene, ViewLayer | Updating Scene BVH | Building OptiX acceleration structure
Fra:90 Mem:226.73M (Peak 320.76M) | Time:00:00.80 | Mem:5.76M, Peak:9.93M | Scene, ViewLayer | Updating Scene BVH | Building BVH
Fra:90 Mem:226.73M (Peak 320.76M) | Time:00:00.80 | Mem:5.76M, Peak:9.93M | Scene, ViewLayer | Updating Scene BVH | Building BVH 0%
Fra:90 Mem:226.73M (Peak 320.76M) | Time:00:00.83 | Mem:5.76M, Peak:9.93M | Scene, ViewLayer | Updating Scene BVH | Copying BVH to device
Fra:90 Mem:226.73M (Peak 320.76M) | Time:00:00.83 | Mem:5.76M, Peak:9.93M | Scene, ViewLayer | Updating Mesh | Computing normals
Fra:90 Mem:230.90M (Peak 320.76M) | Time:00:00.84 | Mem:5.76M, Peak:9.93M | Scene, ViewLayer | Updating Mesh | Copying Mesh to device
Fra:90 Mem:230.90M (Peak 320.76M) | Time:00:00.84 | Mem:9.93M, Peak:9.93M | Scene, ViewLayer | Updating Objects Flags
Fra:90 Mem:230.90M (Peak 320.76M) | Time:00:00.86 | Mem:9.93M, Peak:9.93M | Scene, ViewLayer | Updating Primitive Offsets
Fra:90 Mem:230.90M (Peak 320.76M) | Time:00:00.86 | Mem:9.93M, Peak:9.93M | Scene, ViewLayer | Updating Images
Fra:90 Mem:226.19M (Peak 320.76M) | Time:00:00.86 | Mem:5.22M, Peak:9.93M | Scene, ViewLayer | Updating Images | Loading density
Fra:90 Mem:230.90M (Peak 320.76M) | Time:00:00.87 | Mem:9.93M, Peak:9.93M | Scene, ViewLayer | Updating Camera Volume
Fra:90 Mem:230.90M (Peak 320.76M) | Time:00:00.87 | Mem:9.93M, Peak:9.93M | Scene, ViewLayer | Updating Lookup Tables
Fra:90 Mem:230.90M (Peak 320.76M) | Time:00:00.87 | Mem:9.93M, Peak:9.93M | Scene, ViewLayer | Updating Lights
Fra:90 Mem:230.90M (Peak 320.76M) | Time:00:00.87 | Mem:9.93M, Peak:9.93M | Scene, ViewLayer | Updating Lights | Computing tree
Fra:90 Mem:230.90M (Peak 320.76M) | Time:00:00.87 | Mem:9.93M, Peak:9.93M | Scene, ViewLayer | Updating Integrator
Fra:90 Mem:230.90M (Peak 320.76M) | Time:00:00.87 | Mem:9.93M, Peak:9.93M | Scene, ViewLayer | Updating Film
Fra:90 Mem:230.90M (Peak 320.76M) | Time:00:00.87 | Mem:9.93M, Peak:9.93M | Scene, ViewLayer | Updating Lookup Tables
Fra:90 Mem:230.90M (Peak 320.76M) | Time:00:00.87 | Mem:9.93M, Peak:9.93M | Scene, ViewLayer | Updating Baking
Fra:90 Mem:230.90M (Peak 320.76M) | Time:00:00.87 | Mem:9.93M, Peak:9.93M | Scene, ViewLayer | Updating Device | Writing constant memory
Fra:90 Mem:230.90M (Peak 320.76M) | Time:00:00.87 | Mem:9.93M, Peak:9.93M | Scene, ViewLayer | Sample 0/24
Fra:90 Mem:230.90M (Peak 320.76M) | Time:00:02.02 | Remaining:00:26.59 | Mem:9.93M, Peak:9.93M | Scene, ViewLayer | Sample 1/24
Fra:90 Mem:230.90M (Peak 320.76M) | Time:00:02.97 | Remaining:00:23.15 | Mem:9.93M, Peak:9.93M | Scene, ViewLayer | Sample 2/24
Fra:90 Mem:266.50M (Peak 320.76M) | Time:00:20.18 | Mem:9.93M, Peak:9.93M | Scene, ViewLayer | Sample 24/24
Fra:90 Mem:266.50M (Peak 320.76M) | Time:00:20.18 | Mem:9.93M, Peak:9.93M | Scene, ViewLayer | Finished
Saved: 'C:\Work\domin8te-build\daysky\out\b\f0090.png'
Time: 00:20.52 (Saving: 00:00.34)

Fra:91 Mem:230.90M (Peak 320.76M) | Time:00:00.73 | Mem:9.93M, Peak:9.93M | Scene, ViewLayer | Synchronizing object | t0
Fra:91 Mem:230.90M (Peak 320.76M) | Time:00:00.73 | Mem:9.93M, Peak:9.93M | Scene, ViewLayer | Synchronizing object | t1
Fra:91 Mem:230.90M (Peak 320.76M) | Time:00:00.73 | Mem:9.93M, Peak:9.93M | Scene, ViewLayer | Synchronizing object | near_vol
Fra:91 Mem:230.87M (Peak 320.76M) | Time:00:00.73 | Mem:9.93M, Peak:9.93M | Scene, ViewLayer | Synchronizing object | far_vol
Fra:91 Mem:230.82M (Peak 320.76M) | Time:00:00.73 | Mem:9.93M, Peak:9.93M | Scene, ViewLayer | Synchronizing object | main_vol
Fra:91 Mem:230.73M (Peak 320.76M) | Time:00:00.73 | Mem:9.93M, Peak:9.93M | Scene, ViewLayer | Initializing
Fra:91 Mem:230.73M (Peak 320.76M) | Time:00:00.73 | Mem:9.93M, Peak:9.93M | Scene, ViewLayer | Waiting for render to start
Fra:91 Mem:230.73M (Peak 320.76M) | Time:00:00.73 | Mem:9.93M, Peak:9.93M | Scene, ViewLayer | Updating Scene
Fra:91 Mem:230.73M (Peak 320.76M) | Time:00:00.73 | Mem:9.93M, Peak:9.93M | Scene, ViewLayer | Updating Shaders
Fra:91 Mem:230.73M (Peak 320.76M) | Time:00:00.73 | Mem:9.93M, Peak:9.93M | Scene, ViewLayer | Updating Background
Fra:91 Mem:230.73M (Peak 320.76M) | Time:00:00.73 | Mem:9.93M, Peak:9.93M | Scene, ViewLayer | Updating Camera
Fra:91 Mem:230.73M (Peak 320.76M) | Time:00:00.73 | Mem:9.93M, Peak:9.93M | Scene, ViewLayer | Updating Meshes Flags
Fra:91 Mem:230.73M (Peak 320.76M) | Time:00:00.73 | Mem:9.93M, Peak:9.93M | Scene, ViewLayer | Updating Meshes Volume Bounds
Fra:91 Mem:230.73M (Peak 320.76M) | Time:00:00.73 | Mem:9.93M, Peak:9.93M | Scene, ViewLayer | Updating Volume Images
Fra:91 Mem:230.73M (Peak 320.76M) | Time:00:00.73 | Mem:9.93M, Peak:9.93M | Scene, ViewLayer | Updating Mesh | Computing Volume Mesh main_vol
Fra:91 Mem:230.80M (Peak 320.76M) | Time:00:00.75 | Mem:9.93M, Peak:9.93M | Scene, ViewLayer | Updating Mesh | Computing Volume Mesh far_vol
Fra:91 Mem:230.83M (Peak 320.76M) | Time:00:00.76 | Mem:9.93M, Peak:9.93M | Scene, ViewLayer | Updating Mesh | Computing Volume Mesh near_vol
Fra:91 Mem:230.86M (Peak 320.76M) | Time:00:00.76 | Mem:9.93M, Peak:9.93M | Scene, ViewLayer | Updating Objects
Fra:91 Mem:230.86M (Peak 320.76M) | Time:00:00.76 | Mem:9.93M, Peak:9.93M | Scene, ViewLayer | Updating Objects | Copying Transformations to device
Fra:91 Mem:230.86M (Peak 320.76M) | Time:00:00.76 | Mem:9.93M, Peak:9.93M | Scene, ViewLayer | Updating Particle Systems
Fra:91 Mem:230.86M (Peak 320.76M) | Time:00:00.76 | Mem:9.93M, Peak:9.93M | Scene, ViewLayer | Updating Meshes
Fra:91 Mem:225.77M (Peak 320.76M) | Time:00:00.76 | Mem:4.80M, Peak:9.93M | Scene, ViewLayer | Updating Objects | Applying Static Transformations
Fra:91 Mem:225.77M (Peak 320.76M) | Time:00:00.80 | Mem:4.80M, Peak:9.93M | Scene, ViewLayer | Updating Mesh | Computing attributes
Fra:91 Mem:226.73M (Peak 320.76M) | Time:00:00.80 | Mem:4.80M, Peak:9.93M | Scene, ViewLayer | Updating Mesh | Copying Attributes to device
Fra:91 Mem:226.73M (Peak 320.76M) | Time:00:00.80 | Mem:5.76M, Peak:9.93M | Scene, ViewLayer | Updating Geometry BVH t1 6/5 | Building BVH
Fra:91 Mem:226.73M (Peak 320.76M) | Time:00:00.80 | Mem:5.76M, Peak:9.93M | Scene, ViewLayer | Updating Geometry BVH main_vol 2/5 | Building BVH
Fra:91 Mem:226.73M (Peak 320.76M) | Time:00:00.81 | Mem:5.76M, Peak:9.93M | Scene, ViewLayer | Updating Geometry BVH main_vol 2/5 | Building OptiX acceleration structure
Fra:91 Mem:228.66M (Peak 320.76M) | Time:00:00.81 | Mem:5.76M, Peak:9.93M | Scene, ViewLayer | Updating Geometry BVH far_vol 3/5 | Building BVH
Fra:91 Mem:228.66M (Peak 320.76M) | Time:00:00.81 | Mem:5.76M, Peak:9.93M | Scene, ViewLayer | Updating Geometry BVH far_vol 3/5 | Building OptiX acceleration structure
Fra:91 Mem:228.64M (Peak 320.76M) | Time:00:00.81 | Mem:5.76M, Peak:9.93M | Scene, ViewLayer | Updating Geometry BVH near_vol 4/5 | Building BVH
Fra:91 Mem:228.64M (Peak 320.76M) | Time:00:00.81 | Mem:5.76M, Peak:9.93M | Scene, ViewLayer | Updating Geometry BVH near_vol 4/5 | Building OptiX acceleration structure
Fra:91 Mem:228.66M (Peak 320.76M) | Time:00:00.81 | Mem:5.76M, Peak:9.93M | Scene, ViewLayer | Updating Geometry BVH t0 5/5 | Building BVH
Fra:91 Mem:227.82M (Peak 320.76M) | Time:00:00.82 | Mem:5.76M, Peak:9.93M | Scene, ViewLayer | Updating Geometry BVH t0 5/5 | Building OptiX acceleration structure
Fra:91 Mem:226.73M (Peak 320.76M) | Time:00:00.82 | Mem:5.76M, Peak:9.93M | Scene, ViewLayer | Updating Scene BVH | Building
Fra:91 Mem:226.73M (Peak 320.76M) | Time:00:00.82 | Mem:5.76M, Peak:9.93M | Scene, ViewLayer | Updating Scene BVH | Building OptiX acceleration structure
Fra:91 Mem:226.73M (Peak 320.76M) | Time:00:00.82 | Mem:5.76M, Peak:9.93M | Scene, ViewLayer | Updating Scene BVH | Building BVH
Fra:91 Mem:226.73M (Peak 320.76M) | Time:00:00.82 | Mem:5.76M, Peak:9.93M | Scene, ViewLayer | Updating Scene BVH | Building BVH 0%
Fra:91 Mem:226.73M (Peak 320.76M) | Time:00:00.86 | Mem:5.76M, Peak:9.93M | Scene, ViewLayer | Updating Scene BVH | Copying BVH to device
Fra:91 Mem:226.73M (Peak 320.76M) | Time:00:00.86 | Mem:5.76M, Peak:9.93M | Scene, ViewLayer | Updating Mesh | Computing normals
Fra:91 Mem:230.90M (Peak 320.76M) | Time:00:00.86 | Mem:5.76M, Peak:9.93M | Scene, ViewLayer | Updating Mesh | Copying Mesh to device
Fra:91 Mem:230.90M (Peak 320.76M) | Time:00:00.86 | Mem:9.93M, Peak:9.93M | Scene, ViewLayer | Updating Objects Flags
Fra:91 Mem:230.90M (Peak 320.76M) | Time:00:00.88 | Mem:9.93M, Peak:9.93M | Scene, ViewLayer | Updating Primitive Offsets
Fra:91 Mem:230.90M (Peak 320.76M) | Time:00:00.88 | Mem:9.93M, Peak:9.93M | Scene, ViewLayer | Updating Images
Fra:91 Mem:230.06M (Peak 320.76M) | Time:00:00.88 | Mem:9.93M, Peak:9.93M | Scene, ViewLayer | Updating Images | Loading density
Fra:91 Mem:230.90M (Peak 320.76M) | Time:00:00.89 | Mem:9.93M, Peak:12.54M | Scene, ViewLayer | Updating Camera Volume
Fra:91 Mem:230.90M (Peak 320.76M) | Time:00:00.89 | Mem:9.93M, Peak:12.54M | Scene, ViewLayer | Updating Lookup Tables
Fra:91 Mem:230.90M (Peak 320.76M) | Time:00:00.89 | Mem:9.93M, Peak:12.54M | Scene, ViewLayer | Updating Lights
Fra:91 Mem:230.90M (Peak 320.76M) | Time:00:00.89 | Mem:9.93M, Peak:12.54M | Scene, ViewLayer | Updating Lights | Computing tree
Fra:91 Mem:230.90M (Peak 320.76M) | Time:00:00.89 | Mem:9.93M, Peak:12.54M | Scene, ViewLayer | Updating Integrator
Fra:91 Mem:230.90M (Peak 320.76M) | Time:00:00.89 | Mem:9.93M, Peak:12.54M | Scene, ViewLayer | Updating Film
Fra:91 Mem:230.90M (Peak 320.76M) | Time:00:00.89 | Mem:9.93M, Peak:12.54M | Scene, ViewLayer | Updating Lookup Tables
Fra:91 Mem:230.90M (Peak 320.76M) | Time:00:00.89 | Mem:9.93M, Peak:12.54M | Scene, ViewLayer | Updating Baking
Fra:91 Mem:230.90M (Peak 320.76M) | Time:00:00.89 | Mem:9.93M, Peak:12.54M | Scene, ViewLayer | Updating Device | Writing constant memory
Fra:91 Mem:230.90M (Peak 320.76M) | Time:00:00.89 | Mem:9.93M, Peak:12.54M | Scene, ViewLayer | Sample 0/24
Fra:91 Mem:230.90M (Peak 320.76M) | Time:00:01.99 | Remaining:00:25.30 | Mem:9.93M, Peak:12.54M | Scene, ViewLayer | Sample 1/24
Fra:91 Mem:230.90M (Peak 320.76M) | Time:00:02.82 | Remaining:00:21.20 | Mem:9.93M, Peak:12.54M | Scene, ViewLayer | Sample 2/24
Fra:91 Mem:266.50M (Peak 320.76M) | Time:00:24.25 | Mem:9.93M, Peak:12.54M | Scene, ViewLayer | Sample 24/24
Fra:91 Mem:266.50M (Peak 320.76M) | Time:00:24.25 | Mem:9.93M, Peak:12.54M | Scene, ViewLayer | Finished
Saved: 'C:\Work\domin8te-build\daysky\out\b\f0091.png'
Time: 00:24.67 (Saving: 00:00.42)

Fra:92 Mem:230.90M (Peak 320.76M) | Time:00:01.58 | Mem:9.93M, Peak:9.93M | Scene, ViewLayer | Synchronizing object | t0
Fra:92 Mem:230.90M (Peak 320.76M) | Time:00:01.58 | Mem:9.93M, Peak:9.93M | Scene, ViewLayer | Synchronizing object | t1
Fra:92 Mem:230.90M (Peak 320.76M) | Time:00:01.58 | Mem:9.93M, Peak:9.93M | Scene, ViewLayer | Synchronizing object | near_vol
Fra:92 Mem:230.87M (Peak 320.76M) | Time:00:01.58 | Mem:9.93M, Peak:9.93M | Scene, ViewLayer | Synchronizing object | far_vol
Fra:92 Mem:230.82M (Peak 320.76M) | Time:00:01.58 | Mem:9.93M, Peak:9.93M | Scene, ViewLayer | Synchronizing object | main_vol
Fra:92 Mem:230.73M (Peak 320.76M) | Time:00:01.58 | Mem:9.93M, Peak:9.93M | Scene, ViewLayer | Initializing
Fra:92 Mem:230.73M (Peak 320.76M) | Time:00:01.58 | Mem:9.93M, Peak:9.93M | Scene, ViewLayer | Waiting for render to start
Fra:92 Mem:230.73M (Peak 320.76M) | Time:00:01.58 | Mem:9.93M, Peak:9.93M | Scene, ViewLayer | Updating Scene
Fra:92 Mem:230.73M (Peak 320.76M) | Time:00:01.58 | Mem:9.93M, Peak:9.93M | Scene, ViewLayer | Updating Shaders
Fra:92 Mem:230.73M (Peak 320.76M) | Time:00:01.58 | Mem:9.93M, Peak:9.93M | Scene, ViewLayer | Updating Background
Fra:92 Mem:230.73M (Peak 320.76M) | Time:00:01.58 | Mem:9.93M, Peak:9.93M | Scene, ViewLayer | Updating Camera
Fra:92 Mem:230.73M (Peak 320.76M) | Time:00:01.58 | Mem:9.93M, Peak:9.93M | Scene, ViewLayer | Updating Meshes Flags
Fra:92 Mem:230.73M (Peak 320.76M) | Time:00:01.58 | Mem:9.93M, Peak:9.93M | Scene, ViewLayer | Updating Meshes Volume Bounds
Fra:92 Mem:230.73M (Peak 320.76M) | Time:00:01.58 | Mem:9.93M, Peak:9.93M | Scene, ViewLayer | Updating Volume Images
Fra:92 Mem:230.73M (Peak 320.76M) | Time:00:01.58 | Mem:9.93M, Peak:9.93M | Scene, ViewLayer | Updating Mesh | Computing Volume Mesh main_vol
Fra:92 Mem:230.80M (Peak 320.76M) | Time:00:01.61 | Mem:9.93M, Peak:9.93M | Scene, ViewLayer | Updating Mesh | Computing Volume Mesh far_vol
Fra:92 Mem:230.83M (Peak 320.76M) | Time:00:01.62 | Mem:9.93M, Peak:9.93M | Scene, ViewLayer | Updating Mesh | Computing Volume Mesh near_vol
Fra:92 Mem:230.86M (Peak 320.76M) | Time:00:01.67 | Mem:9.93M, Peak:9.93M | Scene, ViewLayer | Updating Objects
Fra:92 Mem:230.86M (Peak 320.76M) | Time:00:01.67 | Mem:9.93M, Peak:9.93M | Scene, ViewLayer | Updating Objects | Copying Transformations to device
Fra:92 Mem:230.86M (Peak 320.76M) | Time:00:01.67 | Mem:9.93M, Peak:9.93M | Scene, ViewLayer | Updating Particle Systems
Fra:92 Mem:230.86M (Peak 320.76M) | Time:00:01.67 | Mem:9.93M, Peak:9.93M | Scene, ViewLayer | Updating Meshes
Fra:92 Mem:225.77M (Peak 320.76M) | Time:00:01.92 | Mem:4.80M, Peak:9.93M | Scene, ViewLayer | Updating Objects | Applying Static Transformations
Fra:92 Mem:225.77M (Peak 320.76M) | Time:00:01.92 | Mem:4.80M, Peak:9.93M | Scene, ViewLayer | Updating Mesh | Computing attributes
Fra:92 Mem:226.73M (Peak 320.76M) | Time:00:01.93 | Mem:4.80M, Peak:9.93M | Scene, ViewLayer | Updating Mesh | Copying Attributes to device
Fra:92 Mem:226.73M (Peak 320.76M) | Time:00:01.93 | Mem:5.76M, Peak:9.93M | Scene, ViewLayer | Updating Geometry BVH main_vol 2/5 | Building BVH
Fra:92 Mem:226.73M (Peak 320.76M) | Time:00:01.93 | Mem:5.76M, Peak:9.93M | Scene, ViewLayer | Updating Geometry BVH far_vol 3/5 | Building BVH
Fra:92 Mem:226.73M (Peak 320.76M) | Time:00:01.93 | Mem:5.76M, Peak:9.93M | Scene, ViewLayer | Updating Geometry BVH t0 5/5 | Building BVH
Fra:92 Mem:226.73M (Peak 320.76M) | Time:00:01.93 | Mem:5.76M, Peak:9.93M | Scene, ViewLayer | Updating Geometry BVH t0 5/5 | Building OptiX acceleration structure
Fra:92 Mem:227.81M (Peak 320.76M) | Time:00:01.93 | Mem:5.76M, Peak:9.93M | Scene, ViewLayer | Updating Geometry BVH t1 6/5 | Building BVH
Fra:92 Mem:227.81M (Peak 320.76M) | Time:00:01.93 | Mem:5.76M, Peak:9.93M | Scene, ViewLayer | Updating Geometry BVH t1 6/5 | Building OptiX acceleration structure
Fra:92 Mem:226.73M (Peak 320.76M) | Time:00:01.94 | Mem:5.76M, Peak:9.93M | Scene, ViewLayer | Updating Scene BVH | Building
Fra:92 Mem:226.73M (Peak 320.76M) | Time:00:01.94 | Mem:5.76M, Peak:9.93M | Scene, ViewLayer | Updating Scene BVH | Building OptiX acceleration structure
Fra:92 Mem:226.73M (Peak 320.76M) | Time:00:01.95 | Mem:5.76M, Peak:9.93M | Scene, ViewLayer | Updating Scene BVH | Building BVH
Fra:92 Mem:226.73M (Peak 320.76M) | Time:00:01.95 | Mem:5.76M, Peak:9.93M | Scene, ViewLayer | Updating Scene BVH | Building BVH 0%
Fra:92 Mem:226.73M (Peak 320.76M) | Time:00:02.03 | Mem:5.76M, Peak:9.93M | Scene, ViewLayer | Updating Scene BVH | Copying BVH to device
Fra:92 Mem:226.73M (Peak 320.76M) | Time:00:02.03 | Mem:5.76M, Peak:9.93M | Scene, ViewLayer | Updating Mesh | Computing normals
Fra:92 Mem:230.90M (Peak 320.76M) | Time:00:02.05 | Mem:5.76M, Peak:9.93M | Scene, ViewLayer | Updating Mesh | Copying Mesh to device
Fra:92 Mem:230.90M (Peak 320.76M) | Time:00:02.07 | Mem:9.93M, Peak:9.93M | Scene, ViewLayer | Updating Objects Flags
Fra:92 Mem:230.90M (Peak 320.76M) | Time:00:02.84 | Mem:9.93M, Peak:9.93M | Scene, ViewLayer | Updating Primitive Offsets
Fra:92 Mem:230.90M (Peak 320.76M) | Time:00:02.84 | Mem:9.93M, Peak:9.93M | Scene, ViewLayer | Updating Images
Fra:92 Mem:226.19M (Peak 320.76M) | Time:00:02.87 | Mem:5.22M, Peak:9.93M | Scene, ViewLayer | Updating Images | Loading density
Fra:92 Mem:230.90M (Peak 320.76M) | Time:00:02.88 | Mem:9.93M, Peak:9.93M | Scene, ViewLayer | Updating Camera Volume
Fra:92 Mem:230.90M (Peak 320.76M) | Time:00:02.88 | Mem:9.93M, Peak:9.93M | Scene, ViewLayer | Updating Lookup Tables
Fra:92 Mem:230.90M (Peak 320.76M) | Time:00:02.88 | Mem:9.93M, Peak:9.93M | Scene, ViewLayer | Updating Lights
Fra:92 Mem:230.90M (Peak 320.76M) | Time:00:02.88 | Mem:9.93M, Peak:9.93M | Scene, ViewLayer | Updating Lights | Computing tree
Fra:92 Mem:230.90M (Peak 320.76M) | Time:00:02.89 | Mem:9.93M, Peak:9.93M | Scene, ViewLayer | Updating Integrator
Fra:92 Mem:230.90M (Peak 320.76M) | Time:00:02.89 | Mem:9.93M, Peak:9.93M | Scene, ViewLayer | Updating Film
Fra:92 Mem:230.90M (Peak 320.76M) | Time:00:02.89 | Mem:9.93M, Peak:9.93M | Scene, ViewLayer | Updating Lookup Tables
Fra:92 Mem:230.90M (Peak 320.76M) | Time:00:02.89 | Mem:9.93M, Peak:9.93M | Scene, ViewLayer | Updating Baking
Fra:92 Mem:230.90M (Peak 320.76M) | Time:00:02.89 | Mem:9.93M, Peak:9.93M | Scene, ViewLayer | Updating Device | Writing constant memory
Fra:92 Mem:230.90M (Peak 320.76M) | Time:00:02.89 | Mem:9.93M, Peak:9.93M | Scene, ViewLayer | Sample 0/24
Fra:92 Mem:230.90M (Peak 320.76M) | Time:00:03.92 | Remaining:00:23.69 | Mem:9.93M, Peak:9.93M | Scene, ViewLayer | Sample 1/24
Fra:92 Mem:230.90M (Peak 320.76M) | Time:00:04.82 | Remaining:00:21.24 | Mem:9.93M, Peak:9.93M | Scene, ViewLayer | Sample 2/24
Fra:92 Mem:266.50M (Peak 320.76M) | Time:00:27.33 | Mem:9.93M, Peak:9.93M | Scene, ViewLayer | Sample 24/24
Fra:92 Mem:266.50M (Peak 320.76M) | Time:00:27.33 | Mem:9.93M, Peak:9.93M | Scene, ViewLayer | Finished
Saved: 'C:\Work\domin8te-build\daysky\out\b\f0092.png'
Time: 00:27.56 (Saving: 00:00.22)

Fra:93 Mem:230.90M (Peak 320.76M) | Time:00:00.82 | Mem:9.93M, Peak:9.93M | Scene, ViewLayer | Synchronizing object | t0
Fra:93 Mem:230.90M (Peak 320.76M) | Time:00:00.82 | Mem:9.93M, Peak:9.93M | Scene, ViewLayer | Synchronizing object | t1
Fra:93 Mem:230.90M (Peak 320.76M) | Time:00:00.82 | Mem:9.93M, Peak:9.93M | Scene, ViewLayer | Synchronizing object | near_vol
Fra:93 Mem:230.87M (Peak 320.76M) | Time:00:00.82 | Mem:9.93M, Peak:9.93M | Scene, ViewLayer | Synchronizing object | far_vol
Fra:93 Mem:230.82M (Peak 320.76M) | Time:00:00.82 | Mem:9.93M, Peak:9.93M | Scene, ViewLayer | Synchronizing object | main_vol
Fra:93 Mem:230.73M (Peak 320.76M) | Time:00:00.82 | Mem:9.93M, Peak:9.93M | Scene, ViewLayer | Initializing
Fra:93 Mem:230.73M (Peak 320.76M) | Time:00:00.82 | Mem:9.93M, Peak:9.93M | Scene, ViewLayer | Waiting for render to start
Fra:93 Mem:230.73M (Peak 320.76M) | Time:00:00.82 | Mem:9.93M, Peak:9.93M | Scene, ViewLayer | Updating Scene
Fra:93 Mem:230.73M (Peak 320.76M) | Time:00:00.82 | Mem:9.93M, Peak:9.93M | Scene, ViewLayer | Updating Shaders
Fra:93 Mem:230.73M (Peak 320.76M) | Time:00:00.82 | Mem:9.93M, Peak:9.93M | Scene, ViewLayer | Updating Background
Fra:93 Mem:230.73M (Peak 320.76M) | Time:00:00.82 | Mem:9.93M, Peak:9.93M | Scene, ViewLayer | Updating Camera
Fra:93 Mem:230.73M (Peak 320.76M) | Time:00:00.82 | Mem:9.93M, Peak:9.93M | Scene, ViewLayer | Updating Meshes Flags
Fra:93 Mem:230.73M (Peak 320.76M) | Time:00:00.82 | Mem:9.93M, Peak:9.93M | Scene, ViewLayer | Updating Meshes Volume Bounds
Fra:93 Mem:230.73M (Peak 320.76M) | Time:00:00.82 | Mem:9.93M, Peak:9.93M | Scene, ViewLayer | Updating Volume Images
Fra:93 Mem:230.73M (Peak 320.76M) | Time:00:00.82 | Mem:9.93M, Peak:9.93M | Scene, ViewLayer | Updating Mesh | Computing Volume Mesh main_vol
Fra:93 Mem:230.80M (Peak 320.76M) | Time:00:00.85 | Mem:9.93M, Peak:9.93M | Scene, ViewLayer | Updating Mesh | Computing Volume Mesh far_vol
Fra:93 Mem:230.83M (Peak 320.76M) | Time:00:00.86 | Mem:9.93M, Peak:9.93M | Scene, ViewLayer | Updating Mesh | Computing Volume Mesh near_vol
Fra:93 Mem:230.86M (Peak 320.76M) | Time:00:00.86 | Mem:9.93M, Peak:9.93M | Scene, ViewLayer | Updating Objects
Fra:93 Mem:230.86M (Peak 320.76M) | Time:00:00.86 | Mem:9.93M, Peak:9.93M | Scene, ViewLayer | Updating Objects | Copying Transformations to device
Fra:93 Mem:230.86M (Peak 320.76M) | Time:00:00.86 | Mem:9.93M, Peak:9.93M | Scene, ViewLayer | Updating Particle Systems
Fra:93 Mem:230.86M (Peak 320.76M) | Time:00:00.86 | Mem:9.93M, Peak:9.93M | Scene, ViewLayer | Updating Meshes
Fra:93 Mem:225.77M (Peak 320.76M) | Time:00:00.86 | Mem:4.80M, Peak:9.93M | Scene, ViewLayer | Updating Objects | Applying Static Transformations
Fra:93 Mem:225.77M (Peak 320.76M) | Time:00:00.86 | Mem:4.80M, Peak:9.93M | Scene, ViewLayer | Updating Mesh | Computing attributes
Fra:93 Mem:226.73M (Peak 320.76M) | Time:00:00.86 | Mem:4.80M, Peak:9.93M | Scene, ViewLayer | Updating Mesh | Copying Attributes to device
Fra:93 Mem:226.73M (Peak 320.76M) | Time:00:00.87 | Mem:5.76M, Peak:9.93M | Scene, ViewLayer | Updating Geometry BVH near_vol 4/5 | Building BVH
Fra:93 Mem:226.73M (Peak 320.76M) | Time:00:00.87 | Mem:5.76M, Peak:9.93M | Scene, ViewLayer | Updating Geometry BVH t1 6/5 | Building BVH
Fra:93 Mem:226.73M (Peak 320.76M) | Time:00:00.87 | Mem:5.76M, Peak:9.93M | Scene, ViewLayer | Updating Geometry BVH t0 5/5 | Building BVH
Fra:93 Mem:226.73M (Peak 320.76M) | Time:00:00.87 | Mem:5.76M, Peak:9.93M | Scene, ViewLayer | Updating Geometry BVH t0 5/5 | Building OptiX acceleration structure
Fra:93 Mem:226.73M (Peak 320.76M) | Time:00:00.88 | Mem:5.76M, Peak:9.93M | Scene, ViewLayer | Updating Scene BVH | Building
Fra:93 Mem:226.73M (Peak 320.76M) | Time:00:00.88 | Mem:5.76M, Peak:9.93M | Scene, ViewLayer | Updating Scene BVH | Building OptiX acceleration structure
Fra:93 Mem:226.73M (Peak 320.76M) | Time:00:00.88 | Mem:5.76M, Peak:9.93M | Scene, ViewLayer | Updating Scene BVH | Building BVH
Fra:93 Mem:226.73M (Peak 320.76M) | Time:00:00.88 | Mem:5.76M, Peak:9.93M | Scene, ViewLayer | Updating Scene BVH | Building BVH 0%
Fra:93 Mem:226.73M (Peak 320.76M) | Time:00:00.89 | Mem:5.76M, Peak:9.93M | Scene, ViewLayer | Updating Scene BVH | Copying BVH to device
Fra:93 Mem:226.73M (Peak 320.76M) | Time:00:00.89 | Mem:5.76M, Peak:9.93M | Scene, ViewLayer | Updating Mesh | Computing normals
Fra:93 Mem:230.90M (Peak 320.76M) | Time:00:00.89 | Mem:5.76M, Peak:9.93M | Scene, ViewLayer | Updating Mesh | Copying Mesh to device
Fra:93 Mem:230.90M (Peak 320.76M) | Time:00:00.89 | Mem:9.93M, Peak:9.93M | Scene, ViewLayer | Updating Objects Flags
Fra:93 Mem:230.90M (Peak 320.76M) | Time:00:00.91 | Mem:9.93M, Peak:9.93M | Scene, ViewLayer | Updating Primitive Offsets
Fra:93 Mem:230.90M (Peak 320.76M) | Time:00:00.91 | Mem:9.93M, Peak:9.93M | Scene, ViewLayer | Updating Images
Fra:93 Mem:230.06M (Peak 320.76M) | Time:00:00.91 | Mem:9.93M, Peak:9.93M | Scene, ViewLayer | Updating Images | Loading density
Fra:93 Mem:230.90M (Peak 320.76M) | Time:00:00.92 | Mem:9.93M, Peak:12.54M | Scene, ViewLayer | Updating Camera Volume
Fra:93 Mem:230.90M (Peak 320.76M) | Time:00:00.92 | Mem:9.93M, Peak:12.54M | Scene, ViewLayer | Updating Lookup Tables
Fra:93 Mem:230.90M (Peak 320.76M) | Time:00:00.92 | Mem:9.93M, Peak:12.54M | Scene, ViewLayer | Updating Lights
Fra:93 Mem:230.90M (Peak 320.76M) | Time:00:00.92 | Mem:9.93M, Peak:12.54M | Scene, ViewLayer | Updating Lights | Computing tree
Fra:93 Mem:230.90M (Peak 320.76M) | Time:00:00.92 | Mem:9.93M, Peak:12.54M | Scene, ViewLayer | Updating Integrator
Fra:93 Mem:230.90M (Peak 320.76M) | Time:00:00.92 | Mem:9.93M, Peak:12.54M | Scene, ViewLayer | Updating Film
Fra:93 Mem:230.90M (Peak 320.76M) | Time:00:00.92 | Mem:9.93M, Peak:12.54M | Scene, ViewLayer | Updating Lookup Tables
Fra:93 Mem:230.90M (Peak 320.76M) | Time:00:00.92 | Mem:9.93M, Peak:12.54M | Scene, ViewLayer | Updating Baking
Fra:93 Mem:230.90M (Peak 320.76M) | Time:00:00.92 | Mem:9.93M, Peak:12.54M | Scene, ViewLayer | Updating Device | Writing constant memory
Fra:93 Mem:230.90M (Peak 320.76M) | Time:00:00.92 | Mem:9.93M, Peak:12.54M | Scene, ViewLayer | Sample 0/24
Fra:93 Mem:230.90M (Peak 320.76M) | Time:00:02.05 | Remaining:00:25.92 | Mem:9.93M, Peak:12.54M | Scene, ViewLayer | Sample 1/24
Fra:93 Mem:230.90M (Peak 320.76M) | Time:00:03.02 | Remaining:00:23.16 | Mem:9.93M, Peak:12.54M | Scene, ViewLayer | Sample 2/24
Fra:93 Mem:266.50M (Peak 320.76M) | Time:00:20.50 | Mem:9.93M, Peak:12.54M | Scene, ViewLayer | Sample 24/24
Fra:93 Mem:266.50M (Peak 320.76M) | Time:00:20.50 | Mem:9.93M, Peak:12.54M | Scene, ViewLayer | Finished
Saved: 'C:\Work\domin8te-build\daysky\out\b\f0093.png'
Time: 00:20.71 (Saving: 00:00.20)

Fra:94 Mem:230.90M (Peak 320.76M) | Time:00:00.79 | Mem:9.93M, Peak:9.93M | Scene, ViewLayer | Synchronizing object | t0
Fra:94 Mem:230.90M (Peak 320.76M) | Time:00:00.79 | Mem:9.93M, Peak:9.93M | Scene, ViewLayer | Synchronizing object | t1
Fra:94 Mem:234.89M (Peak 320.76M) | Time:00:00.79 | Mem:9.93M, Peak:9.93M | Scene, ViewLayer | Synchronizing object | main_vol
Fra:94 Mem:234.80M (Peak 320.76M) | Time:00:00.79 | Mem:9.93M, Peak:9.93M | Scene, ViewLayer | Synchronizing object | near_vol
Fra:94 Mem:230.73M (Peak 320.76M) | Time:00:00.79 | Mem:9.93M, Peak:9.93M | Scene, ViewLayer | Initializing
Fra:94 Mem:230.73M (Peak 320.76M) | Time:00:00.79 | Mem:9.93M, Peak:9.93M | Scene, ViewLayer | Waiting for render to start
Fra:94 Mem:230.73M (Peak 320.76M) | Time:00:00.79 | Mem:9.93M, Peak:9.93M | Scene, ViewLayer | Updating Scene
Fra:94 Mem:230.73M (Peak 320.76M) | Time:00:00.79 | Mem:9.93M, Peak:9.93M | Scene, ViewLayer | Updating Shaders
Fra:94 Mem:230.73M (Peak 320.76M) | Time:00:00.79 | Mem:9.93M, Peak:9.93M | Scene, ViewLayer | Updating Background
Fra:94 Mem:230.73M (Peak 320.76M) | Time:00:00.79 | Mem:9.93M, Peak:9.93M | Scene, ViewLayer | Updating Camera
Fra:94 Mem:230.73M (Peak 320.76M) | Time:00:00.79 | Mem:9.93M, Peak:9.93M | Scene, ViewLayer | Updating Meshes Flags
Fra:94 Mem:230.73M (Peak 320.76M) | Time:00:00.79 | Mem:9.93M, Peak:9.93M | Scene, ViewLayer | Updating Meshes Volume Bounds
Fra:94 Mem:230.73M (Peak 320.76M) | Time:00:00.79 | Mem:9.93M, Peak:9.93M | Scene, ViewLayer | Updating Volume Images
Fra:94 Mem:230.73M (Peak 320.76M) | Time:00:00.79 | Mem:9.93M, Peak:9.93M | Scene, ViewLayer | Updating Mesh | Computing Volume Mesh main_vol
Fra:94 Mem:230.80M (Peak 320.76M) | Time:00:00.83 | Mem:9.93M, Peak:9.93M | Scene, ViewLayer | Updating Mesh | Computing Volume Mesh far_vol
Fra:94 Mem:230.83M (Peak 320.76M) | Time:00:00.83 | Mem:9.93M, Peak:9.93M | Scene, ViewLayer | Updating Mesh | Computing Volume Mesh near_vol
Fra:94 Mem:230.86M (Peak 320.76M) | Time:00:00.84 | Mem:9.93M, Peak:9.93M | Scene, ViewLayer | Updating Objects
Fra:94 Mem:230.86M (Peak 320.76M) | Time:00:00.84 | Mem:9.93M, Peak:9.93M | Scene, ViewLayer | Updating Objects | Copying Transformations to device
Fra:94 Mem:230.86M (Peak 320.76M) | Time:00:00.84 | Mem:9.93M, Peak:9.93M | Scene, ViewLayer | Updating Particle Systems
Fra:94 Mem:230.86M (Peak 320.76M) | Time:00:00.84 | Mem:9.93M, Peak:9.93M | Scene, ViewLayer | Updating Meshes
Fra:94 Mem:225.77M (Peak 320.76M) | Time:00:00.87 | Mem:4.80M, Peak:9.93M | Scene, ViewLayer | Updating Objects | Applying Static Transformations
Fra:94 Mem:225.77M (Peak 320.76M) | Time:00:00.87 | Mem:4.80M, Peak:9.93M | Scene, ViewLayer | Updating Mesh | Computing attributes
Fra:94 Mem:226.73M (Peak 320.76M) | Time:00:00.87 | Mem:4.80M, Peak:9.93M | Scene, ViewLayer | Updating Mesh | Copying Attributes to device
Fra:94 Mem:226.73M (Peak 320.76M) | Time:00:00.87 | Mem:5.76M, Peak:9.93M | Scene, ViewLayer | Updating Geometry BVH t1 6/5 | Building BVH
Fra:94 Mem:226.73M (Peak 320.76M) | Time:00:00.87 | Mem:5.76M, Peak:9.93M | Scene, ViewLayer | Updating Geometry BVH main_vol 2/5 | Building BVH
Fra:94 Mem:226.73M (Peak 320.76M) | Time:00:00.87 | Mem:5.76M, Peak:9.93M | Scene, ViewLayer | Updating Geometry BVH far_vol 3/5 | Building BVH
Fra:94 Mem:226.73M (Peak 320.76M) | Time:00:00.89 | Mem:5.76M, Peak:9.93M | Scene, ViewLayer | Updating Geometry BVH near_vol 4/5 | Building BVH
Fra:94 Mem:226.73M (Peak 320.76M) | Time:00:00.90 | Mem:5.76M, Peak:9.93M | Scene, ViewLayer | Updating Geometry BVH t0 5/5 | Building BVH
Fra:94 Mem:226.73M (Peak 320.76M) | Time:00:00.90 | Mem:5.76M, Peak:9.93M | Scene, ViewLayer | Updating Geometry BVH t0 5/5 | Building OptiX acceleration structure
Fra:94 Mem:226.73M (Peak 320.76M) | Time:00:00.91 | Mem:5.76M, Peak:9.93M | Scene, ViewLayer | Updating Scene BVH | Building
Fra:94 Mem:226.73M (Peak 320.76M) | Time:00:00.91 | Mem:5.76M, Peak:9.93M | Scene, ViewLayer | Updating Scene BVH | Building OptiX acceleration structure
Fra:94 Mem:226.73M (Peak 320.76M) | Time:00:00.91 | Mem:5.76M, Peak:9.93M | Scene, ViewLayer | Updating Scene BVH | Building BVH
Fra:94 Mem:226.73M (Peak 320.76M) | Time:00:00.91 | Mem:5.76M, Peak:9.93M | Scene, ViewLayer | Updating Scene BVH | Building BVH 0%
Fra:94 Mem:226.73M (Peak 320.76M) | Time:00:00.99 | Mem:5.76M, Peak:9.93M | Scene, ViewLayer | Updating Scene BVH | Copying BVH to device
Fra:94 Mem:226.73M (Peak 320.76M) | Time:00:00.99 | Mem:5.76M, Peak:9.93M | Scene, ViewLayer | Updating Mesh | Computing normals
Fra:94 Mem:230.90M (Peak 320.76M) | Time:00:01.00 | Mem:5.76M, Peak:9.93M | Scene, ViewLayer | Updating Mesh | Copying Mesh to device
Fra:94 Mem:230.90M (Peak 320.76M) | Time:00:01.00 | Mem:9.93M, Peak:9.93M | Scene, ViewLayer | Updating Objects Flags
Fra:94 Mem:230.90M (Peak 320.76M) | Time:00:01.22 | Mem:9.93M, Peak:9.93M | Scene, ViewLayer | Updating Primitive Offsets
Fra:94 Mem:230.90M (Peak 320.76M) | Time:00:01.22 | Mem:9.93M, Peak:9.93M | Scene, ViewLayer | Updating Images
Fra:94 Mem:226.19M (Peak 320.76M) | Time:00:01.23 | Mem:5.22M, Peak:9.93M | Scene, ViewLayer | Updating Images | Loading density
Fra:94 Mem:230.90M (Peak 320.76M) | Time:00:01.23 | Mem:9.93M, Peak:9.93M | Scene, ViewLayer | Updating Camera Volume
Fra:94 Mem:230.90M (Peak 320.76M) | Time:00:01.23 | Mem:9.93M, Peak:9.93M | Scene, ViewLayer | Updating Lookup Tables
Fra:94 Mem:230.90M (Peak 320.76M) | Time:00:01.23 | Mem:9.93M, Peak:9.93M | Scene, ViewLayer | Updating Lights
Fra:94 Mem:230.90M (Peak 320.76M) | Time:00:01.23 | Mem:9.93M, Peak:9.93M | Scene, ViewLayer | Updating Lights | Computing tree
Fra:94 Mem:230.90M (Peak 320.76M) | Time:00:01.23 | Mem:9.93M, Peak:9.93M | Scene, ViewLayer | Updating Integrator
Fra:94 Mem:230.90M (Peak 320.76M) | Time:00:01.23 | Mem:9.93M, Peak:9.93M | Scene, ViewLayer | Updating Film
Fra:94 Mem:230.90M (Peak 320.76M) | Time:00:01.23 | Mem:9.93M, Peak:9.93M | Scene, ViewLayer | Updating Lookup Tables
Fra:94 Mem:230.90M (Peak 320.76M) | Time:00:01.23 | Mem:9.93M, Peak:9.93M | Scene, ViewLayer | Updating Baking
Fra:94 Mem:230.90M (Peak 320.76M) | Time:00:01.23 | Mem:9.93M, Peak:9.93M | Scene, ViewLayer | Updating Device | Writing constant memory
Fra:94 Mem:230.90M (Peak 320.76M) | Time:00:01.23 | Mem:9.93M, Peak:9.93M | Scene, ViewLayer | Sample 0/24
Fra:94 Mem:230.90M (Peak 320.76M) | Time:00:02.10 | Remaining:00:20.03 | Mem:9.93M, Peak:9.93M | Scene, ViewLayer | Sample 1/24
Fra:94 Mem:230.90M (Peak 320.76M) | Time:00:02.98 | Remaining:00:19.29 | Mem:9.93M, Peak:9.93M | Scene, ViewLayer | Sample 2/24
Fra:94 Mem:266.50M (Peak 320.76M) | Time:00:20.74 | Mem:9.93M, Peak:9.93M | Scene, ViewLayer | Sample 24/24
Fra:94 Mem:266.50M (Peak 320.76M) | Time:00:20.74 | Mem:9.93M, Peak:9.93M | Scene, ViewLayer | Finished
Saved: 'C:\Work\domin8te-build\daysky\out\b\f0094.png'
Time: 00:20.94 (Saving: 00:00.20)

Fra:95 Mem:230.90M (Peak 320.76M) | Time:00:00.73 | Mem:9.93M, Peak:9.93M | Scene, ViewLayer | Synchronizing object | main_vol
Fra:95 Mem:230.81M (Peak 320.76M) | Time:00:00.73 | Mem:9.93M, Peak:9.93M | Scene, ViewLayer | Synchronizing object | t0
Fra:95 Mem:230.73M (Peak 320.76M) | Time:00:00.73 | Mem:9.93M, Peak:9.93M | Scene, ViewLayer | Synchronizing object | t1
Fra:95 Mem:230.73M (Peak 320.76M) | Time:00:00.73 | Mem:9.93M, Peak:9.93M | Scene, ViewLayer | Initializing
Fra:95 Mem:230.73M (Peak 320.76M) | Time:00:00.73 | Mem:9.93M, Peak:9.93M | Scene, ViewLayer | Waiting for render to start
Fra:95 Mem:230.73M (Peak 320.76M) | Time:00:00.73 | Mem:9.93M, Peak:9.93M | Scene, ViewLayer | Updating Scene
Fra:95 Mem:230.73M (Peak 320.76M) | Time:00:00.73 | Mem:9.93M, Peak:9.93M | Scene, ViewLayer | Updating Shaders
Fra:95 Mem:230.73M (Peak 320.76M) | Time:00:00.73 | Mem:9.93M, Peak:9.93M | Scene, ViewLayer | Updating Background
Fra:95 Mem:230.73M (Peak 320.76M) | Time:00:00.73 | Mem:9.93M, Peak:9.93M | Scene, ViewLayer | Updating Camera
Fra:95 Mem:230.73M (Peak 320.76M) | Time:00:00.73 | Mem:9.93M, Peak:9.93M | Scene, ViewLayer | Updating Meshes Flags
Fra:95 Mem:230.73M (Peak 320.76M) | Time:00:00.73 | Mem:9.93M, Peak:9.93M | Scene, ViewLayer | Updating Meshes Volume Bounds
Fra:95 Mem:230.73M (Peak 320.76M) | Time:00:00.73 | Mem:9.93M, Peak:9.93M | Scene, ViewLayer | Updating Volume Images
Fra:95 Mem:230.73M (Peak 320.76M) | Time:00:00.73 | Mem:9.93M, Peak:9.93M | Scene, ViewLayer | Updating Mesh | Computing Volume Mesh main_vol
Fra:95 Mem:230.80M (Peak 320.76M) | Time:00:00.75 | Mem:9.93M, Peak:9.93M | Scene, ViewLayer | Updating Mesh | Computing Volume Mesh far_vol
Fra:95 Mem:230.83M (Peak 320.76M) | Time:00:00.76 | Mem:9.93M, Peak:9.93M | Scene, ViewLayer | Updating Mesh | Computing Volume Mesh near_vol
Fra:95 Mem:230.86M (Peak 320.76M) | Time:00:00.77 | Mem:9.93M, Peak:9.93M | Scene, ViewLayer | Updating Objects
Fra:95 Mem:230.86M (Peak 320.76M) | Time:00:00.77 | Mem:9.93M, Peak:9.93M | Scene, ViewLayer | Updating Objects | Copying Transformations to device
Fra:95 Mem:230.86M (Peak 320.76M) | Time:00:00.77 | Mem:9.93M, Peak:9.93M | Scene, ViewLayer | Updating Particle Systems
Fra:95 Mem:230.86M (Peak 320.76M) | Time:00:00.77 | Mem:9.93M, Peak:9.93M | Scene, ViewLayer | Updating Meshes
Fra:95 Mem:225.77M (Peak 320.76M) | Time:00:00.77 | Mem:4.80M, Peak:9.93M | Scene, ViewLayer | Updating Objects | Applying Static Transformations
Fra:95 Mem:225.77M (Peak 320.76M) | Time:00:00.77 | Mem:4.80M, Peak:9.93M | Scene, ViewLayer | Updating Mesh | Computing attributes
Fra:95 Mem:226.73M (Peak 320.76M) | Time:00:00.77 | Mem:4.80M, Peak:9.93M | Scene, ViewLayer | Updating Mesh | Copying Attributes to device
Fra:95 Mem:226.73M (Peak 320.76M) | Time:00:00.77 | Mem:5.76M, Peak:9.93M | Scene, ViewLayer | Updating Geometry BVH main_vol 2/1 | Building BVH
Fra:95 Mem:226.73M (Peak 320.76M) | Time:00:00.77 | Mem:5.76M, Peak:9.93M | Scene, ViewLayer | Updating Geometry BVH main_vol 2/1 | Building OptiX acceleration structure
Fra:95 Mem:226.78M (Peak 320.76M) | Time:00:00.77 | Mem:5.76M, Peak:9.93M | Scene, ViewLayer | Updating Geometry BVH t1 6/5 | Building BVH
Fra:95 Mem:226.78M (Peak 320.76M) | Time:00:00.77 | Mem:5.76M, Peak:9.93M | Scene, ViewLayer | Updating Geometry BVH far_vol 3/5 | Building BVH
Fra:95 Mem:226.78M (Peak 320.76M) | Time:00:00.77 | Mem:5.76M, Peak:9.93M | Scene, ViewLayer | Updating Geometry BVH near_vol 4/5 | Building BVH
Fra:95 Mem:226.78M (Peak 320.76M) | Time:00:00.77 | Mem:5.76M, Peak:9.93M | Scene, ViewLayer | Updating Geometry BVH t0 5/5 | Building BVH
Fra:95 Mem:226.78M (Peak 320.76M) | Time:00:00.77 | Mem:5.76M, Peak:9.93M | Scene, ViewLayer | Updating Geometry BVH t0 5/5 | Building OptiX acceleration structure
Fra:95 Mem:226.73M (Peak 320.76M) | Time:00:00.78 | Mem:5.76M, Peak:9.93M | Scene, ViewLayer | Updating Scene BVH | Building
Fra:95 Mem:226.73M (Peak 320.76M) | Time:00:00.78 | Mem:5.76M, Peak:9.93M | Scene, ViewLayer | Updating Scene BVH | Building OptiX acceleration structure
Fra:95 Mem:226.73M (Peak 320.76M) | Time:00:00.78 | Mem:5.76M, Peak:9.93M | Scene, ViewLayer | Updating Scene BVH | Building BVH
Fra:95 Mem:226.73M (Peak 320.76M) | Time:00:00.78 | Mem:5.76M, Peak:9.93M | Scene, ViewLayer | Updating Scene BVH | Building BVH 0%
Fra:95 Mem:226.73M (Peak 320.76M) | Time:00:00.82 | Mem:5.76M, Peak:9.93M | Scene, ViewLayer | Updating Scene BVH | Copying BVH to device
Fra:95 Mem:226.73M (Peak 320.76M) | Time:00:00.82 | Mem:5.76M, Peak:9.93M | Scene, ViewLayer | Updating Mesh | Computing normals
Fra:95 Mem:230.90M (Peak 320.76M) | Time:00:00.82 | Mem:5.76M, Peak:9.93M | Scene, ViewLayer | Updating Mesh | Copying Mesh to device
Fra:95 Mem:230.90M (Peak 320.76M) | Time:00:00.82 | Mem:9.93M, Peak:9.93M | Scene, ViewLayer | Updating Objects Flags
Fra:95 Mem:230.90M (Peak 320.76M) | Time:00:01.20 | Mem:9.93M, Peak:9.93M | Scene, ViewLayer | Updating Primitive Offsets
Fra:95 Mem:230.90M (Peak 320.76M) | Time:00:01.20 | Mem:9.93M, Peak:9.93M | Scene, ViewLayer | Updating Images
Fra:95 Mem:228.28M (Peak 320.76M) | Time:00:01.21 | Mem:9.93M, Peak:9.93M | Scene, ViewLayer | Updating Images | Loading density
Fra:95 Mem:230.90M (Peak 320.76M) | Time:00:01.22 | Mem:9.93M, Peak:12.03M | Scene, ViewLayer | Updating Camera Volume
Fra:95 Mem:230.90M (Peak 320.76M) | Time:00:01.22 | Mem:9.93M, Peak:12.03M | Scene, ViewLayer | Updating Lookup Tables
Fra:95 Mem:230.90M (Peak 320.76M) | Time:00:01.22 | Mem:9.93M, Peak:12.03M | Scene, ViewLayer | Updating Lights
Fra:95 Mem:230.90M (Peak 320.76M) | Time:00:01.22 | Mem:9.93M, Peak:12.03M | Scene, ViewLayer | Updating Lights | Computing tree
Fra:95 Mem:230.90M (Peak 320.76M) | Time:00:01.22 | Mem:9.93M, Peak:12.03M | Scene, ViewLayer | Updating Integrator
Fra:95 Mem:230.90M (Peak 320.76M) | Time:00:01.22 | Mem:9.93M, Peak:12.03M | Scene, ViewLayer | Updating Film
Fra:95 Mem:230.90M (Peak 320.76M) | Time:00:01.22 | Mem:9.93M, Peak:12.03M | Scene, ViewLayer | Updating Lookup Tables
Fra:95 Mem:230.90M (Peak 320.76M) | Time:00:01.22 | Mem:9.93M, Peak:12.03M | Scene, ViewLayer | Updating Baking
Fra:95 Mem:230.90M (Peak 320.76M) | Time:00:01.22 | Mem:9.93M, Peak:12.03M | Scene, ViewLayer | Updating Device | Writing constant memory
Fra:95 Mem:230.90M (Peak 320.76M) | Time:00:01.22 | Mem:9.93M, Peak:12.03M | Scene, ViewLayer | Sample 0/24
Fra:95 Mem:230.90M (Peak 320.76M) | Time:00:02.20 | Remaining:00:22.74 | Mem:9.93M, Peak:12.03M | Scene, ViewLayer | Sample 1/24
Fra:95 Mem:230.90M (Peak 320.76M) | Time:00:03.13 | Remaining:00:21.01 | Mem:9.93M, Peak:12.03M | Scene, ViewLayer | Sample 2/24
Fra:95 Mem:266.50M (Peak 320.76M) | Time:00:20.75 | Mem:9.93M, Peak:12.03M | Scene, ViewLayer | Sample 24/24
Fra:95 Mem:266.50M (Peak 320.76M) | Time:00:20.75 | Mem:9.93M, Peak:12.03M | Scene, ViewLayer | Finished
Saved: 'C:\Work\domin8te-build\daysky\out\b\f0095.png'
Time: 00:20.95 (Saving: 00:00.19)

ANIM b 0 95 1637s

Blender quit
