Blender 4.5.14 LTS (hash 62c1db4208e8 built 2026-09-15 01:33:49)
Fra:0 Mem:22.03M (Peak 23.18M) | Time:00:00.82 | Mem:0.00M, Peak:0.00M | Scene, ViewLayer | Synchronizing object | key
Fra:0 Mem:22.03M (Peak 23.18M) | Time:00:00.82 | Mem:0.00M, Peak:0.00M | Scene, ViewLayer | Synchronizing object | t0
Fra:0 Mem:25.45M (Peak 25.83M) | Time:00:00.83 | Mem:0.00M, Peak:0.00M | Scene, ViewLayer | Initializing
Fra:0 Mem:25.45M (Peak 25.83M) | Time:00:00.83 | Mem:0.00M, Peak:0.00M | Scene, ViewLayer | Waiting for render to start
Fra:0 Mem:25.45M (Peak 25.83M) | Time:00:00.83 | Mem:0.00M, Peak:0.00M | Scene, ViewLayer | Updating Scene
Fra:0 Mem:25.45M (Peak 25.83M) | Time:00:00.83 | Mem:0.00M, Peak:0.00M | Scene, ViewLayer | Updating Shaders
Fra:0 Mem:25.45M (Peak 25.83M) | Time:00:00.83 | Mem:0.00M, Peak:0.00M | Scene, ViewLayer | Loading render kernels (may take a few minutes the first time)
Fra:0 Mem:25.53M (Peak 52.62M) | Time:00:00.99 | Mem:0.00M, Peak:0.00M | Scene, ViewLayer | Updating Procedurals
Fra:0 Mem:25.53M (Peak 52.62M) | Time:00:00.99 | Mem:0.00M, Peak:0.00M | Scene, ViewLayer | Updating Background
Fra:0 Mem:25.53M (Peak 52.62M) | Time:00:00.99 | Mem:0.00M, Peak:0.00M | Scene, ViewLayer | Updating Camera
Fra:0 Mem:25.53M (Peak 52.62M) | Time:00:00.99 | Mem:0.00M, Peak:0.00M | Scene, ViewLayer | Updating Meshes Flags
Fra:0 Mem:25.53M (Peak 52.62M) | Time:00:00.99 | Mem:0.00M, Peak:0.00M | Scene, ViewLayer | Updating Meshes Volume Bounds
Fra:0 Mem:25.53M (Peak 52.62M) | Time:00:00.99 | Mem:0.00M, Peak:0.00M | Scene, ViewLayer | Updating Volume Images
Fra:0 Mem:25.53M (Peak 52.62M) | Time:00:00.99 | Mem:0.00M, Peak:0.00M | Scene, ViewLayer | Updating Mesh | Computing Volume Mesh main_vol
Fra:0 Mem:25.53M (Peak 52.62M) | Time:00:00.99 | Mem:0.00M, Peak:0.00M | Scene, ViewLayer | Updating Mesh | Computing Volume Mesh far_vol
Fra:0 Mem:25.53M (Peak 52.62M) | Time:00:00.99 | Mem:0.00M, Peak:0.00M | Scene, ViewLayer | Updating Mesh | Computing Volume Mesh near_vol
Fra:0 Mem:25.53M (Peak 52.62M) | Time:00:00.99 | Mem:0.00M, Peak:0.00M | Scene, ViewLayer | Updating Objects
Fra:0 Mem:25.53M (Peak 52.62M) | Time:00:00.99 | Mem:0.00M, Peak:0.00M | Scene, ViewLayer | Updating Objects | Copying Transformations to device
Fra:0 Mem:25.54M (Peak 52.62M) | Time:00:00.99 | Mem:0.00M, Peak:0.00M | Scene, ViewLayer | Updating Particle Systems
Fra:0 Mem:25.54M (Peak 52.62M) | Time:00:00.99 | Mem:0.00M, Peak:0.00M | Scene, ViewLayer | Updating Particle Systems | Copying Particles to device
Fra:0 Mem:25.54M (Peak 52.62M) | Time:00:00.99 | Mem:0.00M, Peak:0.00M | Scene, ViewLayer | Updating Meshes
Fra:0 Mem:25.54M (Peak 52.62M) | Time:00:00.99 | Mem:0.00M, Peak:0.00M | Scene, ViewLayer | Updating Objects | Applying Static Transformations
Fra:0 Mem:25.54M (Peak 52.62M) | Time:00:00.99 | Mem:0.00M, Peak:0.00M | Scene, ViewLayer | Updating Mesh | Computing attributes
Fra:0 Mem:25.82M (Peak 52.62M) | Time:00:00.99 | Mem:0.00M, Peak:0.00M | Scene, ViewLayer | Updating Mesh | Copying Attributes to device
Fra:0 Mem:25.82M (Peak 52.62M) | Time:00:00.99 | Mem:0.29M, Peak:0.29M | Scene, ViewLayer | Updating Geometry BVH light 9/8 | Building BVH
Fra:0 Mem:25.82M (Peak 52.62M) | Time:00:00.99 | Mem:0.29M, Peak:0.29M | Scene, ViewLayer | Updating Geometry BVH main_vol 5/8 | Building BVH
Fra:0 Mem:25.82M (Peak 52.62M) | Time:00:00.99 | Mem:0.29M, Peak:0.29M | Scene, ViewLayer | Updating Geometry BVH t0 8/8 | Building BVH
Fra:0 Mem:25.82M (Peak 52.62M) | Time:00:00.99 | Mem:0.29M, Peak:0.29M | Scene, ViewLayer | Updating Geometry BVH t0 8/8 | Building OptiX acceleration structure
Fra:0 Mem:25.82M (Peak 52.62M) | Time:00:01.00 | Mem:0.29M, Peak:0.29M | Scene, ViewLayer | Updating Scene BVH | Building
Fra:0 Mem:25.82M (Peak 52.62M) | Time:00:01.00 | Mem:0.29M, Peak:0.29M | Scene, ViewLayer | Updating Scene BVH | Building OptiX acceleration structure
Fra:0 Mem:25.82M (Peak 52.62M) | Time:00:01.00 | Mem:0.29M, Peak:0.29M | Scene, ViewLayer | Updating Scene BVH | Building BVH
Fra:0 Mem:25.82M (Peak 52.62M) | Time:00:01.00 | Mem:0.29M, Peak:0.29M | Scene, ViewLayer | Updating Scene BVH | Building BVH 0%
Fra:0 Mem:25.82M (Peak 52.62M) | Time:00:01.00 | Mem:0.29M, Peak:0.29M | Scene, ViewLayer | Updating Scene BVH | Copying BVH to device
Fra:0 Mem:25.82M (Peak 52.62M) | Time:00:01.00 | Mem:0.29M, Peak:0.29M | Scene, ViewLayer | Updating Mesh | Computing normals
Fra:0 Mem:27.02M (Peak 52.62M) | Time:00:01.00 | Mem:0.29M, Peak:0.29M | Scene, ViewLayer | Updating Mesh | Copying Mesh to device
Fra:0 Mem:27.02M (Peak 52.62M) | Time:00:01.00 | Mem:1.49M, Peak:1.49M | Scene, ViewLayer | Updating Objects Flags
Fra:0 Mem:27.02M (Peak 52.62M) | Time:00:01.00 | Mem:1.49M, Peak:1.49M | Scene, ViewLayer | Updating Primitive Offsets
Fra:0 Mem:27.02M (Peak 52.62M) | Time:00:01.00 | Mem:1.49M, Peak:1.49M | Scene, ViewLayer | Updating Images
Fra:0 Mem:27.02M (Peak 52.62M) | Time:00:01.00 | Mem:1.49M, Peak:1.49M | Scene, ViewLayer | Updating Camera Volume
Fra:0 Mem:27.02M (Peak 52.62M) | Time:00:01.00 | Mem:1.49M, Peak:1.49M | Scene, ViewLayer | Updating Lookup Tables
Fra:0 Mem:27.02M (Peak 52.62M) | Time:00:01.00 | Mem:1.57M, Peak:1.57M | Scene, ViewLayer | Updating Lights
Fra:0 Mem:27.02M (Peak 52.62M) | Time:00:01.00 | Mem:1.57M, Peak:1.57M | Scene, ViewLayer | Updating Lights | Computing tree
Fra:0 Mem:27.03M (Peak 52.62M) | Time:00:01.00 | Mem:1.57M, Peak:1.57M | Scene, ViewLayer | Updating Integrator
Fra:0 Mem:27.03M (Peak 52.62M) | Time:00:01.00 | Mem:1.57M, Peak:1.57M | Scene, ViewLayer | Updating Film
Fra:0 Mem:27.03M (Peak 52.62M) | Time:00:01.00 | Mem:1.49M, Peak:1.57M | Scene, ViewLayer | Updating Lookup Tables
Fra:0 Mem:27.03M (Peak 52.62M) | Time:00:01.00 | Mem:1.58M, Peak:1.58M | Scene, ViewLayer | Updating Baking
Fra:0 Mem:27.03M (Peak 52.62M) | Time:00:01.00 | Mem:1.58M, Peak:1.58M | Scene, ViewLayer | Updating Device | Writing constant memory
Fra:0 Mem:27.03M (Peak 52.62M) | Time:00:01.00 | Mem:1.58M, Peak:1.58M | Scene, ViewLayer | Loading denoising kernels (may take a few minutes the first time)
Fra:0 Mem:31.03M (Peak 52.62M) | Time:00:01.02 | Mem:1.58M, Peak:1.58M | Scene, ViewLayer | Sample 0/24
Fra:0 Mem:115.77M (Peak 115.77M) | Time:00:01.06 | Remaining:00:00.78 | Mem:1.58M, Peak:1.58M | Scene, ViewLayer | Sample 1/24
Fra:0 Mem:115.77M (Peak 228.28M) | Time:00:01.16 | Remaining:00:00.52 | Mem:1.58M, Peak:86.12M | Scene, ViewLayer | Sample 5/24
Fra:0 Mem:115.77M (Peak 228.28M) | Time:00:01.30 | Remaining:00:00.04 | Mem:1.58M, Peak:86.12M | Scene, ViewLayer | Sample 21/24
Fra:0 Mem:235.91M (Peak 289.31M) | Time:00:01.54 | Mem:1.58M, Peak:86.12M | Scene, ViewLayer | Sample 24/24
Fra:0 Mem:235.91M (Peak 289.31M) | Time:00:01.54 | Mem:1.58M, Peak:86.12M | Scene, ViewLayer | Finished
Saved: 'C:\Work\domin8te-build\daysky\out\a\f0000.png'
Time: 00:01.89 (Saving: 00:00.35)

Fra:1 Mem:200.32M (Peak 289.31M) | Time:00:00.56 | Mem:1.58M, Peak:1.58M | Scene, ViewLayer | Synchronizing object | main_vol
Fra:1 Mem:200.32M (Peak 289.31M) | Time:00:00.56 | Mem:1.58M, Peak:1.58M | Scene, ViewLayer | Synchronizing object | t0
Fra:1 Mem:200.32M (Peak 289.31M) | Time:00:00.57 | Mem:1.58M, Peak:1.58M | Scene, ViewLayer | Initializing
Fra:1 Mem:200.31M (Peak 289.31M) | Time:00:00.57 | Mem:1.58M, Peak:1.58M | Scene, ViewLayer | Waiting for render to start
Fra:1 Mem:200.31M (Peak 289.31M) | Time:00:00.57 | Mem:1.58M, Peak:1.58M | Scene, ViewLayer | Updating Scene
Fra:1 Mem:200.31M (Peak 289.31M) | Time:00:00.57 | Mem:1.58M, Peak:1.58M | Scene, ViewLayer | Updating Shaders
Fra:1 Mem:200.31M (Peak 289.31M) | Time:00:00.57 | Mem:1.58M, Peak:1.58M | Scene, ViewLayer | Updating Procedurals
Fra:1 Mem:200.31M (Peak 289.31M) | Time:00:00.57 | Mem:1.58M, Peak:1.58M | Scene, ViewLayer | Updating Background
Fra:1 Mem:200.31M (Peak 289.31M) | Time:00:00.57 | Mem:1.58M, Peak:1.58M | Scene, ViewLayer | Updating Camera
Fra:1 Mem:200.31M (Peak 289.31M) | Time:00:00.57 | Mem:1.58M, Peak:1.58M | Scene, ViewLayer | Updating Meshes Flags
Fra:1 Mem:200.31M (Peak 289.31M) | Time:00:00.57 | Mem:1.58M, Peak:1.58M | Scene, ViewLayer | Updating Meshes Volume Bounds
Fra:1 Mem:200.31M (Peak 289.31M) | Time:00:00.57 | Mem:1.58M, Peak:1.58M | Scene, ViewLayer | Updating Volume Images
Fra:1 Mem:200.31M (Peak 289.31M) | Time:00:00.57 | Mem:1.58M, Peak:1.58M | Scene, ViewLayer | Updating Mesh | Computing Volume Mesh main_vol
Fra:1 Mem:200.37M (Peak 289.31M) | Time:00:00.58 | Mem:1.58M, Peak:1.58M | Scene, ViewLayer | Updating Mesh | Computing Volume Mesh far_vol
Fra:1 Mem:200.40M (Peak 289.31M) | Time:00:00.58 | Mem:1.58M, Peak:1.58M | Scene, ViewLayer | Updating Mesh | Computing Volume Mesh near_vol
Fra:1 Mem:200.42M (Peak 289.31M) | Time:00:00.59 | Mem:1.58M, Peak:1.58M | Scene, ViewLayer | Updating Objects
Fra:1 Mem:200.42M (Peak 289.31M) | Time:00:00.59 | Mem:1.58M, Peak:1.58M | Scene, ViewLayer | Updating Objects | Copying Transformations to device
Fra:1 Mem:200.42M (Peak 289.31M) | Time:00:00.59 | Mem:1.58M, Peak:1.58M | Scene, ViewLayer | Updating Particle Systems
Fra:1 Mem:200.42M (Peak 289.31M) | Time:00:00.59 | Mem:1.58M, Peak:1.58M | Scene, ViewLayer | Updating Meshes
Fra:1 Mem:198.96M (Peak 289.31M) | Time:00:00.59 | Mem:0.09M, Peak:1.58M | Scene, ViewLayer | Updating Objects | Applying Static Transformations
Fra:1 Mem:198.96M (Peak 289.31M) | Time:00:00.59 | Mem:0.09M, Peak:1.58M | Scene, ViewLayer | Updating Mesh | Computing attributes
Fra:1 Mem:199.25M (Peak 289.31M) | Time:00:00.59 | Mem:0.09M, Peak:1.58M | Scene, ViewLayer | Updating Mesh | Copying Attributes to device
Fra:1 Mem:199.25M (Peak 289.31M) | Time:00:00.59 | Mem:0.38M, Peak:1.58M | Scene, ViewLayer | Updating Geometry BVH far_vol 3/4 | Building BVH
Fra:1 Mem:199.25M (Peak 289.31M) | Time:00:00.59 | Mem:0.38M, Peak:1.58M | Scene, ViewLayer | Updating Geometry BVH t0 5/4 | Building BVH
Fra:1 Mem:199.25M (Peak 289.31M) | Time:00:00.59 | Mem:0.38M, Peak:1.58M | Scene, ViewLayer | Updating Geometry BVH t0 5/4 | Building OptiX acceleration structure
Fra:1 Mem:199.25M (Peak 289.31M) | Time:00:00.59 | Mem:0.38M, Peak:1.58M | Scene, ViewLayer | Updating Scene BVH | Building
Fra:1 Mem:199.25M (Peak 289.31M) | Time:00:00.59 | Mem:0.38M, Peak:1.58M | Scene, ViewLayer | Updating Scene BVH | Building OptiX acceleration structure
Fra:1 Mem:199.25M (Peak 289.31M) | Time:00:00.59 | Mem:0.38M, Peak:1.58M | Scene, ViewLayer | Updating Scene BVH | Building BVH
Fra:1 Mem:199.25M (Peak 289.31M) | Time:00:00.60 | Mem:0.38M, Peak:1.58M | Scene, ViewLayer | Updating Scene BVH | Building BVH 0%
Fra:1 Mem:199.25M (Peak 289.31M) | Time:00:00.60 | Mem:0.38M, Peak:1.58M | Scene, ViewLayer | Updating Scene BVH | Copying BVH to device
Fra:1 Mem:199.25M (Peak 289.31M) | Time:00:00.60 | Mem:0.38M, Peak:1.58M | Scene, ViewLayer | Updating Mesh | Computing normals
Fra:1 Mem:200.57M (Peak 289.31M) | Time:00:00.60 | Mem:0.38M, Peak:1.58M | Scene, ViewLayer | Updating Mesh | Copying Mesh to device
Fra:1 Mem:200.57M (Peak 289.31M) | Time:00:00.60 | Mem:1.69M, Peak:1.69M | Scene, ViewLayer | Updating Objects Flags
Fra:1 Mem:200.57M (Peak 289.31M) | Time:00:00.63 | Mem:1.69M, Peak:1.69M | Scene, ViewLayer | Updating Primitive Offsets
Fra:1 Mem:200.57M (Peak 289.31M) | Time:00:00.63 | Mem:1.69M, Peak:1.69M | Scene, ViewLayer | Updating Images
Fra:1 Mem:200.57M (Peak 289.31M) | Time:00:00.63 | Mem:1.69M, Peak:1.69M | Scene, ViewLayer | Updating Images | Loading density
Fra:1 Mem:204.71M (Peak 289.31M) | Time:00:00.63 | Mem:5.82M, Peak:5.82M | Scene, ViewLayer | Updating Camera Volume
Fra:1 Mem:204.71M (Peak 289.31M) | Time:00:00.63 | Mem:5.82M, Peak:5.82M | Scene, ViewLayer | Updating Lookup Tables
Fra:1 Mem:204.71M (Peak 289.31M) | Time:00:00.63 | Mem:5.82M, Peak:5.82M | Scene, ViewLayer | Updating Lights
Fra:1 Mem:204.71M (Peak 289.31M) | Time:00:00.63 | Mem:5.82M, Peak:5.82M | Scene, ViewLayer | Updating Lights | Computing tree
Fra:1 Mem:204.71M (Peak 289.31M) | Time:00:00.63 | Mem:5.82M, Peak:5.82M | Scene, ViewLayer | Updating Integrator
Fra:1 Mem:204.71M (Peak 289.31M) | Time:00:00.63 | Mem:5.82M, Peak:5.82M | Scene, ViewLayer | Updating Film
Fra:1 Mem:204.71M (Peak 289.31M) | Time:00:00.63 | Mem:5.82M, Peak:5.82M | Scene, ViewLayer | Updating Lookup Tables
Fra:1 Mem:204.71M (Peak 289.31M) | Time:00:00.63 | Mem:5.82M, Peak:5.82M | Scene, ViewLayer | Updating Baking
Fra:1 Mem:204.71M (Peak 289.31M) | Time:00:00.63 | Mem:5.82M, Peak:5.82M | Scene, ViewLayer | Updating Device | Writing constant memory
Fra:1 Mem:204.71M (Peak 289.31M) | Time:00:00.63 | Mem:5.82M, Peak:5.82M | Scene, ViewLayer | Sample 0/24
Fra:1 Mem:204.71M (Peak 289.31M) | Time:00:00.81 | Remaining:00:04.24 | Mem:5.82M, Peak:5.82M | Scene, ViewLayer | Sample 1/24
Fra:1 Mem:204.71M (Peak 289.31M) | Time:00:01.17 | Remaining:00:05.93 | Mem:5.82M, Peak:90.36M | Scene, ViewLayer | Sample 2/24
Fra:1 Mem:204.71M (Peak 292.91M) | Time:00:01.38 | Remaining:00:05.22 | Mem:5.82M, Peak:90.36M | Scene, ViewLayer | Sample 3/24
Fra:1 Mem:204.71M (Peak 292.91M) | Time:00:01.52 | Remaining:00:04.42 | Mem:5.82M, Peak:90.36M | Scene, ViewLayer | Sample 4/24
Fra:1 Mem:240.31M (Peak 293.71M) | Time:00:04.26 | Mem:5.82M, Peak:90.36M | Scene, ViewLayer | Sample 24/24
Fra:1 Mem:240.31M (Peak 293.71M) | Time:00:04.26 | Mem:5.82M, Peak:90.36M | Scene, ViewLayer | Finished
Saved: 'C:\Work\domin8te-build\daysky\out\a\f0001.png'
Time: 00:04.38 (Saving: 00:00.11)

Fra:2 Mem:204.72M (Peak 293.71M) | Time:00:00.59 | Mem:5.82M, Peak:5.82M | Scene, ViewLayer | Synchronizing object | main_vol
Fra:2 Mem:204.65M (Peak 293.71M) | Time:00:00.59 | Mem:5.82M, Peak:5.82M | Scene, ViewLayer | Synchronizing object | t0
Fra:2 Mem:204.58M (Peak 293.71M) | Time:00:00.59 | Mem:5.82M, Peak:5.82M | Scene, ViewLayer | Initializing
Fra:2 Mem:204.58M (Peak 293.71M) | Time:00:00.59 | Mem:5.82M, Peak:5.82M | Scene, ViewLayer | Waiting for render to start
Fra:2 Mem:204.58M (Peak 293.71M) | Time:00:00.59 | Mem:5.82M, Peak:5.82M | Scene, ViewLayer | Updating Scene
Fra:2 Mem:204.58M (Peak 293.71M) | Time:00:00.59 | Mem:5.82M, Peak:5.82M | Scene, ViewLayer | Updating Shaders
Fra:2 Mem:204.58M (Peak 293.71M) | Time:00:00.59 | Mem:5.82M, Peak:5.82M | Scene, ViewLayer | Updating Background
Fra:2 Mem:204.58M (Peak 293.71M) | Time:00:00.59 | Mem:5.82M, Peak:5.82M | Scene, ViewLayer | Updating Camera
Fra:2 Mem:204.58M (Peak 293.71M) | Time:00:00.59 | Mem:5.82M, Peak:5.82M | Scene, ViewLayer | Updating Meshes Flags
Fra:2 Mem:204.58M (Peak 293.71M) | Time:00:00.59 | Mem:5.82M, Peak:5.82M | Scene, ViewLayer | Updating Meshes Volume Bounds
Fra:2 Mem:204.58M (Peak 293.71M) | Time:00:00.59 | Mem:5.82M, Peak:5.82M | Scene, ViewLayer | Updating Volume Images
Fra:2 Mem:204.58M (Peak 293.71M) | Time:00:00.59 | Mem:5.82M, Peak:5.82M | Scene, ViewLayer | Updating Mesh | Computing Volume Mesh main_vol
Fra:2 Mem:204.63M (Peak 293.71M) | Time:00:00.61 | Mem:5.82M, Peak:5.82M | Scene, ViewLayer | Updating Mesh | Computing Volume Mesh far_vol
Fra:2 Mem:204.66M (Peak 293.71M) | Time:00:00.61 | Mem:5.82M, Peak:5.82M | Scene, ViewLayer | Updating Mesh | Computing Volume Mesh near_vol
Fra:2 Mem:204.68M (Peak 293.71M) | Time:00:00.62 | Mem:5.82M, Peak:5.82M | Scene, ViewLayer | Updating Objects
Fra:2 Mem:204.68M (Peak 293.71M) | Time:00:00.62 | Mem:5.82M, Peak:5.82M | Scene, ViewLayer | Updating Objects | Copying Transformations to device
Fra:2 Mem:204.68M (Peak 293.71M) | Time:00:00.62 | Mem:5.82M, Peak:5.82M | Scene, ViewLayer | Updating Particle Systems
Fra:2 Mem:204.68M (Peak 293.71M) | Time:00:00.62 | Mem:5.82M, Peak:5.82M | Scene, ViewLayer | Updating Meshes
Fra:2 Mem:203.11M (Peak 293.71M) | Time:00:00.62 | Mem:4.22M, Peak:5.82M | Scene, ViewLayer | Updating Objects | Applying Static Transformations
Fra:2 Mem:203.11M (Peak 293.71M) | Time:00:00.62 | Mem:4.22M, Peak:5.82M | Scene, ViewLayer | Updating Mesh | Computing attributes
Fra:2 Mem:203.40M (Peak 293.71M) | Time:00:00.62 | Mem:4.22M, Peak:5.82M | Scene, ViewLayer | Updating Mesh | Copying Attributes to device
Fra:2 Mem:203.40M (Peak 293.71M) | Time:00:00.62 | Mem:4.50M, Peak:5.82M | Scene, ViewLayer | Updating Geometry BVH main_vol 2/4 | Building BVH
Fra:2 Mem:203.40M (Peak 293.71M) | Time:00:00.62 | Mem:4.50M, Peak:5.82M | Scene, ViewLayer | Updating Geometry BVH t0 5/4 | Building BVH
Fra:2 Mem:203.40M (Peak 293.71M) | Time:00:00.62 | Mem:4.50M, Peak:5.82M | Scene, ViewLayer | Updating Geometry BVH t0 5/4 | Building OptiX acceleration structure
Fra:2 Mem:203.40M (Peak 293.71M) | Time:00:00.62 | Mem:4.50M, Peak:5.82M | Scene, ViewLayer | Updating Scene BVH | Building
Fra:2 Mem:203.40M (Peak 293.71M) | Time:00:00.62 | Mem:4.50M, Peak:5.82M | Scene, ViewLayer | Updating Scene BVH | Building OptiX acceleration structure
Fra:2 Mem:203.40M (Peak 293.71M) | Time:00:00.62 | Mem:4.50M, Peak:5.82M | Scene, ViewLayer | Updating Scene BVH | Building BVH
Fra:2 Mem:203.40M (Peak 293.71M) | Time:00:00.62 | Mem:4.50M, Peak:5.82M | Scene, ViewLayer | Updating Scene BVH | Building BVH 0%
Fra:2 Mem:203.40M (Peak 293.71M) | Time:00:00.63 | Mem:4.50M, Peak:5.82M | Scene, ViewLayer | Updating Scene BVH | Copying BVH to device
Fra:2 Mem:203.40M (Peak 293.71M) | Time:00:00.63 | Mem:4.50M, Peak:5.82M | Scene, ViewLayer | Updating Mesh | Computing normals
Fra:2 Mem:204.71M (Peak 293.71M) | Time:00:00.63 | Mem:4.50M, Peak:5.82M | Scene, ViewLayer | Updating Mesh | Copying Mesh to device
Fra:2 Mem:204.71M (Peak 293.71M) | Time:00:00.63 | Mem:5.82M, Peak:5.82M | Scene, ViewLayer | Updating Objects Flags
Fra:2 Mem:204.71M (Peak 293.71M) | Time:00:00.65 | Mem:5.82M, Peak:5.82M | Scene, ViewLayer | Updating Primitive Offsets
Fra:2 Mem:204.71M (Peak 293.71M) | Time:00:00.65 | Mem:5.82M, Peak:5.82M | Scene, ViewLayer | Updating Images
Fra:2 Mem:200.59M (Peak 293.71M) | Time:00:00.66 | Mem:1.69M, Peak:5.82M | Scene, ViewLayer | Updating Images | Loading density
Fra:2 Mem:204.72M (Peak 293.71M) | Time:00:00.66 | Mem:5.82M, Peak:5.82M | Scene, ViewLayer | Updating Camera Volume
Fra:2 Mem:204.72M (Peak 293.71M) | Time:00:00.66 | Mem:5.82M, Peak:5.82M | Scene, ViewLayer | Updating Lookup Tables
Fra:2 Mem:204.72M (Peak 293.71M) | Time:00:00.66 | Mem:5.82M, Peak:5.82M | Scene, ViewLayer | Updating Lights
Fra:2 Mem:204.72M (Peak 293.71M) | Time:00:00.66 | Mem:5.82M, Peak:5.82M | Scene, ViewLayer | Updating Lights | Computing tree
Fra:2 Mem:204.72M (Peak 293.71M) | Time:00:00.66 | Mem:5.82M, Peak:5.82M | Scene, ViewLayer | Updating Integrator
Fra:2 Mem:204.72M (Peak 293.71M) | Time:00:00.66 | Mem:5.82M, Peak:5.82M | Scene, ViewLayer | Updating Film
Fra:2 Mem:204.72M (Peak 293.71M) | Time:00:00.66 | Mem:5.82M, Peak:5.82M | Scene, ViewLayer | Updating Lookup Tables
Fra:2 Mem:204.72M (Peak 293.71M) | Time:00:00.66 | Mem:5.82M, Peak:5.82M | Scene, ViewLayer | Updating Baking
Fra:2 Mem:204.72M (Peak 293.71M) | Time:00:00.66 | Mem:5.82M, Peak:5.82M | Scene, ViewLayer | Updating Device | Writing constant memory
Fra:2 Mem:204.72M (Peak 293.71M) | Time:00:00.66 | Mem:5.82M, Peak:5.82M | Scene, ViewLayer | Sample 0/24
Fra:2 Mem:204.72M (Peak 293.71M) | Time:00:00.79 | Remaining:00:03.12 | Mem:5.82M, Peak:5.82M | Scene, ViewLayer | Sample 1/24
Fra:2 Mem:204.72M (Peak 293.71M) | Time:00:01.04 | Remaining:00:04.16 | Mem:5.82M, Peak:90.36M | Scene, ViewLayer | Sample 2/24
Fra:2 Mem:204.72M (Peak 293.71M) | Time:00:01.24 | Remaining:00:04.04 | Mem:5.82M, Peak:90.36M | Scene, ViewLayer | Sample 3/24
Fra:2 Mem:204.72M (Peak 293.71M) | Time:00:01.43 | Remaining:00:03.84 | Mem:5.82M, Peak:90.36M | Scene, ViewLayer | Sample 4/24
Fra:2 Mem:204.72M (Peak 293.71M) | Time:00:01.68 | Remaining:00:03.88 | Mem:5.82M, Peak:90.36M | Scene, ViewLayer | Sample 5/24
Fra:2 Mem:204.72M (Peak 293.71M) | Time:00:01.88 | Remaining:00:03.66 | Mem:5.82M, Peak:90.36M | Scene, ViewLayer | Sample 6/24
Fra:2 Mem:204.72M (Peak 293.71M) | Time:00:02.01 | Remaining:00:03.27 | Mem:5.82M, Peak:90.36M | Scene, ViewLayer | Sample 7/24
Fra:2 Mem:240.32M (Peak 293.71M) | Time:00:04.06 | Mem:5.82M, Peak:90.36M | Scene, ViewLayer | Sample 24/24
Fra:2 Mem:240.32M (Peak 293.71M) | Time:00:04.07 | Mem:5.82M, Peak:90.36M | Scene, ViewLayer | Finished
Saved: 'C:\Work\domin8te-build\daysky\out\a\f0002.png'
Time: 00:04.18 (Saving: 00:00.11)

Fra:3 Mem:204.72M (Peak 293.71M) | Time:00:00.59 | Mem:5.82M, Peak:5.82M | Scene, ViewLayer | Synchronizing object | main_vol
Fra:3 Mem:204.65M (Peak 293.71M) | Time:00:00.59 | Mem:5.82M, Peak:5.82M | Scene, ViewLayer | Synchronizing object | t0
Fra:3 Mem:204.59M (Peak 293.71M) | Time:00:00.59 | Mem:5.82M, Peak:5.82M | Scene, ViewLayer | Initializing
Fra:3 Mem:204.58M (Peak 293.71M) | Time:00:00.60 | Mem:5.82M, Peak:5.82M | Scene, ViewLayer | Waiting for render to start
Fra:3 Mem:204.58M (Peak 293.71M) | Time:00:00.60 | Mem:5.82M, Peak:5.82M | Scene, ViewLayer | Updating Scene
Fra:3 Mem:204.58M (Peak 293.71M) | Time:00:00.60 | Mem:5.82M, Peak:5.82M | Scene, ViewLayer | Updating Shaders
Fra:3 Mem:204.58M (Peak 293.71M) | Time:00:00.60 | Mem:5.82M, Peak:5.82M | Scene, ViewLayer | Updating Background
Fra:3 Mem:204.58M (Peak 293.71M) | Time:00:00.60 | Mem:5.82M, Peak:5.82M | Scene, ViewLayer | Updating Camera
Fra:3 Mem:204.58M (Peak 293.71M) | Time:00:00.60 | Mem:5.82M, Peak:5.82M | Scene, ViewLayer | Updating Meshes Flags
Fra:3 Mem:204.58M (Peak 293.71M) | Time:00:00.60 | Mem:5.82M, Peak:5.82M | Scene, ViewLayer | Updating Meshes Volume Bounds
Fra:3 Mem:204.58M (Peak 293.71M) | Time:00:00.60 | Mem:5.82M, Peak:5.82M | Scene, ViewLayer | Updating Volume Images
Fra:3 Mem:204.58M (Peak 293.71M) | Time:00:00.60 | Mem:5.82M, Peak:5.82M | Scene, ViewLayer | Updating Mesh | Computing Volume Mesh main_vol
Fra:3 Mem:204.64M (Peak 293.71M) | Time:00:00.61 | Mem:5.82M, Peak:5.82M | Scene, ViewLayer | Updating Mesh | Computing Volume Mesh far_vol
Fra:3 Mem:204.67M (Peak 293.71M) | Time:00:00.62 | Mem:5.82M, Peak:5.82M | Scene, ViewLayer | Updating Mesh | Computing Volume Mesh near_vol
Fra:3 Mem:204.69M (Peak 293.71M) | Time:00:00.62 | Mem:5.82M, Peak:5.82M | Scene, ViewLayer | Updating Objects
Fra:3 Mem:204.69M (Peak 293.71M) | Time:00:00.62 | Mem:5.82M, Peak:5.82M | Scene, ViewLayer | Updating Objects | Copying Transformations to device
Fra:3 Mem:204.69M (Peak 293.71M) | Time:00:00.62 | Mem:5.82M, Peak:5.82M | Scene, ViewLayer | Updating Particle Systems
Fra:3 Mem:204.69M (Peak 293.71M) | Time:00:00.62 | Mem:5.82M, Peak:5.82M | Scene, ViewLayer | Updating Meshes
Fra:3 Mem:203.12M (Peak 293.71M) | Time:00:00.62 | Mem:4.22M, Peak:5.82M | Scene, ViewLayer | Updating Objects | Applying Static Transformations
Fra:3 Mem:203.12M (Peak 293.71M) | Time:00:00.62 | Mem:4.22M, Peak:5.82M | Scene, ViewLayer | Updating Mesh | Computing attributes
Fra:3 Mem:203.40M (Peak 293.71M) | Time:00:00.62 | Mem:4.22M, Peak:5.82M | Scene, ViewLayer | Updating Mesh | Copying Attributes to device
Fra:3 Mem:203.40M (Peak 293.71M) | Time:00:00.62 | Mem:4.50M, Peak:5.82M | Scene, ViewLayer | Updating Geometry BVH near_vol 4/4 | Building BVH
Fra:3 Mem:203.40M (Peak 293.71M) | Time:00:00.62 | Mem:4.50M, Peak:5.82M | Scene, ViewLayer | Updating Geometry BVH far_vol 3/4 | Building BVH
Fra:3 Mem:203.40M (Peak 293.71M) | Time:00:00.62 | Mem:4.50M, Peak:5.82M | Scene, ViewLayer | Updating Geometry BVH t0 5/4 | Building OptiX acceleration structure
Fra:3 Mem:203.40M (Peak 293.71M) | Time:00:00.63 | Mem:4.50M, Peak:5.82M | Scene, ViewLayer | Updating Scene BVH | Building
Fra:3 Mem:203.40M (Peak 293.71M) | Time:00:00.63 | Mem:4.50M, Peak:5.82M | Scene, ViewLayer | Updating Scene BVH | Building OptiX acceleration structure
Fra:3 Mem:203.40M (Peak 293.71M) | Time:00:00.63 | Mem:4.50M, Peak:5.82M | Scene, ViewLayer | Updating Scene BVH | Building BVH
Fra:3 Mem:203.40M (Peak 293.71M) | Time:00:00.63 | Mem:4.50M, Peak:5.82M | Scene, ViewLayer | Updating Scene BVH | Building BVH 0%
Fra:3 Mem:203.40M (Peak 293.71M) | Time:00:00.63 | Mem:4.50M, Peak:5.82M | Scene, ViewLayer | Updating Scene BVH | Copying BVH to device
Fra:3 Mem:203.40M (Peak 293.71M) | Time:00:00.63 | Mem:4.50M, Peak:5.82M | Scene, ViewLayer | Updating Mesh | Computing normals
Fra:3 Mem:204.72M (Peak 293.71M) | Time:00:00.63 | Mem:4.50M, Peak:5.82M | Scene, ViewLayer | Updating Mesh | Copying Mesh to device
Fra:3 Mem:204.72M (Peak 293.71M) | Time:00:00.63 | Mem:5.82M, Peak:5.82M | Scene, ViewLayer | Updating Objects Flags
Fra:3 Mem:204.72M (Peak 293.71M) | Time:00:00.66 | Mem:5.82M, Peak:5.82M | Scene, ViewLayer | Updating Primitive Offsets
Fra:3 Mem:204.72M (Peak 293.71M) | Time:00:00.66 | Mem:5.82M, Peak:5.82M | Scene, ViewLayer | Updating Images
Fra:3 Mem:202.28M (Peak 293.71M) | Time:00:00.66 | Mem:5.82M, Peak:5.82M | Scene, ViewLayer | Updating Images | Loading density
Fra:3 Mem:204.72M (Peak 293.71M) | Time:00:00.66 | Mem:5.82M, Peak:7.51M | Scene, ViewLayer | Updating Camera Volume
Fra:3 Mem:204.72M (Peak 293.71M) | Time:00:00.66 | Mem:5.82M, Peak:7.51M | Scene, ViewLayer | Updating Lookup Tables
Fra:3 Mem:204.72M (Peak 293.71M) | Time:00:00.66 | Mem:5.82M, Peak:7.51M | Scene, ViewLayer | Updating Lights
Fra:3 Mem:204.72M (Peak 293.71M) | Time:00:00.66 | Mem:5.82M, Peak:7.51M | Scene, ViewLayer | Updating Lights | Computing tree
Fra:3 Mem:204.72M (Peak 293.71M) | Time:00:00.66 | Mem:5.82M, Peak:7.51M | Scene, ViewLayer | Updating Integrator
Fra:3 Mem:204.72M (Peak 293.71M) | Time:00:00.66 | Mem:5.82M, Peak:7.51M | Scene, ViewLayer | Updating Film
Fra:3 Mem:204.72M (Peak 293.71M) | Time:00:00.66 | Mem:5.82M, Peak:7.51M | Scene, ViewLayer | Updating Lookup Tables
Fra:3 Mem:204.72M (Peak 293.71M) | Time:00:00.66 | Mem:5.82M, Peak:7.51M | Scene, ViewLayer | Updating Baking
Fra:3 Mem:204.72M (Peak 293.71M) | Time:00:00.66 | Mem:5.82M, Peak:7.51M | Scene, ViewLayer | Updating Device | Writing constant memory
Fra:3 Mem:204.72M (Peak 293.71M) | Time:00:00.66 | Mem:5.82M, Peak:7.51M | Scene, ViewLayer | Sample 0/24
Fra:3 Mem:204.72M (Peak 293.71M) | Time:00:00.79 | Remaining:00:02.88 | Mem:5.82M, Peak:7.51M | Scene, ViewLayer | Sample 1/24
Fra:3 Mem:204.72M (Peak 293.71M) | Time:00:00.92 | Remaining:00:02.77 | Mem:5.82M, Peak:7.51M | Scene, ViewLayer | Sample 2/24
Fra:3 Mem:240.32M (Peak 293.72M) | Time:00:03.39 | Mem:5.82M, Peak:7.51M | Scene, ViewLayer | Sample 24/24
Fra:3 Mem:240.32M (Peak 293.72M) | Time:00:03.39 | Mem:5.82M, Peak:7.51M | Scene, ViewLayer | Finished
Saved: 'C:\Work\domin8te-build\daysky\out\a\f0003.png'
Time: 00:03.51 (Saving: 00:00.11)

Fra:4 Mem:204.73M (Peak 293.72M) | Time:00:00.56 | Mem:5.82M, Peak:5.82M | Scene, ViewLayer | Synchronizing object | main_vol
Fra:4 Mem:204.66M (Peak 293.72M) | Time:00:00.56 | Mem:5.82M, Peak:5.82M | Scene, ViewLayer | Synchronizing object | t0
Fra:4 Mem:204.59M (Peak 293.72M) | Time:00:00.56 | Mem:5.82M, Peak:5.82M | Scene, ViewLayer | Initializing
Fra:4 Mem:204.59M (Peak 293.72M) | Time:00:00.56 | Mem:5.82M, Peak:5.82M | Scene, ViewLayer | Waiting for render to start
Fra:4 Mem:204.59M (Peak 293.72M) | Time:00:00.56 | Mem:5.82M, Peak:5.82M | Scene, ViewLayer | Updating Scene
Fra:4 Mem:204.59M (Peak 293.72M) | Time:00:00.56 | Mem:5.82M, Peak:5.82M | Scene, ViewLayer | Updating Shaders
Fra:4 Mem:204.59M (Peak 293.72M) | Time:00:00.56 | Mem:5.82M, Peak:5.82M | Scene, ViewLayer | Updating Background
Fra:4 Mem:204.59M (Peak 293.72M) | Time:00:00.56 | Mem:5.82M, Peak:5.82M | Scene, ViewLayer | Updating Camera
Fra:4 Mem:204.59M (Peak 293.72M) | Time:00:00.57 | Mem:5.82M, Peak:5.82M | Scene, ViewLayer | Updating Meshes Flags
Fra:4 Mem:204.59M (Peak 293.72M) | Time:00:00.57 | Mem:5.82M, Peak:5.82M | Scene, ViewLayer | Updating Meshes Volume Bounds
Fra:4 Mem:204.59M (Peak 293.72M) | Time:00:00.57 | Mem:5.82M, Peak:5.82M | Scene, ViewLayer | Updating Volume Images
Fra:4 Mem:204.59M (Peak 293.72M) | Time:00:00.57 | Mem:5.82M, Peak:5.82M | Scene, ViewLayer | Updating Mesh | Computing Volume Mesh main_vol
Fra:4 Mem:204.64M (Peak 293.72M) | Time:00:00.58 | Mem:5.82M, Peak:5.82M | Scene, ViewLayer | Updating Mesh | Computing Volume Mesh far_vol
Fra:4 Mem:204.67M (Peak 293.72M) | Time:00:00.58 | Mem:5.82M, Peak:5.82M | Scene, ViewLayer | Updating Mesh | Computing Volume Mesh near_vol
Fra:4 Mem:204.69M (Peak 293.72M) | Time:00:00.58 | Mem:5.82M, Peak:5.82M | Scene, ViewLayer | Updating Objects
Fra:4 Mem:204.69M (Peak 293.72M) | Time:00:00.58 | Mem:5.82M, Peak:5.82M | Scene, ViewLayer | Updating Objects | Copying Transformations to device
Fra:4 Mem:204.69M (Peak 293.72M) | Time:00:00.58 | Mem:5.82M, Peak:5.82M | Scene, ViewLayer | Updating Particle Systems
Fra:4 Mem:204.69M (Peak 293.72M) | Time:00:00.58 | Mem:5.82M, Peak:5.82M | Scene, ViewLayer | Updating Meshes
Fra:4 Mem:203.12M (Peak 293.72M) | Time:00:00.59 | Mem:4.22M, Peak:5.82M | Scene, ViewLayer | Updating Objects | Applying Static Transformations
Fra:4 Mem:203.12M (Peak 293.72M) | Time:00:00.59 | Mem:4.22M, Peak:5.82M | Scene, ViewLayer | Updating Mesh | Computing attributes
Fra:4 Mem:203.41M (Peak 293.72M) | Time:00:00.59 | Mem:4.22M, Peak:5.82M | Scene, ViewLayer | Updating Mesh | Copying Attributes to device
Fra:4 Mem:203.40M (Peak 293.72M) | Time:00:00.59 | Mem:4.51M, Peak:5.82M | Scene, ViewLayer | Updating Geometry BVH main_vol 2/4 | Building BVH
Fra:4 Mem:203.40M (Peak 293.72M) | Time:00:00.59 | Mem:4.51M, Peak:5.82M | Scene, ViewLayer | Updating Geometry BVH near_vol 4/4 | Building BVH
Fra:4 Mem:203.40M (Peak 293.72M) | Time:00:00.59 | Mem:4.51M, Peak:5.82M | Scene, ViewLayer | Updating Geometry BVH near_vol 4/4 | Building OptiX acceleration structure
Fra:4 Mem:203.40M (Peak 293.72M) | Time:00:00.59 | Mem:4.51M, Peak:5.82M | Scene, ViewLayer | Updating Scene BVH | Building
Fra:4 Mem:203.40M (Peak 293.72M) | Time:00:00.59 | Mem:4.51M, Peak:5.82M | Scene, ViewLayer | Updating Scene BVH | Building OptiX acceleration structure
Fra:4 Mem:203.40M (Peak 293.72M) | Time:00:00.59 | Mem:4.51M, Peak:5.82M | Scene, ViewLayer | Updating Scene BVH | Building BVH
Fra:4 Mem:203.40M (Peak 293.72M) | Time:00:00.59 | Mem:4.51M, Peak:5.82M | Scene, ViewLayer | Updating Scene BVH | Building BVH 0%
Fra:4 Mem:203.40M (Peak 293.72M) | Time:00:00.60 | Mem:4.51M, Peak:5.82M | Scene, ViewLayer | Updating Scene BVH | Copying BVH to device
Fra:4 Mem:203.40M (Peak 293.72M) | Time:00:00.60 | Mem:4.51M, Peak:5.82M | Scene, ViewLayer | Updating Mesh | Computing normals
Fra:4 Mem:204.72M (Peak 293.72M) | Time:00:00.60 | Mem:4.51M, Peak:5.82M | Scene, ViewLayer | Updating Mesh | Copying Mesh to device
Fra:4 Mem:204.72M (Peak 293.72M) | Time:00:00.60 | Mem:5.82M, Peak:5.82M | Scene, ViewLayer | Updating Objects Flags
Fra:4 Mem:204.72M (Peak 293.72M) | Time:00:00.62 | Mem:5.82M, Peak:5.82M | Scene, ViewLayer | Updating Primitive Offsets
Fra:4 Mem:204.72M (Peak 293.72M) | Time:00:00.62 | Mem:5.82M, Peak:5.82M | Scene, ViewLayer | Updating Images
Fra:4 Mem:200.59M (Peak 293.72M) | Time:00:00.62 | Mem:1.70M, Peak:5.82M | Scene, ViewLayer | Updating Images | Loading density
Fra:4 Mem:204.72M (Peak 293.72M) | Time:00:00.62 | Mem:5.83M, Peak:5.83M | Scene, ViewLayer | Updating Camera Volume
Fra:4 Mem:204.72M (Peak 293.72M) | Time:00:00.62 | Mem:5.83M, Peak:5.83M | Scene, ViewLayer | Updating Lookup Tables
Fra:4 Mem:204.72M (Peak 293.72M) | Time:00:00.62 | Mem:5.83M, Peak:5.83M | Scene, ViewLayer | Updating Lights
Fra:4 Mem:204.72M (Peak 293.72M) | Time:00:00.62 | Mem:5.82M, Peak:5.83M | Scene, ViewLayer | Updating Lights | Computing tree
Fra:4 Mem:204.72M (Peak 293.72M) | Time:00:00.63 | Mem:5.83M, Peak:5.83M | Scene, ViewLayer | Updating Integrator
Fra:4 Mem:204.72M (Peak 293.72M) | Time:00:00.63 | Mem:5.83M, Peak:5.83M | Scene, ViewLayer | Updating Film
Fra:4 Mem:204.72M (Peak 293.72M) | Time:00:00.63 | Mem:5.83M, Peak:5.83M | Scene, ViewLayer | Updating Lookup Tables
Fra:4 Mem:204.72M (Peak 293.72M) | Time:00:00.63 | Mem:5.83M, Peak:5.83M | Scene, ViewLayer | Updating Baking
Fra:4 Mem:204.72M (Peak 293.72M) | Time:00:00.63 | Mem:5.83M, Peak:5.83M | Scene, ViewLayer | Updating Device | Writing constant memory
Fra:4 Mem:204.72M (Peak 293.72M) | Time:00:00.63 | Mem:5.83M, Peak:5.83M | Scene, ViewLayer | Sample 0/24
Fra:4 Mem:204.72M (Peak 293.72M) | Time:00:00.75 | Remaining:00:02.91 | Mem:5.83M, Peak:5.83M | Scene, ViewLayer | Sample 1/24
Fra:4 Mem:204.72M (Peak 293.72M) | Time:00:00.88 | Remaining:00:02.84 | Mem:5.83M, Peak:5.83M | Scene, ViewLayer | Sample 2/24
Fra:4 Mem:240.32M (Peak 293.72M) | Time:00:03.56 | Mem:5.83M, Peak:5.83M | Scene, ViewLayer | Sample 24/24
Fra:4 Mem:240.32M (Peak 293.72M) | Time:00:03.56 | Mem:5.83M, Peak:5.83M | Scene, ViewLayer | Finished
Saved: 'C:\Work\domin8te-build\daysky\out\a\f0004.png'
Time: 00:03.69 (Saving: 00:00.13)

Fra:5 Mem:204.73M (Peak 293.72M) | Time:00:00.55 | Mem:5.83M, Peak:5.83M | Scene, ViewLayer | Synchronizing object | main_vol
Fra:5 Mem:204.66M (Peak 293.72M) | Time:00:00.55 | Mem:5.83M, Peak:5.83M | Scene, ViewLayer | Synchronizing object | t0
Fra:5 Mem:204.59M (Peak 293.72M) | Time:00:00.56 | Mem:5.83M, Peak:5.83M | Scene, ViewLayer | Initializing
Fra:5 Mem:204.59M (Peak 293.72M) | Time:00:00.56 | Mem:5.83M, Peak:5.83M | Scene, ViewLayer | Waiting for render to start
Fra:5 Mem:204.59M (Peak 293.72M) | Time:00:00.56 | Mem:5.83M, Peak:5.83M | Scene, ViewLayer | Updating Scene
Fra:5 Mem:204.59M (Peak 293.72M) | Time:00:00.56 | Mem:5.83M, Peak:5.83M | Scene, ViewLayer | Updating Shaders
Fra:5 Mem:204.59M (Peak 293.72M) | Time:00:00.56 | Mem:5.83M, Peak:5.83M | Scene, ViewLayer | Updating Background
Fra:5 Mem:204.59M (Peak 293.72M) | Time:00:00.56 | Mem:5.83M, Peak:5.83M | Scene, ViewLayer | Updating Camera
Fra:5 Mem:204.59M (Peak 293.72M) | Time:00:00.56 | Mem:5.83M, Peak:5.83M | Scene, ViewLayer | Updating Meshes Flags
Fra:5 Mem:204.59M (Peak 293.72M) | Time:00:00.56 | Mem:5.83M, Peak:5.83M | Scene, ViewLayer | Updating Meshes Volume Bounds
Fra:5 Mem:204.59M (Peak 293.72M) | Time:00:00.56 | Mem:5.83M, Peak:5.83M | Scene, ViewLayer | Updating Volume Images
Fra:5 Mem:204.59M (Peak 293.72M) | Time:00:00.56 | Mem:5.83M, Peak:5.83M | Scene, ViewLayer | Updating Mesh | Computing Volume Mesh main_vol
Fra:5 Mem:204.64M (Peak 293.72M) | Time:00:00.57 | Mem:5.83M, Peak:5.83M | Scene, ViewLayer | Updating Mesh | Computing Volume Mesh far_vol
Fra:5 Mem:204.67M (Peak 293.72M) | Time:00:00.58 | Mem:5.83M, Peak:5.83M | Scene, ViewLayer | Updating Mesh | Computing Volume Mesh near_vol
Fra:5 Mem:204.69M (Peak 293.72M) | Time:00:00.58 | Mem:5.83M, Peak:5.83M | Scene, ViewLayer | Updating Objects
Fra:5 Mem:204.69M (Peak 293.72M) | Time:00:00.58 | Mem:5.83M, Peak:5.83M | Scene, ViewLayer | Updating Objects | Copying Transformations to device
Fra:5 Mem:204.69M (Peak 293.72M) | Time:00:00.58 | Mem:5.83M, Peak:5.83M | Scene, ViewLayer | Updating Particle Systems
Fra:5 Mem:204.69M (Peak 293.72M) | Time:00:00.58 | Mem:5.83M, Peak:5.83M | Scene, ViewLayer | Updating Meshes
Fra:5 Mem:203.12M (Peak 293.72M) | Time:00:00.58 | Mem:4.22M, Peak:5.83M | Scene, ViewLayer | Updating Objects | Applying Static Transformations
Fra:5 Mem:203.12M (Peak 293.72M) | Time:00:00.58 | Mem:4.22M, Peak:5.83M | Scene, ViewLayer | Updating Mesh | Computing attributes
Fra:5 Mem:203.41M (Peak 293.72M) | Time:00:00.58 | Mem:4.22M, Peak:5.83M | Scene, ViewLayer | Updating Mesh | Copying Attributes to device
Fra:5 Mem:203.41M (Peak 293.72M) | Time:00:00.58 | Mem:4.51M, Peak:5.83M | Scene, ViewLayer | Updating Geometry BVH main_vol 2/4 | Building BVH
Fra:5 Mem:203.41M (Peak 293.72M) | Time:00:00.58 | Mem:4.51M, Peak:5.83M | Scene, ViewLayer | Updating Geometry BVH near_vol 4/4 | Building BVH
Fra:5 Mem:203.41M (Peak 293.72M) | Time:00:00.58 | Mem:4.51M, Peak:5.83M | Scene, ViewLayer | Updating Geometry BVH t0 5/4 | Building BVH
Fra:5 Mem:203.41M (Peak 293.72M) | Time:00:00.58 | Mem:4.51M, Peak:5.83M | Scene, ViewLayer | Updating Geometry BVH t0 5/4 | Building OptiX acceleration structure
Fra:5 Mem:203.41M (Peak 293.72M) | Time:00:00.59 | Mem:4.51M, Peak:5.83M | Scene, ViewLayer | Updating Scene BVH | Building
Fra:5 Mem:203.41M (Peak 293.72M) | Time:00:00.59 | Mem:4.51M, Peak:5.83M | Scene, ViewLayer | Updating Scene BVH | Building OptiX acceleration structure
Fra:5 Mem:203.41M (Peak 293.72M) | Time:00:00.59 | Mem:4.51M, Peak:5.83M | Scene, ViewLayer | Updating Scene BVH | Building BVH
Fra:5 Mem:203.41M (Peak 293.72M) | Time:00:00.59 | Mem:4.51M, Peak:5.83M | Scene, ViewLayer | Updating Scene BVH | Building BVH 0%
Fra:5 Mem:203.41M (Peak 293.72M) | Time:00:00.59 | Mem:4.51M, Peak:5.83M | Scene, ViewLayer | Updating Scene BVH | Copying BVH to device
Fra:5 Mem:203.41M (Peak 293.72M) | Time:00:00.59 | Mem:4.51M, Peak:5.83M | Scene, ViewLayer | Updating Mesh | Computing normals
Fra:5 Mem:204.73M (Peak 293.72M) | Time:00:00.59 | Mem:4.51M, Peak:5.83M | Scene, ViewLayer | Updating Mesh | Copying Mesh to device
Fra:5 Mem:204.73M (Peak 293.72M) | Time:00:00.60 | Mem:5.83M, Peak:5.83M | Scene, ViewLayer | Updating Objects Flags
Fra:5 Mem:204.73M (Peak 293.72M) | Time:00:00.62 | Mem:5.83M, Peak:5.83M | Scene, ViewLayer | Updating Primitive Offsets
Fra:5 Mem:204.73M (Peak 293.72M) | Time:00:00.62 | Mem:5.83M, Peak:5.83M | Scene, ViewLayer | Updating Images
Fra:5 Mem:202.28M (Peak 293.72M) | Time:00:00.62 | Mem:5.83M, Peak:5.83M | Scene, ViewLayer | Updating Images | Loading density
Fra:5 Mem:204.73M (Peak 293.72M) | Time:00:00.62 | Mem:5.83M, Peak:7.52M | Scene, ViewLayer | Updating Camera Volume
Fra:5 Mem:204.73M (Peak 293.72M) | Time:00:00.63 | Mem:5.83M, Peak:7.52M | Scene, ViewLayer | Updating Lookup Tables
Fra:5 Mem:204.73M (Peak 293.72M) | Time:00:00.63 | Mem:5.83M, Peak:7.52M | Scene, ViewLayer | Updating Lights
Fra:5 Mem:204.73M (Peak 293.72M) | Time:00:00.63 | Mem:5.83M, Peak:7.52M | Scene, ViewLayer | Updating Lights | Computing tree
Fra:5 Mem:204.73M (Peak 293.72M) | Time:00:00.63 | Mem:5.83M, Peak:7.52M | Scene, ViewLayer | Updating Integrator
Fra:5 Mem:204.73M (Peak 293.72M) | Time:00:00.63 | Mem:5.83M, Peak:7.52M | Scene, ViewLayer | Updating Film
Fra:5 Mem:204.73M (Peak 293.72M) | Time:00:00.63 | Mem:5.83M, Peak:7.52M | Scene, ViewLayer | Updating Lookup Tables
Fra:5 Mem:204.73M (Peak 293.72M) | Time:00:00.63 | Mem:5.83M, Peak:7.52M | Scene, ViewLayer | Updating Baking
Fra:5 Mem:204.73M (Peak 293.72M) | Time:00:00.63 | Mem:5.83M, Peak:7.52M | Scene, ViewLayer | Updating Device | Writing constant memory
Fra:5 Mem:204.73M (Peak 293.72M) | Time:00:00.63 | Mem:5.83M, Peak:7.52M | Scene, ViewLayer | Sample 0/24
Fra:5 Mem:204.73M (Peak 293.72M) | Time:00:00.77 | Remaining:00:03.22 | Mem:5.83M, Peak:7.52M | Scene, ViewLayer | Sample 1/24
Fra:5 Mem:204.73M (Peak 293.72M) | Time:00:00.90 | Remaining:00:03.03 | Mem:5.83M, Peak:7.52M | Scene, ViewLayer | Sample 2/24
Fra:5 Mem:240.33M (Peak 293.72M) | Time:00:03.51 | Mem:5.83M, Peak:7.52M | Scene, ViewLayer | Sample 24/24
Fra:5 Mem:240.33M (Peak 293.72M) | Time:00:03.51 | Mem:5.83M, Peak:7.52M | Scene, ViewLayer | Finished
Saved: 'C:\Work\domin8te-build\daysky\out\a\f0005.png'
Time: 00:03.61 (Saving: 00:00.10)

Fra:6 Mem:204.73M (Peak 293.72M) | Time:00:00.64 | Mem:5.83M, Peak:5.83M | Scene, ViewLayer | Synchronizing object | main_vol
Fra:6 Mem:204.66M (Peak 293.72M) | Time:00:00.64 | Mem:5.83M, Peak:5.83M | Scene, ViewLayer | Synchronizing object | t0
Fra:6 Mem:204.60M (Peak 293.72M) | Time:00:00.64 | Mem:5.83M, Peak:5.83M | Scene, ViewLayer | Initializing
Fra:6 Mem:204.59M (Peak 293.72M) | Time:00:00.64 | Mem:5.83M, Peak:5.83M | Scene, ViewLayer | Waiting for render to start
Fra:6 Mem:204.59M (Peak 293.72M) | Time:00:00.64 | Mem:5.83M, Peak:5.83M | Scene, ViewLayer | Updating Scene
Fra:6 Mem:204.59M (Peak 293.72M) | Time:00:00.64 | Mem:5.83M, Peak:5.83M | Scene, ViewLayer | Updating Shaders
Fra:6 Mem:204.59M (Peak 293.72M) | Time:00:00.64 | Mem:5.83M, Peak:5.83M | Scene, ViewLayer | Updating Background
Fra:6 Mem:204.59M (Peak 293.72M) | Time:00:00.64 | Mem:5.83M, Peak:5.83M | Scene, ViewLayer | Updating Camera
Fra:6 Mem:204.59M (Peak 293.72M) | Time:00:00.64 | Mem:5.83M, Peak:5.83M | Scene, ViewLayer | Updating Meshes Flags
Fra:6 Mem:204.59M (Peak 293.72M) | Time:00:00.64 | Mem:5.83M, Peak:5.83M | Scene, ViewLayer | Updating Meshes Volume Bounds
Fra:6 Mem:204.59M (Peak 293.72M) | Time:00:00.64 | Mem:5.83M, Peak:5.83M | Scene, ViewLayer | Updating Volume Images
Fra:6 Mem:204.59M (Peak 293.72M) | Time:00:00.64 | Mem:5.83M, Peak:5.83M | Scene, ViewLayer | Updating Mesh | Computing Volume Mesh main_vol
Fra:6 Mem:204.65M (Peak 293.72M) | Time:00:00.66 | Mem:5.83M, Peak:5.83M | Scene, ViewLayer | Updating Mesh | Computing Volume Mesh far_vol
Fra:6 Mem:204.68M (Peak 293.72M) | Time:00:00.66 | Mem:5.83M, Peak:5.83M | Scene, ViewLayer | Updating Mesh | Computing Volume Mesh near_vol
Fra:6 Mem:204.70M (Peak 293.72M) | Time:00:00.66 | Mem:5.83M, Peak:5.83M | Scene, ViewLayer | Updating Objects
Fra:6 Mem:204.70M (Peak 293.72M) | Time:00:00.66 | Mem:5.83M, Peak:5.83M | Scene, ViewLayer | Updating Objects | Copying Transformations to device
Fra:6 Mem:204.70M (Peak 293.72M) | Time:00:00.66 | Mem:5.83M, Peak:5.83M | Scene, ViewLayer | Updating Particle Systems
Fra:6 Mem:204.70M (Peak 293.72M) | Time:00:00.66 | Mem:5.83M, Peak:5.83M | Scene, ViewLayer | Updating Meshes
Fra:6 Mem:203.13M (Peak 293.72M) | Time:00:00.67 | Mem:4.22M, Peak:5.83M | Scene, ViewLayer | Updating Objects | Applying Static Transformations
Fra:6 Mem:203.13M (Peak 293.72M) | Time:00:00.67 | Mem:4.22M, Peak:5.83M | Scene, ViewLayer | Updating Mesh | Computing attributes
Fra:6 Mem:203.41M (Peak 293.72M) | Time:00:00.67 | Mem:4.23M, Peak:5.83M | Scene, ViewLayer | Updating Mesh | Copying Attributes to device
Fra:6 Mem:203.41M (Peak 293.72M) | Time:00:00.67 | Mem:4.51M, Peak:5.83M | Scene, ViewLayer | Updating Geometry BVH main_vol 2/4 | Building BVH
Fra:6 Mem:203.41M (Peak 293.72M) | Time:00:00.67 | Mem:4.51M, Peak:5.83M | Scene, ViewLayer | Updating Geometry BVH near_vol 4/4 | Building BVH
Fra:6 Mem:203.41M (Peak 293.72M) | Time:00:00.67 | Mem:4.51M, Peak:5.83M | Scene, ViewLayer | Updating Geometry BVH t0 5/4 | Building OptiX acceleration structure
Fra:6 Mem:203.41M (Peak 293.72M) | Time:00:00.67 | Mem:4.51M, Peak:5.83M | Scene, ViewLayer | Updating Scene BVH | Building
Fra:6 Mem:203.41M (Peak 293.72M) | Time:00:00.67 | Mem:4.51M, Peak:5.83M | Scene, ViewLayer | Updating Scene BVH | Building OptiX acceleration structure
Fra:6 Mem:203.41M (Peak 293.72M) | Time:00:00.67 | Mem:4.51M, Peak:5.83M | Scene, ViewLayer | Updating Scene BVH | Building BVH
Fra:6 Mem:203.41M (Peak 293.72M) | Time:00:00.67 | Mem:4.51M, Peak:5.83M | Scene, ViewLayer | Updating Scene BVH | Building BVH 0%
Fra:6 Mem:203.41M (Peak 293.72M) | Time:00:00.68 | Mem:4.51M, Peak:5.83M | Scene, ViewLayer | Updating Scene BVH | Copying BVH to device
Fra:6 Mem:203.41M (Peak 293.72M) | Time:00:00.68 | Mem:4.51M, Peak:5.83M | Scene, ViewLayer | Updating Mesh | Computing normals
Fra:6 Mem:204.73M (Peak 293.72M) | Time:00:00.68 | Mem:4.51M, Peak:5.83M | Scene, ViewLayer | Updating Mesh | Copying Mesh to device
Fra:6 Mem:204.73M (Peak 293.72M) | Time:00:00.68 | Mem:5.83M, Peak:5.83M | Scene, ViewLayer | Updating Objects Flags
Fra:6 Mem:204.73M (Peak 293.72M) | Time:00:00.70 | Mem:5.83M, Peak:5.83M | Scene, ViewLayer | Updating Primitive Offsets
Fra:6 Mem:204.73M (Peak 293.72M) | Time:00:00.70 | Mem:5.83M, Peak:5.83M | Scene, ViewLayer | Updating Images
Fra:6 Mem:200.60M (Peak 293.72M) | Time:00:00.70 | Mem:1.70M, Peak:5.83M | Scene, ViewLayer | Updating Images | Loading density
Fra:6 Mem:204.75M (Peak 293.72M) | Time:00:00.71 | Mem:5.85M, Peak:5.85M | Scene, ViewLayer | Updating Camera Volume
Fra:6 Mem:204.75M (Peak 293.72M) | Time:00:00.71 | Mem:5.85M, Peak:5.85M | Scene, ViewLayer | Updating Lookup Tables
Fra:6 Mem:204.75M (Peak 293.72M) | Time:00:00.71 | Mem:5.85M, Peak:5.85M | Scene, ViewLayer | Updating Lights
Fra:6 Mem:204.75M (Peak 293.72M) | Time:00:00.71 | Mem:5.85M, Peak:5.85M | Scene, ViewLayer | Updating Lights | Computing tree
Fra:6 Mem:204.75M (Peak 293.72M) | Time:00:00.71 | Mem:5.85M, Peak:5.85M | Scene, ViewLayer | Updating Integrator
Fra:6 Mem:204.75M (Peak 293.72M) | Time:00:00.71 | Mem:5.85M, Peak:5.85M | Scene, ViewLayer | Updating Film
Fra:6 Mem:204.75M (Peak 293.72M) | Time:00:00.71 | Mem:5.85M, Peak:5.85M | Scene, ViewLayer | Updating Lookup Tables
Fra:6 Mem:204.75M (Peak 293.72M) | Time:00:00.71 | Mem:5.85M, Peak:5.85M | Scene, ViewLayer | Updating Baking
Fra:6 Mem:204.75M (Peak 293.72M) | Time:00:00.71 | Mem:5.85M, Peak:5.85M | Scene, ViewLayer | Updating Device | Writing constant memory
Fra:6 Mem:204.75M (Peak 293.72M) | Time:00:00.71 | Mem:5.85M, Peak:5.85M | Scene, ViewLayer | Sample 0/24
Fra:6 Mem:204.75M (Peak 293.72M) | Time:00:00.85 | Remaining:00:03.23 | Mem:5.85M, Peak:5.85M | Scene, ViewLayer | Sample 1/24
Fra:6 Mem:204.75M (Peak 293.72M) | Time:00:01.03 | Remaining:00:03.49 | Mem:5.85M, Peak:5.85M | Scene, ViewLayer | Sample 2/24
Fra:6 Mem:240.35M (Peak 293.74M) | Time:00:03.60 | Mem:5.85M, Peak:5.85M | Scene, ViewLayer | Sample 24/24
Fra:6 Mem:240.35M (Peak 293.74M) | Time:00:03.60 | Mem:5.85M, Peak:5.85M | Scene, ViewLayer | Finished
Saved: 'C:\Work\domin8te-build\daysky\out\a\f0006.png'
Time: 00:03.74 (Saving: 00:00.13)

Fra:7 Mem:204.75M (Peak 293.74M) | Time:00:00.57 | Mem:5.85M, Peak:5.85M | Scene, ViewLayer | Synchronizing object | main_vol
Fra:7 Mem:204.68M (Peak 293.74M) | Time:00:00.57 | Mem:5.85M, Peak:5.85M | Scene, ViewLayer | Synchronizing object | t0
Fra:7 Mem:204.61M (Peak 293.74M) | Time:00:00.57 | Mem:5.85M, Peak:5.85M | Scene, ViewLayer | Initializing
Fra:7 Mem:204.61M (Peak 293.74M) | Time:00:00.57 | Mem:5.85M, Peak:5.85M | Scene, ViewLayer | Waiting for render to start
Fra:7 Mem:204.61M (Peak 293.74M) | Time:00:00.57 | Mem:5.85M, Peak:5.85M | Scene, ViewLayer | Updating Scene
Fra:7 Mem:204.61M (Peak 293.74M) | Time:00:00.57 | Mem:5.85M, Peak:5.85M | Scene, ViewLayer | Updating Shaders
Fra:7 Mem:204.61M (Peak 293.74M) | Time:00:00.57 | Mem:5.85M, Peak:5.85M | Scene, ViewLayer | Updating Background
Fra:7 Mem:204.61M (Peak 293.74M) | Time:00:00.57 | Mem:5.85M, Peak:5.85M | Scene, ViewLayer | Updating Camera
Fra:7 Mem:204.61M (Peak 293.74M) | Time:00:00.57 | Mem:5.85M, Peak:5.85M | Scene, ViewLayer | Updating Meshes Flags
Fra:7 Mem:204.61M (Peak 293.74M) | Time:00:00.57 | Mem:5.85M, Peak:5.85M | Scene, ViewLayer | Updating Meshes Volume Bounds
Fra:7 Mem:204.61M (Peak 293.74M) | Time:00:00.57 | Mem:5.85M, Peak:5.85M | Scene, ViewLayer | Updating Volume Images
Fra:7 Mem:204.61M (Peak 293.74M) | Time:00:00.57 | Mem:5.85M, Peak:5.85M | Scene, ViewLayer | Updating Mesh | Computing Volume Mesh main_vol
Fra:7 Mem:204.66M (Peak 293.74M) | Time:00:00.58 | Mem:5.85M, Peak:5.85M | Scene, ViewLayer | Updating Mesh | Computing Volume Mesh far_vol
Fra:7 Mem:204.70M (Peak 293.74M) | Time:00:00.59 | Mem:5.85M, Peak:5.85M | Scene, ViewLayer | Updating Mesh | Computing Volume Mesh near_vol
Fra:7 Mem:204.71M (Peak 293.74M) | Time:00:00.60 | Mem:5.85M, Peak:5.85M | Scene, ViewLayer | Updating Objects
Fra:7 Mem:204.71M (Peak 293.74M) | Time:00:00.60 | Mem:5.85M, Peak:5.85M | Scene, ViewLayer | Updating Objects | Copying Transformations to device
Fra:7 Mem:204.71M (Peak 293.74M) | Time:00:00.60 | Mem:5.85M, Peak:5.85M | Scene, ViewLayer | Updating Particle Systems
Fra:7 Mem:204.71M (Peak 293.74M) | Time:00:00.60 | Mem:5.85M, Peak:5.85M | Scene, ViewLayer | Updating Meshes
Fra:7 Mem:203.14M (Peak 293.74M) | Time:00:00.60 | Mem:4.24M, Peak:5.85M | Scene, ViewLayer | Updating Objects | Applying Static Transformations
Fra:7 Mem:203.14M (Peak 293.74M) | Time:00:00.60 | Mem:4.24M, Peak:5.85M | Scene, ViewLayer | Updating Mesh | Computing attributes
Fra:7 Mem:203.43M (Peak 293.74M) | Time:00:00.60 | Mem:4.24M, Peak:5.85M | Scene, ViewLayer | Updating Mesh | Copying Attributes to device
Fra:7 Mem:203.43M (Peak 293.74M) | Time:00:00.60 | Mem:4.53M, Peak:5.85M | Scene, ViewLayer | Updating Geometry BVH far_vol 3/4 | Building BVH
Fra:7 Mem:203.43M (Peak 293.74M) | Time:00:00.60 | Mem:4.53M, Peak:5.85M | Scene, ViewLayer | Updating Geometry BVH t0 5/4 | Building BVH
Fra:7 Mem:203.43M (Peak 293.74M) | Time:00:00.60 | Mem:4.53M, Peak:5.85M | Scene, ViewLayer | Updating Geometry BVH t0 5/4 | Building OptiX acceleration structure
Fra:7 Mem:203.43M (Peak 293.74M) | Time:00:00.60 | Mem:4.53M, Peak:5.85M | Scene, ViewLayer | Updating Scene BVH | Building
Fra:7 Mem:203.43M (Peak 293.74M) | Time:00:00.60 | Mem:4.53M, Peak:5.85M | Scene, ViewLayer | Updating Scene BVH | Building OptiX acceleration structure
Fra:7 Mem:203.43M (Peak 293.74M) | Time:00:00.61 | Mem:4.53M, Peak:5.85M | Scene, ViewLayer | Updating Scene BVH | Building BVH
Fra:7 Mem:203.43M (Peak 293.74M) | Time:00:00.61 | Mem:4.53M, Peak:5.85M | Scene, ViewLayer | Updating Scene BVH | Building BVH 0%
Fra:7 Mem:203.43M (Peak 293.74M) | Time:00:00.61 | Mem:4.53M, Peak:5.85M | Scene, ViewLayer | Updating Scene BVH | Copying BVH to device
Fra:7 Mem:203.43M (Peak 293.74M) | Time:00:00.61 | Mem:4.53M, Peak:5.85M | Scene, ViewLayer | Updating Mesh | Computing normals
Fra:7 Mem:204.75M (Peak 293.74M) | Time:00:00.61 | Mem:4.53M, Peak:5.85M | Scene, ViewLayer | Updating Mesh | Copying Mesh to device
Fra:7 Mem:204.75M (Peak 293.74M) | Time:00:00.61 | Mem:5.85M, Peak:5.85M | Scene, ViewLayer | Updating Objects Flags
Fra:7 Mem:204.75M (Peak 293.74M) | Time:00:00.64 | Mem:5.85M, Peak:5.85M | Scene, ViewLayer | Updating Primitive Offsets
Fra:7 Mem:204.75M (Peak 293.74M) | Time:00:00.64 | Mem:5.85M, Peak:5.85M | Scene, ViewLayer | Updating Images
Fra:7 Mem:202.29M (Peak 293.74M) | Time:00:00.64 | Mem:5.85M, Peak:5.85M | Scene, ViewLayer | Updating Images | Loading density
Fra:7 Mem:204.76M (Peak 293.74M) | Time:00:00.64 | Mem:5.85M, Peak:7.55M | Scene, ViewLayer | Updating Camera Volume
Fra:7 Mem:204.76M (Peak 293.74M) | Time:00:00.64 | Mem:5.85M, Peak:7.55M | Scene, ViewLayer | Updating Lookup Tables
Fra:7 Mem:204.76M (Peak 293.74M) | Time:00:00.64 | Mem:5.85M, Peak:7.55M | Scene, ViewLayer | Updating Lights
Fra:7 Mem:204.75M (Peak 293.74M) | Time:00:00.64 | Mem:5.85M, Peak:7.55M | Scene, ViewLayer | Updating Lights | Computing tree
Fra:7 Mem:204.76M (Peak 293.74M) | Time:00:00.64 | Mem:5.85M, Peak:7.55M | Scene, ViewLayer | Updating Integrator
Fra:7 Mem:204.76M (Peak 293.74M) | Time:00:00.64 | Mem:5.85M, Peak:7.55M | Scene, ViewLayer | Updating Film
Fra:7 Mem:204.76M (Peak 293.74M) | Time:00:00.64 | Mem:5.85M, Peak:7.55M | Scene, ViewLayer | Updating Lookup Tables
Fra:7 Mem:204.76M (Peak 293.74M) | Time:00:00.64 | Mem:5.85M, Peak:7.55M | Scene, ViewLayer | Updating Baking
Fra:7 Mem:204.76M (Peak 293.74M) | Time:00:00.64 | Mem:5.85M, Peak:7.55M | Scene, ViewLayer | Updating Device | Writing constant memory
Fra:7 Mem:204.76M (Peak 293.74M) | Time:00:00.64 | Mem:5.85M, Peak:7.55M | Scene, ViewLayer | Sample 0/24
Fra:7 Mem:204.76M (Peak 293.74M) | Time:00:00.78 | Remaining:00:03.18 | Mem:5.85M, Peak:7.55M | Scene, ViewLayer | Sample 1/24
Fra:7 Mem:204.76M (Peak 293.74M) | Time:00:00.94 | Remaining:00:03.33 | Mem:5.85M, Peak:7.55M | Scene, ViewLayer | Sample 2/24
Fra:7 Mem:240.35M (Peak 293.75M) | Time:00:03.47 | Mem:5.85M, Peak:7.55M | Scene, ViewLayer | Sample 24/24
Fra:7 Mem:240.35M (Peak 293.75M) | Time:00:03.47 | Mem:5.85M, Peak:7.55M | Scene, ViewLayer | Finished
Saved: 'C:\Work\domin8te-build\daysky\out\a\f0007.png'
Time: 00:03.61 (Saving: 00:00.14)

Fra:8 Mem:204.76M (Peak 293.75M) | Time:00:00.55 | Mem:5.85M, Peak:5.85M | Scene, ViewLayer | Synchronizing object | main_vol
Fra:8 Mem:204.69M (Peak 293.75M) | Time:00:00.55 | Mem:5.85M, Peak:5.85M | Scene, ViewLayer | Synchronizing object | t0
Fra:8 Mem:204.62M (Peak 293.75M) | Time:00:00.55 | Mem:5.85M, Peak:5.85M | Scene, ViewLayer | Initializing
Fra:8 Mem:204.62M (Peak 293.75M) | Time:00:00.55 | Mem:5.85M, Peak:5.85M | Scene, ViewLayer | Waiting for render to start
Fra:8 Mem:204.62M (Peak 293.75M) | Time:00:00.55 | Mem:5.85M, Peak:5.85M | Scene, ViewLayer | Updating Scene
Fra:8 Mem:204.62M (Peak 293.75M) | Time:00:00.55 | Mem:5.85M, Peak:5.85M | Scene, ViewLayer | Updating Shaders
Fra:8 Mem:204.62M (Peak 293.75M) | Time:00:00.55 | Mem:5.85M, Peak:5.85M | Scene, ViewLayer | Updating Background
Fra:8 Mem:204.62M (Peak 293.75M) | Time:00:00.55 | Mem:5.85M, Peak:5.85M | Scene, ViewLayer | Updating Camera
Fra:8 Mem:204.62M (Peak 293.75M) | Time:00:00.55 | Mem:5.85M, Peak:5.85M | Scene, ViewLayer | Updating Meshes Flags
Fra:8 Mem:204.62M (Peak 293.75M) | Time:00:00.55 | Mem:5.85M, Peak:5.85M | Scene, ViewLayer | Updating Meshes Volume Bounds
Fra:8 Mem:204.62M (Peak 293.75M) | Time:00:00.55 | Mem:5.85M, Peak:5.85M | Scene, ViewLayer | Updating Volume Images
Fra:8 Mem:204.62M (Peak 293.75M) | Time:00:00.55 | Mem:5.85M, Peak:5.85M | Scene, ViewLayer | Updating Mesh | Computing Volume Mesh main_vol
Fra:8 Mem:204.67M (Peak 293.75M) | Time:00:00.56 | Mem:5.85M, Peak:5.85M | Scene, ViewLayer | Updating Mesh | Computing Volume Mesh far_vol
Fra:8 Mem:204.70M (Peak 293.75M) | Time:00:00.57 | Mem:5.85M, Peak:5.85M | Scene, ViewLayer | Updating Mesh | Computing Volume Mesh near_vol
Fra:8 Mem:204.72M (Peak 293.75M) | Time:00:00.57 | Mem:5.85M, Peak:5.85M | Scene, ViewLayer | Updating Objects
Fra:8 Mem:204.72M (Peak 293.75M) | Time:00:00.57 | Mem:5.85M, Peak:5.85M | Scene, ViewLayer | Updating Objects | Copying Transformations to device
Fra:8 Mem:204.72M (Peak 293.75M) | Time:00:00.57 | Mem:5.85M, Peak:5.85M | Scene, ViewLayer | Updating Particle Systems
Fra:8 Mem:204.72M (Peak 293.75M) | Time:00:00.57 | Mem:5.85M, Peak:5.85M | Scene, ViewLayer | Updating Meshes
Fra:8 Mem:203.15M (Peak 293.75M) | Time:00:00.57 | Mem:4.25M, Peak:5.85M | Scene, ViewLayer | Updating Objects | Applying Static Transformations
Fra:8 Mem:203.15M (Peak 293.75M) | Time:00:00.57 | Mem:4.25M, Peak:5.85M | Scene, ViewLayer | Updating Mesh | Computing attributes
Fra:8 Mem:203.44M (Peak 293.75M) | Time:00:00.57 | Mem:4.25M, Peak:5.85M | Scene, ViewLayer | Updating Mesh | Copying Attributes to device
Fra:8 Mem:203.44M (Peak 293.75M) | Time:00:00.58 | Mem:4.53M, Peak:5.85M | Scene, ViewLayer | Updating Geometry BVH t0 5/4 | Building BVH
Fra:8 Mem:203.44M (Peak 293.75M) | Time:00:00.58 | Mem:4.53M, Peak:5.85M | Scene, ViewLayer | Updating Geometry BVH near_vol 4/4 | Building BVH
Fra:8 Mem:203.44M (Peak 293.75M) | Time:00:00.58 | Mem:4.53M, Peak:5.85M | Scene, ViewLayer | Updating Geometry BVH near_vol 4/4 | Building OptiX acceleration structure
Fra:8 Mem:203.44M (Peak 293.75M) | Time:00:00.58 | Mem:4.53M, Peak:5.85M | Scene, ViewLayer | Updating Scene BVH | Building
Fra:8 Mem:203.44M (Peak 293.75M) | Time:00:00.58 | Mem:4.53M, Peak:5.85M | Scene, ViewLayer | Updating Scene BVH | Building OptiX acceleration structure
Fra:8 Mem:203.44M (Peak 293.75M) | Time:00:00.58 | Mem:4.53M, Peak:5.85M | Scene, ViewLayer | Updating Scene BVH | Building BVH
Fra:8 Mem:203.44M (Peak 293.75M) | Time:00:00.58 | Mem:4.53M, Peak:5.85M | Scene, ViewLayer | Updating Scene BVH | Building BVH 0%
Fra:8 Mem:203.44M (Peak 293.75M) | Time:00:00.58 | Mem:4.53M, Peak:5.85M | Scene, ViewLayer | Updating Scene BVH | Copying BVH to device
Fra:8 Mem:203.44M (Peak 293.75M) | Time:00:00.58 | Mem:4.53M, Peak:5.85M | Scene, ViewLayer | Updating Mesh | Computing normals
Fra:8 Mem:204.76M (Peak 293.75M) | Time:00:00.58 | Mem:4.53M, Peak:5.85M | Scene, ViewLayer | Updating Mesh | Copying Mesh to device
Fra:8 Mem:204.76M (Peak 293.75M) | Time:00:00.59 | Mem:5.86M, Peak:5.86M | Scene, ViewLayer | Updating Objects Flags
Fra:8 Mem:204.76M (Peak 293.75M) | Time:00:00.61 | Mem:5.86M, Peak:5.86M | Scene, ViewLayer | Updating Primitive Offsets
Fra:8 Mem:204.76M (Peak 293.75M) | Time:00:00.61 | Mem:5.86M, Peak:5.86M | Scene, ViewLayer | Updating Images
Fra:8 Mem:200.60M (Peak 293.75M) | Time:00:00.61 | Mem:1.70M, Peak:5.86M | Scene, ViewLayer | Updating Images | Loading density
Fra:8 Mem:204.77M (Peak 293.75M) | Time:00:00.61 | Mem:5.87M, Peak:5.87M | Scene, ViewLayer | Updating Camera Volume
Fra:8 Mem:204.77M (Peak 293.75M) | Time:00:00.61 | Mem:5.87M, Peak:5.87M | Scene, ViewLayer | Updating Lookup Tables
Fra:8 Mem:204.77M (Peak 293.75M) | Time:00:00.61 | Mem:5.87M, Peak:5.87M | Scene, ViewLayer | Updating Lights
Fra:8 Mem:204.77M (Peak 293.75M) | Time:00:00.61 | Mem:5.87M, Peak:5.87M | Scene, ViewLayer | Updating Lights | Computing tree
Fra:8 Mem:204.77M (Peak 293.75M) | Time:00:00.62 | Mem:5.87M, Peak:5.87M | Scene, ViewLayer | Updating Integrator
Fra:8 Mem:204.77M (Peak 293.75M) | Time:00:00.62 | Mem:5.87M, Peak:5.87M | Scene, ViewLayer | Updating Film
Fra:8 Mem:204.77M (Peak 293.75M) | Time:00:00.62 | Mem:5.87M, Peak:5.87M | Scene, ViewLayer | Updating Lookup Tables
Fra:8 Mem:204.77M (Peak 293.75M) | Time:00:00.62 | Mem:5.87M, Peak:5.87M | Scene, ViewLayer | Updating Baking
Fra:8 Mem:204.77M (Peak 293.75M) | Time:00:00.62 | Mem:5.87M, Peak:5.87M | Scene, ViewLayer | Updating Device | Writing constant memory
Fra:8 Mem:204.77M (Peak 293.75M) | Time:00:00.62 | Mem:5.87M, Peak:5.87M | Scene, ViewLayer | Sample 0/24
Fra:8 Mem:204.77M (Peak 293.75M) | Time:00:00.75 | Remaining:00:03.20 | Mem:5.87M, Peak:5.87M | Scene, ViewLayer | Sample 1/24
Fra:8 Mem:204.77M (Peak 293.75M) | Time:00:00.91 | Remaining:00:03.23 | Mem:5.87M, Peak:5.87M | Scene, ViewLayer | Sample 2/24
Fra:8 Mem:240.37M (Peak 293.77M) | Time:00:03.48 | Mem:5.87M, Peak:5.87M | Scene, ViewLayer | Sample 24/24
Fra:8 Mem:240.37M (Peak 293.77M) | Time:00:03.48 | Mem:5.87M, Peak:5.87M | Scene, ViewLayer | Finished
Saved: 'C:\Work\domin8te-build\daysky\out\a\f0008.png'
Time: 00:03.59 (Saving: 00:00.11)

Fra:9 Mem:204.78M (Peak 293.77M) | Time:00:00.61 | Mem:5.87M, Peak:5.87M | Scene, ViewLayer | Synchronizing object | main_vol
Fra:9 Mem:204.70M (Peak 293.77M) | Time:00:00.61 | Mem:5.87M, Peak:5.87M | Scene, ViewLayer | Synchronizing object | t0
Fra:9 Mem:204.64M (Peak 293.77M) | Time:00:00.62 | Mem:5.87M, Peak:5.87M | Scene, ViewLayer | Initializing
Fra:9 Mem:204.63M (Peak 293.77M) | Time:00:00.62 | Mem:5.87M, Peak:5.87M | Scene, ViewLayer | Waiting for render to start
Fra:9 Mem:204.63M (Peak 293.77M) | Time:00:00.62 | Mem:5.87M, Peak:5.87M | Scene, ViewLayer | Updating Scene
Fra:9 Mem:204.63M (Peak 293.77M) | Time:00:00.62 | Mem:5.87M, Peak:5.87M | Scene, ViewLayer | Updating Shaders
Fra:9 Mem:204.63M (Peak 293.77M) | Time:00:00.62 | Mem:5.87M, Peak:5.87M | Scene, ViewLayer | Updating Background
Fra:9 Mem:204.63M (Peak 293.77M) | Time:00:00.62 | Mem:5.87M, Peak:5.87M | Scene, ViewLayer | Updating Camera
Fra:9 Mem:204.63M (Peak 293.77M) | Time:00:00.62 | Mem:5.87M, Peak:5.87M | Scene, ViewLayer | Updating Meshes Flags
Fra:9 Mem:204.63M (Peak 293.77M) | Time:00:00.62 | Mem:5.87M, Peak:5.87M | Scene, ViewLayer | Updating Meshes Volume Bounds
Fra:9 Mem:204.63M (Peak 293.77M) | Time:00:00.62 | Mem:5.87M, Peak:5.87M | Scene, ViewLayer | Updating Volume Images
Fra:9 Mem:204.63M (Peak 293.77M) | Time:00:00.62 | Mem:5.87M, Peak:5.87M | Scene, ViewLayer | Updating Mesh | Computing Volume Mesh main_vol
Fra:9 Mem:204.69M (Peak 293.77M) | Time:00:00.63 | Mem:5.87M, Peak:5.87M | Scene, ViewLayer | Updating Mesh | Computing Volume Mesh far_vol
Fra:9 Mem:204.72M (Peak 293.77M) | Time:00:00.64 | Mem:5.87M, Peak:5.87M | Scene, ViewLayer | Updating Mesh | Computing Volume Mesh near_vol
Fra:9 Mem:204.74M (Peak 293.77M) | Time:00:00.64 | Mem:5.87M, Peak:5.87M | Scene, ViewLayer | Updating Objects
Fra:9 Mem:204.74M (Peak 293.77M) | Time:00:00.64 | Mem:5.87M, Peak:5.87M | Scene, ViewLayer | Updating Objects | Copying Transformations to device
Fra:9 Mem:204.74M (Peak 293.77M) | Time:00:00.64 | Mem:5.87M, Peak:5.87M | Scene, ViewLayer | Updating Particle Systems
Fra:9 Mem:204.74M (Peak 293.77M) | Time:00:00.64 | Mem:5.87M, Peak:5.87M | Scene, ViewLayer | Updating Meshes
Fra:9 Mem:203.17M (Peak 293.77M) | Time:00:00.64 | Mem:4.26M, Peak:5.87M | Scene, ViewLayer | Updating Objects | Applying Static Transformations
Fra:9 Mem:203.17M (Peak 293.77M) | Time:00:00.64 | Mem:4.26M, Peak:5.87M | Scene, ViewLayer | Updating Mesh | Computing attributes
Fra:9 Mem:203.45M (Peak 293.77M) | Time:00:00.64 | Mem:4.26M, Peak:5.87M | Scene, ViewLayer | Updating Mesh | Copying Attributes to device
Fra:9 Mem:203.45M (Peak 293.77M) | Time:00:00.64 | Mem:4.55M, Peak:5.87M | Scene, ViewLayer | Updating Geometry BVH main_vol 2/4 | Building BVH
Fra:9 Mem:203.45M (Peak 293.77M) | Time:00:00.64 | Mem:4.55M, Peak:5.87M | Scene, ViewLayer | Updating Geometry BVH t0 5/4 | Building BVH
Fra:9 Mem:203.45M (Peak 293.77M) | Time:00:00.64 | Mem:4.55M, Peak:5.87M | Scene, ViewLayer | Updating Geometry BVH t0 5/4 | Building OptiX acceleration structure
Fra:9 Mem:203.45M (Peak 293.77M) | Time:00:00.65 | Mem:4.55M, Peak:5.87M | Scene, ViewLayer | Updating Scene BVH | Building
Fra:9 Mem:203.45M (Peak 293.77M) | Time:00:00.65 | Mem:4.55M, Peak:5.87M | Scene, ViewLayer | Updating Scene BVH | Building OptiX acceleration structure
Fra:9 Mem:203.45M (Peak 293.77M) | Time:00:00.65 | Mem:4.55M, Peak:5.87M | Scene, ViewLayer | Updating Scene BVH | Building BVH
Fra:9 Mem:203.45M (Peak 293.77M) | Time:00:00.65 | Mem:4.55M, Peak:5.87M | Scene, ViewLayer | Updating Scene BVH | Building BVH 0%
Fra:9 Mem:203.45M (Peak 293.77M) | Time:00:00.65 | Mem:4.55M, Peak:5.87M | Scene, ViewLayer | Updating Scene BVH | Copying BVH to device
Fra:9 Mem:203.45M (Peak 293.77M) | Time:00:00.65 | Mem:4.55M, Peak:5.87M | Scene, ViewLayer | Updating Mesh | Computing normals
Fra:9 Mem:204.77M (Peak 293.77M) | Time:00:00.65 | Mem:4.55M, Peak:5.87M | Scene, ViewLayer | Updating Mesh | Copying Mesh to device
Fra:9 Mem:204.77M (Peak 293.77M) | Time:00:00.65 | Mem:5.87M, Peak:5.87M | Scene, ViewLayer | Updating Objects Flags
Fra:9 Mem:204.77M (Peak 293.77M) | Time:00:00.68 | Mem:5.87M, Peak:5.87M | Scene, ViewLayer | Updating Primitive Offsets
Fra:9 Mem:204.77M (Peak 293.77M) | Time:00:00.68 | Mem:5.87M, Peak:5.87M | Scene, ViewLayer | Updating Images
Fra:9 Mem:202.31M (Peak 293.77M) | Time:00:00.68 | Mem:5.87M, Peak:5.87M | Scene, ViewLayer | Updating Images | Loading density
Fra:9 Mem:204.79M (Peak 293.77M) | Time:00:00.68 | Mem:5.89M, Peak:6.95M | Scene, ViewLayer | Updating Camera Volume
Fra:9 Mem:204.79M (Peak 293.77M) | Time:00:00.68 | Mem:5.89M, Peak:6.95M | Scene, ViewLayer | Updating Lookup Tables
Fra:9 Mem:204.79M (Peak 293.77M) | Time:00:00.68 | Mem:5.89M, Peak:6.95M | Scene, ViewLayer | Updating Lights
Fra:9 Mem:204.79M (Peak 293.77M) | Time:00:00.68 | Mem:5.89M, Peak:6.95M | Scene, ViewLayer | Updating Lights | Computing tree
Fra:9 Mem:204.79M (Peak 293.77M) | Time:00:00.68 | Mem:5.89M, Peak:6.95M | Scene, ViewLayer | Updating Integrator
Fra:9 Mem:204.79M (Peak 293.77M) | Time:00:00.68 | Mem:5.89M, Peak:6.95M | Scene, ViewLayer | Updating Film
Fra:9 Mem:204.79M (Peak 293.77M) | Time:00:00.68 | Mem:5.89M, Peak:6.95M | Scene, ViewLayer | Updating Lookup Tables
Fra:9 Mem:204.79M (Peak 293.77M) | Time:00:00.68 | Mem:5.89M, Peak:6.95M | Scene, ViewLayer | Updating Baking
Fra:9 Mem:204.79M (Peak 293.77M) | Time:00:00.68 | Mem:5.89M, Peak:6.95M | Scene, ViewLayer | Updating Device | Writing constant memory
Fra:9 Mem:204.79M (Peak 293.77M) | Time:00:00.68 | Mem:5.89M, Peak:6.95M | Scene, ViewLayer | Sample 0/24
Fra:9 Mem:204.79M (Peak 293.77M) | Time:00:00.83 | Remaining:00:03.34 | Mem:5.89M, Peak:6.95M | Scene, ViewLayer | Sample 1/24
Fra:9 Mem:204.79M (Peak 293.77M) | Time:00:00.99 | Remaining:00:03.44 | Mem:5.89M, Peak:6.95M | Scene, ViewLayer | Sample 2/24
Fra:9 Mem:240.39M (Peak 293.78M) | Time:00:03.54 | Mem:5.89M, Peak:6.95M | Scene, ViewLayer | Sample 24/24
Fra:9 Mem:240.39M (Peak 293.78M) | Time:00:03.54 | Mem:5.89M, Peak:6.95M | Scene, ViewLayer | Finished
Saved: 'C:\Work\domin8te-build\daysky\out\a\f0009.png'
Time: 00:03.66 (Saving: 00:00.12)

Fra:10 Mem:204.79M (Peak 293.78M) | Time:00:00.53 | Mem:5.89M, Peak:5.89M | Scene, ViewLayer | Synchronizing object | main_vol
Fra:10 Mem:204.72M (Peak 293.78M) | Time:00:00.53 | Mem:5.89M, Peak:5.89M | Scene, ViewLayer | Synchronizing object | t0
Fra:10 Mem:204.65M (Peak 293.78M) | Time:00:00.53 | Mem:5.89M, Peak:5.89M | Scene, ViewLayer | Initializing
Fra:10 Mem:204.65M (Peak 293.78M) | Time:00:00.53 | Mem:5.89M, Peak:5.89M | Scene, ViewLayer | Waiting for render to start
Fra:10 Mem:204.65M (Peak 293.78M) | Time:00:00.53 | Mem:5.89M, Peak:5.89M | Scene, ViewLayer | Updating Scene
Fra:10 Mem:204.65M (Peak 293.78M) | Time:00:00.53 | Mem:5.89M, Peak:5.89M | Scene, ViewLayer | Updating Shaders
Fra:10 Mem:204.65M (Peak 293.78M) | Time:00:00.53 | Mem:5.89M, Peak:5.89M | Scene, ViewLayer | Updating Background
Fra:10 Mem:204.65M (Peak 293.78M) | Time:00:00.53 | Mem:5.89M, Peak:5.89M | Scene, ViewLayer | Updating Camera
Fra:10 Mem:204.65M (Peak 293.78M) | Time:00:00.53 | Mem:5.89M, Peak:5.89M | Scene, ViewLayer | Updating Meshes Flags
Fra:10 Mem:204.65M (Peak 293.78M) | Time:00:00.53 | Mem:5.89M, Peak:5.89M | Scene, ViewLayer | Updating Meshes Volume Bounds
Fra:10 Mem:204.65M (Peak 293.78M) | Time:00:00.53 | Mem:5.89M, Peak:5.89M | Scene, ViewLayer | Updating Volume Images
Fra:10 Mem:204.65M (Peak 293.78M) | Time:00:00.53 | Mem:5.89M, Peak:5.89M | Scene, ViewLayer | Updating Mesh | Computing Volume Mesh main_vol
Fra:10 Mem:204.70M (Peak 293.78M) | Time:00:00.54 | Mem:5.89M, Peak:5.89M | Scene, ViewLayer | Updating Mesh | Computing Volume Mesh far_vol
Fra:10 Mem:204.74M (Peak 293.78M) | Time:00:00.55 | Mem:5.89M, Peak:5.89M | Scene, ViewLayer | Updating Mesh | Computing Volume Mesh near_vol
Fra:10 Mem:204.76M (Peak 293.78M) | Time:00:00.55 | Mem:5.89M, Peak:5.89M | Scene, ViewLayer | Updating Objects
Fra:10 Mem:204.76M (Peak 293.78M) | Time:00:00.55 | Mem:5.89M, Peak:5.89M | Scene, ViewLayer | Updating Objects | Copying Transformations to device
Fra:10 Mem:204.76M (Peak 293.78M) | Time:00:00.55 | Mem:5.89M, Peak:5.89M | Scene, ViewLayer | Updating Particle Systems
Fra:10 Mem:204.76M (Peak 293.78M) | Time:00:00.55 | Mem:5.89M, Peak:5.89M | Scene, ViewLayer | Updating Meshes
Fra:10 Mem:203.18M (Peak 293.78M) | Time:00:00.56 | Mem:4.28M, Peak:5.89M | Scene, ViewLayer | Updating Objects | Applying Static Transformations
Fra:10 Mem:203.18M (Peak 293.78M) | Time:00:00.56 | Mem:4.28M, Peak:5.89M | Scene, ViewLayer | Updating Mesh | Computing attributes
Fra:10 Mem:203.47M (Peak 293.78M) | Time:00:00.56 | Mem:4.28M, Peak:5.89M | Scene, ViewLayer | Updating Mesh | Copying Attributes to device
Fra:10 Mem:203.47M (Peak 293.78M) | Time:00:00.56 | Mem:4.56M, Peak:5.89M | Scene, ViewLayer | Updating Geometry BVH main_vol 2/4 | Building BVH
Fra:10 Mem:203.47M (Peak 293.78M) | Time:00:00.56 | Mem:4.56M, Peak:5.89M | Scene, ViewLayer | Updating Geometry BVH t0 5/4 | Building BVH
Fra:10 Mem:203.47M (Peak 293.78M) | Time:00:00.56 | Mem:4.56M, Peak:5.89M | Scene, ViewLayer | Updating Geometry BVH t0 5/4 | Building OptiX acceleration structure
Fra:10 Mem:203.47M (Peak 293.78M) | Time:00:00.56 | Mem:4.56M, Peak:5.89M | Scene, ViewLayer | Updating Scene BVH | Building
Fra:10 Mem:203.47M (Peak 293.78M) | Time:00:00.56 | Mem:4.56M, Peak:5.89M | Scene, ViewLayer | Updating Scene BVH | Building OptiX acceleration structure
Fra:10 Mem:203.47M (Peak 293.78M) | Time:00:00.56 | Mem:4.56M, Peak:5.89M | Scene, ViewLayer | Updating Scene BVH | Building BVH
Fra:10 Mem:203.47M (Peak 293.78M) | Time:00:00.56 | Mem:4.56M, Peak:5.89M | Scene, ViewLayer | Updating Scene BVH | Building BVH 0%
Fra:10 Mem:203.47M (Peak 293.78M) | Time:00:00.57 | Mem:4.56M, Peak:5.89M | Scene, ViewLayer | Updating Scene BVH | Copying BVH to device
Fra:10 Mem:203.47M (Peak 293.78M) | Time:00:00.57 | Mem:4.56M, Peak:5.89M | Scene, ViewLayer | Updating Mesh | Computing normals
Fra:10 Mem:204.79M (Peak 293.78M) | Time:00:00.57 | Mem:4.56M, Peak:5.89M | Scene, ViewLayer | Updating Mesh | Copying Mesh to device
Fra:10 Mem:204.79M (Peak 293.78M) | Time:00:00.57 | Mem:5.89M, Peak:5.89M | Scene, ViewLayer | Updating Objects Flags
Fra:10 Mem:204.79M (Peak 293.78M) | Time:00:00.59 | Mem:5.89M, Peak:5.89M | Scene, ViewLayer | Updating Primitive Offsets
Fra:10 Mem:204.79M (Peak 293.78M) | Time:00:00.59 | Mem:5.89M, Peak:5.89M | Scene, ViewLayer | Updating Images
Fra:10 Mem:200.60M (Peak 293.78M) | Time:00:00.59 | Mem:1.70M, Peak:5.89M | Scene, ViewLayer | Updating Images | Loading density
Fra:10 Mem:204.80M (Peak 293.78M) | Time:00:00.59 | Mem:5.90M, Peak:5.90M | Scene, ViewLayer | Updating Camera Volume
Fra:10 Mem:204.80M (Peak 293.78M) | Time:00:00.59 | Mem:5.90M, Peak:5.90M | Scene, ViewLayer | Updating Lookup Tables
Fra:10 Mem:204.80M (Peak 293.78M) | Time:00:00.59 | Mem:5.90M, Peak:5.90M | Scene, ViewLayer | Updating Lights
Fra:10 Mem:204.80M (Peak 293.78M) | Time:00:00.59 | Mem:5.90M, Peak:5.90M | Scene, ViewLayer | Updating Lights | Computing tree
Fra:10 Mem:204.80M (Peak 293.78M) | Time:00:00.59 | Mem:5.90M, Peak:5.90M | Scene, ViewLayer | Updating Integrator
Fra:10 Mem:204.80M (Peak 293.78M) | Time:00:00.59 | Mem:5.90M, Peak:5.90M | Scene, ViewLayer | Updating Film
Fra:10 Mem:204.80M (Peak 293.78M) | Time:00:00.59 | Mem:5.90M, Peak:5.90M | Scene, ViewLayer | Updating Lookup Tables
Fra:10 Mem:204.80M (Peak 293.78M) | Time:00:00.59 | Mem:5.90M, Peak:5.90M | Scene, ViewLayer | Updating Baking
Fra:10 Mem:204.80M (Peak 293.78M) | Time:00:00.59 | Mem:5.90M, Peak:5.90M | Scene, ViewLayer | Updating Device | Writing constant memory
Fra:10 Mem:204.80M (Peak 293.78M) | Time:00:00.59 | Mem:5.90M, Peak:5.90M | Scene, ViewLayer | Sample 0/24
Fra:10 Mem:204.80M (Peak 293.78M) | Time:00:00.75 | Remaining:00:03.51 | Mem:5.90M, Peak:5.90M | Scene, ViewLayer | Sample 1/24
Fra:10 Mem:204.80M (Peak 293.78M) | Time:00:00.91 | Remaining:00:03.43 | Mem:5.90M, Peak:5.90M | Scene, ViewLayer | Sample 2/24
Fra:10 Mem:240.40M (Peak 293.80M) | Time:00:03.51 | Mem:5.90M, Peak:5.90M | Scene, ViewLayer | Sample 24/24
Fra:10 Mem:240.40M (Peak 293.80M) | Time:00:03.51 | Mem:5.90M, Peak:5.90M | Scene, ViewLayer | Finished
Saved: 'C:\Work\domin8te-build\daysky\out\a\f0010.png'
Time: 00:03.64 (Saving: 00:00.12)

Fra:11 Mem:204.81M (Peak 293.80M) | Time:00:00.53 | Mem:5.90M, Peak:5.90M | Scene, ViewLayer | Synchronizing object | main_vol
Fra:11 Mem:204.73M (Peak 293.80M) | Time:00:00.53 | Mem:5.90M, Peak:5.90M | Scene, ViewLayer | Synchronizing object | t0
Fra:11 Mem:204.66M (Peak 293.80M) | Time:00:00.53 | Mem:5.90M, Peak:5.90M | Scene, ViewLayer | Initializing
Fra:11 Mem:204.66M (Peak 293.80M) | Time:00:00.53 | Mem:5.90M, Peak:5.90M | Scene, ViewLayer | Waiting for render to start
Fra:11 Mem:204.66M (Peak 293.80M) | Time:00:00.53 | Mem:5.90M, Peak:5.90M | Scene, ViewLayer | Updating Scene
Fra:11 Mem:204.66M (Peak 293.80M) | Time:00:00.53 | Mem:5.90M, Peak:5.90M | Scene, ViewLayer | Updating Shaders
Fra:11 Mem:204.66M (Peak 293.80M) | Time:00:00.53 | Mem:5.90M, Peak:5.90M | Scene, ViewLayer | Updating Background
Fra:11 Mem:204.66M (Peak 293.80M) | Time:00:00.53 | Mem:5.90M, Peak:5.90M | Scene, ViewLayer | Updating Camera
Fra:11 Mem:204.66M (Peak 293.80M) | Time:00:00.53 | Mem:5.90M, Peak:5.90M | Scene, ViewLayer | Updating Meshes Flags
Fra:11 Mem:204.66M (Peak 293.80M) | Time:00:00.53 | Mem:5.90M, Peak:5.90M | Scene, ViewLayer | Updating Meshes Volume Bounds
Fra:11 Mem:204.66M (Peak 293.80M) | Time:00:00.53 | Mem:5.90M, Peak:5.90M | Scene, ViewLayer | Updating Volume Images
Fra:11 Mem:204.66M (Peak 293.80M) | Time:00:00.53 | Mem:5.90M, Peak:5.90M | Scene, ViewLayer | Updating Mesh | Computing Volume Mesh main_vol
Fra:11 Mem:204.72M (Peak 293.80M) | Time:00:00.55 | Mem:5.90M, Peak:5.90M | Scene, ViewLayer | Updating Mesh | Computing Volume Mesh far_vol
Fra:11 Mem:204.75M (Peak 293.80M) | Time:00:00.55 | Mem:5.90M, Peak:5.90M | Scene, ViewLayer | Updating Mesh | Computing Volume Mesh near_vol
Fra:11 Mem:204.77M (Peak 293.80M) | Time:00:00.56 | Mem:5.90M, Peak:5.90M | Scene, ViewLayer | Updating Objects
Fra:11 Mem:204.77M (Peak 293.80M) | Time:00:00.56 | Mem:5.90M, Peak:5.90M | Scene, ViewLayer | Updating Objects | Copying Transformations to device
Fra:11 Mem:204.77M (Peak 293.80M) | Time:00:00.56 | Mem:5.90M, Peak:5.90M | Scene, ViewLayer | Updating Particle Systems
Fra:11 Mem:204.77M (Peak 293.80M) | Time:00:00.56 | Mem:5.90M, Peak:5.90M | Scene, ViewLayer | Updating Meshes
Fra:11 Mem:203.20M (Peak 293.80M) | Time:00:00.56 | Mem:4.29M, Peak:5.90M | Scene, ViewLayer | Updating Objects | Applying Static Transformations
Fra:11 Mem:203.20M (Peak 293.80M) | Time:00:00.56 | Mem:4.29M, Peak:5.90M | Scene, ViewLayer | Updating Mesh | Computing attributes
Fra:11 Mem:203.48M (Peak 293.80M) | Time:00:00.56 | Mem:4.29M, Peak:5.90M | Scene, ViewLayer | Updating Mesh | Copying Attributes to device
Fra:11 Mem:203.48M (Peak 293.80M) | Time:00:00.56 | Mem:4.58M, Peak:5.90M | Scene, ViewLayer | Updating Geometry BVH main_vol 2/4 | Building BVH
Fra:11 Mem:203.48M (Peak 293.80M) | Time:00:00.56 | Mem:4.58M, Peak:5.90M | Scene, ViewLayer | Updating Geometry BVH far_vol 3/4 | Building BVH
Fra:11 Mem:203.48M (Peak 293.80M) | Time:00:00.56 | Mem:4.58M, Peak:5.90M | Scene, ViewLayer | Updating Geometry BVH t0 5/4 | Building BVH
Fra:11 Mem:203.48M (Peak 293.80M) | Time:00:00.56 | Mem:4.58M, Peak:5.90M | Scene, ViewLayer | Updating Geometry BVH t0 5/4 | Building OptiX acceleration structure
Fra:11 Mem:203.48M (Peak 293.80M) | Time:00:00.56 | Mem:4.58M, Peak:5.90M | Scene, ViewLayer | Updating Scene BVH | Building
Fra:11 Mem:203.48M (Peak 293.80M) | Time:00:00.56 | Mem:4.58M, Peak:5.90M | Scene, ViewLayer | Updating Scene BVH | Building OptiX acceleration structure
Fra:11 Mem:203.48M (Peak 293.80M) | Time:00:00.56 | Mem:4.58M, Peak:5.90M | Scene, ViewLayer | Updating Scene BVH | Building BVH
Fra:11 Mem:203.48M (Peak 293.80M) | Time:00:00.56 | Mem:4.58M, Peak:5.90M | Scene, ViewLayer | Updating Scene BVH | Building BVH 0%
Fra:11 Mem:203.48M (Peak 293.80M) | Time:00:00.57 | Mem:4.58M, Peak:5.90M | Scene, ViewLayer | Updating Scene BVH | Copying BVH to device
Fra:11 Mem:203.48M (Peak 293.80M) | Time:00:00.57 | Mem:4.58M, Peak:5.90M | Scene, ViewLayer | Updating Mesh | Computing normals
Fra:11 Mem:204.80M (Peak 293.80M) | Time:00:00.57 | Mem:4.58M, Peak:5.90M | Scene, ViewLayer | Updating Mesh | Copying Mesh to device
Fra:11 Mem:204.80M (Peak 293.80M) | Time:00:00.57 | Mem:5.90M, Peak:5.90M | Scene, ViewLayer | Updating Objects Flags
Fra:11 Mem:204.80M (Peak 293.80M) | Time:00:00.59 | Mem:5.90M, Peak:5.90M | Scene, ViewLayer | Updating Primitive Offsets
Fra:11 Mem:204.80M (Peak 293.80M) | Time:00:00.59 | Mem:5.90M, Peak:5.90M | Scene, ViewLayer | Updating Images
Fra:11 Mem:202.32M (Peak 293.80M) | Time:00:00.59 | Mem:5.90M, Peak:5.90M | Scene, ViewLayer | Updating Images | Loading density
Fra:11 Mem:204.82M (Peak 293.80M) | Time:00:00.59 | Mem:5.92M, Peak:7.63M | Scene, ViewLayer | Updating Camera Volume
Fra:11 Mem:204.82M (Peak 293.80M) | Time:00:00.59 | Mem:5.92M, Peak:7.63M | Scene, ViewLayer | Updating Lookup Tables
Fra:11 Mem:204.82M (Peak 293.80M) | Time:00:00.59 | Mem:5.92M, Peak:7.63M | Scene, ViewLayer | Updating Lights
Fra:11 Mem:204.82M (Peak 293.80M) | Time:00:00.59 | Mem:5.92M, Peak:7.63M | Scene, ViewLayer | Updating Lights | Computing tree
Fra:11 Mem:204.82M (Peak 293.80M) | Time:00:00.59 | Mem:5.92M, Peak:7.63M | Scene, ViewLayer | Updating Integrator
Fra:11 Mem:204.82M (Peak 293.80M) | Time:00:00.59 | Mem:5.92M, Peak:7.63M | Scene, ViewLayer | Updating Film
Fra:11 Mem:204.82M (Peak 293.80M) | Time:00:00.59 | Mem:5.92M, Peak:7.63M | Scene, ViewLayer | Updating Lookup Tables
Fra:11 Mem:204.82M (Peak 293.80M) | Time:00:00.59 | Mem:5.92M, Peak:7.63M | Scene, ViewLayer | Updating Baking
Fra:11 Mem:204.82M (Peak 293.80M) | Time:00:00.59 | Mem:5.92M, Peak:7.63M | Scene, ViewLayer | Updating Device | Writing constant memory
Fra:11 Mem:204.82M (Peak 293.80M) | Time:00:00.59 | Mem:5.92M, Peak:7.63M | Scene, ViewLayer | Sample 0/24
Fra:11 Mem:204.82M (Peak 293.80M) | Time:00:00.75 | Remaining:00:03.61 | Mem:5.92M, Peak:7.63M | Scene, ViewLayer | Sample 1/24
Fra:11 Mem:204.82M (Peak 293.80M) | Time:00:00.92 | Remaining:00:03.56 | Mem:5.92M, Peak:7.63M | Scene, ViewLayer | Sample 2/24
Fra:11 Mem:240.42M (Peak 293.82M) | Time:00:03.57 | Mem:5.92M, Peak:7.63M | Scene, ViewLayer | Sample 24/24
Fra:11 Mem:240.42M (Peak 293.82M) | Time:00:03.57 | Mem:5.92M, Peak:7.63M | Scene, ViewLayer | Finished
Saved: 'C:\Work\domin8te-build\daysky\out\a\f0011.png'
Time: 00:03.71 (Saving: 00:00.13)

Fra:12 Mem:204.83M (Peak 293.82M) | Time:00:00.57 | Mem:5.92M, Peak:5.92M | Scene, ViewLayer | Synchronizing object | main_vol
Fra:12 Mem:204.75M (Peak 293.82M) | Time:00:00.57 | Mem:5.92M, Peak:5.92M | Scene, ViewLayer | Synchronizing object | t0
Fra:12 Mem:204.69M (Peak 293.82M) | Time:00:00.57 | Mem:5.92M, Peak:5.92M | Scene, ViewLayer | Initializing
Fra:12 Mem:204.68M (Peak 293.82M) | Time:00:00.57 | Mem:5.92M, Peak:5.92M | Scene, ViewLayer | Waiting for render to start
Fra:12 Mem:204.68M (Peak 293.82M) | Time:00:00.57 | Mem:5.92M, Peak:5.92M | Scene, ViewLayer | Updating Scene
Fra:12 Mem:204.68M (Peak 293.82M) | Time:00:00.57 | Mem:5.92M, Peak:5.92M | Scene, ViewLayer | Updating Shaders
Fra:12 Mem:204.68M (Peak 293.82M) | Time:00:00.58 | Mem:5.92M, Peak:5.92M | Scene, ViewLayer | Updating Background
Fra:12 Mem:204.68M (Peak 293.82M) | Time:00:00.58 | Mem:5.92M, Peak:5.92M | Scene, ViewLayer | Updating Camera
Fra:12 Mem:204.68M (Peak 293.82M) | Time:00:00.58 | Mem:5.92M, Peak:5.92M | Scene, ViewLayer | Updating Meshes Flags
Fra:12 Mem:204.68M (Peak 293.82M) | Time:00:00.58 | Mem:5.92M, Peak:5.92M | Scene, ViewLayer | Updating Meshes Volume Bounds
Fra:12 Mem:204.68M (Peak 293.82M) | Time:00:00.58 | Mem:5.92M, Peak:5.92M | Scene, ViewLayer | Updating Volume Images
Fra:12 Mem:204.68M (Peak 293.82M) | Time:00:00.58 | Mem:5.92M, Peak:5.92M | Scene, ViewLayer | Updating Mesh | Computing Volume Mesh main_vol
Fra:12 Mem:204.74M (Peak 293.82M) | Time:00:00.59 | Mem:5.92M, Peak:5.92M | Scene, ViewLayer | Updating Mesh | Computing Volume Mesh far_vol
Fra:12 Mem:204.77M (Peak 293.82M) | Time:00:00.59 | Mem:5.92M, Peak:5.92M | Scene, ViewLayer | Updating Mesh | Computing Volume Mesh near_vol
Fra:12 Mem:204.79M (Peak 293.82M) | Time:00:00.60 | Mem:5.92M, Peak:5.92M | Scene, ViewLayer | Updating Objects
Fra:12 Mem:204.79M (Peak 293.82M) | Time:00:00.60 | Mem:5.92M, Peak:5.92M | Scene, ViewLayer | Updating Objects | Copying Transformations to device
Fra:12 Mem:204.79M (Peak 293.82M) | Time:00:00.60 | Mem:5.92M, Peak:5.92M | Scene, ViewLayer | Updating Particle Systems
Fra:12 Mem:204.79M (Peak 293.82M) | Time:00:00.60 | Mem:5.92M, Peak:5.92M | Scene, ViewLayer | Updating Meshes
Fra:12 Mem:203.22M (Peak 293.82M) | Time:00:00.60 | Mem:4.31M, Peak:5.92M | Scene, ViewLayer | Updating Objects | Applying Static Transformations
Fra:12 Mem:203.22M (Peak 293.82M) | Time:00:00.60 | Mem:4.31M, Peak:5.92M | Scene, ViewLayer | Updating Mesh | Computing attributes
Fra:12 Mem:203.50M (Peak 293.82M) | Time:00:00.60 | Mem:4.31M, Peak:5.92M | Scene, ViewLayer | Updating Mesh | Copying Attributes to device
Fra:12 Mem:203.50M (Peak 293.82M) | Time:00:00.60 | Mem:4.60M, Peak:5.92M | Scene, ViewLayer | Updating Geometry BVH main_vol 2/4 | Building BVH
Fra:12 Mem:203.50M (Peak 293.82M) | Time:00:00.60 | Mem:4.60M, Peak:5.92M | Scene, ViewLayer | Updating Geometry BVH t0 5/4 | Building BVH
Fra:12 Mem:203.50M (Peak 293.82M) | Time:00:00.60 | Mem:4.60M, Peak:5.92M | Scene, ViewLayer | Updating Geometry BVH t0 5/4 | Building OptiX acceleration structure
Fra:12 Mem:203.50M (Peak 293.82M) | Time:00:00.61 | Mem:4.60M, Peak:5.92M | Scene, ViewLayer | Updating Scene BVH | Building
Fra:12 Mem:203.50M (Peak 293.82M) | Time:00:00.61 | Mem:4.60M, Peak:5.92M | Scene, ViewLayer | Updating Scene BVH | Building OptiX acceleration structure
Fra:12 Mem:203.50M (Peak 293.82M) | Time:00:00.61 | Mem:4.60M, Peak:5.92M | Scene, ViewLayer | Updating Scene BVH | Building BVH
Fra:12 Mem:203.50M (Peak 293.82M) | Time:00:00.61 | Mem:4.60M, Peak:5.92M | Scene, ViewLayer | Updating Scene BVH | Building BVH 0%
Fra:12 Mem:203.50M (Peak 293.82M) | Time:00:00.61 | Mem:4.60M, Peak:5.92M | Scene, ViewLayer | Updating Scene BVH | Copying BVH to device
Fra:12 Mem:203.50M (Peak 293.82M) | Time:00:00.61 | Mem:4.60M, Peak:5.92M | Scene, ViewLayer | Updating Mesh | Computing normals
Fra:12 Mem:204.83M (Peak 293.82M) | Time:00:00.61 | Mem:4.60M, Peak:5.92M | Scene, ViewLayer | Updating Mesh | Copying Mesh to device
Fra:12 Mem:204.83M (Peak 293.82M) | Time:00:00.61 | Mem:5.92M, Peak:5.92M | Scene, ViewLayer | Updating Objects Flags
Fra:12 Mem:204.83M (Peak 293.82M) | Time:00:00.64 | Mem:5.92M, Peak:5.92M | Scene, ViewLayer | Updating Primitive Offsets
Fra:12 Mem:204.83M (Peak 293.82M) | Time:00:00.64 | Mem:5.92M, Peak:5.92M | Scene, ViewLayer | Updating Images
Fra:12 Mem:200.60M (Peak 293.82M) | Time:00:00.64 | Mem:1.70M, Peak:5.92M | Scene, ViewLayer | Updating Images | Loading density
Fra:12 Mem:204.84M (Peak 293.82M) | Time:00:00.64 | Mem:5.94M, Peak:5.94M | Scene, ViewLayer | Updating Camera Volume
Fra:12 Mem:204.84M (Peak 293.82M) | Time:00:00.64 | Mem:5.94M, Peak:5.94M | Scene, ViewLayer | Updating Lookup Tables
Fra:12 Mem:204.84M (Peak 293.82M) | Time:00:00.64 | Mem:5.94M, Peak:5.94M | Scene, ViewLayer | Updating Lights
Fra:12 Mem:204.84M (Peak 293.82M) | Time:00:00.64 | Mem:5.94M, Peak:5.94M | Scene, ViewLayer | Updating Lights | Computing tree
Fra:12 Mem:204.84M (Peak 293.82M) | Time:00:00.64 | Mem:5.94M, Peak:5.94M | Scene, ViewLayer | Updating Integrator
Fra:12 Mem:204.84M (Peak 293.82M) | Time:00:00.64 | Mem:5.94M, Peak:5.94M | Scene, ViewLayer | Updating Film
Fra:12 Mem:204.84M (Peak 293.82M) | Time:00:00.64 | Mem:5.94M, Peak:5.94M | Scene, ViewLayer | Updating Lookup Tables
Fra:12 Mem:204.84M (Peak 293.82M) | Time:00:00.64 | Mem:5.94M, Peak:5.94M | Scene, ViewLayer | Updating Baking
Fra:12 Mem:204.84M (Peak 293.82M) | Time:00:00.64 | Mem:5.94M, Peak:5.94M | Scene, ViewLayer | Updating Device | Writing constant memory
Fra:12 Mem:204.84M (Peak 293.82M) | Time:00:00.64 | Mem:5.94M, Peak:5.94M | Scene, ViewLayer | Sample 0/24
Fra:12 Mem:204.84M (Peak 293.82M) | Time:00:00.81 | Remaining:00:03.91 | Mem:5.94M, Peak:5.94M | Scene, ViewLayer | Sample 1/24
Fra:12 Mem:204.84M (Peak 293.82M) | Time:00:01.11 | Remaining:00:05.19 | Mem:5.94M, Peak:5.94M | Scene, ViewLayer | Sample 2/24
Fra:12 Mem:240.44M (Peak 293.84M) | Time:00:04.76 | Mem:5.94M, Peak:5.94M | Scene, ViewLayer | Sample 24/24
Fra:12 Mem:240.44M (Peak 293.84M) | Time:00:04.76 | Mem:5.94M, Peak:5.94M | Scene, ViewLayer | Finished
Saved: 'C:\Work\domin8te-build\daysky\out\a\f0012.png'
Time: 00:04.99 (Saving: 00:00.23)

Fra:13 Mem:204.85M (Peak 293.84M) | Time:00:01.70 | Mem:5.94M, Peak:5.94M | Scene, ViewLayer | Synchronizing object | main_vol
Fra:13 Mem:204.77M (Peak 293.84M) | Time:00:01.70 | Mem:5.94M, Peak:5.94M | Scene, ViewLayer | Synchronizing object | t0
Fra:13 Mem:204.70M (Peak 293.84M) | Time:00:01.70 | Mem:5.94M, Peak:5.94M | Scene, ViewLayer | Initializing
Fra:13 Mem:204.70M (Peak 293.84M) | Time:00:01.70 | Mem:5.94M, Peak:5.94M | Scene, ViewLayer | Waiting for render to start
Fra:13 Mem:204.70M (Peak 293.84M) | Time:00:01.70 | Mem:5.94M, Peak:5.94M | Scene, ViewLayer | Updating Scene
Fra:13 Mem:204.70M (Peak 293.84M) | Time:00:01.70 | Mem:5.94M, Peak:5.94M | Scene, ViewLayer | Updating Shaders
Fra:13 Mem:204.70M (Peak 293.84M) | Time:00:01.70 | Mem:5.94M, Peak:5.94M | Scene, ViewLayer | Updating Background
Fra:13 Mem:204.70M (Peak 293.84M) | Time:00:01.70 | Mem:5.94M, Peak:5.94M | Scene, ViewLayer | Updating Camera
Fra:13 Mem:204.70M (Peak 293.84M) | Time:00:01.70 | Mem:5.94M, Peak:5.94M | Scene, ViewLayer | Updating Meshes Flags
Fra:13 Mem:204.70M (Peak 293.84M) | Time:00:01.70 | Mem:5.94M, Peak:5.94M | Scene, ViewLayer | Updating Meshes Volume Bounds
Fra:13 Mem:204.70M (Peak 293.84M) | Time:00:01.70 | Mem:5.94M, Peak:5.94M | Scene, ViewLayer | Updating Volume Images
Fra:13 Mem:204.70M (Peak 293.84M) | Time:00:01.70 | Mem:5.94M, Peak:5.94M | Scene, ViewLayer | Updating Mesh | Computing Volume Mesh main_vol
Fra:13 Mem:204.76M (Peak 293.84M) | Time:00:01.71 | Mem:5.94M, Peak:5.94M | Scene, ViewLayer | Updating Mesh | Computing Volume Mesh far_vol
Fra:13 Mem:204.79M (Peak 293.84M) | Time:00:01.72 | Mem:5.94M, Peak:5.94M | Scene, ViewLayer | Updating Mesh | Computing Volume Mesh near_vol
Fra:13 Mem:204.81M (Peak 293.84M) | Time:00:01.73 | Mem:5.94M, Peak:5.94M | Scene, ViewLayer | Updating Objects
Fra:13 Mem:204.81M (Peak 293.84M) | Time:00:01.73 | Mem:5.94M, Peak:5.94M | Scene, ViewLayer | Updating Objects | Copying Transformations to device
Fra:13 Mem:204.81M (Peak 293.84M) | Time:00:01.73 | Mem:5.94M, Peak:5.94M | Scene, ViewLayer | Updating Particle Systems
Fra:13 Mem:204.81M (Peak 293.84M) | Time:00:01.73 | Mem:5.94M, Peak:5.94M | Scene, ViewLayer | Updating Meshes
Fra:13 Mem:203.23M (Peak 293.84M) | Time:00:01.73 | Mem:4.33M, Peak:5.94M | Scene, ViewLayer | Updating Objects | Applying Static Transformations
Fra:13 Mem:203.23M (Peak 293.84M) | Time:00:01.73 | Mem:4.33M, Peak:5.94M | Scene, ViewLayer | Updating Mesh | Computing attributes
Fra:13 Mem:203.52M (Peak 293.84M) | Time:00:01.73 | Mem:4.33M, Peak:5.94M | Scene, ViewLayer | Updating Mesh | Copying Attributes to device
Fra:13 Mem:203.52M (Peak 293.84M) | Time:00:01.73 | Mem:4.62M, Peak:5.94M | Scene, ViewLayer | Updating Geometry BVH main_vol 2/4 | Building BVH
Fra:13 Mem:203.52M (Peak 293.84M) | Time:00:01.73 | Mem:4.62M, Peak:5.94M | Scene, ViewLayer | Updating Geometry BVH near_vol 4/4 | Building BVH
Fra:13 Mem:203.52M (Peak 293.84M) | Time:00:01.73 | Mem:4.62M, Peak:5.94M | Scene, ViewLayer | Updating Geometry BVH t0 5/4 | Building OptiX acceleration structure
Fra:13 Mem:203.52M (Peak 293.84M) | Time:00:01.78 | Mem:4.62M, Peak:5.94M | Scene, ViewLayer | Updating Scene BVH | Building
Fra:13 Mem:203.52M (Peak 293.84M) | Time:00:01.78 | Mem:4.62M, Peak:5.94M | Scene, ViewLayer | Updating Scene BVH | Building OptiX acceleration structure
Fra:13 Mem:203.52M (Peak 293.84M) | Time:00:01.78 | Mem:4.62M, Peak:5.94M | Scene, ViewLayer | Updating Scene BVH | Building BVH
Fra:13 Mem:203.52M (Peak 293.84M) | Time:00:01.78 | Mem:4.62M, Peak:5.94M | Scene, ViewLayer | Updating Scene BVH | Building BVH 0%
Fra:13 Mem:203.52M (Peak 293.84M) | Time:00:01.79 | Mem:4.62M, Peak:5.94M | Scene, ViewLayer | Updating Scene BVH | Copying BVH to device
Fra:13 Mem:203.52M (Peak 293.84M) | Time:00:01.79 | Mem:4.62M, Peak:5.94M | Scene, ViewLayer | Updating Mesh | Computing normals
Fra:13 Mem:204.84M (Peak 293.84M) | Time:00:01.79 | Mem:4.62M, Peak:5.94M | Scene, ViewLayer | Updating Mesh | Copying Mesh to device
Fra:13 Mem:204.84M (Peak 293.84M) | Time:00:01.79 | Mem:5.94M, Peak:5.94M | Scene, ViewLayer | Updating Objects Flags
Fra:13 Mem:204.84M (Peak 293.84M) | Time:00:01.81 | Mem:5.94M, Peak:5.94M | Scene, ViewLayer | Updating Primitive Offsets
Fra:13 Mem:204.84M (Peak 293.84M) | Time:00:01.81 | Mem:5.94M, Peak:5.94M | Scene, ViewLayer | Updating Images
Fra:13 Mem:202.34M (Peak 293.84M) | Time:00:01.81 | Mem:5.94M, Peak:5.94M | Scene, ViewLayer | Updating Images | Loading density
Fra:13 Mem:204.86M (Peak 293.84M) | Time:00:01.82 | Mem:5.96M, Peak:7.69M | Scene, ViewLayer | Updating Camera Volume
Fra:13 Mem:204.86M (Peak 293.84M) | Time:00:01.82 | Mem:5.96M, Peak:7.69M | Scene, ViewLayer | Updating Lookup Tables
Fra:13 Mem:204.86M (Peak 293.84M) | Time:00:01.82 | Mem:5.96M, Peak:7.69M | Scene, ViewLayer | Updating Lights
Fra:13 Mem:204.86M (Peak 293.84M) | Time:00:01.82 | Mem:5.96M, Peak:7.69M | Scene, ViewLayer | Updating Lights | Computing tree
Fra:13 Mem:204.86M (Peak 293.84M) | Time:00:01.82 | Mem:5.96M, Peak:7.69M | Scene, ViewLayer | Updating Integrator
Fra:13 Mem:204.86M (Peak 293.84M) | Time:00:01.82 | Mem:5.96M, Peak:7.69M | Scene, ViewLayer | Updating Film
Fra:13 Mem:204.86M (Peak 293.84M) | Time:00:01.82 | Mem:5.96M, Peak:7.69M | Scene, ViewLayer | Updating Lookup Tables
Fra:13 Mem:204.86M (Peak 293.84M) | Time:00:01.82 | Mem:5.96M, Peak:7.69M | Scene, ViewLayer | Updating Baking
Fra:13 Mem:204.86M (Peak 293.84M) | Time:00:01.82 | Mem:5.96M, Peak:7.69M | Scene, ViewLayer | Updating Device | Writing constant memory
Fra:13 Mem:204.86M (Peak 293.84M) | Time:00:01.82 | Mem:5.96M, Peak:7.69M | Scene, ViewLayer | Sample 0/24
Fra:13 Mem:204.86M (Peak 293.84M) | Time:00:02.15 | Remaining:00:07.64 | Mem:5.96M, Peak:7.69M | Scene, ViewLayer | Sample 1/24
Fra:13 Mem:204.86M (Peak 293.84M) | Time:00:02.33 | Remaining:00:05.61 | Mem:5.96M, Peak:7.69M | Scene, ViewLayer | Sample 2/24
Fra:13 Mem:240.46M (Peak 293.86M) | Time:00:06.25 | Mem:5.96M, Peak:7.69M | Scene, ViewLayer | Sample 24/24
Fra:13 Mem:240.46M (Peak 293.86M) | Time:00:06.25 | Mem:5.96M, Peak:7.69M | Scene, ViewLayer | Finished
Saved: 'C:\Work\domin8te-build\daysky\out\a\f0013.png'
Time: 00:06.40 (Saving: 00:00.14)

Fra:14 Mem:204.86M (Peak 293.86M) | Time:00:00.58 | Mem:5.96M, Peak:5.96M | Scene, ViewLayer | Synchronizing object | main_vol
Fra:14 Mem:204.79M (Peak 293.86M) | Time:00:00.58 | Mem:5.96M, Peak:5.96M | Scene, ViewLayer | Synchronizing object | near_vol
Fra:14 Mem:204.72M (Peak 293.86M) | Time:00:00.58 | Mem:5.96M, Peak:5.96M | Scene, ViewLayer | Initializing
Fra:14 Mem:204.72M (Peak 293.86M) | Time:00:00.58 | Mem:5.96M, Peak:5.96M | Scene, ViewLayer | Waiting for render to start
Fra:14 Mem:204.72M (Peak 293.86M) | Time:00:00.58 | Mem:5.96M, Peak:5.96M | Scene, ViewLayer | Updating Scene
Fra:14 Mem:204.72M (Peak 293.86M) | Time:00:00.58 | Mem:5.96M, Peak:5.96M | Scene, ViewLayer | Updating Shaders
Fra:14 Mem:204.72M (Peak 293.86M) | Time:00:00.58 | Mem:5.96M, Peak:5.96M | Scene, ViewLayer | Updating Background
Fra:14 Mem:204.72M (Peak 293.86M) | Time:00:00.58 | Mem:5.96M, Peak:5.96M | Scene, ViewLayer | Updating Camera
Fra:14 Mem:204.72M (Peak 293.86M) | Time:00:00.58 | Mem:5.96M, Peak:5.96M | Scene, ViewLayer | Updating Meshes Flags
Fra:14 Mem:204.72M (Peak 293.86M) | Time:00:00.58 | Mem:5.96M, Peak:5.96M | Scene, ViewLayer | Updating Meshes Volume Bounds
Fra:14 Mem:204.72M (Peak 293.86M) | Time:00:00.58 | Mem:5.96M, Peak:5.96M | Scene, ViewLayer | Updating Volume Images
Fra:14 Mem:204.72M (Peak 293.86M) | Time:00:00.58 | Mem:5.96M, Peak:5.96M | Scene, ViewLayer | Updating Mesh | Computing Volume Mesh main_vol
Fra:14 Mem:204.77M (Peak 293.86M) | Time:00:00.59 | Mem:5.96M, Peak:5.96M | Scene, ViewLayer | Updating Mesh | Computing Volume Mesh far_vol
Fra:14 Mem:204.81M (Peak 293.86M) | Time:00:00.60 | Mem:5.96M, Peak:5.96M | Scene, ViewLayer | Updating Mesh | Computing Volume Mesh near_vol
Fra:14 Mem:204.83M (Peak 293.86M) | Time:00:00.60 | Mem:5.96M, Peak:5.96M | Scene, ViewLayer | Updating Objects
Fra:14 Mem:204.83M (Peak 293.86M) | Time:00:00.60 | Mem:5.96M, Peak:5.96M | Scene, ViewLayer | Updating Objects | Copying Transformations to device
Fra:14 Mem:204.83M (Peak 293.86M) | Time:00:00.60 | Mem:5.96M, Peak:5.96M | Scene, ViewLayer | Updating Particle Systems
Fra:14 Mem:204.83M (Peak 293.86M) | Time:00:00.60 | Mem:5.96M, Peak:5.96M | Scene, ViewLayer | Updating Meshes
Fra:14 Mem:203.25M (Peak 293.86M) | Time:00:00.60 | Mem:4.35M, Peak:5.96M | Scene, ViewLayer | Updating Objects | Applying Static Transformations
Fra:14 Mem:203.25M (Peak 293.86M) | Time:00:00.60 | Mem:4.35M, Peak:5.96M | Scene, ViewLayer | Updating Mesh | Computing attributes
Fra:14 Mem:203.54M (Peak 293.86M) | Time:00:00.60 | Mem:4.35M, Peak:5.96M | Scene, ViewLayer | Updating Mesh | Copying Attributes to device
Fra:14 Mem:203.54M (Peak 293.86M) | Time:00:00.60 | Mem:4.63M, Peak:5.96M | Scene, ViewLayer | Updating Geometry BVH main_vol 2/4 | Building BVH
Fra:14 Mem:203.54M (Peak 293.86M) | Time:00:00.60 | Mem:4.63M, Peak:5.96M | Scene, ViewLayer | Updating Geometry BVH far_vol 3/4 | Building BVH
Fra:14 Mem:203.54M (Peak 293.86M) | Time:00:00.60 | Mem:4.63M, Peak:5.96M | Scene, ViewLayer | Updating Geometry BVH far_vol 3/4 | Building OptiX acceleration structure
Fra:14 Mem:203.54M (Peak 293.86M) | Time:00:00.61 | Mem:4.63M, Peak:5.96M | Scene, ViewLayer | Updating Scene BVH | Building
Fra:14 Mem:203.54M (Peak 293.86M) | Time:00:00.61 | Mem:4.63M, Peak:5.96M | Scene, ViewLayer | Updating Scene BVH | Building OptiX acceleration structure
Fra:14 Mem:203.54M (Peak 293.86M) | Time:00:00.61 | Mem:4.63M, Peak:5.96M | Scene, ViewLayer | Updating Scene BVH | Building BVH
Fra:14 Mem:203.54M (Peak 293.86M) | Time:00:00.61 | Mem:4.63M, Peak:5.96M | Scene, ViewLayer | Updating Scene BVH | Building BVH 0%
Fra:14 Mem:203.54M (Peak 293.86M) | Time:00:00.61 | Mem:4.63M, Peak:5.96M | Scene, ViewLayer | Updating Scene BVH | Copying BVH to device
Fra:14 Mem:203.54M (Peak 293.86M) | Time:00:00.61 | Mem:4.63M, Peak:5.96M | Scene, ViewLayer | Updating Mesh | Computing normals
Fra:14 Mem:204.86M (Peak 293.86M) | Time:00:00.61 | Mem:4.63M, Peak:5.96M | Scene, ViewLayer | Updating Mesh | Copying Mesh to device
Fra:14 Mem:204.86M (Peak 293.86M) | Time:00:00.61 | Mem:5.96M, Peak:5.96M | Scene, ViewLayer | Updating Objects Flags
Fra:14 Mem:204.86M (Peak 293.86M) | Time:00:00.64 | Mem:5.96M, Peak:5.96M | Scene, ViewLayer | Updating Primitive Offsets
Fra:14 Mem:204.86M (Peak 293.86M) | Time:00:00.64 | Mem:5.96M, Peak:5.96M | Scene, ViewLayer | Updating Images
Fra:14 Mem:200.61M (Peak 293.86M) | Time:00:00.64 | Mem:1.70M, Peak:5.96M | Scene, ViewLayer | Updating Images | Loading density
Fra:14 Mem:204.88M (Peak 293.86M) | Time:00:00.64 | Mem:5.97M, Peak:5.97M | Scene, ViewLayer | Updating Camera Volume
Fra:14 Mem:204.88M (Peak 293.86M) | Time:00:00.64 | Mem:5.97M, Peak:5.97M | Scene, ViewLayer | Updating Lookup Tables
Fra:14 Mem:204.88M (Peak 293.86M) | Time:00:00.64 | Mem:5.97M, Peak:5.97M | Scene, ViewLayer | Updating Lights
Fra:14 Mem:204.88M (Peak 293.86M) | Time:00:00.64 | Mem:5.97M, Peak:5.97M | Scene, ViewLayer | Updating Lights | Computing tree
Fra:14 Mem:204.88M (Peak 293.86M) | Time:00:00.64 | Mem:5.97M, Peak:5.97M | Scene, ViewLayer | Updating Integrator
Fra:14 Mem:204.88M (Peak 293.86M) | Time:00:00.64 | Mem:5.97M, Peak:5.97M | Scene, ViewLayer | Updating Film
Fra:14 Mem:204.88M (Peak 293.86M) | Time:00:00.64 | Mem:5.97M, Peak:5.97M | Scene, ViewLayer | Updating Lookup Tables
Fra:14 Mem:204.88M (Peak 293.86M) | Time:00:00.64 | Mem:5.97M, Peak:5.97M | Scene, ViewLayer | Updating Baking
Fra:14 Mem:204.88M (Peak 293.86M) | Time:00:00.64 | Mem:5.97M, Peak:5.97M | Scene, ViewLayer | Updating Device | Writing constant memory
Fra:14 Mem:204.88M (Peak 293.86M) | Time:00:00.64 | Mem:5.97M, Peak:5.97M | Scene, ViewLayer | Sample 0/24
Fra:14 Mem:204.88M (Peak 293.86M) | Time:00:00.82 | Remaining:00:03.98 | Mem:5.97M, Peak:5.97M | Scene, ViewLayer | Sample 1/24
Fra:14 Mem:204.88M (Peak 293.86M) | Time:00:01.00 | Remaining:00:03.94 | Mem:5.97M, Peak:5.97M | Scene, ViewLayer | Sample 2/24
Fra:14 Mem:240.48M (Peak 293.87M) | Time:00:05.04 | Mem:5.97M, Peak:5.97M | Scene, ViewLayer | Sample 24/24
Fra:14 Mem:240.48M (Peak 293.87M) | Time:00:05.04 | Mem:5.97M, Peak:5.97M | Scene, ViewLayer | Finished
Saved: 'C:\Work\domin8te-build\daysky\out\a\f0014.png'
Time: 00:05.20 (Saving: 00:00.15)

Fra:15 Mem:204.88M (Peak 293.87M) | Time:00:00.63 | Mem:5.97M, Peak:5.97M | Scene, ViewLayer | Synchronizing object | main_vol
Fra:15 Mem:204.81M (Peak 293.87M) | Time:00:00.63 | Mem:5.97M, Peak:5.97M | Scene, ViewLayer | Synchronizing object | t0
Fra:15 Mem:204.74M (Peak 293.87M) | Time:00:00.63 | Mem:5.97M, Peak:5.97M | Scene, ViewLayer | Initializing
Fra:15 Mem:204.74M (Peak 293.87M) | Time:00:00.63 | Mem:5.97M, Peak:5.97M | Scene, ViewLayer | Waiting for render to start
Fra:15 Mem:204.74M (Peak 293.87M) | Time:00:00.63 | Mem:5.97M, Peak:5.97M | Scene, ViewLayer | Updating Scene
Fra:15 Mem:204.74M (Peak 293.87M) | Time:00:00.63 | Mem:5.97M, Peak:5.97M | Scene, ViewLayer | Updating Shaders
Fra:15 Mem:204.74M (Peak 293.87M) | Time:00:00.63 | Mem:5.97M, Peak:5.97M | Scene, ViewLayer | Updating Background
Fra:15 Mem:204.74M (Peak 293.87M) | Time:00:00.63 | Mem:5.97M, Peak:5.97M | Scene, ViewLayer | Updating Camera
Fra:15 Mem:204.74M (Peak 293.87M) | Time:00:00.63 | Mem:5.97M, Peak:5.97M | Scene, ViewLayer | Updating Meshes Flags
Fra:15 Mem:204.74M (Peak 293.87M) | Time:00:00.63 | Mem:5.97M, Peak:5.97M | Scene, ViewLayer | Updating Meshes Volume Bounds
Fra:15 Mem:204.74M (Peak 293.87M) | Time:00:00.63 | Mem:5.97M, Peak:5.97M | Scene, ViewLayer | Updating Volume Images
Fra:15 Mem:204.74M (Peak 293.87M) | Time:00:00.63 | Mem:5.97M, Peak:5.97M | Scene, ViewLayer | Updating Mesh | Computing Volume Mesh main_vol
Fra:15 Mem:204.79M (Peak 293.87M) | Time:00:00.65 | Mem:5.97M, Peak:5.97M | Scene, ViewLayer | Updating Mesh | Computing Volume Mesh far_vol
Fra:15 Mem:204.83M (Peak 293.87M) | Time:00:00.65 | Mem:5.97M, Peak:5.97M | Scene, ViewLayer | Updating Mesh | Computing Volume Mesh near_vol
Fra:15 Mem:204.85M (Peak 293.87M) | Time:00:00.66 | Mem:5.97M, Peak:5.97M | Scene, ViewLayer | Updating Objects
Fra:15 Mem:204.85M (Peak 293.87M) | Time:00:00.66 | Mem:5.97M, Peak:5.97M | Scene, ViewLayer | Updating Objects | Copying Transformations to device
Fra:15 Mem:204.85M (Peak 293.87M) | Time:00:00.66 | Mem:5.97M, Peak:5.97M | Scene, ViewLayer | Updating Particle Systems
Fra:15 Mem:204.85M (Peak 293.87M) | Time:00:00.66 | Mem:5.97M, Peak:5.97M | Scene, ViewLayer | Updating Meshes
Fra:15 Mem:203.27M (Peak 293.87M) | Time:00:00.66 | Mem:4.36M, Peak:5.97M | Scene, ViewLayer | Updating Objects | Applying Static Transformations
Fra:15 Mem:203.27M (Peak 293.87M) | Time:00:00.66 | Mem:4.36M, Peak:5.97M | Scene, ViewLayer | Updating Mesh | Computing attributes
Fra:15 Mem:203.56M (Peak 293.87M) | Time:00:00.66 | Mem:4.36M, Peak:5.97M | Scene, ViewLayer | Updating Mesh | Copying Attributes to device
Fra:15 Mem:203.56M (Peak 293.87M) | Time:00:00.66 | Mem:4.65M, Peak:5.97M | Scene, ViewLayer | Updating Geometry BVH near_vol 4/4 | Building BVH
Fra:15 Mem:203.56M (Peak 293.87M) | Time:00:00.66 | Mem:4.65M, Peak:5.97M | Scene, ViewLayer | Updating Geometry BVH main_vol 2/4 | Building BVH
Fra:15 Mem:203.56M (Peak 293.87M) | Time:00:00.66 | Mem:4.65M, Peak:5.97M | Scene, ViewLayer | Updating Geometry BVH t0 5/4 | Building OptiX acceleration structure
Fra:15 Mem:203.56M (Peak 293.87M) | Time:00:00.66 | Mem:4.65M, Peak:5.97M | Scene, ViewLayer | Updating Scene BVH | Building
Fra:15 Mem:203.56M (Peak 293.87M) | Time:00:00.66 | Mem:4.65M, Peak:5.97M | Scene, ViewLayer | Updating Scene BVH | Building OptiX acceleration structure
Fra:15 Mem:203.56M (Peak 293.87M) | Time:00:00.66 | Mem:4.65M, Peak:5.97M | Scene, ViewLayer | Updating Scene BVH | Building BVH
Fra:15 Mem:203.56M (Peak 293.87M) | Time:00:00.66 | Mem:4.65M, Peak:5.97M | Scene, ViewLayer | Updating Scene BVH | Building BVH 0%
Fra:15 Mem:203.56M (Peak 293.87M) | Time:00:00.67 | Mem:4.65M, Peak:5.97M | Scene, ViewLayer | Updating Scene BVH | Copying BVH to device
Fra:15 Mem:203.56M (Peak 293.87M) | Time:00:00.67 | Mem:4.65M, Peak:5.97M | Scene, ViewLayer | Updating Mesh | Computing normals
Fra:15 Mem:204.88M (Peak 293.87M) | Time:00:00.67 | Mem:4.65M, Peak:5.97M | Scene, ViewLayer | Updating Mesh | Copying Mesh to device
Fra:15 Mem:204.88M (Peak 293.87M) | Time:00:00.67 | Mem:5.97M, Peak:5.97M | Scene, ViewLayer | Updating Objects Flags
Fra:15 Mem:204.88M (Peak 293.87M) | Time:00:00.69 | Mem:5.97M, Peak:5.97M | Scene, ViewLayer | Updating Primitive Offsets
Fra:15 Mem:204.88M (Peak 293.87M) | Time:00:00.69 | Mem:5.97M, Peak:5.97M | Scene, ViewLayer | Updating Images
Fra:15 Mem:202.36M (Peak 293.87M) | Time:00:00.69 | Mem:5.97M, Peak:5.97M | Scene, ViewLayer | Updating Images | Loading density
Fra:15 Mem:204.90M (Peak 293.87M) | Time:00:00.70 | Mem:5.99M, Peak:7.74M | Scene, ViewLayer | Updating Camera Volume
Fra:15 Mem:204.90M (Peak 293.87M) | Time:00:00.70 | Mem:5.99M, Peak:7.74M | Scene, ViewLayer | Updating Lookup Tables
Fra:15 Mem:204.90M (Peak 293.87M) | Time:00:00.70 | Mem:5.99M, Peak:7.74M | Scene, ViewLayer | Updating Lights
Fra:15 Mem:204.90M (Peak 293.87M) | Time:00:00.70 | Mem:5.99M, Peak:7.74M | Scene, ViewLayer | Updating Lights | Computing tree
Fra:15 Mem:204.90M (Peak 293.87M) | Time:00:00.70 | Mem:5.99M, Peak:7.74M | Scene, ViewLayer | Updating Integrator
Fra:15 Mem:204.90M (Peak 293.87M) | Time:00:00.70 | Mem:5.99M, Peak:7.74M | Scene, ViewLayer | Updating Film
Fra:15 Mem:204.90M (Peak 293.87M) | Time:00:00.70 | Mem:5.99M, Peak:7.74M | Scene, ViewLayer | Updating Lookup Tables
Fra:15 Mem:204.90M (Peak 293.87M) | Time:00:00.70 | Mem:5.99M, Peak:7.74M | Scene, ViewLayer | Updating Baking
Fra:15 Mem:204.90M (Peak 293.87M) | Time:00:00.70 | Mem:5.99M, Peak:7.74M | Scene, ViewLayer | Updating Device | Writing constant memory
Fra:15 Mem:204.90M (Peak 293.87M) | Time:00:00.70 | Mem:5.99M, Peak:7.74M | Scene, ViewLayer | Sample 0/24
Fra:15 Mem:204.90M (Peak 293.87M) | Time:00:00.89 | Remaining:00:04.46 | Mem:5.99M, Peak:7.74M | Scene, ViewLayer | Sample 1/24
Fra:15 Mem:204.90M (Peak 293.87M) | Time:00:01.12 | Remaining:00:04.61 | Mem:5.99M, Peak:7.74M | Scene, ViewLayer | Sample 2/24
Fra:15 Mem:240.50M (Peak 293.89M) | Time:00:04.36 | Mem:5.99M, Peak:7.74M | Scene, ViewLayer | Sample 24/24
Fra:15 Mem:240.50M (Peak 293.89M) | Time:00:04.36 | Mem:5.99M, Peak:7.74M | Scene, ViewLayer | Finished
Saved: 'C:\Work\domin8te-build\daysky\out\a\f0015.png'
Time: 00:04.49 (Saving: 00:00.13)

Fra:16 Mem:204.90M (Peak 293.89M) | Time:00:00.56 | Mem:5.99M, Peak:5.99M | Scene, ViewLayer | Synchronizing object | main_vol
Fra:16 Mem:204.83M (Peak 293.89M) | Time:00:00.56 | Mem:5.99M, Peak:5.99M | Scene, ViewLayer | Synchronizing object | t0
Fra:16 Mem:204.76M (Peak 293.89M) | Time:00:00.56 | Mem:5.99M, Peak:5.99M | Scene, ViewLayer | Initializing
Fra:16 Mem:204.76M (Peak 293.89M) | Time:00:00.56 | Mem:5.99M, Peak:5.99M | Scene, ViewLayer | Waiting for render to start
Fra:16 Mem:204.76M (Peak 293.89M) | Time:00:00.56 | Mem:5.99M, Peak:5.99M | Scene, ViewLayer | Updating Scene
Fra:16 Mem:204.76M (Peak 293.89M) | Time:00:00.56 | Mem:5.99M, Peak:5.99M | Scene, ViewLayer | Updating Shaders
Fra:16 Mem:204.76M (Peak 293.89M) | Time:00:00.56 | Mem:5.99M, Peak:5.99M | Scene, ViewLayer | Updating Background
Fra:16 Mem:204.76M (Peak 293.89M) | Time:00:00.56 | Mem:5.99M, Peak:5.99M | Scene, ViewLayer | Updating Camera
Fra:16 Mem:204.76M (Peak 293.89M) | Time:00:00.56 | Mem:5.99M, Peak:5.99M | Scene, ViewLayer | Updating Meshes Flags
Fra:16 Mem:204.76M (Peak 293.89M) | Time:00:00.56 | Mem:5.99M, Peak:5.99M | Scene, ViewLayer | Updating Meshes Volume Bounds
Fra:16 Mem:204.76M (Peak 293.89M) | Time:00:00.56 | Mem:5.99M, Peak:5.99M | Scene, ViewLayer | Updating Volume Images
Fra:16 Mem:204.76M (Peak 293.89M) | Time:00:00.56 | Mem:5.99M, Peak:5.99M | Scene, ViewLayer | Updating Mesh | Computing Volume Mesh main_vol
Fra:16 Mem:204.81M (Peak 293.89M) | Time:00:00.57 | Mem:5.99M, Peak:5.99M | Scene, ViewLayer | Updating Mesh | Computing Volume Mesh far_vol
Fra:16 Mem:204.85M (Peak 293.89M) | Time:00:00.58 | Mem:5.99M, Peak:5.99M | Scene, ViewLayer | Updating Mesh | Computing Volume Mesh near_vol
Fra:16 Mem:204.87M (Peak 293.89M) | Time:00:00.58 | Mem:5.99M, Peak:5.99M | Scene, ViewLayer | Updating Objects
Fra:16 Mem:204.87M (Peak 293.89M) | Time:00:00.58 | Mem:5.99M, Peak:5.99M | Scene, ViewLayer | Updating Objects | Copying Transformations to device
Fra:16 Mem:204.87M (Peak 293.89M) | Time:00:00.58 | Mem:5.99M, Peak:5.99M | Scene, ViewLayer | Updating Particle Systems
Fra:16 Mem:204.87M (Peak 293.89M) | Time:00:00.58 | Mem:5.99M, Peak:5.99M | Scene, ViewLayer | Updating Meshes
Fra:16 Mem:203.29M (Peak 293.89M) | Time:00:00.58 | Mem:4.38M, Peak:5.99M | Scene, ViewLayer | Updating Objects | Applying Static Transformations
Fra:16 Mem:203.29M (Peak 293.89M) | Time:00:00.59 | Mem:4.38M, Peak:5.99M | Scene, ViewLayer | Updating Mesh | Computing attributes
Fra:16 Mem:203.58M (Peak 293.89M) | Time:00:00.59 | Mem:4.38M, Peak:5.99M | Scene, ViewLayer | Updating Mesh | Copying Attributes to device
Fra:16 Mem:203.58M (Peak 293.89M) | Time:00:00.59 | Mem:4.67M, Peak:5.99M | Scene, ViewLayer | Updating Geometry BVH main_vol 2/4 | Building BVH
Fra:16 Mem:203.58M (Peak 293.89M) | Time:00:00.59 | Mem:4.67M, Peak:5.99M | Scene, ViewLayer | Updating Geometry BVH t0 5/4 | Building BVH
Fra:16 Mem:203.58M (Peak 293.89M) | Time:00:00.59 | Mem:4.67M, Peak:5.99M | Scene, ViewLayer | Updating Geometry BVH t0 5/4 | Building OptiX acceleration structure
Fra:16 Mem:203.58M (Peak 293.89M) | Time:00:00.59 | Mem:4.67M, Peak:5.99M | Scene, ViewLayer | Updating Scene BVH | Building
Fra:16 Mem:203.58M (Peak 293.89M) | Time:00:00.59 | Mem:4.67M, Peak:5.99M | Scene, ViewLayer | Updating Scene BVH | Building OptiX acceleration structure
Fra:16 Mem:203.58M (Peak 293.89M) | Time:00:00.59 | Mem:4.67M, Peak:5.99M | Scene, ViewLayer | Updating Scene BVH | Building BVH
Fra:16 Mem:203.58M (Peak 293.89M) | Time:00:00.59 | Mem:4.67M, Peak:5.99M | Scene, ViewLayer | Updating Scene BVH | Building BVH 0%
Fra:16 Mem:203.58M (Peak 293.89M) | Time:00:00.59 | Mem:4.67M, Peak:5.99M | Scene, ViewLayer | Updating Scene BVH | Copying BVH to device
Fra:16 Mem:203.58M (Peak 293.89M) | Time:00:00.59 | Mem:4.67M, Peak:5.99M | Scene, ViewLayer | Updating Mesh | Computing normals
Fra:16 Mem:204.90M (Peak 293.89M) | Time:00:00.60 | Mem:4.67M, Peak:5.99M | Scene, ViewLayer | Updating Mesh | Copying Mesh to device
Fra:16 Mem:204.90M (Peak 293.89M) | Time:00:00.60 | Mem:5.99M, Peak:5.99M | Scene, ViewLayer | Updating Objects Flags
Fra:16 Mem:204.90M (Peak 293.89M) | Time:00:00.62 | Mem:5.99M, Peak:5.99M | Scene, ViewLayer | Updating Primitive Offsets
Fra:16 Mem:204.90M (Peak 293.89M) | Time:00:00.62 | Mem:5.99M, Peak:5.99M | Scene, ViewLayer | Updating Images
Fra:16 Mem:200.61M (Peak 293.89M) | Time:00:00.62 | Mem:1.70M, Peak:5.99M | Scene, ViewLayer | Updating Images | Loading density
Fra:16 Mem:204.92M (Peak 293.89M) | Time:00:00.63 | Mem:6.02M, Peak:6.02M | Scene, ViewLayer | Updating Camera Volume
Fra:16 Mem:204.92M (Peak 293.89M) | Time:00:00.63 | Mem:6.02M, Peak:6.02M | Scene, ViewLayer | Updating Lookup Tables
Fra:16 Mem:204.92M (Peak 293.89M) | Time:00:00.63 | Mem:6.02M, Peak:6.02M | Scene, ViewLayer | Updating Lights
Fra:16 Mem:204.92M (Peak 293.89M) | Time:00:00.63 | Mem:6.02M, Peak:6.02M | Scene, ViewLayer | Updating Lights | Computing tree
Fra:16 Mem:204.92M (Peak 293.89M) | Time:00:00.63 | Mem:6.02M, Peak:6.02M | Scene, ViewLayer | Updating Integrator
Fra:16 Mem:204.92M (Peak 293.89M) | Time:00:00.63 | Mem:6.02M, Peak:6.02M | Scene, ViewLayer | Updating Film
Fra:16 Mem:204.92M (Peak 293.89M) | Time:00:00.63 | Mem:6.02M, Peak:6.02M | Scene, ViewLayer | Updating Lookup Tables
Fra:16 Mem:204.92M (Peak 293.89M) | Time:00:00.63 | Mem:6.02M, Peak:6.02M | Scene, ViewLayer | Updating Baking
Fra:16 Mem:204.92M (Peak 293.89M) | Time:00:00.63 | Mem:6.02M, Peak:6.02M | Scene, ViewLayer | Updating Device | Writing constant memory
Fra:16 Mem:204.92M (Peak 293.89M) | Time:00:00.63 | Mem:6.02M, Peak:6.02M | Scene, ViewLayer | Sample 0/24
Fra:16 Mem:204.92M (Peak 293.89M) | Time:00:00.84 | Remaining:00:04.92 | Mem:6.02M, Peak:6.02M | Scene, ViewLayer | Sample 1/24
Fra:16 Mem:204.92M (Peak 293.89M) | Time:00:01.04 | Remaining:00:04.56 | Mem:6.02M, Peak:6.02M | Scene, ViewLayer | Sample 2/24
Fra:16 Mem:240.52M (Peak 293.92M) | Time:00:04.43 | Mem:6.02M, Peak:6.02M | Scene, ViewLayer | Sample 24/24
Fra:16 Mem:240.52M (Peak 293.92M) | Time:00:04.43 | Mem:6.02M, Peak:6.02M | Scene, ViewLayer | Finished
Saved: 'C:\Work\domin8te-build\daysky\out\a\f0016.png'
Time: 00:04.58 (Saving: 00:00.14)

Fra:17 Mem:204.93M (Peak 293.92M) | Time:00:00.58 | Mem:6.02M, Peak:6.02M | Scene, ViewLayer | Synchronizing object | main_vol
Fra:17 Mem:204.85M (Peak 293.92M) | Time:00:00.58 | Mem:6.02M, Peak:6.02M | Scene, ViewLayer | Synchronizing object | t0
Fra:17 Mem:204.78M (Peak 293.92M) | Time:00:00.58 | Mem:6.02M, Peak:6.02M | Scene, ViewLayer | Initializing
Fra:17 Mem:204.78M (Peak 293.92M) | Time:00:00.58 | Mem:6.02M, Peak:6.02M | Scene, ViewLayer | Waiting for render to start
Fra:17 Mem:204.78M (Peak 293.92M) | Time:00:00.58 | Mem:6.02M, Peak:6.02M | Scene, ViewLayer | Updating Scene
Fra:17 Mem:204.78M (Peak 293.92M) | Time:00:00.58 | Mem:6.02M, Peak:6.02M | Scene, ViewLayer | Updating Shaders
Fra:17 Mem:204.78M (Peak 293.92M) | Time:00:00.58 | Mem:6.02M, Peak:6.02M | Scene, ViewLayer | Updating Background
Fra:17 Mem:204.78M (Peak 293.92M) | Time:00:00.58 | Mem:6.02M, Peak:6.02M | Scene, ViewLayer | Updating Camera
Fra:17 Mem:204.78M (Peak 293.92M) | Time:00:00.58 | Mem:6.02M, Peak:6.02M | Scene, ViewLayer | Updating Meshes Flags
Fra:17 Mem:204.78M (Peak 293.92M) | Time:00:00.58 | Mem:6.02M, Peak:6.02M | Scene, ViewLayer | Updating Meshes Volume Bounds
Fra:17 Mem:204.78M (Peak 293.92M) | Time:00:00.58 | Mem:6.02M, Peak:6.02M | Scene, ViewLayer | Updating Volume Images
Fra:17 Mem:204.78M (Peak 293.92M) | Time:00:00.58 | Mem:6.02M, Peak:6.02M | Scene, ViewLayer | Updating Mesh | Computing Volume Mesh main_vol
Fra:17 Mem:204.84M (Peak 293.92M) | Time:00:00.59 | Mem:6.02M, Peak:6.02M | Scene, ViewLayer | Updating Mesh | Computing Volume Mesh far_vol
Fra:17 Mem:204.87M (Peak 293.92M) | Time:00:00.60 | Mem:6.02M, Peak:6.02M | Scene, ViewLayer | Updating Mesh | Computing Volume Mesh near_vol
Fra:17 Mem:204.89M (Peak 293.92M) | Time:00:00.60 | Mem:6.02M, Peak:6.02M | Scene, ViewLayer | Updating Objects
Fra:17 Mem:204.89M (Peak 293.92M) | Time:00:00.60 | Mem:6.02M, Peak:6.02M | Scene, ViewLayer | Updating Objects | Copying Transformations to device
Fra:17 Mem:204.89M (Peak 293.92M) | Time:00:00.60 | Mem:6.02M, Peak:6.02M | Scene, ViewLayer | Updating Particle Systems
Fra:17 Mem:204.89M (Peak 293.92M) | Time:00:00.60 | Mem:6.02M, Peak:6.02M | Scene, ViewLayer | Updating Meshes
Fra:17 Mem:203.31M (Peak 293.92M) | Time:00:00.60 | Mem:4.40M, Peak:6.02M | Scene, ViewLayer | Updating Objects | Applying Static Transformations
Fra:17 Mem:203.31M (Peak 293.92M) | Time:00:00.60 | Mem:4.40M, Peak:6.02M | Scene, ViewLayer | Updating Mesh | Computing attributes
Fra:17 Mem:203.60M (Peak 293.92M) | Time:00:00.60 | Mem:4.40M, Peak:6.02M | Scene, ViewLayer | Updating Mesh | Copying Attributes to device
Fra:17 Mem:203.60M (Peak 293.92M) | Time:00:00.60 | Mem:4.69M, Peak:6.02M | Scene, ViewLayer | Updating Geometry BVH main_vol 2/4 | Building BVH
Fra:17 Mem:203.60M (Peak 293.92M) | Time:00:00.60 | Mem:4.69M, Peak:6.02M | Scene, ViewLayer | Updating Geometry BVH near_vol 4/4 | Building BVH
Fra:17 Mem:203.60M (Peak 293.92M) | Time:00:00.60 | Mem:4.69M, Peak:6.02M | Scene, ViewLayer | Updating Geometry BVH near_vol 4/4 | Building OptiX acceleration structure
Fra:17 Mem:203.60M (Peak 293.92M) | Time:00:00.61 | Mem:4.69M, Peak:6.02M | Scene, ViewLayer | Updating Scene BVH | Building
Fra:17 Mem:203.60M (Peak 293.92M) | Time:00:00.61 | Mem:4.69M, Peak:6.02M | Scene, ViewLayer | Updating Scene BVH | Building OptiX acceleration structure
Fra:17 Mem:203.60M (Peak 293.92M) | Time:00:00.61 | Mem:4.69M, Peak:6.02M | Scene, ViewLayer | Updating Scene BVH | Building BVH
Fra:17 Mem:203.60M (Peak 293.92M) | Time:00:00.61 | Mem:4.69M, Peak:6.02M | Scene, ViewLayer | Updating Scene BVH | Building BVH 0%
Fra:17 Mem:203.60M (Peak 293.92M) | Time:00:00.61 | Mem:4.69M, Peak:6.02M | Scene, ViewLayer | Updating Scene BVH | Copying BVH to device
Fra:17 Mem:203.60M (Peak 293.92M) | Time:00:00.61 | Mem:4.69M, Peak:6.02M | Scene, ViewLayer | Updating Mesh | Computing normals
Fra:17 Mem:204.93M (Peak 293.92M) | Time:00:00.61 | Mem:4.69M, Peak:6.02M | Scene, ViewLayer | Updating Mesh | Copying Mesh to device
Fra:17 Mem:204.93M (Peak 293.92M) | Time:00:00.61 | Mem:6.02M, Peak:6.02M | Scene, ViewLayer | Updating Objects Flags
Fra:17 Mem:204.93M (Peak 293.92M) | Time:00:00.64 | Mem:6.02M, Peak:6.02M | Scene, ViewLayer | Updating Primitive Offsets
Fra:17 Mem:204.93M (Peak 293.92M) | Time:00:00.64 | Mem:6.02M, Peak:6.02M | Scene, ViewLayer | Updating Images
Fra:17 Mem:202.38M (Peak 293.92M) | Time:00:00.64 | Mem:6.02M, Peak:6.02M | Scene, ViewLayer | Updating Images | Loading density
Fra:17 Mem:204.94M (Peak 293.92M) | Time:00:00.64 | Mem:6.03M, Peak:7.80M | Scene, ViewLayer | Updating Camera Volume
Fra:17 Mem:204.94M (Peak 293.92M) | Time:00:00.64 | Mem:6.03M, Peak:7.80M | Scene, ViewLayer | Updating Lookup Tables
Fra:17 Mem:204.94M (Peak 293.92M) | Time:00:00.64 | Mem:6.03M, Peak:7.80M | Scene, ViewLayer | Updating Lights
Fra:17 Mem:204.94M (Peak 293.92M) | Time:00:00.64 | Mem:6.03M, Peak:7.80M | Scene, ViewLayer | Updating Lights | Computing tree
Fra:17 Mem:204.94M (Peak 293.92M) | Time:00:00.64 | Mem:6.03M, Peak:7.80M | Scene, ViewLayer | Updating Integrator
Fra:17 Mem:204.94M (Peak 293.92M) | Time:00:00.64 | Mem:6.03M, Peak:7.80M | Scene, ViewLayer | Updating Film
Fra:17 Mem:204.94M (Peak 293.92M) | Time:00:00.64 | Mem:6.03M, Peak:7.80M | Scene, ViewLayer | Updating Lookup Tables
Fra:17 Mem:204.94M (Peak 293.92M) | Time:00:00.64 | Mem:6.03M, Peak:7.80M | Scene, ViewLayer | Updating Baking
Fra:17 Mem:204.94M (Peak 293.92M) | Time:00:00.64 | Mem:6.03M, Peak:7.80M | Scene, ViewLayer | Updating Device | Writing constant memory
Fra:17 Mem:204.94M (Peak 293.92M) | Time:00:00.65 | Mem:6.03M, Peak:7.80M | Scene, ViewLayer | Sample 0/24
Fra:17 Mem:204.94M (Peak 293.92M) | Time:00:00.86 | Remaining:00:04.84 | Mem:6.03M, Peak:7.80M | Scene, ViewLayer | Sample 1/24
Fra:17 Mem:204.94M (Peak 293.92M) | Time:00:01.07 | Remaining:00:04.69 | Mem:6.03M, Peak:7.80M | Scene, ViewLayer | Sample 2/24
Fra:17 Mem:240.54M (Peak 293.94M) | Time:00:05.29 | Mem:6.03M, Peak:7.80M | Scene, ViewLayer | Sample 24/24
Fra:17 Mem:240.54M (Peak 293.94M) | Time:00:05.29 | Mem:6.03M, Peak:7.80M | Scene, ViewLayer | Finished
Saved: 'C:\Work\domin8te-build\daysky\out\a\f0017.png'
Time: 00:06.01 (Saving: 00:00.72)

Fra:18 Mem:204.95M (Peak 293.94M) | Time:00:00.63 | Mem:6.03M, Peak:6.03M | Scene, ViewLayer | Synchronizing object | main_vol
Fra:18 Mem:204.87M (Peak 293.94M) | Time:00:00.63 | Mem:6.03M, Peak:6.03M | Scene, ViewLayer | Synchronizing object | t0
Fra:18 Mem:204.80M (Peak 293.94M) | Time:00:00.63 | Mem:6.03M, Peak:6.03M | Scene, ViewLayer | Initializing
Fra:18 Mem:204.80M (Peak 293.94M) | Time:00:00.63 | Mem:6.03M, Peak:6.03M | Scene, ViewLayer | Waiting for render to start
Fra:18 Mem:204.80M (Peak 293.94M) | Time:00:00.63 | Mem:6.03M, Peak:6.03M | Scene, ViewLayer | Updating Scene
Fra:18 Mem:204.80M (Peak 293.94M) | Time:00:00.63 | Mem:6.03M, Peak:6.03M | Scene, ViewLayer | Updating Shaders
Fra:18 Mem:204.80M (Peak 293.94M) | Time:00:00.63 | Mem:6.03M, Peak:6.03M | Scene, ViewLayer | Updating Background
Fra:18 Mem:204.80M (Peak 293.94M) | Time:00:00.63 | Mem:6.03M, Peak:6.03M | Scene, ViewLayer | Updating Camera
Fra:18 Mem:204.80M (Peak 293.94M) | Time:00:00.63 | Mem:6.03M, Peak:6.03M | Scene, ViewLayer | Updating Meshes Flags
Fra:18 Mem:204.80M (Peak 293.94M) | Time:00:00.63 | Mem:6.03M, Peak:6.03M | Scene, ViewLayer | Updating Meshes Volume Bounds
Fra:18 Mem:204.80M (Peak 293.94M) | Time:00:00.63 | Mem:6.03M, Peak:6.03M | Scene, ViewLayer | Updating Volume Images
Fra:18 Mem:204.80M (Peak 293.94M) | Time:00:00.63 | Mem:6.03M, Peak:6.03M | Scene, ViewLayer | Updating Mesh | Computing Volume Mesh main_vol
Fra:18 Mem:204.85M (Peak 293.94M) | Time:00:00.64 | Mem:6.03M, Peak:6.03M | Scene, ViewLayer | Updating Mesh | Computing Volume Mesh far_vol
Fra:18 Mem:204.89M (Peak 293.94M) | Time:00:00.65 | Mem:6.03M, Peak:6.03M | Scene, ViewLayer | Updating Mesh | Computing Volume Mesh near_vol
Fra:18 Mem:204.91M (Peak 293.94M) | Time:00:00.66 | Mem:6.03M, Peak:6.03M | Scene, ViewLayer | Updating Objects
Fra:18 Mem:204.91M (Peak 293.94M) | Time:00:00.66 | Mem:6.03M, Peak:6.03M | Scene, ViewLayer | Updating Objects | Copying Transformations to device
Fra:18 Mem:204.91M (Peak 293.94M) | Time:00:00.66 | Mem:6.03M, Peak:6.03M | Scene, ViewLayer | Updating Particle Systems
Fra:18 Mem:204.91M (Peak 293.94M) | Time:00:00.66 | Mem:6.03M, Peak:6.03M | Scene, ViewLayer | Updating Meshes
Fra:18 Mem:203.33M (Peak 293.94M) | Time:00:00.66 | Mem:4.42M, Peak:6.03M | Scene, ViewLayer | Updating Objects | Applying Static Transformations
Fra:18 Mem:203.33M (Peak 293.94M) | Time:00:00.66 | Mem:4.42M, Peak:6.03M | Scene, ViewLayer | Updating Mesh | Computing attributes
Fra:18 Mem:203.62M (Peak 293.94M) | Time:00:00.66 | Mem:4.42M, Peak:6.03M | Scene, ViewLayer | Updating Mesh | Copying Attributes to device
Fra:18 Mem:203.62M (Peak 293.94M) | Time:00:00.66 | Mem:4.70M, Peak:6.03M | Scene, ViewLayer | Updating Geometry BVH main_vol 2/4 | Building BVH
Fra:18 Mem:203.62M (Peak 293.94M) | Time:00:00.66 | Mem:4.70M, Peak:6.03M | Scene, ViewLayer | Updating Geometry BVH near_vol 4/4 | Building BVH
Fra:18 Mem:203.62M (Peak 293.94M) | Time:00:00.66 | Mem:4.70M, Peak:6.03M | Scene, ViewLayer | Updating Geometry BVH near_vol 4/4 | Building OptiX acceleration structure
Fra:18 Mem:203.62M (Peak 293.94M) | Time:00:00.67 | Mem:4.70M, Peak:6.03M | Scene, ViewLayer | Updating Scene BVH | Building
Fra:18 Mem:203.62M (Peak 293.94M) | Time:00:00.67 | Mem:4.70M, Peak:6.03M | Scene, ViewLayer | Updating Scene BVH | Building OptiX acceleration structure
Fra:18 Mem:203.62M (Peak 293.94M) | Time:00:00.67 | Mem:4.70M, Peak:6.03M | Scene, ViewLayer | Updating Scene BVH | Building BVH
Fra:18 Mem:203.62M (Peak 293.94M) | Time:00:00.67 | Mem:4.70M, Peak:6.03M | Scene, ViewLayer | Updating Scene BVH | Building BVH 0%
Fra:18 Mem:203.62M (Peak 293.94M) | Time:00:00.67 | Mem:4.70M, Peak:6.03M | Scene, ViewLayer | Updating Scene BVH | Copying BVH to device
Fra:18 Mem:203.62M (Peak 293.94M) | Time:00:00.67 | Mem:4.70M, Peak:6.03M | Scene, ViewLayer | Updating Mesh | Computing normals
Fra:18 Mem:204.94M (Peak 293.94M) | Time:00:00.67 | Mem:4.70M, Peak:6.03M | Scene, ViewLayer | Updating Mesh | Copying Mesh to device
Fra:18 Mem:204.94M (Peak 293.94M) | Time:00:00.67 | Mem:6.03M, Peak:6.03M | Scene, ViewLayer | Updating Objects Flags
Fra:18 Mem:204.94M (Peak 293.94M) | Time:00:00.70 | Mem:6.03M, Peak:6.03M | Scene, ViewLayer | Updating Primitive Offsets
Fra:18 Mem:204.94M (Peak 293.94M) | Time:00:00.70 | Mem:6.03M, Peak:6.03M | Scene, ViewLayer | Updating Images
Fra:18 Mem:200.61M (Peak 293.94M) | Time:00:00.70 | Mem:1.70M, Peak:6.03M | Scene, ViewLayer | Updating Images | Loading density
Fra:18 Mem:204.96M (Peak 293.94M) | Time:00:00.70 | Mem:6.05M, Peak:6.05M | Scene, ViewLayer | Updating Camera Volume
Fra:18 Mem:204.96M (Peak 293.94M) | Time:00:00.70 | Mem:6.05M, Peak:6.05M | Scene, ViewLayer | Updating Lookup Tables
Fra:18 Mem:204.96M (Peak 293.94M) | Time:00:00.70 | Mem:6.05M, Peak:6.05M | Scene, ViewLayer | Updating Lights
Fra:18 Mem:204.96M (Peak 293.94M) | Time:00:00.70 | Mem:6.05M, Peak:6.05M | Scene, ViewLayer | Updating Lights | Computing tree
Fra:18 Mem:204.96M (Peak 293.94M) | Time:00:00.70 | Mem:6.05M, Peak:6.05M | Scene, ViewLayer | Updating Integrator
Fra:18 Mem:204.96M (Peak 293.94M) | Time:00:00.70 | Mem:6.05M, Peak:6.05M | Scene, ViewLayer | Updating Film
Fra:18 Mem:204.96M (Peak 293.94M) | Time:00:00.70 | Mem:6.05M, Peak:6.05M | Scene, ViewLayer | Updating Lookup Tables
Fra:18 Mem:204.96M (Peak 293.94M) | Time:00:00.70 | Mem:6.05M, Peak:6.05M | Scene, ViewLayer | Updating Baking
Fra:18 Mem:204.96M (Peak 293.94M) | Time:00:00.70 | Mem:6.05M, Peak:6.05M | Scene, ViewLayer | Updating Device | Writing constant memory
Fra:18 Mem:204.96M (Peak 293.94M) | Time:00:00.70 | Mem:6.05M, Peak:6.05M | Scene, ViewLayer | Sample 0/24
Fra:18 Mem:204.96M (Peak 293.94M) | Time:00:01.20 | Remaining:00:11.40 | Mem:6.05M, Peak:6.05M | Scene, ViewLayer | Sample 1/24
Fra:18 Mem:204.96M (Peak 293.94M) | Time:00:01.48 | Remaining:00:08.56 | Mem:6.05M, Peak:6.05M | Scene, ViewLayer | Sample 2/24
Fra:18 Mem:240.56M (Peak 293.96M) | Time:00:06.33 | Mem:6.05M, Peak:6.05M | Scene, ViewLayer | Sample 24/24
Fra:18 Mem:240.56M (Peak 293.96M) | Time:00:06.33 | Mem:6.05M, Peak:6.05M | Scene, ViewLayer | Finished
Saved: 'C:\Work\domin8te-build\daysky\out\a\f0018.png'
Time: 00:06.49 (Saving: 00:00.16)

Fra:19 Mem:204.97M (Peak 293.96M) | Time:00:00.62 | Mem:6.05M, Peak:6.05M | Scene, ViewLayer | Synchronizing object | main_vol
Fra:19 Mem:204.89M (Peak 293.96M) | Time:00:00.62 | Mem:6.05M, Peak:6.05M | Scene, ViewLayer | Synchronizing object | t0
Fra:19 Mem:204.82M (Peak 293.96M) | Time:00:00.62 | Mem:6.05M, Peak:6.05M | Scene, ViewLayer | Initializing
Fra:19 Mem:204.82M (Peak 293.96M) | Time:00:00.62 | Mem:6.05M, Peak:6.05M | Scene, ViewLayer | Waiting for render to start
Fra:19 Mem:204.82M (Peak 293.96M) | Time:00:00.62 | Mem:6.05M, Peak:6.05M | Scene, ViewLayer | Updating Scene
Fra:19 Mem:204.82M (Peak 293.96M) | Time:00:00.62 | Mem:6.05M, Peak:6.05M | Scene, ViewLayer | Updating Shaders
Fra:19 Mem:204.82M (Peak 293.96M) | Time:00:00.62 | Mem:6.05M, Peak:6.05M | Scene, ViewLayer | Updating Background
Fra:19 Mem:204.82M (Peak 293.96M) | Time:00:00.62 | Mem:6.05M, Peak:6.05M | Scene, ViewLayer | Updating Camera
Fra:19 Mem:204.82M (Peak 293.96M) | Time:00:00.62 | Mem:6.05M, Peak:6.05M | Scene, ViewLayer | Updating Meshes Flags
Fra:19 Mem:204.82M (Peak 293.96M) | Time:00:00.62 | Mem:6.05M, Peak:6.05M | Scene, ViewLayer | Updating Meshes Volume Bounds
Fra:19 Mem:204.82M (Peak 293.96M) | Time:00:00.62 | Mem:6.05M, Peak:6.05M | Scene, ViewLayer | Updating Volume Images
Fra:19 Mem:204.82M (Peak 293.96M) | Time:00:00.62 | Mem:6.05M, Peak:6.05M | Scene, ViewLayer | Updating Mesh | Computing Volume Mesh main_vol
Fra:19 Mem:204.87M (Peak 293.96M) | Time:00:00.64 | Mem:6.05M, Peak:6.05M | Scene, ViewLayer | Updating Mesh | Computing Volume Mesh far_vol
Fra:19 Mem:204.91M (Peak 293.96M) | Time:00:00.64 | Mem:6.05M, Peak:6.05M | Scene, ViewLayer | Updating Mesh | Computing Volume Mesh near_vol
Fra:19 Mem:204.93M (Peak 293.96M) | Time:00:00.65 | Mem:6.05M, Peak:6.05M | Scene, ViewLayer | Updating Objects
Fra:19 Mem:204.93M (Peak 293.96M) | Time:00:00.65 | Mem:6.05M, Peak:6.05M | Scene, ViewLayer | Updating Objects | Copying Transformations to device
Fra:19 Mem:204.93M (Peak 293.96M) | Time:00:00.65 | Mem:6.05M, Peak:6.05M | Scene, ViewLayer | Updating Particle Systems
Fra:19 Mem:204.93M (Peak 293.96M) | Time:00:00.65 | Mem:6.05M, Peak:6.05M | Scene, ViewLayer | Updating Meshes
Fra:19 Mem:203.35M (Peak 293.96M) | Time:00:00.65 | Mem:4.44M, Peak:6.05M | Scene, ViewLayer | Updating Objects | Applying Static Transformations
Fra:19 Mem:203.35M (Peak 293.96M) | Time:00:00.65 | Mem:4.44M, Peak:6.05M | Scene, ViewLayer | Updating Mesh | Computing attributes
Fra:19 Mem:203.64M (Peak 293.96M) | Time:00:00.65 | Mem:4.44M, Peak:6.05M | Scene, ViewLayer | Updating Mesh | Copying Attributes to device
Fra:19 Mem:203.64M (Peak 293.96M) | Time:00:00.65 | Mem:4.73M, Peak:6.05M | Scene, ViewLayer | Updating Geometry BVH near_vol 4/4 | Building BVH
Fra:19 Mem:203.64M (Peak 293.96M) | Time:00:00.65 | Mem:4.73M, Peak:6.05M | Scene, ViewLayer | Updating Geometry BVH t0 5/4 | Building BVH
Fra:19 Mem:203.64M (Peak 293.96M) | Time:00:00.65 | Mem:4.73M, Peak:6.05M | Scene, ViewLayer | Updating Geometry BVH t0 5/4 | Building OptiX acceleration structure
Fra:19 Mem:203.64M (Peak 293.96M) | Time:00:00.65 | Mem:4.73M, Peak:6.05M | Scene, ViewLayer | Updating Scene BVH | Building
Fra:19 Mem:203.64M (Peak 293.96M) | Time:00:00.65 | Mem:4.73M, Peak:6.05M | Scene, ViewLayer | Updating Scene BVH | Building OptiX acceleration structure
Fra:19 Mem:203.64M (Peak 293.96M) | Time:00:00.65 | Mem:4.73M, Peak:6.05M | Scene, ViewLayer | Updating Scene BVH | Building BVH
Fra:19 Mem:203.64M (Peak 293.96M) | Time:00:00.65 | Mem:4.73M, Peak:6.05M | Scene, ViewLayer | Updating Scene BVH | Building BVH 0%
Fra:19 Mem:203.64M (Peak 293.96M) | Time:00:00.66 | Mem:4.73M, Peak:6.05M | Scene, ViewLayer | Updating Scene BVH | Copying BVH to device
Fra:19 Mem:203.64M (Peak 293.96M) | Time:00:00.66 | Mem:4.73M, Peak:6.05M | Scene, ViewLayer | Updating Mesh | Computing normals
Fra:19 Mem:204.96M (Peak 293.96M) | Time:00:00.66 | Mem:4.73M, Peak:6.05M | Scene, ViewLayer | Updating Mesh | Copying Mesh to device
Fra:19 Mem:204.96M (Peak 293.96M) | Time:00:00.66 | Mem:6.05M, Peak:6.05M | Scene, ViewLayer | Updating Objects Flags
Fra:19 Mem:204.96M (Peak 293.96M) | Time:00:00.68 | Mem:6.05M, Peak:6.05M | Scene, ViewLayer | Updating Primitive Offsets
Fra:19 Mem:204.96M (Peak 293.96M) | Time:00:00.68 | Mem:6.05M, Peak:6.05M | Scene, ViewLayer | Updating Images
Fra:19 Mem:202.40M (Peak 293.96M) | Time:00:00.68 | Mem:6.05M, Peak:6.05M | Scene, ViewLayer | Updating Images | Loading density
Fra:19 Mem:204.98M (Peak 293.96M) | Time:00:00.69 | Mem:6.07M, Peak:7.86M | Scene, ViewLayer | Updating Camera Volume
Fra:19 Mem:204.98M (Peak 293.96M) | Time:00:00.69 | Mem:6.07M, Peak:7.86M | Scene, ViewLayer | Updating Lookup Tables
Fra:19 Mem:204.98M (Peak 293.96M) | Time:00:00.69 | Mem:6.07M, Peak:7.86M | Scene, ViewLayer | Updating Lights
Fra:19 Mem:204.98M (Peak 293.96M) | Time:00:00.69 | Mem:6.07M, Peak:7.86M | Scene, ViewLayer | Updating Lights | Computing tree
Fra:19 Mem:204.98M (Peak 293.96M) | Time:00:00.69 | Mem:6.07M, Peak:7.86M | Scene, ViewLayer | Updating Integrator
Fra:19 Mem:204.98M (Peak 293.96M) | Time:00:00.69 | Mem:6.07M, Peak:7.86M | Scene, ViewLayer | Updating Film
Fra:19 Mem:204.98M (Peak 293.96M) | Time:00:00.69 | Mem:6.07M, Peak:7.86M | Scene, ViewLayer | Updating Lookup Tables
Fra:19 Mem:204.98M (Peak 293.96M) | Time:00:00.69 | Mem:6.07M, Peak:7.86M | Scene, ViewLayer | Updating Baking
Fra:19 Mem:204.98M (Peak 293.96M) | Time:00:00.69 | Mem:6.07M, Peak:7.86M | Scene, ViewLayer | Updating Device | Writing constant memory
Fra:19 Mem:204.98M (Peak 293.96M) | Time:00:00.69 | Mem:6.07M, Peak:7.86M | Scene, ViewLayer | Sample 0/24
Fra:19 Mem:204.98M (Peak 293.96M) | Time:00:00.93 | Remaining:00:05.54 | Mem:6.07M, Peak:7.86M | Scene, ViewLayer | Sample 1/24
Fra:19 Mem:204.98M (Peak 293.96M) | Time:00:01.19 | Remaining:00:05.50 | Mem:6.07M, Peak:7.86M | Scene, ViewLayer | Sample 2/24
Fra:19 Mem:240.58M (Peak 293.97M) | Time:00:05.38 | Mem:6.07M, Peak:7.86M | Scene, ViewLayer | Sample 24/24
Fra:19 Mem:240.58M (Peak 293.97M) | Time:00:05.38 | Mem:6.07M, Peak:7.86M | Scene, ViewLayer | Finished
Saved: 'C:\Work\domin8te-build\daysky\out\a\f0019.png'
Time: 00:05.55 (Saving: 00:00.17)

Fra:20 Mem:204.98M (Peak 293.97M) | Time:00:00.58 | Mem:6.07M, Peak:6.07M | Scene, ViewLayer | Synchronizing object | main_vol
Fra:20 Mem:204.91M (Peak 293.97M) | Time:00:00.58 | Mem:6.07M, Peak:6.07M | Scene, ViewLayer | Synchronizing object | t0
Fra:20 Mem:204.84M (Peak 293.97M) | Time:00:00.58 | Mem:6.07M, Peak:6.07M | Scene, ViewLayer | Initializing
Fra:20 Mem:204.83M (Peak 293.97M) | Time:00:00.58 | Mem:6.07M, Peak:6.07M | Scene, ViewLayer | Waiting for render to start
Fra:20 Mem:204.83M (Peak 293.97M) | Time:00:00.58 | Mem:6.07M, Peak:6.07M | Scene, ViewLayer | Updating Scene
Fra:20 Mem:204.83M (Peak 293.97M) | Time:00:00.58 | Mem:6.07M, Peak:6.07M | Scene, ViewLayer | Updating Shaders
Fra:20 Mem:204.83M (Peak 293.97M) | Time:00:00.58 | Mem:6.07M, Peak:6.07M | Scene, ViewLayer | Updating Background
Fra:20 Mem:204.83M (Peak 293.97M) | Time:00:00.58 | Mem:6.07M, Peak:6.07M | Scene, ViewLayer | Updating Camera
Fra:20 Mem:204.83M (Peak 293.97M) | Time:00:00.58 | Mem:6.07M, Peak:6.07M | Scene, ViewLayer | Updating Meshes Flags
Fra:20 Mem:204.83M (Peak 293.97M) | Time:00:00.58 | Mem:6.07M, Peak:6.07M | Scene, ViewLayer | Updating Meshes Volume Bounds
Fra:20 Mem:204.83M (Peak 293.97M) | Time:00:00.58 | Mem:6.07M, Peak:6.07M | Scene, ViewLayer | Updating Volume Images
Fra:20 Mem:204.83M (Peak 293.97M) | Time:00:00.58 | Mem:6.07M, Peak:6.07M | Scene, ViewLayer | Updating Mesh | Computing Volume Mesh main_vol
Fra:20 Mem:204.89M (Peak 293.97M) | Time:00:00.60 | Mem:6.07M, Peak:6.07M | Scene, ViewLayer | Updating Mesh | Computing Volume Mesh far_vol
Fra:20 Mem:204.93M (Peak 293.97M) | Time:00:00.61 | Mem:6.07M, Peak:6.07M | Scene, ViewLayer | Updating Mesh | Computing Volume Mesh near_vol
Fra:20 Mem:204.95M (Peak 293.97M) | Time:00:00.61 | Mem:6.07M, Peak:6.07M | Scene, ViewLayer | Updating Objects
Fra:20 Mem:204.95M (Peak 293.97M) | Time:00:00.61 | Mem:6.07M, Peak:6.07M | Scene, ViewLayer | Updating Objects | Copying Transformations to device
Fra:20 Mem:204.95M (Peak 293.97M) | Time:00:00.61 | Mem:6.07M, Peak:6.07M | Scene, ViewLayer | Updating Particle Systems
Fra:20 Mem:204.95M (Peak 293.97M) | Time:00:00.61 | Mem:6.07M, Peak:6.07M | Scene, ViewLayer | Updating Meshes
Fra:20 Mem:203.37M (Peak 293.97M) | Time:00:00.61 | Mem:4.46M, Peak:6.07M | Scene, ViewLayer | Updating Objects | Applying Static Transformations
Fra:20 Mem:203.37M (Peak 293.97M) | Time:00:00.61 | Mem:4.46M, Peak:6.07M | Scene, ViewLayer | Updating Mesh | Computing attributes
Fra:20 Mem:203.65M (Peak 293.97M) | Time:00:00.61 | Mem:4.46M, Peak:6.07M | Scene, ViewLayer | Updating Mesh | Copying Attributes to device
Fra:20 Mem:203.65M (Peak 293.97M) | Time:00:00.61 | Mem:4.74M, Peak:6.07M | Scene, ViewLayer | Updating Geometry BVH main_vol 2/4 | Building BVH
Fra:20 Mem:203.65M (Peak 293.97M) | Time:00:00.61 | Mem:4.74M, Peak:6.07M | Scene, ViewLayer | Updating Geometry BVH t0 5/4 | Building BVH
Fra:20 Mem:203.65M (Peak 293.97M) | Time:00:00.61 | Mem:4.74M, Peak:6.07M | Scene, ViewLayer | Updating Geometry BVH t0 5/4 | Building OptiX acceleration structure
Fra:20 Mem:203.65M (Peak 293.97M) | Time:00:00.62 | Mem:4.74M, Peak:6.07M | Scene, ViewLayer | Updating Scene BVH | Building
Fra:20 Mem:203.65M (Peak 293.97M) | Time:00:00.62 | Mem:4.74M, Peak:6.07M | Scene, ViewLayer | Updating Scene BVH | Building OptiX acceleration structure
Fra:20 Mem:203.65M (Peak 293.97M) | Time:00:00.62 | Mem:4.74M, Peak:6.07M | Scene, ViewLayer | Updating Scene BVH | Building BVH
Fra:20 Mem:203.65M (Peak 293.97M) | Time:00:00.62 | Mem:4.74M, Peak:6.07M | Scene, ViewLayer | Updating Scene BVH | Building BVH 0%
Fra:20 Mem:203.65M (Peak 293.97M) | Time:00:00.62 | Mem:4.74M, Peak:6.07M | Scene, ViewLayer | Updating Scene BVH | Copying BVH to device
Fra:20 Mem:203.65M (Peak 293.97M) | Time:00:00.62 | Mem:4.74M, Peak:6.07M | Scene, ViewLayer | Updating Mesh | Computing normals
Fra:20 Mem:204.98M (Peak 293.97M) | Time:00:00.62 | Mem:4.74M, Peak:6.07M | Scene, ViewLayer | Updating Mesh | Copying Mesh to device
Fra:20 Mem:204.98M (Peak 293.97M) | Time:00:00.62 | Mem:6.07M, Peak:6.07M | Scene, ViewLayer | Updating Objects Flags
Fra:20 Mem:204.98M (Peak 293.97M) | Time:00:00.65 | Mem:6.07M, Peak:6.07M | Scene, ViewLayer | Updating Primitive Offsets
Fra:20 Mem:204.98M (Peak 293.97M) | Time:00:00.65 | Mem:6.07M, Peak:6.07M | Scene, ViewLayer | Updating Images
Fra:20 Mem:200.62M (Peak 293.97M) | Time:00:00.65 | Mem:1.70M, Peak:6.07M | Scene, ViewLayer | Updating Images | Loading density
Fra:20 Mem:205.00M (Peak 293.97M) | Time:00:00.65 | Mem:6.09M, Peak:6.09M | Scene, ViewLayer | Updating Camera Volume
Fra:20 Mem:205.00M (Peak 293.97M) | Time:00:00.65 | Mem:6.09M, Peak:6.09M | Scene, ViewLayer | Updating Lookup Tables
Fra:20 Mem:205.00M (Peak 293.97M) | Time:00:00.65 | Mem:6.09M, Peak:6.09M | Scene, ViewLayer | Updating Lights
Fra:20 Mem:205.00M (Peak 293.97M) | Time:00:00.65 | Mem:6.09M, Peak:6.09M | Scene, ViewLayer | Updating Lights | Computing tree
Fra:20 Mem:205.00M (Peak 293.97M) | Time:00:00.66 | Mem:6.09M, Peak:6.09M | Scene, ViewLayer | Updating Integrator
Fra:20 Mem:205.00M (Peak 293.97M) | Time:00:00.66 | Mem:6.09M, Peak:6.09M | Scene, ViewLayer | Updating Film
Fra:20 Mem:205.00M (Peak 293.97M) | Time:00:00.66 | Mem:6.09M, Peak:6.09M | Scene, ViewLayer | Updating Lookup Tables
Fra:20 Mem:205.00M (Peak 293.97M) | Time:00:00.66 | Mem:6.09M, Peak:6.09M | Scene, ViewLayer | Updating Baking
Fra:20 Mem:205.00M (Peak 293.97M) | Time:00:00.66 | Mem:6.09M, Peak:6.09M | Scene, ViewLayer | Updating Device | Writing constant memory
Fra:20 Mem:205.00M (Peak 293.97M) | Time:00:00.66 | Mem:6.09M, Peak:6.09M | Scene, ViewLayer | Sample 0/24
Fra:20 Mem:205.00M (Peak 293.97M) | Time:00:00.94 | Remaining:00:06.42 | Mem:6.09M, Peak:6.09M | Scene, ViewLayer | Sample 1/24
Fra:20 Mem:205.00M (Peak 293.97M) | Time:00:01.21 | Remaining:00:06.12 | Mem:6.09M, Peak:6.09M | Scene, ViewLayer | Sample 2/24
Fra:20 Mem:240.60M (Peak 294.00M) | Time:00:05.91 | Mem:6.09M, Peak:6.09M | Scene, ViewLayer | Sample 24/24
Fra:20 Mem:240.60M (Peak 294.00M) | Time:00:05.91 | Mem:6.09M, Peak:6.09M | Scene, ViewLayer | Finished
Saved: 'C:\Work\domin8te-build\daysky\out\a\f0020.png'
Time: 00:06.11 (Saving: 00:00.19)

Fra:21 Mem:205.01M (Peak 294.00M) | Time:00:00.60 | Mem:6.09M, Peak:6.09M | Scene, ViewLayer | Synchronizing object | main_vol
Fra:21 Mem:204.93M (Peak 294.00M) | Time:00:00.60 | Mem:6.09M, Peak:6.09M | Scene, ViewLayer | Synchronizing object | t0
Fra:21 Mem:204.86M (Peak 294.00M) | Time:00:00.60 | Mem:6.09M, Peak:6.09M | Scene, ViewLayer | Initializing
Fra:21 Mem:204.85M (Peak 294.00M) | Time:00:00.60 | Mem:6.09M, Peak:6.09M | Scene, ViewLayer | Waiting for render to start
Fra:21 Mem:204.85M (Peak 294.00M) | Time:00:00.60 | Mem:6.09M, Peak:6.09M | Scene, ViewLayer | Updating Scene
Fra:21 Mem:204.85M (Peak 294.00M) | Time:00:00.60 | Mem:6.09M, Peak:6.09M | Scene, ViewLayer | Updating Shaders
Fra:21 Mem:204.85M (Peak 294.00M) | Time:00:00.60 | Mem:6.09M, Peak:6.09M | Scene, ViewLayer | Updating Background
Fra:21 Mem:204.85M (Peak 294.00M) | Time:00:00.60 | Mem:6.09M, Peak:6.09M | Scene, ViewLayer | Updating Camera
Fra:21 Mem:204.85M (Peak 294.00M) | Time:00:00.60 | Mem:6.09M, Peak:6.09M | Scene, ViewLayer | Updating Meshes Flags
Fra:21 Mem:204.85M (Peak 294.00M) | Time:00:00.60 | Mem:6.09M, Peak:6.09M | Scene, ViewLayer | Updating Meshes Volume Bounds
Fra:21 Mem:204.85M (Peak 294.00M) | Time:00:00.60 | Mem:6.09M, Peak:6.09M | Scene, ViewLayer | Updating Volume Images
Fra:21 Mem:204.85M (Peak 294.00M) | Time:00:00.60 | Mem:6.09M, Peak:6.09M | Scene, ViewLayer | Updating Mesh | Computing Volume Mesh main_vol
Fra:21 Mem:204.91M (Peak 294.00M) | Time:00:00.62 | Mem:6.09M, Peak:6.09M | Scene, ViewLayer | Updating Mesh | Computing Volume Mesh far_vol
Fra:21 Mem:204.95M (Peak 294.00M) | Time:00:00.62 | Mem:6.09M, Peak:6.09M | Scene, ViewLayer | Updating Mesh | Computing Volume Mesh near_vol
Fra:21 Mem:204.97M (Peak 294.00M) | Time:00:00.63 | Mem:6.09M, Peak:6.09M | Scene, ViewLayer | Updating Objects
Fra:21 Mem:204.97M (Peak 294.00M) | Time:00:00.63 | Mem:6.09M, Peak:6.09M | Scene, ViewLayer | Updating Objects | Copying Transformations to device
Fra:21 Mem:204.97M (Peak 294.00M) | Time:00:00.63 | Mem:6.09M, Peak:6.09M | Scene, ViewLayer | Updating Particle Systems
Fra:21 Mem:204.97M (Peak 294.00M) | Time:00:00.63 | Mem:6.09M, Peak:6.09M | Scene, ViewLayer | Updating Meshes
Fra:21 Mem:203.39M (Peak 294.00M) | Time:00:00.63 | Mem:4.48M, Peak:6.09M | Scene, ViewLayer | Updating Objects | Applying Static Transformations
Fra:21 Mem:203.39M (Peak 294.00M) | Time:00:00.63 | Mem:4.48M, Peak:6.09M | Scene, ViewLayer | Updating Mesh | Computing attributes
Fra:21 Mem:203.68M (Peak 294.00M) | Time:00:00.63 | Mem:4.48M, Peak:6.09M | Scene, ViewLayer | Updating Mesh | Copying Attributes to device
Fra:21 Mem:203.67M (Peak 294.00M) | Time:00:00.63 | Mem:4.76M, Peak:6.09M | Scene, ViewLayer | Updating Geometry BVH main_vol 2/4 | Building BVH
Fra:21 Mem:203.68M (Peak 294.00M) | Time:00:00.63 | Mem:4.76M, Peak:6.09M | Scene, ViewLayer | Updating Geometry BVH near_vol 4/4 | Building BVH
Fra:21 Mem:203.68M (Peak 294.00M) | Time:00:00.63 | Mem:4.76M, Peak:6.09M | Scene, ViewLayer | Updating Geometry BVH t0 5/4 | Building OptiX acceleration structure
Fra:21 Mem:203.67M (Peak 294.00M) | Time:00:00.63 | Mem:4.76M, Peak:6.09M | Scene, ViewLayer | Updating Scene BVH | Building
Fra:21 Mem:203.68M (Peak 294.00M) | Time:00:00.63 | Mem:4.76M, Peak:6.09M | Scene, ViewLayer | Updating Scene BVH | Building OptiX acceleration structure
Fra:21 Mem:203.68M (Peak 294.00M) | Time:00:00.63 | Mem:4.76M, Peak:6.09M | Scene, ViewLayer | Updating Scene BVH | Building BVH
Fra:21 Mem:203.68M (Peak 294.00M) | Time:00:00.63 | Mem:4.76M, Peak:6.09M | Scene, ViewLayer | Updating Scene BVH | Building BVH 0%
Fra:21 Mem:203.68M (Peak 294.00M) | Time:00:00.64 | Mem:4.76M, Peak:6.09M | Scene, ViewLayer | Updating Scene BVH | Copying BVH to device
Fra:21 Mem:203.68M (Peak 294.00M) | Time:00:00.64 | Mem:4.76M, Peak:6.09M | Scene, ViewLayer | Updating Mesh | Computing normals
Fra:21 Mem:205.01M (Peak 294.00M) | Time:00:00.64 | Mem:4.76M, Peak:6.09M | Scene, ViewLayer | Updating Mesh | Copying Mesh to device
Fra:21 Mem:205.01M (Peak 294.00M) | Time:00:00.64 | Mem:6.09M, Peak:6.09M | Scene, ViewLayer | Updating Objects Flags
Fra:21 Mem:205.01M (Peak 294.00M) | Time:00:00.66 | Mem:6.09M, Peak:6.09M | Scene, ViewLayer | Updating Primitive Offsets
Fra:21 Mem:205.01M (Peak 294.00M) | Time:00:00.66 | Mem:6.09M, Peak:6.09M | Scene, ViewLayer | Updating Images
Fra:21 Mem:202.42M (Peak 294.00M) | Time:00:00.66 | Mem:6.09M, Peak:6.09M | Scene, ViewLayer | Updating Images | Loading density
Fra:21 Mem:205.02M (Peak 294.00M) | Time:00:00.67 | Mem:6.11M, Peak:7.91M | Scene, ViewLayer | Updating Camera Volume
Fra:21 Mem:205.02M (Peak 294.00M) | Time:00:00.67 | Mem:6.11M, Peak:7.91M | Scene, ViewLayer | Updating Lookup Tables
Fra:21 Mem:205.02M (Peak 294.00M) | Time:00:00.67 | Mem:6.11M, Peak:7.91M | Scene, ViewLayer | Updating Lights
Fra:21 Mem:205.02M (Peak 294.00M) | Time:00:00.67 | Mem:6.11M, Peak:7.91M | Scene, ViewLayer | Updating Lights | Computing tree
Fra:21 Mem:205.02M (Peak 294.00M) | Time:00:00.67 | Mem:6.11M, Peak:7.91M | Scene, ViewLayer | Updating Integrator
Fra:21 Mem:205.02M (Peak 294.00M) | Time:00:00.67 | Mem:6.11M, Peak:7.91M | Scene, ViewLayer | Updating Film
Fra:21 Mem:205.02M (Peak 294.00M) | Time:00:00.67 | Mem:6.11M, Peak:7.91M | Scene, ViewLayer | Updating Lookup Tables
Fra:21 Mem:205.02M (Peak 294.00M) | Time:00:00.67 | Mem:6.11M, Peak:7.91M | Scene, ViewLayer | Updating Baking
Fra:21 Mem:205.02M (Peak 294.00M) | Time:00:00.67 | Mem:6.11M, Peak:7.91M | Scene, ViewLayer | Updating Device | Writing constant memory
Fra:21 Mem:205.02M (Peak 294.00M) | Time:00:00.67 | Mem:6.11M, Peak:7.91M | Scene, ViewLayer | Sample 0/24
Fra:21 Mem:205.02M (Peak 294.00M) | Time:00:00.95 | Remaining:00:06.45 | Mem:6.11M, Peak:7.91M | Scene, ViewLayer | Sample 1/24
Fra:21 Mem:205.02M (Peak 294.00M) | Time:00:01.33 | Remaining:00:07.27 | Mem:6.11M, Peak:90.65M | Scene, ViewLayer | Sample 2/24
Fra:21 Mem:205.02M (Peak 294.00M) | Time:00:01.68 | Remaining:00:07.06 | Mem:6.11M, Peak:90.65M | Scene, ViewLayer | Sample 3/24
Fra:21 Mem:205.02M (Peak 294.00M) | Time:00:01.98 | Remaining:00:06.52 | Mem:6.11M, Peak:90.65M | Scene, ViewLayer | Sample 4/24
Fra:21 Mem:240.62M (Peak 294.02M) | Time:00:06.60 | Mem:6.11M, Peak:90.65M | Scene, ViewLayer | Sample 24/24
Fra:21 Mem:240.62M (Peak 294.02M) | Time:00:06.60 | Mem:6.11M, Peak:90.65M | Scene, ViewLayer | Finished
Saved: 'C:\Work\domin8te-build\daysky\out\a\f0021.png'
Time: 00:06.77 (Saving: 00:00.16)

Fra:22 Mem:205.03M (Peak 294.02M) | Time:00:00.58 | Mem:6.11M, Peak:6.11M | Scene, ViewLayer | Synchronizing object | main_vol
Fra:22 Mem:204.95M (Peak 294.02M) | Time:00:00.58 | Mem:6.11M, Peak:6.11M | Scene, ViewLayer | Synchronizing object | t0
Fra:22 Mem:204.88M (Peak 294.02M) | Time:00:00.58 | Mem:6.11M, Peak:6.11M | Scene, ViewLayer | Initializing
Fra:22 Mem:204.88M (Peak 294.02M) | Time:00:00.58 | Mem:6.11M, Peak:6.11M | Scene, ViewLayer | Waiting for render to start
Fra:22 Mem:204.88M (Peak 294.02M) | Time:00:00.58 | Mem:6.11M, Peak:6.11M | Scene, ViewLayer | Updating Scene
Fra:22 Mem:204.88M (Peak 294.02M) | Time:00:00.58 | Mem:6.11M, Peak:6.11M | Scene, ViewLayer | Updating Shaders
Fra:22 Mem:204.88M (Peak 294.02M) | Time:00:00.58 | Mem:6.11M, Peak:6.11M | Scene, ViewLayer | Updating Background
Fra:22 Mem:204.88M (Peak 294.02M) | Time:00:00.58 | Mem:6.11M, Peak:6.11M | Scene, ViewLayer | Updating Camera
Fra:22 Mem:204.88M (Peak 294.02M) | Time:00:00.58 | Mem:6.11M, Peak:6.11M | Scene, ViewLayer | Updating Meshes Flags
Fra:22 Mem:204.88M (Peak 294.02M) | Time:00:00.58 | Mem:6.11M, Peak:6.11M | Scene, ViewLayer | Updating Meshes Volume Bounds
Fra:22 Mem:204.88M (Peak 294.02M) | Time:00:00.58 | Mem:6.11M, Peak:6.11M | Scene, ViewLayer | Updating Volume Images
Fra:22 Mem:204.88M (Peak 294.02M) | Time:00:00.58 | Mem:6.11M, Peak:6.11M | Scene, ViewLayer | Updating Mesh | Computing Volume Mesh main_vol
Fra:22 Mem:204.93M (Peak 294.02M) | Time:00:00.59 | Mem:6.11M, Peak:6.11M | Scene, ViewLayer | Updating Mesh | Computing Volume Mesh far_vol
Fra:22 Mem:204.97M (Peak 294.02M) | Time:00:00.60 | Mem:6.11M, Peak:6.11M | Scene, ViewLayer | Updating Mesh | Computing Volume Mesh near_vol
Fra:22 Mem:204.99M (Peak 294.02M) | Time:00:00.60 | Mem:6.11M, Peak:6.11M | Scene, ViewLayer | Updating Objects
Fra:22 Mem:204.99M (Peak 294.02M) | Time:00:00.60 | Mem:6.11M, Peak:6.11M | Scene, ViewLayer | Updating Objects | Copying Transformations to device
Fra:22 Mem:204.99M (Peak 294.02M) | Time:00:00.60 | Mem:6.11M, Peak:6.11M | Scene, ViewLayer | Updating Particle Systems
Fra:22 Mem:204.99M (Peak 294.02M) | Time:00:00.60 | Mem:6.11M, Peak:6.11M | Scene, ViewLayer | Updating Meshes
Fra:22 Mem:203.41M (Peak 294.02M) | Time:00:00.60 | Mem:4.50M, Peak:6.11M | Scene, ViewLayer | Updating Objects | Applying Static Transformations
Fra:22 Mem:203.41M (Peak 294.02M) | Time:00:00.60 | Mem:4.50M, Peak:6.11M | Scene, ViewLayer | Updating Mesh | Computing attributes
Fra:22 Mem:203.70M (Peak 294.02M) | Time:00:00.60 | Mem:4.50M, Peak:6.11M | Scene, ViewLayer | Updating Mesh | Copying Attributes to device
Fra:22 Mem:203.70M (Peak 294.02M) | Time:00:00.60 | Mem:4.78M, Peak:6.11M | Scene, ViewLayer | Updating Geometry BVH far_vol 3/4 | Building BVH
Fra:22 Mem:203.70M (Peak 294.02M) | Time:00:00.60 | Mem:4.78M, Peak:6.11M | Scene, ViewLayer | Updating Geometry BVH near_vol 4/4 | Building BVH
Fra:22 Mem:203.70M (Peak 294.02M) | Time:00:00.60 | Mem:4.78M, Peak:6.11M | Scene, ViewLayer | Updating Geometry BVH t0 5/4 | Building BVH
Fra:22 Mem:203.70M (Peak 294.02M) | Time:00:00.60 | Mem:4.78M, Peak:6.11M | Scene, ViewLayer | Updating Geometry BVH t0 5/4 | Building OptiX acceleration structure
Fra:22 Mem:203.70M (Peak 294.02M) | Time:00:00.61 | Mem:4.78M, Peak:6.11M | Scene, ViewLayer | Updating Scene BVH | Building
Fra:22 Mem:203.70M (Peak 294.02M) | Time:00:00.61 | Mem:4.78M, Peak:6.11M | Scene, ViewLayer | Updating Scene BVH | Building OptiX acceleration structure
Fra:22 Mem:203.70M (Peak 294.02M) | Time:00:00.61 | Mem:4.78M, Peak:6.11M | Scene, ViewLayer | Updating Scene BVH | Building BVH
Fra:22 Mem:203.70M (Peak 294.02M) | Time:00:00.61 | Mem:4.78M, Peak:6.11M | Scene, ViewLayer | Updating Scene BVH | Building BVH 0%
Fra:22 Mem:203.70M (Peak 294.02M) | Time:00:00.61 | Mem:4.78M, Peak:6.11M | Scene, ViewLayer | Updating Scene BVH | Copying BVH to device
Fra:22 Mem:203.70M (Peak 294.02M) | Time:00:00.61 | Mem:4.78M, Peak:6.11M | Scene, ViewLayer | Updating Mesh | Computing normals
Fra:22 Mem:205.03M (Peak 294.02M) | Time:00:00.61 | Mem:4.78M, Peak:6.11M | Scene, ViewLayer | Updating Mesh | Copying Mesh to device
Fra:22 Mem:205.03M (Peak 294.02M) | Time:00:00.61 | Mem:6.11M, Peak:6.11M | Scene, ViewLayer | Updating Objects Flags
Fra:22 Mem:205.03M (Peak 294.02M) | Time:00:00.64 | Mem:6.11M, Peak:6.11M | Scene, ViewLayer | Updating Primitive Offsets
Fra:22 Mem:205.03M (Peak 294.02M) | Time:00:00.64 | Mem:6.11M, Peak:6.11M | Scene, ViewLayer | Updating Images
Fra:22 Mem:200.62M (Peak 294.02M) | Time:00:00.64 | Mem:1.71M, Peak:6.11M | Scene, ViewLayer | Updating Images | Loading density
Fra:22 Mem:205.06M (Peak 294.02M) | Time:00:00.64 | Mem:6.15M, Peak:6.15M | Scene, ViewLayer | Updating Camera Volume
Fra:22 Mem:205.06M (Peak 294.02M) | Time:00:00.64 | Mem:6.15M, Peak:6.15M | Scene, ViewLayer | Updating Lookup Tables
Fra:22 Mem:205.06M (Peak 294.02M) | Time:00:00.64 | Mem:6.15M, Peak:6.15M | Scene, ViewLayer | Updating Lights
Fra:22 Mem:205.06M (Peak 294.02M) | Time:00:00.64 | Mem:6.15M, Peak:6.15M | Scene, ViewLayer | Updating Lights | Computing tree
Fra:22 Mem:205.06M (Peak 294.02M) | Time:00:00.65 | Mem:6.15M, Peak:6.15M | Scene, ViewLayer | Updating Integrator
Fra:22 Mem:205.06M (Peak 294.02M) | Time:00:00.65 | Mem:6.15M, Peak:6.15M | Scene, ViewLayer | Updating Film
Fra:22 Mem:205.06M (Peak 294.02M) | Time:00:00.65 | Mem:6.15M, Peak:6.15M | Scene, ViewLayer | Updating Lookup Tables
Fra:22 Mem:205.06M (Peak 294.02M) | Time:00:00.65 | Mem:6.15M, Peak:6.15M | Scene, ViewLayer | Updating Baking
Fra:22 Mem:205.06M (Peak 294.02M) | Time:00:00.65 | Mem:6.15M, Peak:6.15M | Scene, ViewLayer | Updating Device | Writing constant memory
Fra:22 Mem:205.06M (Peak 294.02M) | Time:00:00.65 | Mem:6.15M, Peak:6.15M | Scene, ViewLayer | Sample 0/24
Fra:22 Mem:205.06M (Peak 294.02M) | Time:00:00.96 | Remaining:00:07.22 | Mem:6.15M, Peak:6.15M | Scene, ViewLayer | Sample 1/24
Fra:22 Mem:205.06M (Peak 294.02M) | Time:00:01.28 | Remaining:00:06.98 | Mem:6.15M, Peak:6.15M | Scene, ViewLayer | Sample 2/24
Fra:22 Mem:240.66M (Peak 294.06M) | Time:00:06.91 | Mem:6.15M, Peak:6.15M | Scene, ViewLayer | Sample 24/24
Fra:22 Mem:240.66M (Peak 294.06M) | Time:00:06.91 | Mem:6.15M, Peak:6.15M | Scene, ViewLayer | Finished
Saved: 'C:\Work\domin8te-build\daysky\out\a\f0022.png'
Time: 00:07.08 (Saving: 00:00.16)

Fra:23 Mem:205.07M (Peak 294.06M) | Time:00:00.56 | Mem:6.15M, Peak:6.15M | Scene, ViewLayer | Synchronizing object | main_vol
Fra:23 Mem:204.99M (Peak 294.06M) | Time:00:00.56 | Mem:6.15M, Peak:6.15M | Scene, ViewLayer | Synchronizing object | t0
Fra:23 Mem:204.92M (Peak 294.06M) | Time:00:00.56 | Mem:6.15M, Peak:6.15M | Scene, ViewLayer | Initializing
Fra:23 Mem:204.91M (Peak 294.06M) | Time:00:00.56 | Mem:6.15M, Peak:6.15M | Scene, ViewLayer | Waiting for render to start
Fra:23 Mem:204.91M (Peak 294.06M) | Time:00:00.56 | Mem:6.15M, Peak:6.15M | Scene, ViewLayer | Updating Scene
Fra:23 Mem:204.91M (Peak 294.06M) | Time:00:00.56 | Mem:6.15M, Peak:6.15M | Scene, ViewLayer | Updating Shaders
Fra:23 Mem:204.91M (Peak 294.06M) | Time:00:00.56 | Mem:6.15M, Peak:6.15M | Scene, ViewLayer | Updating Background
Fra:23 Mem:204.91M (Peak 294.06M) | Time:00:00.56 | Mem:6.15M, Peak:6.15M | Scene, ViewLayer | Updating Camera
Fra:23 Mem:204.91M (Peak 294.06M) | Time:00:00.56 | Mem:6.15M, Peak:6.15M | Scene, ViewLayer | Updating Meshes Flags
Fra:23 Mem:204.91M (Peak 294.06M) | Time:00:00.56 | Mem:6.15M, Peak:6.15M | Scene, ViewLayer | Updating Meshes Volume Bounds
Fra:23 Mem:204.91M (Peak 294.06M) | Time:00:00.56 | Mem:6.15M, Peak:6.15M | Scene, ViewLayer | Updating Volume Images
Fra:23 Mem:204.91M (Peak 294.06M) | Time:00:00.56 | Mem:6.15M, Peak:6.15M | Scene, ViewLayer | Updating Mesh | Computing Volume Mesh main_vol
Fra:23 Mem:204.97M (Peak 294.06M) | Time:00:00.58 | Mem:6.15M, Peak:6.15M | Scene, ViewLayer | Updating Mesh | Computing Volume Mesh far_vol
Fra:23 Mem:205.01M (Peak 294.06M) | Time:00:00.58 | Mem:6.15M, Peak:6.15M | Scene, ViewLayer | Updating Mesh | Computing Volume Mesh near_vol
Fra:23 Mem:205.03M (Peak 294.06M) | Time:00:00.59 | Mem:6.15M, Peak:6.15M | Scene, ViewLayer | Updating Objects
Fra:23 Mem:205.03M (Peak 294.06M) | Time:00:00.59 | Mem:6.15M, Peak:6.15M | Scene, ViewLayer | Updating Objects | Copying Transformations to device
Fra:23 Mem:205.03M (Peak 294.06M) | Time:00:00.59 | Mem:6.15M, Peak:6.15M | Scene, ViewLayer | Updating Particle Systems
Fra:23 Mem:205.03M (Peak 294.06M) | Time:00:00.59 | Mem:6.15M, Peak:6.15M | Scene, ViewLayer | Updating Meshes
Fra:23 Mem:203.45M (Peak 294.06M) | Time:00:00.59 | Mem:4.53M, Peak:6.15M | Scene, ViewLayer | Updating Objects | Applying Static Transformations
Fra:23 Mem:203.45M (Peak 294.06M) | Time:00:00.59 | Mem:4.53M, Peak:6.15M | Scene, ViewLayer | Updating Mesh | Computing attributes
Fra:23 Mem:203.74M (Peak 294.06M) | Time:00:00.59 | Mem:4.54M, Peak:6.15M | Scene, ViewLayer | Updating Mesh | Copying Attributes to device
Fra:23 Mem:203.73M (Peak 294.06M) | Time:00:00.59 | Mem:4.82M, Peak:6.15M | Scene, ViewLayer | Updating Geometry BVH far_vol 3/4 | Building BVH
Fra:23 Mem:203.73M (Peak 294.06M) | Time:00:00.59 | Mem:4.82M, Peak:6.15M | Scene, ViewLayer | Updating Geometry BVH t0 5/4 | Building BVH
Fra:23 Mem:203.73M (Peak 294.06M) | Time:00:00.59 | Mem:4.82M, Peak:6.15M | Scene, ViewLayer | Updating Geometry BVH t0 5/4 | Building OptiX acceleration structure
Fra:23 Mem:203.73M (Peak 294.06M) | Time:00:00.60 | Mem:4.82M, Peak:6.15M | Scene, ViewLayer | Updating Scene BVH | Building
Fra:23 Mem:203.73M (Peak 294.06M) | Time:00:00.60 | Mem:4.82M, Peak:6.15M | Scene, ViewLayer | Updating Scene BVH | Building OptiX acceleration structure
Fra:23 Mem:203.74M (Peak 294.06M) | Time:00:00.60 | Mem:4.82M, Peak:6.15M | Scene, ViewLayer | Updating Scene BVH | Building BVH
Fra:23 Mem:203.74M (Peak 294.06M) | Time:00:00.60 | Mem:4.82M, Peak:6.15M | Scene, ViewLayer | Updating Scene BVH | Building BVH 0%
Fra:23 Mem:203.73M (Peak 294.06M) | Time:00:00.60 | Mem:4.82M, Peak:6.15M | Scene, ViewLayer | Updating Scene BVH | Copying BVH to device
Fra:23 Mem:203.73M (Peak 294.06M) | Time:00:00.60 | Mem:4.82M, Peak:6.15M | Scene, ViewLayer | Updating Mesh | Computing normals
Fra:23 Mem:205.07M (Peak 294.06M) | Time:00:00.60 | Mem:4.82M, Peak:6.15M | Scene, ViewLayer | Updating Mesh | Copying Mesh to device
Fra:23 Mem:205.07M (Peak 294.06M) | Time:00:00.60 | Mem:6.15M, Peak:6.15M | Scene, ViewLayer | Updating Objects Flags
Fra:23 Mem:205.07M (Peak 294.06M) | Time:00:00.63 | Mem:6.15M, Peak:6.15M | Scene, ViewLayer | Updating Primitive Offsets
Fra:23 Mem:205.07M (Peak 294.06M) | Time:00:00.63 | Mem:6.15M, Peak:6.15M | Scene, ViewLayer | Updating Images
Fra:23 Mem:202.44M (Peak 294.06M) | Time:00:00.63 | Mem:6.15M, Peak:6.15M | Scene, ViewLayer | Updating Images | Loading density
Fra:23 Mem:205.09M (Peak 294.06M) | Time:00:00.63 | Mem:6.17M, Peak:7.99M | Scene, ViewLayer | Updating Camera Volume
Fra:23 Mem:205.09M (Peak 294.06M) | Time:00:00.63 | Mem:6.17M, Peak:7.99M | Scene, ViewLayer | Updating Lookup Tables
Fra:23 Mem:205.09M (Peak 294.06M) | Time:00:00.63 | Mem:6.17M, Peak:7.99M | Scene, ViewLayer | Updating Lights
Fra:23 Mem:205.08M (Peak 294.06M) | Time:00:00.63 | Mem:6.17M, Peak:7.99M | Scene, ViewLayer | Updating Lights | Computing tree
Fra:23 Mem:205.09M (Peak 294.06M) | Time:00:00.63 | Mem:6.17M, Peak:7.99M | Scene, ViewLayer | Updating Integrator
Fra:23 Mem:205.09M (Peak 294.06M) | Time:00:00.63 | Mem:6.17M, Peak:7.99M | Scene, ViewLayer | Updating Film
Fra:23 Mem:205.09M (Peak 294.06M) | Time:00:00.63 | Mem:6.17M, Peak:7.99M | Scene, ViewLayer | Updating Lookup Tables
Fra:23 Mem:205.09M (Peak 294.06M) | Time:00:00.63 | Mem:6.17M, Peak:7.99M | Scene, ViewLayer | Updating Baking
Fra:23 Mem:205.09M (Peak 294.06M) | Time:00:00.63 | Mem:6.17M, Peak:7.99M | Scene, ViewLayer | Updating Device | Writing constant memory
Fra:23 Mem:205.09M (Peak 294.06M) | Time:00:00.63 | Mem:6.17M, Peak:7.99M | Scene, ViewLayer | Sample 0/24
Fra:23 Mem:205.09M (Peak 294.06M) | Time:00:00.98 | Remaining:00:07.85 | Mem:6.17M, Peak:7.99M | Scene, ViewLayer | Sample 1/24
Fra:23 Mem:205.09M (Peak 294.06M) | Time:00:01.34 | Remaining:00:07.75 | Mem:6.17M, Peak:7.99M | Scene, ViewLayer | Sample 2/24
Fra:23 Mem:240.68M (Peak 294.08M) | Time:00:07.46 | Mem:6.17M, Peak:7.99M | Scene, ViewLayer | Sample 24/24
Fra:23 Mem:240.68M (Peak 294.08M) | Time:00:07.46 | Mem:6.17M, Peak:7.99M | Scene, ViewLayer | Finished
Saved: 'C:\Work\domin8te-build\daysky\out\a\f0023.png'
Time: 00:07.64 (Saving: 00:00.17)

Fra:24 Mem:205.09M (Peak 294.08M) | Time:00:00.61 | Mem:6.17M, Peak:6.17M | Scene, ViewLayer | Synchronizing object | main_vol
Fra:24 Mem:205.01M (Peak 294.08M) | Time:00:00.61 | Mem:6.17M, Peak:6.17M | Scene, ViewLayer | Synchronizing object | t0
Fra:24 Mem:204.94M (Peak 294.08M) | Time:00:00.61 | Mem:6.17M, Peak:6.17M | Scene, ViewLayer | Initializing
Fra:24 Mem:204.93M (Peak 294.08M) | Time:00:00.61 | Mem:6.17M, Peak:6.17M | Scene, ViewLayer | Waiting for render to start
Fra:24 Mem:204.93M (Peak 294.08M) | Time:00:00.61 | Mem:6.17M, Peak:6.17M | Scene, ViewLayer | Updating Scene
Fra:24 Mem:204.93M (Peak 294.08M) | Time:00:00.61 | Mem:6.17M, Peak:6.17M | Scene, ViewLayer | Updating Shaders
Fra:24 Mem:204.93M (Peak 294.08M) | Time:00:00.61 | Mem:6.17M, Peak:6.17M | Scene, ViewLayer | Updating Background
Fra:24 Mem:204.93M (Peak 294.08M) | Time:00:00.61 | Mem:6.17M, Peak:6.17M | Scene, ViewLayer | Updating Camera
Fra:24 Mem:204.93M (Peak 294.08M) | Time:00:00.61 | Mem:6.17M, Peak:6.17M | Scene, ViewLayer | Updating Meshes Flags
Fra:24 Mem:204.93M (Peak 294.08M) | Time:00:00.61 | Mem:6.17M, Peak:6.17M | Scene, ViewLayer | Updating Meshes Volume Bounds
Fra:24 Mem:204.93M (Peak 294.08M) | Time:00:00.61 | Mem:6.17M, Peak:6.17M | Scene, ViewLayer | Updating Volume Images
Fra:24 Mem:204.93M (Peak 294.08M) | Time:00:00.61 | Mem:6.17M, Peak:6.17M | Scene, ViewLayer | Updating Mesh | Computing Volume Mesh main_vol
Fra:24 Mem:204.99M (Peak 294.08M) | Time:00:00.62 | Mem:6.17M, Peak:6.17M | Scene, ViewLayer | Updating Mesh | Computing Volume Mesh far_vol
Fra:24 Mem:205.03M (Peak 294.08M) | Time:00:00.63 | Mem:6.17M, Peak:6.17M | Scene, ViewLayer | Updating Mesh | Computing Volume Mesh near_vol
Fra:24 Mem:205.05M (Peak 294.08M) | Time:00:00.63 | Mem:6.17M, Peak:6.17M | Scene, ViewLayer | Updating Objects
Fra:24 Mem:205.05M (Peak 294.08M) | Time:00:00.63 | Mem:6.17M, Peak:6.17M | Scene, ViewLayer | Updating Objects | Copying Transformations to device
Fra:24 Mem:205.05M (Peak 294.08M) | Time:00:00.63 | Mem:6.17M, Peak:6.17M | Scene, ViewLayer | Updating Particle Systems
Fra:24 Mem:205.05M (Peak 294.08M) | Time:00:00.63 | Mem:6.17M, Peak:6.17M | Scene, ViewLayer | Updating Meshes
Fra:24 Mem:203.47M (Peak 294.08M) | Time:00:00.63 | Mem:4.55M, Peak:6.17M | Scene, ViewLayer | Updating Objects | Applying Static Transformations
Fra:24 Mem:203.47M (Peak 294.08M) | Time:00:00.63 | Mem:4.55M, Peak:6.17M | Scene, ViewLayer | Updating Mesh | Computing attributes
Fra:24 Mem:203.76M (Peak 294.08M) | Time:00:00.63 | Mem:4.55M, Peak:6.17M | Scene, ViewLayer | Updating Mesh | Copying Attributes to device
Fra:24 Mem:203.75M (Peak 294.08M) | Time:00:00.63 | Mem:4.84M, Peak:6.17M | Scene, ViewLayer | Updating Geometry BVH main_vol 2/4 | Building BVH
Fra:24 Mem:203.75M (Peak 294.08M) | Time:00:00.63 | Mem:4.84M, Peak:6.17M | Scene, ViewLayer | Updating Geometry BVH near_vol 4/4 | Building BVH
Fra:24 Mem:203.75M (Peak 294.08M) | Time:00:00.63 | Mem:4.84M, Peak:6.17M | Scene, ViewLayer | Updating Geometry BVH t0 5/4 | Building BVH
Fra:24 Mem:203.75M (Peak 294.08M) | Time:00:00.63 | Mem:4.84M, Peak:6.17M | Scene, ViewLayer | Updating Geometry BVH t0 5/4 | Building OptiX acceleration structure
Fra:24 Mem:203.75M (Peak 294.08M) | Time:00:00.64 | Mem:4.84M, Peak:6.17M | Scene, ViewLayer | Updating Scene BVH | Building
Fra:24 Mem:203.76M (Peak 294.08M) | Time:00:00.64 | Mem:4.84M, Peak:6.17M | Scene, ViewLayer | Updating Scene BVH | Building OptiX acceleration structure
Fra:24 Mem:203.76M (Peak 294.08M) | Time:00:00.64 | Mem:4.84M, Peak:6.17M | Scene, ViewLayer | Updating Scene BVH | Building BVH
Fra:24 Mem:203.76M (Peak 294.08M) | Time:00:00.64 | Mem:4.84M, Peak:6.17M | Scene, ViewLayer | Updating Scene BVH | Building BVH 0%
Fra:24 Mem:203.76M (Peak 294.08M) | Time:00:00.64 | Mem:4.84M, Peak:6.17M | Scene, ViewLayer | Updating Scene BVH | Copying BVH to device
Fra:24 Mem:203.76M (Peak 294.08M) | Time:00:00.64 | Mem:4.84M, Peak:6.17M | Scene, ViewLayer | Updating Mesh | Computing normals
Fra:24 Mem:205.09M (Peak 294.08M) | Time:00:00.64 | Mem:4.84M, Peak:6.17M | Scene, ViewLayer | Updating Mesh | Copying Mesh to device
Fra:24 Mem:205.09M (Peak 294.08M) | Time:00:00.64 | Mem:6.17M, Peak:6.17M | Scene, ViewLayer | Updating Objects Flags
Fra:24 Mem:205.09M (Peak 294.08M) | Time:00:00.67 | Mem:6.17M, Peak:6.17M | Scene, ViewLayer | Updating Primitive Offsets
Fra:24 Mem:205.09M (Peak 294.08M) | Time:00:00.67 | Mem:6.17M, Peak:6.17M | Scene, ViewLayer | Updating Images
Fra:24 Mem:200.62M (Peak 294.08M) | Time:00:00.67 | Mem:1.71M, Peak:6.17M | Scene, ViewLayer | Updating Images | Loading density
Fra:24 Mem:205.12M (Peak 294.08M) | Time:00:00.67 | Mem:6.20M, Peak:6.20M | Scene, ViewLayer | Updating Camera Volume
Fra:24 Mem:205.12M (Peak 294.08M) | Time:00:00.67 | Mem:6.20M, Peak:6.20M | Scene, ViewLayer | Updating Lookup Tables
Fra:24 Mem:205.12M (Peak 294.08M) | Time:00:00.67 | Mem:6.20M, Peak:6.20M | Scene, ViewLayer | Updating Lights
Fra:24 Mem:205.12M (Peak 294.08M) | Time:00:00.67 | Mem:6.20M, Peak:6.20M | Scene, ViewLayer | Updating Lights | Computing tree
Fra:24 Mem:205.12M (Peak 294.08M) | Time:00:00.68 | Mem:6.20M, Peak:6.20M | Scene, ViewLayer | Updating Integrator
Fra:24 Mem:205.12M (Peak 294.08M) | Time:00:00.68 | Mem:6.20M, Peak:6.20M | Scene, ViewLayer | Updating Film
Fra:24 Mem:205.12M (Peak 294.08M) | Time:00:00.68 | Mem:6.20M, Peak:6.20M | Scene, ViewLayer | Updating Lookup Tables
Fra:24 Mem:205.12M (Peak 294.08M) | Time:00:00.68 | Mem:6.20M, Peak:6.20M | Scene, ViewLayer | Updating Baking
Fra:24 Mem:205.12M (Peak 294.08M) | Time:00:00.68 | Mem:6.20M, Peak:6.20M | Scene, ViewLayer | Updating Device | Writing constant memory
Fra:24 Mem:205.12M (Peak 294.08M) | Time:00:00.68 | Mem:6.20M, Peak:6.20M | Scene, ViewLayer | Sample 0/24
Fra:24 Mem:205.12M (Peak 294.08M) | Time:00:01.04 | Remaining:00:08.36 | Mem:6.20M, Peak:6.20M | Scene, ViewLayer | Sample 1/24
Fra:24 Mem:205.12M (Peak 294.08M) | Time:00:01.50 | Remaining:00:09.09 | Mem:6.20M, Peak:90.74M | Scene, ViewLayer | Sample 2/24
Fra:24 Mem:205.12M (Peak 294.08M) | Time:00:03.02 | Remaining:00:16.39 | Mem:6.20M, Peak:90.74M | Scene, ViewLayer | Sample 3/24
Fra:24 Mem:205.12M (Peak 294.08M) | Time:00:03.48 | Remaining:00:13.99 | Mem:6.20M, Peak:90.74M | Scene, ViewLayer | Sample 4/24
Fra:24 Mem:205.12M (Peak 294.08M) | Time:00:03.92 | Remaining:00:12.31 | Mem:6.20M, Peak:90.74M | Scene, ViewLayer | Sample 5/24
Fra:24 Mem:205.12M (Peak 294.08M) | Time:00:04.57 | Remaining:00:11.68 | Mem:6.20M, Peak:90.74M | Scene, ViewLayer | Sample 6/24
Fra:24 Mem:205.12M (Peak 294.08M) | Time:00:05.22 | Remaining:00:11.02 | Mem:6.20M, Peak:90.74M | Scene, ViewLayer | Sample 7/24
Fra:24 Mem:205.12M (Peak 294.08M) | Time:00:05.76 | Remaining:00:10.17 | Mem:6.20M, Peak:90.74M | Scene, ViewLayer | Sample 8/24
Fra:24 Mem:205.12M (Peak 294.08M) | Time:00:06.41 | Remaining:00:09.55 | Mem:6.20M, Peak:90.74M | Scene, ViewLayer | Sample 9/24
Fra:24 Mem:205.12M (Peak 294.08M) | Time:00:06.88 | Remaining:00:08.68 | Mem:6.20M, Peak:90.74M | Scene, ViewLayer | Sample 10/24
Fra:24 Mem:240.72M (Peak 294.11M) | Time:00:12.01 | Mem:6.20M, Peak:90.74M | Scene, ViewLayer | Sample 24/24
Fra:24 Mem:240.72M (Peak 294.11M) | Time:00:12.01 | Mem:6.20M, Peak:90.74M | Scene, ViewLayer | Finished
Saved: 'C:\Work\domin8te-build\daysky\out\a\f0024.png'
Time: 00:12.33 (Saving: 00:00.32)

Fra:25 Mem:205.12M (Peak 294.11M) | Time:00:01.17 | Mem:6.20M, Peak:6.20M | Scene, ViewLayer | Synchronizing object | t0
Fra:25 Mem:205.50M (Peak 294.11M) | Time:00:01.17 | Mem:6.20M, Peak:6.20M | Scene, ViewLayer | Synchronizing object | near_vol
Fra:25 Mem:204.97M (Peak 294.11M) | Time:00:01.17 | Mem:6.20M, Peak:6.20M | Scene, ViewLayer | Initializing
Fra:25 Mem:204.97M (Peak 294.11M) | Time:00:01.17 | Mem:6.20M, Peak:6.20M | Scene, ViewLayer | Waiting for render to start
Fra:25 Mem:204.97M (Peak 294.11M) | Time:00:01.17 | Mem:6.20M, Peak:6.20M | Scene, ViewLayer | Updating Scene
Fra:25 Mem:204.97M (Peak 294.11M) | Time:00:01.17 | Mem:6.20M, Peak:6.20M | Scene, ViewLayer | Updating Shaders
Fra:25 Mem:204.97M (Peak 294.11M) | Time:00:01.17 | Mem:6.20M, Peak:6.20M | Scene, ViewLayer | Updating Background
Fra:25 Mem:204.97M (Peak 294.11M) | Time:00:01.17 | Mem:6.20M, Peak:6.20M | Scene, ViewLayer | Updating Camera
Fra:25 Mem:204.97M (Peak 294.11M) | Time:00:01.17 | Mem:6.20M, Peak:6.20M | Scene, ViewLayer | Updating Meshes Flags
Fra:25 Mem:204.97M (Peak 294.11M) | Time:00:01.17 | Mem:6.20M, Peak:6.20M | Scene, ViewLayer | Updating Meshes Volume Bounds
Fra:25 Mem:204.97M (Peak 294.11M) | Time:00:01.17 | Mem:6.20M, Peak:6.20M | Scene, ViewLayer | Updating Volume Images
Fra:25 Mem:204.97M (Peak 294.11M) | Time:00:01.17 | Mem:6.20M, Peak:6.20M | Scene, ViewLayer | Updating Mesh | Computing Volume Mesh main_vol
Fra:25 Mem:205.03M (Peak 294.11M) | Time:00:01.20 | Mem:6.20M, Peak:6.20M | Scene, ViewLayer | Updating Mesh | Computing Volume Mesh far_vol
Fra:25 Mem:205.06M (Peak 294.11M) | Time:00:01.22 | Mem:6.20M, Peak:6.20M | Scene, ViewLayer | Updating Mesh | Computing Volume Mesh near_vol
Fra:25 Mem:205.08M (Peak 294.11M) | Time:00:01.23 | Mem:6.20M, Peak:6.20M | Scene, ViewLayer | Updating Objects
Fra:25 Mem:205.08M (Peak 294.11M) | Time:00:01.23 | Mem:6.20M, Peak:6.20M | Scene, ViewLayer | Updating Objects | Copying Transformations to device
Fra:25 Mem:205.08M (Peak 294.11M) | Time:00:01.23 | Mem:6.20M, Peak:6.20M | Scene, ViewLayer | Updating Particle Systems
Fra:25 Mem:205.08M (Peak 294.11M) | Time:00:01.23 | Mem:6.20M, Peak:6.20M | Scene, ViewLayer | Updating Meshes
Fra:25 Mem:203.50M (Peak 294.11M) | Time:00:01.23 | Mem:4.59M, Peak:6.20M | Scene, ViewLayer | Updating Objects | Applying Static Transformations
Fra:25 Mem:203.50M (Peak 294.11M) | Time:00:01.23 | Mem:4.59M, Peak:6.20M | Scene, ViewLayer | Updating Mesh | Computing attributes
Fra:25 Mem:203.79M (Peak 294.11M) | Time:00:01.23 | Mem:4.59M, Peak:6.20M | Scene, ViewLayer | Updating Mesh | Copying Attributes to device
Fra:25 Mem:203.79M (Peak 294.11M) | Time:00:01.23 | Mem:4.87M, Peak:6.20M | Scene, ViewLayer | Updating Geometry BVH main_vol 2/4 | Building BVH
Fra:25 Mem:203.79M (Peak 294.11M) | Time:00:01.23 | Mem:4.87M, Peak:6.20M | Scene, ViewLayer | Updating Geometry BVH near_vol 4/4 | Building BVH
Fra:25 Mem:203.79M (Peak 294.11M) | Time:00:01.23 | Mem:4.87M, Peak:6.20M | Scene, ViewLayer | Updating Geometry BVH near_vol 4/4 | Building OptiX acceleration structure
Fra:25 Mem:203.85M (Peak 294.11M) | Time:00:01.23 | Mem:4.87M, Peak:6.20M | Scene, ViewLayer | Updating Geometry BVH t0 5/4 | Building BVH
Fra:25 Mem:203.87M (Peak 294.11M) | Time:00:01.23 | Mem:4.87M, Peak:6.20M | Scene, ViewLayer | Updating Geometry BVH t0 5/4 | Building OptiX acceleration structure
Fra:25 Mem:203.79M (Peak 294.11M) | Time:00:01.23 | Mem:4.87M, Peak:6.20M | Scene, ViewLayer | Updating Scene BVH | Building
Fra:25 Mem:203.79M (Peak 294.11M) | Time:00:01.23 | Mem:4.87M, Peak:6.20M | Scene, ViewLayer | Updating Scene BVH | Building OptiX acceleration structure
Fra:25 Mem:203.79M (Peak 294.11M) | Time:00:01.23 | Mem:4.87M, Peak:6.20M | Scene, ViewLayer | Updating Scene BVH | Building BVH
Fra:25 Mem:203.79M (Peak 294.11M) | Time:00:01.23 | Mem:4.87M, Peak:6.20M | Scene, ViewLayer | Updating Scene BVH | Building BVH 0%
Fra:25 Mem:203.79M (Peak 294.11M) | Time:00:01.24 | Mem:4.87M, Peak:6.20M | Scene, ViewLayer | Updating Scene BVH | Copying BVH to device
Fra:25 Mem:203.79M (Peak 294.11M) | Time:00:01.24 | Mem:4.87M, Peak:6.20M | Scene, ViewLayer | Updating Mesh | Computing normals
Fra:25 Mem:205.12M (Peak 294.11M) | Time:00:01.24 | Mem:4.87M, Peak:6.20M | Scene, ViewLayer | Updating Mesh | Copying Mesh to device
Fra:25 Mem:205.12M (Peak 294.11M) | Time:00:01.24 | Mem:6.21M, Peak:6.21M | Scene, ViewLayer | Updating Objects Flags
Fra:25 Mem:205.12M (Peak 294.11M) | Time:00:01.27 | Mem:6.21M, Peak:6.21M | Scene, ViewLayer | Updating Primitive Offsets
Fra:25 Mem:205.12M (Peak 294.11M) | Time:00:01.27 | Mem:6.21M, Peak:6.21M | Scene, ViewLayer | Updating Images
Fra:25 Mem:202.46M (Peak 294.11M) | Time:00:01.27 | Mem:6.21M, Peak:6.21M | Scene, ViewLayer | Updating Images | Loading density
Fra:25 Mem:205.15M (Peak 294.11M) | Time:00:01.27 | Mem:6.24M, Peak:6.92M | Scene, ViewLayer | Updating Camera Volume
Fra:25 Mem:205.15M (Peak 294.11M) | Time:00:01.27 | Mem:6.24M, Peak:6.92M | Scene, ViewLayer | Updating Lookup Tables
Fra:25 Mem:205.15M (Peak 294.11M) | Time:00:01.27 | Mem:6.24M, Peak:6.92M | Scene, ViewLayer | Updating Lights
Fra:25 Mem:205.15M (Peak 294.11M) | Time:00:01.27 | Mem:6.24M, Peak:6.92M | Scene, ViewLayer | Updating Lights | Computing tree
Fra:25 Mem:205.15M (Peak 294.11M) | Time:00:01.27 | Mem:6.24M, Peak:6.92M | Scene, ViewLayer | Updating Integrator
Fra:25 Mem:205.15M (Peak 294.11M) | Time:00:01.27 | Mem:6.24M, Peak:6.92M | Scene, ViewLayer | Updating Film
Fra:25 Mem:205.15M (Peak 294.11M) | Time:00:01.27 | Mem:6.24M, Peak:6.92M | Scene, ViewLayer | Updating Lookup Tables
Fra:25 Mem:205.15M (Peak 294.11M) | Time:00:01.27 | Mem:6.24M, Peak:6.92M | Scene, ViewLayer | Updating Baking
Fra:25 Mem:205.15M (Peak 294.11M) | Time:00:01.27 | Mem:6.24M, Peak:6.92M | Scene, ViewLayer | Updating Device | Writing constant memory
Fra:25 Mem:205.15M (Peak 294.11M) | Time:00:01.27 | Mem:6.24M, Peak:6.92M | Scene, ViewLayer | Sample 0/24
Fra:25 Mem:205.15M (Peak 294.11M) | Time:00:01.71 | Remaining:00:10.03 | Mem:6.24M, Peak:6.92M | Scene, ViewLayer | Sample 1/24
Fra:25 Mem:205.15M (Peak 294.11M) | Time:00:02.13 | Remaining:00:09.41 | Mem:6.24M, Peak:6.92M | Scene, ViewLayer | Sample 2/24
Fra:25 Mem:240.75M (Peak 294.15M) | Time:00:10.79 | Mem:6.24M, Peak:6.92M | Scene, ViewLayer | Sample 24/24
Fra:25 Mem:240.75M (Peak 294.15M) | Time:00:10.79 | Mem:6.24M, Peak:6.92M | Scene, ViewLayer | Finished
Saved: 'C:\Work\domin8te-build\daysky\out\a\f0025.png'
Time: 00:11.13 (Saving: 00:00.33)

Fra:26 Mem:205.16M (Peak 294.15M) | Time:00:00.81 | Mem:6.24M, Peak:6.24M | Scene, ViewLayer | Synchronizing object | main_vol
Fra:26 Mem:205.08M (Peak 294.15M) | Time:00:00.81 | Mem:6.24M, Peak:6.24M | Scene, ViewLayer | Synchronizing object | t0
Fra:26 Mem:205.00M (Peak 294.15M) | Time:00:00.81 | Mem:6.24M, Peak:6.24M | Scene, ViewLayer | Initializing
Fra:26 Mem:205.00M (Peak 294.15M) | Time:00:00.81 | Mem:6.24M, Peak:6.24M | Scene, ViewLayer | Waiting for render to start
Fra:26 Mem:205.00M (Peak 294.15M) | Time:00:00.81 | Mem:6.24M, Peak:6.24M | Scene, ViewLayer | Updating Scene
Fra:26 Mem:205.00M (Peak 294.15M) | Time:00:00.81 | Mem:6.24M, Peak:6.24M | Scene, ViewLayer | Updating Shaders
Fra:26 Mem:205.00M (Peak 294.15M) | Time:00:00.81 | Mem:6.24M, Peak:6.24M | Scene, ViewLayer | Updating Background
Fra:26 Mem:205.00M (Peak 294.15M) | Time:00:00.81 | Mem:6.24M, Peak:6.24M | Scene, ViewLayer | Updating Camera
Fra:26 Mem:205.00M (Peak 294.15M) | Time:00:00.81 | Mem:6.24M, Peak:6.24M | Scene, ViewLayer | Updating Meshes Flags
Fra:26 Mem:205.00M (Peak 294.15M) | Time:00:00.81 | Mem:6.24M, Peak:6.24M | Scene, ViewLayer | Updating Meshes Volume Bounds
Fra:26 Mem:205.00M (Peak 294.15M) | Time:00:00.81 | Mem:6.24M, Peak:6.24M | Scene, ViewLayer | Updating Volume Images
Fra:26 Mem:205.00M (Peak 294.15M) | Time:00:00.81 | Mem:6.24M, Peak:6.24M | Scene, ViewLayer | Updating Mesh | Computing Volume Mesh main_vol
Fra:26 Mem:205.06M (Peak 294.15M) | Time:00:00.82 | Mem:6.24M, Peak:6.24M | Scene, ViewLayer | Updating Mesh | Computing Volume Mesh far_vol
Fra:26 Mem:205.10M (Peak 294.15M) | Time:00:00.83 | Mem:6.24M, Peak:6.24M | Scene, ViewLayer | Updating Mesh | Computing Volume Mesh near_vol
Fra:26 Mem:205.12M (Peak 294.15M) | Time:00:00.83 | Mem:6.24M, Peak:6.24M | Scene, ViewLayer | Updating Objects
Fra:26 Mem:205.12M (Peak 294.15M) | Time:00:00.83 | Mem:6.24M, Peak:6.24M | Scene, ViewLayer | Updating Objects | Copying Transformations to device
Fra:26 Mem:205.12M (Peak 294.15M) | Time:00:00.83 | Mem:6.24M, Peak:6.24M | Scene, ViewLayer | Updating Particle Systems
Fra:26 Mem:205.12M (Peak 294.15M) | Time:00:00.83 | Mem:6.24M, Peak:6.24M | Scene, ViewLayer | Updating Meshes
Fra:26 Mem:203.54M (Peak 294.15M) | Time:00:00.83 | Mem:4.62M, Peak:6.24M | Scene, ViewLayer | Updating Objects | Applying Static Transformations
Fra:26 Mem:203.54M (Peak 294.15M) | Time:00:00.83 | Mem:4.62M, Peak:6.24M | Scene, ViewLayer | Updating Mesh | Computing attributes
Fra:26 Mem:203.82M (Peak 294.15M) | Time:00:00.84 | Mem:4.62M, Peak:6.24M | Scene, ViewLayer | Updating Mesh | Copying Attributes to device
Fra:26 Mem:203.82M (Peak 294.15M) | Time:00:00.84 | Mem:4.90M, Peak:6.24M | Scene, ViewLayer | Updating Geometry BVH main_vol 2/4 | Building BVH
Fra:26 Mem:203.82M (Peak 294.15M) | Time:00:00.84 | Mem:4.90M, Peak:6.24M | Scene, ViewLayer | Updating Geometry BVH far_vol 3/4 | Building BVH
Fra:26 Mem:203.82M (Peak 294.15M) | Time:00:00.84 | Mem:4.90M, Peak:6.24M | Scene, ViewLayer | Updating Geometry BVH t0 5/4 | Building BVH
Fra:26 Mem:203.82M (Peak 294.15M) | Time:00:00.84 | Mem:4.90M, Peak:6.24M | Scene, ViewLayer | Updating Geometry BVH t0 5/4 | Building OptiX acceleration structure
Fra:26 Mem:203.82M (Peak 294.15M) | Time:00:00.84 | Mem:4.90M, Peak:6.24M | Scene, ViewLayer | Updating Scene BVH | Building
Fra:26 Mem:203.82M (Peak 294.15M) | Time:00:00.84 | Mem:4.90M, Peak:6.24M | Scene, ViewLayer | Updating Scene BVH | Building OptiX acceleration structure
Fra:26 Mem:203.82M (Peak 294.15M) | Time:00:00.84 | Mem:4.90M, Peak:6.24M | Scene, ViewLayer | Updating Scene BVH | Building BVH
Fra:26 Mem:203.82M (Peak 294.15M) | Time:00:00.84 | Mem:4.90M, Peak:6.24M | Scene, ViewLayer | Updating Scene BVH | Building BVH 0%
Fra:26 Mem:203.82M (Peak 294.15M) | Time:00:00.85 | Mem:4.90M, Peak:6.24M | Scene, ViewLayer | Updating Scene BVH | Copying BVH to device
Fra:26 Mem:203.82M (Peak 294.15M) | Time:00:00.85 | Mem:4.90M, Peak:6.24M | Scene, ViewLayer | Updating Mesh | Computing normals
Fra:26 Mem:205.16M (Peak 294.15M) | Time:00:00.85 | Mem:4.90M, Peak:6.24M | Scene, ViewLayer | Updating Mesh | Copying Mesh to device
Fra:26 Mem:205.16M (Peak 294.15M) | Time:00:00.85 | Mem:6.24M, Peak:6.24M | Scene, ViewLayer | Updating Objects Flags
Fra:26 Mem:205.16M (Peak 294.15M) | Time:00:00.87 | Mem:6.24M, Peak:6.24M | Scene, ViewLayer | Updating Primitive Offsets
Fra:26 Mem:205.16M (Peak 294.15M) | Time:00:00.87 | Mem:6.24M, Peak:6.24M | Scene, ViewLayer | Updating Images
Fra:26 Mem:200.63M (Peak 294.15M) | Time:00:00.88 | Mem:1.71M, Peak:6.24M | Scene, ViewLayer | Updating Images | Loading density
Fra:26 Mem:205.19M (Peak 294.15M) | Time:00:00.88 | Mem:6.27M, Peak:6.27M | Scene, ViewLayer | Updating Camera Volume
Fra:26 Mem:205.19M (Peak 294.15M) | Time:00:00.88 | Mem:6.27M, Peak:6.27M | Scene, ViewLayer | Updating Lookup Tables
Fra:26 Mem:205.19M (Peak 294.15M) | Time:00:00.88 | Mem:6.27M, Peak:6.27M | Scene, ViewLayer | Updating Lights
Fra:26 Mem:205.19M (Peak 294.15M) | Time:00:00.88 | Mem:6.27M, Peak:6.27M | Scene, ViewLayer | Updating Lights | Computing tree
Fra:26 Mem:205.19M (Peak 294.15M) | Time:00:00.88 | Mem:6.27M, Peak:6.27M | Scene, ViewLayer | Updating Integrator
Fra:26 Mem:205.19M (Peak 294.15M) | Time:00:00.88 | Mem:6.27M, Peak:6.27M | Scene, ViewLayer | Updating Film
Fra:26 Mem:205.19M (Peak 294.15M) | Time:00:00.88 | Mem:6.27M, Peak:6.27M | Scene, ViewLayer | Updating Lookup Tables
Fra:26 Mem:205.19M (Peak 294.15M) | Time:00:00.88 | Mem:6.27M, Peak:6.27M | Scene, ViewLayer | Updating Baking
Fra:26 Mem:205.19M (Peak 294.15M) | Time:00:00.88 | Mem:6.27M, Peak:6.27M | Scene, ViewLayer | Updating Device | Writing constant memory
Fra:26 Mem:205.19M (Peak 294.15M) | Time:00:00.88 | Mem:6.27M, Peak:6.27M | Scene, ViewLayer | Sample 0/24
Fra:26 Mem:205.19M (Peak 294.15M) | Time:00:01.40 | Remaining:00:11.91 | Mem:6.27M, Peak:6.27M | Scene, ViewLayer | Sample 1/24
Fra:26 Mem:205.19M (Peak 294.15M) | Time:00:01.93 | Remaining:00:11.50 | Mem:6.27M, Peak:6.27M | Scene, ViewLayer | Sample 2/24
Fra:26 Mem:240.79M (Peak 294.19M) | Time:00:11.64 | Mem:6.27M, Peak:6.27M | Scene, ViewLayer | Sample 24/24
Fra:26 Mem:240.79M (Peak 294.19M) | Time:00:11.64 | Mem:6.27M, Peak:6.27M | Scene, ViewLayer | Finished
Saved: 'C:\Work\domin8te-build\daysky\out\a\f0026.png'
Time: 00:11.87 (Saving: 00:00.22)

Fra:27 Mem:205.20M (Peak 294.19M) | Time:00:00.80 | Mem:6.27M, Peak:6.27M | Scene, ViewLayer | Synchronizing object | t0
Fra:27 Mem:205.20M (Peak 294.19M) | Time:00:00.80 | Mem:6.27M, Peak:6.27M | Scene, ViewLayer | Synchronizing object | main_vol
Fra:27 Mem:206.17M (Peak 294.19M) | Time:00:00.80 | Mem:6.27M, Peak:6.27M | Scene, ViewLayer | Synchronizing object | far_vol
Fra:27 Mem:206.12M (Peak 294.19M) | Time:00:00.80 | Mem:6.27M, Peak:6.27M | Scene, ViewLayer | Synchronizing object | near_vol
Fra:27 Mem:205.04M (Peak 294.19M) | Time:00:00.80 | Mem:6.27M, Peak:6.27M | Scene, ViewLayer | Initializing
Fra:27 Mem:205.04M (Peak 294.19M) | Time:00:00.80 | Mem:6.27M, Peak:6.27M | Scene, ViewLayer | Waiting for render to start
Fra:27 Mem:205.04M (Peak 294.19M) | Time:00:00.80 | Mem:6.27M, Peak:6.27M | Scene, ViewLayer | Updating Scene
Fra:27 Mem:205.04M (Peak 294.19M) | Time:00:00.80 | Mem:6.27M, Peak:6.27M | Scene, ViewLayer | Updating Shaders
Fra:27 Mem:205.04M (Peak 294.19M) | Time:00:00.80 | Mem:6.27M, Peak:6.27M | Scene, ViewLayer | Updating Background
Fra:27 Mem:205.04M (Peak 294.19M) | Time:00:00.80 | Mem:6.27M, Peak:6.27M | Scene, ViewLayer | Updating Camera
Fra:27 Mem:205.04M (Peak 294.19M) | Time:00:00.80 | Mem:6.27M, Peak:6.27M | Scene, ViewLayer | Updating Meshes Flags
Fra:27 Mem:205.04M (Peak 294.19M) | Time:00:00.80 | Mem:6.27M, Peak:6.27M | Scene, ViewLayer | Updating Meshes Volume Bounds
Fra:27 Mem:205.04M (Peak 294.19M) | Time:00:00.80 | Mem:6.27M, Peak:6.27M | Scene, ViewLayer | Updating Volume Images
Fra:27 Mem:205.04M (Peak 294.19M) | Time:00:00.80 | Mem:6.27M, Peak:6.27M | Scene, ViewLayer | Updating Mesh | Computing Volume Mesh main_vol
Fra:27 Mem:205.10M (Peak 294.19M) | Time:00:00.86 | Mem:6.27M, Peak:6.27M | Scene, ViewLayer | Updating Mesh | Computing Volume Mesh far_vol
Fra:27 Mem:205.14M (Peak 294.19M) | Time:00:00.89 | Mem:6.27M, Peak:6.27M | Scene, ViewLayer | Updating Mesh | Computing Volume Mesh near_vol
Fra:27 Mem:205.16M (Peak 294.19M) | Time:00:00.90 | Mem:6.27M, Peak:6.27M | Scene, ViewLayer | Updating Objects
Fra:27 Mem:205.16M (Peak 294.19M) | Time:00:00.90 | Mem:6.27M, Peak:6.27M | Scene, ViewLayer | Updating Objects | Copying Transformations to device
Fra:27 Mem:205.16M (Peak 294.19M) | Time:00:00.90 | Mem:6.27M, Peak:6.27M | Scene, ViewLayer | Updating Particle Systems
Fra:27 Mem:205.16M (Peak 294.19M) | Time:00:00.90 | Mem:6.27M, Peak:6.27M | Scene, ViewLayer | Updating Meshes
Fra:27 Mem:203.58M (Peak 294.19M) | Time:00:00.90 | Mem:4.66M, Peak:6.27M | Scene, ViewLayer | Updating Objects | Applying Static Transformations
Fra:27 Mem:203.58M (Peak 294.19M) | Time:00:00.90 | Mem:4.66M, Peak:6.27M | Scene, ViewLayer | Updating Mesh | Computing attributes
Fra:27 Mem:203.86M (Peak 294.19M) | Time:00:00.90 | Mem:4.66M, Peak:6.27M | Scene, ViewLayer | Updating Mesh | Copying Attributes to device
Fra:27 Mem:203.86M (Peak 294.19M) | Time:00:00.90 | Mem:4.94M, Peak:6.27M | Scene, ViewLayer | Updating Geometry BVH t0 5/4 | Building BVH
Fra:27 Mem:203.86M (Peak 294.19M) | Time:00:00.90 | Mem:4.94M, Peak:6.27M | Scene, ViewLayer | Updating Geometry BVH t0 5/4 | Building OptiX acceleration structure
Fra:27 Mem:204.72M (Peak 294.19M) | Time:00:00.90 | Mem:4.94M, Peak:6.27M | Scene, ViewLayer | Updating Geometry BVH main_vol 2/4 | Building BVH
Fra:27 Mem:204.72M (Peak 294.19M) | Time:00:00.90 | Mem:4.94M, Peak:6.27M | Scene, ViewLayer | Updating Geometry BVH main_vol 2/4 | Building OptiX acceleration structure
Fra:27 Mem:204.76M (Peak 294.19M) | Time:00:00.90 | Mem:4.94M, Peak:6.27M | Scene, ViewLayer | Updating Geometry BVH far_vol 3/4 | Building BVH
Fra:27 Mem:204.76M (Peak 294.19M) | Time:00:00.90 | Mem:4.94M, Peak:6.27M | Scene, ViewLayer | Updating Geometry BVH far_vol 3/4 | Building OptiX acceleration structure
Fra:27 Mem:203.94M (Peak 294.19M) | Time:00:00.90 | Mem:4.94M, Peak:6.27M | Scene, ViewLayer | Updating Geometry BVH near_vol 4/4 | Building BVH
Fra:27 Mem:203.94M (Peak 294.19M) | Time:00:00.90 | Mem:4.94M, Peak:6.27M | Scene, ViewLayer | Updating Geometry BVH near_vol 4/4 | Building OptiX acceleration structure
Fra:27 Mem:203.86M (Peak 294.19M) | Time:00:00.91 | Mem:4.94M, Peak:6.27M | Scene, ViewLayer | Updating Scene BVH | Building
Fra:27 Mem:203.86M (Peak 294.19M) | Time:00:00.91 | Mem:4.94M, Peak:6.27M | Scene, ViewLayer | Updating Scene BVH | Building OptiX acceleration structure
Fra:27 Mem:203.86M (Peak 294.19M) | Time:00:00.91 | Mem:4.94M, Peak:6.27M | Scene, ViewLayer | Updating Scene BVH | Building BVH
Fra:27 Mem:203.86M (Peak 294.19M) | Time:00:00.91 | Mem:4.94M, Peak:6.27M | Scene, ViewLayer | Updating Scene BVH | Building BVH 0%
Fra:27 Mem:203.86M (Peak 294.19M) | Time:00:00.92 | Mem:4.94M, Peak:6.27M | Scene, ViewLayer | Updating Scene BVH | Copying BVH to device
Fra:27 Mem:203.86M (Peak 294.19M) | Time:00:00.92 | Mem:4.94M, Peak:6.27M | Scene, ViewLayer | Updating Mesh | Computing normals
Fra:27 Mem:205.20M (Peak 294.19M) | Time:00:00.93 | Mem:4.94M, Peak:6.27M | Scene, ViewLayer | Updating Mesh | Copying Mesh to device
Fra:27 Mem:205.20M (Peak 294.19M) | Time:00:00.93 | Mem:6.28M, Peak:6.28M | Scene, ViewLayer | Updating Objects Flags
Fra:27 Mem:205.20M (Peak 294.19M) | Time:00:01.03 | Mem:6.28M, Peak:6.28M | Scene, ViewLayer | Updating Primitive Offsets
Fra:27 Mem:205.20M (Peak 294.19M) | Time:00:01.04 | Mem:6.28M, Peak:6.28M | Scene, ViewLayer | Updating Images
Fra:27 Mem:202.50M (Peak 294.19M) | Time:00:01.04 | Mem:6.28M, Peak:6.28M | Scene, ViewLayer | Updating Images | Loading density
Fra:27 Mem:205.23M (Peak 294.19M) | Time:00:01.04 | Mem:6.31M, Peak:7.47M | Scene, ViewLayer | Updating Camera Volume
Fra:27 Mem:205.23M (Peak 294.19M) | Time:00:01.04 | Mem:6.31M, Peak:7.47M | Scene, ViewLayer | Updating Lookup Tables
Fra:27 Mem:205.23M (Peak 294.19M) | Time:00:01.04 | Mem:6.31M, Peak:7.47M | Scene, ViewLayer | Updating Lights
Fra:27 Mem:205.23M (Peak 294.19M) | Time:00:01.04 | Mem:6.31M, Peak:7.47M | Scene, ViewLayer | Updating Lights | Computing tree
Fra:27 Mem:205.23M (Peak 294.19M) | Time:00:01.05 | Mem:6.31M, Peak:7.47M | Scene, ViewLayer | Updating Integrator
Fra:27 Mem:205.23M (Peak 294.19M) | Time:00:01.05 | Mem:6.31M, Peak:7.47M | Scene, ViewLayer | Updating Film
Fra:27 Mem:205.23M (Peak 294.19M) | Time:00:01.05 | Mem:6.31M, Peak:7.47M | Scene, ViewLayer | Updating Lookup Tables
Fra:27 Mem:205.23M (Peak 294.19M) | Time:00:01.05 | Mem:6.31M, Peak:7.47M | Scene, ViewLayer | Updating Baking
Fra:27 Mem:205.23M (Peak 294.19M) | Time:00:01.05 | Mem:6.31M, Peak:7.47M | Scene, ViewLayer | Updating Device | Writing constant memory
Fra:27 Mem:205.23M (Peak 294.19M) | Time:00:01.05 | Mem:6.31M, Peak:7.47M | Scene, ViewLayer | Sample 0/24
Fra:27 Mem:205.23M (Peak 294.19M) | Time:00:01.68 | Remaining:00:14.62 | Mem:6.31M, Peak:7.47M | Scene, ViewLayer | Sample 1/24
Fra:27 Mem:205.23M (Peak 294.19M) | Time:00:02.40 | Remaining:00:14.89 | Mem:6.31M, Peak:7.47M | Scene, ViewLayer | Sample 2/24
Fra:27 Mem:240.83M (Peak 294.22M) | Time:00:11.72 | Mem:6.31M, Peak:7.47M | Scene, ViewLayer | Sample 24/24
Fra:27 Mem:240.83M (Peak 294.22M) | Time:00:11.72 | Mem:6.31M, Peak:7.47M | Scene, ViewLayer | Finished
Saved: 'C:\Work\domin8te-build\daysky\out\a\f0027.png'
Time: 00:11.97 (Saving: 00:00.24)

Fra:28 Mem:205.23M (Peak 294.22M) | Time:00:00.98 | Mem:6.31M, Peak:6.31M | Scene, ViewLayer | Synchronizing object | t0
Fra:28 Mem:207.04M (Peak 294.22M) | Time:00:00.98 | Mem:6.31M, Peak:6.31M | Scene, ViewLayer | Synchronizing object | main_vol
Fra:28 Mem:206.96M (Peak 294.22M) | Time:00:00.98 | Mem:6.31M, Peak:6.31M | Scene, ViewLayer | Synchronizing object | far_vol
Fra:28 Mem:206.91M (Peak 294.22M) | Time:00:00.98 | Mem:6.31M, Peak:6.31M | Scene, ViewLayer | Synchronizing object | near_vol
Fra:28 Mem:205.07M (Peak 294.22M) | Time:00:00.98 | Mem:6.31M, Peak:6.31M | Scene, ViewLayer | Initializing
Fra:28 Mem:205.07M (Peak 294.22M) | Time:00:00.98 | Mem:6.31M, Peak:6.31M | Scene, ViewLayer | Waiting for render to start
Fra:28 Mem:205.07M (Peak 294.22M) | Time:00:00.98 | Mem:6.31M, Peak:6.31M | Scene, ViewLayer | Updating Scene
Fra:28 Mem:205.07M (Peak 294.22M) | Time:00:00.98 | Mem:6.31M, Peak:6.31M | Scene, ViewLayer | Updating Shaders
Fra:28 Mem:205.07M (Peak 294.22M) | Time:00:00.98 | Mem:6.31M, Peak:6.31M | Scene, ViewLayer | Updating Background
Fra:28 Mem:205.07M (Peak 294.22M) | Time:00:00.98 | Mem:6.31M, Peak:6.31M | Scene, ViewLayer | Updating Camera
Fra:28 Mem:205.07M (Peak 294.22M) | Time:00:00.98 | Mem:6.31M, Peak:6.31M | Scene, ViewLayer | Updating Meshes Flags
Fra:28 Mem:205.07M (Peak 294.22M) | Time:00:00.98 | Mem:6.31M, Peak:6.31M | Scene, ViewLayer | Updating Meshes Volume Bounds
Fra:28 Mem:205.07M (Peak 294.22M) | Time:00:00.98 | Mem:6.31M, Peak:6.31M | Scene, ViewLayer | Updating Volume Images
Fra:28 Mem:205.07M (Peak 294.22M) | Time:00:00.98 | Mem:6.31M, Peak:6.31M | Scene, ViewLayer | Updating Mesh | Computing Volume Mesh main_vol
Fra:28 Mem:205.13M (Peak 294.22M) | Time:00:01.02 | Mem:6.31M, Peak:6.31M | Scene, ViewLayer | Updating Mesh | Computing Volume Mesh far_vol
Fra:28 Mem:205.17M (Peak 294.22M) | Time:00:01.03 | Mem:6.31M, Peak:6.31M | Scene, ViewLayer | Updating Mesh | Computing Volume Mesh near_vol
Fra:28 Mem:205.19M (Peak 294.22M) | Time:00:01.04 | Mem:6.31M, Peak:6.31M | Scene, ViewLayer | Updating Objects
Fra:28 Mem:205.19M (Peak 294.22M) | Time:00:01.04 | Mem:6.31M, Peak:6.31M | Scene, ViewLayer | Updating Objects | Copying Transformations to device
Fra:28 Mem:205.19M (Peak 294.22M) | Time:00:01.04 | Mem:6.31M, Peak:6.31M | Scene, ViewLayer | Updating Particle Systems
Fra:28 Mem:205.19M (Peak 294.22M) | Time:00:01.04 | Mem:6.31M, Peak:6.31M | Scene, ViewLayer | Updating Meshes
Fra:28 Mem:203.61M (Peak 294.22M) | Time:00:01.04 | Mem:4.69M, Peak:6.31M | Scene, ViewLayer | Updating Objects | Applying Static Transformations
Fra:28 Mem:203.61M (Peak 294.22M) | Time:00:01.04 | Mem:4.69M, Peak:6.31M | Scene, ViewLayer | Updating Mesh | Computing attributes
Fra:28 Mem:203.89M (Peak 294.22M) | Time:00:01.04 | Mem:4.69M, Peak:6.31M | Scene, ViewLayer | Updating Mesh | Copying Attributes to device
Fra:28 Mem:203.89M (Peak 294.22M) | Time:00:01.05 | Mem:4.97M, Peak:6.31M | Scene, ViewLayer | Updating Geometry BVH t0 5/4 | Building BVH
Fra:28 Mem:203.89M (Peak 294.22M) | Time:00:01.05 | Mem:4.97M, Peak:6.31M | Scene, ViewLayer | Updating Geometry BVH t0 5/4 | Building OptiX acceleration structure
Fra:28 Mem:204.75M (Peak 294.22M) | Time:00:01.05 | Mem:4.97M, Peak:6.31M | Scene, ViewLayer | Updating Geometry BVH main_vol 2/4 | Building BVH
Fra:28 Mem:204.75M (Peak 294.22M) | Time:00:01.05 | Mem:4.97M, Peak:6.31M | Scene, ViewLayer | Updating Geometry BVH far_vol 3/4 | Building BVH
Fra:28 Mem:204.75M (Peak 294.22M) | Time:00:01.05 | Mem:4.97M, Peak:6.31M | Scene, ViewLayer | Updating Geometry BVH far_vol 3/4 | Building OptiX acceleration structure
Fra:28 Mem:203.97M (Peak 294.22M) | Time:00:01.05 | Mem:4.97M, Peak:6.31M | Scene, ViewLayer | Updating Geometry BVH near_vol 4/4 | Building BVH
Fra:28 Mem:203.97M (Peak 294.22M) | Time:00:01.05 | Mem:4.97M, Peak:6.31M | Scene, ViewLayer | Updating Geometry BVH near_vol 4/4 | Building OptiX acceleration structure
Fra:28 Mem:203.89M (Peak 294.22M) | Time:00:01.05 | Mem:4.97M, Peak:6.31M | Scene, ViewLayer | Updating Scene BVH | Building
Fra:28 Mem:203.89M (Peak 294.22M) | Time:00:01.05 | Mem:4.97M, Peak:6.31M | Scene, ViewLayer | Updating Scene BVH | Building OptiX acceleration structure
Fra:28 Mem:203.89M (Peak 294.22M) | Time:00:01.05 | Mem:4.97M, Peak:6.31M | Scene, ViewLayer | Updating Scene BVH | Building BVH
Fra:28 Mem:203.89M (Peak 294.22M) | Time:00:01.05 | Mem:4.97M, Peak:6.31M | Scene, ViewLayer | Updating Scene BVH | Building BVH 0%
Fra:28 Mem:203.89M (Peak 294.22M) | Time:00:01.07 | Mem:4.97M, Peak:6.31M | Scene, ViewLayer | Updating Scene BVH | Copying BVH to device
Fra:28 Mem:203.89M (Peak 294.22M) | Time:00:01.07 | Mem:4.97M, Peak:6.31M | Scene, ViewLayer | Updating Mesh | Computing normals
Fra:28 Mem:205.23M (Peak 294.22M) | Time:00:01.07 | Mem:4.97M, Peak:6.31M | Scene, ViewLayer | Updating Mesh | Copying Mesh to device
Fra:28 Mem:205.23M (Peak 294.22M) | Time:00:01.07 | Mem:6.31M, Peak:6.31M | Scene, ViewLayer | Updating Objects Flags
Fra:28 Mem:205.23M (Peak 294.22M) | Time:00:01.16 | Mem:6.31M, Peak:6.31M | Scene, ViewLayer | Updating Primitive Offsets
Fra:28 Mem:205.23M (Peak 294.22M) | Time:00:01.16 | Mem:6.31M, Peak:6.31M | Scene, ViewLayer | Updating Images
Fra:28 Mem:200.63M (Peak 294.22M) | Time:00:01.16 | Mem:1.71M, Peak:6.31M | Scene, ViewLayer | Updating Images | Loading density
Fra:28 Mem:205.25M (Peak 294.22M) | Time:00:01.16 | Mem:6.33M, Peak:6.33M | Scene, ViewLayer | Updating Camera Volume
Fra:28 Mem:205.25M (Peak 294.22M) | Time:00:01.16 | Mem:6.33M, Peak:6.33M | Scene, ViewLayer | Updating Lookup Tables
Fra:28 Mem:205.25M (Peak 294.22M) | Time:00:01.16 | Mem:6.33M, Peak:6.33M | Scene, ViewLayer | Updating Lights
Fra:28 Mem:205.25M (Peak 294.22M) | Time:00:01.16 | Mem:6.33M, Peak:6.33M | Scene, ViewLayer | Updating Lights | Computing tree
Fra:28 Mem:205.25M (Peak 294.22M) | Time:00:01.16 | Mem:6.33M, Peak:6.33M | Scene, ViewLayer | Updating Integrator
Fra:28 Mem:205.25M (Peak 294.22M) | Time:00:01.16 | Mem:6.33M, Peak:6.33M | Scene, ViewLayer | Updating Film
Fra:28 Mem:205.25M (Peak 294.22M) | Time:00:01.16 | Mem:6.33M, Peak:6.33M | Scene, ViewLayer | Updating Lookup Tables
Fra:28 Mem:205.25M (Peak 294.22M) | Time:00:01.16 | Mem:6.33M, Peak:6.33M | Scene, ViewLayer | Updating Baking
Fra:28 Mem:205.25M (Peak 294.22M) | Time:00:01.16 | Mem:6.33M, Peak:6.33M | Scene, ViewLayer | Updating Device | Writing constant memory
Fra:28 Mem:205.25M (Peak 294.22M) | Time:00:01.16 | Mem:6.33M, Peak:6.33M | Scene, ViewLayer | Sample 0/24
Fra:28 Mem:205.25M (Peak 294.22M) | Time:00:01.70 | Remaining:00:12.39 | Mem:6.33M, Peak:6.33M | Scene, ViewLayer | Sample 1/24
Fra:28 Mem:205.25M (Peak 294.22M) | Time:00:02.24 | Remaining:00:11.80 | Mem:6.33M, Peak:6.33M | Scene, ViewLayer | Sample 2/24
Fra:28 Mem:240.85M (Peak 294.25M) | Time:00:12.15 | Mem:6.33M, Peak:6.33M | Scene, ViewLayer | Sample 24/24
Fra:28 Mem:240.85M (Peak 294.25M) | Time:00:12.15 | Mem:6.33M, Peak:6.33M | Scene, ViewLayer | Finished
Saved: 'C:\Work\domin8te-build\daysky\out\a\f0028.png'
Time: 00:12.42 (Saving: 00:00.27)

Fra:29 Mem:205.26M (Peak 294.25M) | Time:00:01.17 | Mem:6.33M, Peak:6.33M | Scene, ViewLayer | Synchronizing object | t0
Fra:29 Mem:207.07M (Peak 294.25M) | Time:00:01.17 | Mem:6.33M, Peak:6.33M | Scene, ViewLayer | Synchronizing object | main_vol
Fra:29 Mem:206.99M (Peak 294.25M) | Time:00:01.17 | Mem:6.33M, Peak:6.33M | Scene, ViewLayer | Synchronizing object | far_vol
Fra:29 Mem:206.94M (Peak 294.25M) | Time:00:01.17 | Mem:6.33M, Peak:6.33M | Scene, ViewLayer | Synchronizing object | near_vol
Fra:29 Mem:205.10M (Peak 294.25M) | Time:00:01.17 | Mem:6.33M, Peak:6.33M | Scene, ViewLayer | Initializing
Fra:29 Mem:205.09M (Peak 294.25M) | Time:00:01.17 | Mem:6.33M, Peak:6.33M | Scene, ViewLayer | Waiting for render to start
Fra:29 Mem:205.09M (Peak 294.25M) | Time:00:01.17 | Mem:6.33M, Peak:6.33M | Scene, ViewLayer | Updating Scene
Fra:29 Mem:205.09M (Peak 294.25M) | Time:00:01.17 | Mem:6.33M, Peak:6.33M | Scene, ViewLayer | Updating Shaders
Fra:29 Mem:205.09M (Peak 294.25M) | Time:00:01.17 | Mem:6.33M, Peak:6.33M | Scene, ViewLayer | Updating Background
Fra:29 Mem:205.09M (Peak 294.25M) | Time:00:01.17 | Mem:6.33M, Peak:6.33M | Scene, ViewLayer | Updating Camera
Fra:29 Mem:205.09M (Peak 294.25M) | Time:00:01.17 | Mem:6.33M, Peak:6.33M | Scene, ViewLayer | Updating Meshes Flags
Fra:29 Mem:205.09M (Peak 294.25M) | Time:00:01.17 | Mem:6.33M, Peak:6.33M | Scene, ViewLayer | Updating Meshes Volume Bounds
Fra:29 Mem:205.09M (Peak 294.25M) | Time:00:01.17 | Mem:6.33M, Peak:6.33M | Scene, ViewLayer | Updating Volume Images
Fra:29 Mem:205.09M (Peak 294.25M) | Time:00:01.17 | Mem:6.33M, Peak:6.33M | Scene, ViewLayer | Updating Mesh | Computing Volume Mesh main_vol
Fra:29 Mem:205.16M (Peak 294.25M) | Time:00:01.20 | Mem:6.33M, Peak:6.33M | Scene, ViewLayer | Updating Mesh | Computing Volume Mesh far_vol
Fra:29 Mem:205.20M (Peak 294.25M) | Time:00:01.21 | Mem:6.33M, Peak:6.33M | Scene, ViewLayer | Updating Mesh | Computing Volume Mesh near_vol
Fra:29 Mem:205.22M (Peak 294.25M) | Time:00:01.22 | Mem:6.33M, Peak:6.33M | Scene, ViewLayer | Updating Objects
Fra:29 Mem:205.22M (Peak 294.25M) | Time:00:01.22 | Mem:6.33M, Peak:6.33M | Scene, ViewLayer | Updating Objects | Copying Transformations to device
Fra:29 Mem:205.22M (Peak 294.25M) | Time:00:01.22 | Mem:6.33M, Peak:6.33M | Scene, ViewLayer | Updating Particle Systems
Fra:29 Mem:205.22M (Peak 294.25M) | Time:00:01.22 | Mem:6.33M, Peak:6.33M | Scene, ViewLayer | Updating Meshes
Fra:29 Mem:203.63M (Peak 294.25M) | Time:00:01.22 | Mem:4.71M, Peak:6.33M | Scene, ViewLayer | Updating Objects | Applying Static Transformations
Fra:29 Mem:203.63M (Peak 294.25M) | Time:00:01.22 | Mem:4.71M, Peak:6.33M | Scene, ViewLayer | Updating Mesh | Computing attributes
Fra:29 Mem:203.92M (Peak 294.25M) | Time:00:01.22 | Mem:4.71M, Peak:6.33M | Scene, ViewLayer | Updating Mesh | Copying Attributes to device
Fra:29 Mem:203.92M (Peak 294.25M) | Time:00:01.22 | Mem:5.00M, Peak:6.33M | Scene, ViewLayer | Updating Geometry BVH t0 5/4 | Building BVH
Fra:29 Mem:203.92M (Peak 294.25M) | Time:00:01.22 | Mem:5.00M, Peak:6.33M | Scene, ViewLayer | Updating Geometry BVH t0 5/4 | Building OptiX acceleration structure
Fra:29 Mem:204.77M (Peak 294.25M) | Time:00:01.22 | Mem:5.00M, Peak:6.33M | Scene, ViewLayer | Updating Geometry BVH main_vol 2/4 | Building BVH
Fra:29 Mem:204.77M (Peak 294.25M) | Time:00:01.22 | Mem:5.00M, Peak:6.33M | Scene, ViewLayer | Updating Geometry BVH main_vol 2/4 | Building OptiX acceleration structure
Fra:29 Mem:204.82M (Peak 294.25M) | Time:00:01.22 | Mem:5.00M, Peak:6.33M | Scene, ViewLayer | Updating Geometry BVH far_vol 3/4 | Building BVH
Fra:29 Mem:204.82M (Peak 294.25M) | Time:00:01.22 | Mem:5.00M, Peak:6.33M | Scene, ViewLayer | Updating Geometry BVH far_vol 3/4 | Building OptiX acceleration structure
Fra:29 Mem:204.85M (Peak 294.25M) | Time:00:01.23 | Mem:5.00M, Peak:6.33M | Scene, ViewLayer | Updating Geometry BVH near_vol 4/4 | Building BVH
Fra:29 Mem:204.85M (Peak 294.25M) | Time:00:01.23 | Mem:5.00M, Peak:6.33M | Scene, ViewLayer | Updating Geometry BVH near_vol 4/4 | Building OptiX acceleration structure
Fra:29 Mem:203.92M (Peak 294.25M) | Time:00:01.23 | Mem:5.00M, Peak:6.33M | Scene, ViewLayer | Updating Scene BVH | Building
Fra:29 Mem:203.92M (Peak 294.25M) | Time:00:01.23 | Mem:5.00M, Peak:6.33M | Scene, ViewLayer | Updating Scene BVH | Building OptiX acceleration structure
Fra:29 Mem:203.92M (Peak 294.25M) | Time:00:01.23 | Mem:5.00M, Peak:6.33M | Scene, ViewLayer | Updating Scene BVH | Building BVH
Fra:29 Mem:203.92M (Peak 294.25M) | Time:00:01.23 | Mem:5.00M, Peak:6.33M | Scene, ViewLayer | Updating Scene BVH | Building BVH 0%
Fra:29 Mem:203.92M (Peak 294.25M) | Time:00:01.24 | Mem:5.00M, Peak:6.33M | Scene, ViewLayer | Updating Scene BVH | Copying BVH to device
Fra:29 Mem:203.92M (Peak 294.25M) | Time:00:01.24 | Mem:5.00M, Peak:6.33M | Scene, ViewLayer | Updating Mesh | Computing normals
Fra:29 Mem:205.26M (Peak 294.25M) | Time:00:01.24 | Mem:5.00M, Peak:6.33M | Scene, ViewLayer | Updating Mesh | Copying Mesh to device
Fra:29 Mem:205.26M (Peak 294.25M) | Time:00:01.24 | Mem:6.33M, Peak:6.33M | Scene, ViewLayer | Updating Objects Flags
Fra:29 Mem:205.26M (Peak 294.25M) | Time:00:01.32 | Mem:6.33M, Peak:6.33M | Scene, ViewLayer | Updating Primitive Offsets
Fra:29 Mem:205.26M (Peak 294.25M) | Time:00:01.32 | Mem:6.33M, Peak:6.33M | Scene, ViewLayer | Updating Images
Fra:29 Mem:202.53M (Peak 294.25M) | Time:00:01.32 | Mem:6.33M, Peak:6.33M | Scene, ViewLayer | Updating Images | Loading density
Fra:29 Mem:205.28M (Peak 294.25M) | Time:00:01.33 | Mem:6.36M, Peak:8.26M | Scene, ViewLayer | Updating Camera Volume
Fra:29 Mem:205.28M (Peak 294.25M) | Time:00:01.33 | Mem:6.36M, Peak:8.26M | Scene, ViewLayer | Updating Lookup Tables
Fra:29 Mem:205.28M (Peak 294.25M) | Time:00:01.33 | Mem:6.36M, Peak:8.26M | Scene, ViewLayer | Updating Lights
Fra:29 Mem:205.28M (Peak 294.25M) | Time:00:01.33 | Mem:6.36M, Peak:8.26M | Scene, ViewLayer | Updating Lights | Computing tree
Fra:29 Mem:205.28M (Peak 294.25M) | Time:00:01.33 | Mem:6.36M, Peak:8.26M | Scene, ViewLayer | Updating Integrator
Fra:29 Mem:205.28M (Peak 294.25M) | Time:00:01.33 | Mem:6.36M, Peak:8.26M | Scene, ViewLayer | Updating Film
Fra:29 Mem:205.28M (Peak 294.25M) | Time:00:01.33 | Mem:6.36M, Peak:8.26M | Scene, ViewLayer | Updating Lookup Tables
Fra:29 Mem:205.28M (Peak 294.25M) | Time:00:01.33 | Mem:6.36M, Peak:8.26M | Scene, ViewLayer | Updating Baking
Fra:29 Mem:205.28M (Peak 294.25M) | Time:00:01.33 | Mem:6.36M, Peak:8.26M | Scene, ViewLayer | Updating Device | Writing constant memory
Fra:29 Mem:205.28M (Peak 294.25M) | Time:00:01.33 | Mem:6.36M, Peak:8.26M | Scene, ViewLayer | Sample 0/24
Fra:29 Mem:205.28M (Peak 294.25M) | Time:00:01.91 | Remaining:00:13.16 | Mem:6.36M, Peak:8.26M | Scene, ViewLayer | Sample 1/24
Fra:29 Mem:205.28M (Peak 294.25M) | Time:00:02.47 | Remaining:00:12.53 | Mem:6.36M, Peak:8.26M | Scene, ViewLayer | Sample 2/24
Fra:29 Mem:240.88M (Peak 294.28M) | Time:00:13.14 | Mem:6.36M, Peak:8.26M | Scene, ViewLayer | Sample 24/24
Fra:29 Mem:240.88M (Peak 294.28M) | Time:00:13.14 | Mem:6.36M, Peak:8.26M | Scene, ViewLayer | Finished
Saved: 'C:\Work\domin8te-build\daysky\out\a\f0029.png'
Time: 00:13.37 (Saving: 00:00.23)

Fra:30 Mem:205.29M (Peak 294.28M) | Time:00:00.81 | Mem:6.36M, Peak:6.36M | Scene, ViewLayer | Synchronizing object | t0
Fra:30 Mem:205.29M (Peak 294.28M) | Time:00:00.81 | Mem:6.36M, Peak:6.36M | Scene, ViewLayer | Synchronizing object | near_vol
Fra:30 Mem:205.26M (Peak 294.28M) | Time:00:00.81 | Mem:6.36M, Peak:6.36M | Scene, ViewLayer | Synchronizing object | far_vol
Fra:30 Mem:205.21M (Peak 294.28M) | Time:00:00.81 | Mem:6.36M, Peak:6.36M | Scene, ViewLayer | Synchronizing object | main_vol
Fra:30 Mem:205.13M (Peak 294.28M) | Time:00:00.81 | Mem:6.36M, Peak:6.36M | Scene, ViewLayer | Initializing
Fra:30 Mem:205.12M (Peak 294.28M) | Time:00:00.81 | Mem:6.36M, Peak:6.36M | Scene, ViewLayer | Waiting for render to start
Fra:30 Mem:205.12M (Peak 294.28M) | Time:00:00.81 | Mem:6.36M, Peak:6.36M | Scene, ViewLayer | Updating Scene
Fra:30 Mem:205.12M (Peak 294.28M) | Time:00:00.81 | Mem:6.36M, Peak:6.36M | Scene, ViewLayer | Updating Shaders
Fra:30 Mem:205.12M (Peak 294.28M) | Time:00:00.81 | Mem:6.36M, Peak:6.36M | Scene, ViewLayer | Updating Background
Fra:30 Mem:205.12M (Peak 294.28M) | Time:00:00.81 | Mem:6.36M, Peak:6.36M | Scene, ViewLayer | Updating Camera
Fra:30 Mem:205.12M (Peak 294.28M) | Time:00:00.81 | Mem:6.36M, Peak:6.36M | Scene, ViewLayer | Updating Meshes Flags
Fra:30 Mem:205.12M (Peak 294.28M) | Time:00:00.81 | Mem:6.36M, Peak:6.36M | Scene, ViewLayer | Updating Meshes Volume Bounds
Fra:30 Mem:205.12M (Peak 294.28M) | Time:00:00.81 | Mem:6.36M, Peak:6.36M | Scene, ViewLayer | Updating Volume Images
Fra:30 Mem:205.12M (Peak 294.28M) | Time:00:00.81 | Mem:6.36M, Peak:6.36M | Scene, ViewLayer | Updating Mesh | Computing Volume Mesh main_vol
Fra:30 Mem:205.19M (Peak 294.28M) | Time:00:00.84 | Mem:6.36M, Peak:6.36M | Scene, ViewLayer | Updating Mesh | Computing Volume Mesh far_vol
Fra:30 Mem:205.23M (Peak 294.28M) | Time:00:00.85 | Mem:6.36M, Peak:6.36M | Scene, ViewLayer | Updating Mesh | Computing Volume Mesh near_vol
Fra:30 Mem:205.25M (Peak 294.28M) | Time:00:00.85 | Mem:6.36M, Peak:6.36M | Scene, ViewLayer | Updating Objects
Fra:30 Mem:205.25M (Peak 294.28M) | Time:00:00.85 | Mem:6.36M, Peak:6.36M | Scene, ViewLayer | Updating Objects | Copying Transformations to device
Fra:30 Mem:205.25M (Peak 294.28M) | Time:00:00.85 | Mem:6.36M, Peak:6.36M | Scene, ViewLayer | Updating Particle Systems
Fra:30 Mem:205.25M (Peak 294.28M) | Time:00:00.85 | Mem:6.36M, Peak:6.36M | Scene, ViewLayer | Updating Meshes
Fra:30 Mem:203.66M (Peak 294.28M) | Time:00:00.86 | Mem:4.74M, Peak:6.36M | Scene, ViewLayer | Updating Objects | Applying Static Transformations
Fra:30 Mem:203.66M (Peak 294.28M) | Time:00:00.86 | Mem:4.74M, Peak:6.36M | Scene, ViewLayer | Updating Mesh | Computing attributes
Fra:30 Mem:203.95M (Peak 294.28M) | Time:00:00.86 | Mem:4.74M, Peak:6.36M | Scene, ViewLayer | Updating Mesh | Copying Attributes to device
Fra:30 Mem:203.95M (Peak 294.28M) | Time:00:00.86 | Mem:5.02M, Peak:6.36M | Scene, ViewLayer | Updating Geometry BVH t0 5/4 | Building BVH
Fra:30 Mem:203.95M (Peak 294.28M) | Time:00:00.86 | Mem:5.02M, Peak:6.36M | Scene, ViewLayer | Updating Geometry BVH t0 5/4 | Building OptiX acceleration structure
Fra:30 Mem:204.80M (Peak 294.28M) | Time:00:00.86 | Mem:5.02M, Peak:6.36M | Scene, ViewLayer | Updating Geometry BVH main_vol 2/4 | Building BVH
Fra:30 Mem:204.80M (Peak 294.28M) | Time:00:00.88 | Mem:5.02M, Peak:6.36M | Scene, ViewLayer | Updating Geometry BVH far_vol 3/4 | Building BVH
Fra:30 Mem:203.95M (Peak 294.28M) | Time:00:00.89 | Mem:5.02M, Peak:6.36M | Scene, ViewLayer | Updating Geometry BVH far_vol 3/4 | Building OptiX acceleration structure
Fra:30 Mem:204.00M (Peak 294.28M) | Time:00:00.89 | Mem:5.02M, Peak:6.36M | Scene, ViewLayer | Updating Geometry BVH near_vol 4/4 | Building BVH
Fra:30 Mem:204.03M (Peak 294.28M) | Time:00:00.89 | Mem:5.02M, Peak:6.36M | Scene, ViewLayer | Updating Geometry BVH near_vol 4/4 | Building OptiX acceleration structure
Fra:30 Mem:203.95M (Peak 294.28M) | Time:00:00.89 | Mem:5.02M, Peak:6.36M | Scene, ViewLayer | Updating Scene BVH | Building
Fra:30 Mem:203.95M (Peak 294.28M) | Time:00:00.89 | Mem:5.02M, Peak:6.36M | Scene, ViewLayer | Updating Scene BVH | Building OptiX acceleration structure
Fra:30 Mem:203.95M (Peak 294.28M) | Time:00:00.89 | Mem:5.02M, Peak:6.36M | Scene, ViewLayer | Updating Scene BVH | Building BVH
Fra:30 Mem:203.95M (Peak 294.28M) | Time:00:00.89 | Mem:5.02M, Peak:6.36M | Scene, ViewLayer | Updating Scene BVH | Building BVH 0%
Fra:30 Mem:203.95M (Peak 294.28M) | Time:00:00.91 | Mem:5.02M, Peak:6.36M | Scene, ViewLayer | Updating Scene BVH | Copying BVH to device
Fra:30 Mem:203.95M (Peak 294.28M) | Time:00:00.91 | Mem:5.02M, Peak:6.36M | Scene, ViewLayer | Updating Mesh | Computing normals
Fra:30 Mem:205.28M (Peak 294.28M) | Time:00:00.91 | Mem:5.02M, Peak:6.36M | Scene, ViewLayer | Updating Mesh | Copying Mesh to device
Fra:30 Mem:205.28M (Peak 294.28M) | Time:00:00.92 | Mem:6.36M, Peak:6.36M | Scene, ViewLayer | Updating Objects Flags
Fra:30 Mem:205.28M (Peak 294.28M) | Time:00:01.25 | Mem:6.36M, Peak:6.36M | Scene, ViewLayer | Updating Primitive Offsets
Fra:30 Mem:205.28M (Peak 294.28M) | Time:00:01.25 | Mem:6.36M, Peak:6.36M | Scene, ViewLayer | Updating Images
Fra:30 Mem:200.64M (Peak 294.28M) | Time:00:01.25 | Mem:1.71M, Peak:6.36M | Scene, ViewLayer | Updating Images | Loading density
Fra:30 Mem:205.31M (Peak 294.28M) | Time:00:01.26 | Mem:6.39M, Peak:6.39M | Scene, ViewLayer | Updating Camera Volume
Fra:30 Mem:205.31M (Peak 294.28M) | Time:00:01.26 | Mem:6.39M, Peak:6.39M | Scene, ViewLayer | Updating Lookup Tables
Fra:30 Mem:205.31M (Peak 294.28M) | Time:00:01.26 | Mem:6.39M, Peak:6.39M | Scene, ViewLayer | Updating Lights
Fra:30 Mem:205.31M (Peak 294.28M) | Time:00:01.26 | Mem:6.39M, Peak:6.39M | Scene, ViewLayer | Updating Lights | Computing tree
Fra:30 Mem:205.31M (Peak 294.28M) | Time:00:01.26 | Mem:6.39M, Peak:6.39M | Scene, ViewLayer | Updating Integrator
Fra:30 Mem:205.31M (Peak 294.28M) | Time:00:01.26 | Mem:6.39M, Peak:6.39M | Scene, ViewLayer | Updating Film
Fra:30 Mem:205.31M (Peak 294.28M) | Time:00:01.26 | Mem:6.39M, Peak:6.39M | Scene, ViewLayer | Updating Lookup Tables
Fra:30 Mem:205.31M (Peak 294.28M) | Time:00:01.26 | Mem:6.39M, Peak:6.39M | Scene, ViewLayer | Updating Baking
Fra:30 Mem:205.31M (Peak 294.28M) | Time:00:01.26 | Mem:6.39M, Peak:6.39M | Scene, ViewLayer | Updating Device | Writing constant memory
Fra:30 Mem:205.31M (Peak 294.28M) | Time:00:01.26 | Mem:6.39M, Peak:6.39M | Scene, ViewLayer | Sample 0/24
Fra:30 Mem:205.31M (Peak 294.28M) | Time:00:01.89 | Remaining:00:14.51 | Mem:6.39M, Peak:6.39M | Scene, ViewLayer | Sample 1/24
Fra:30 Mem:205.31M (Peak 294.28M) | Time:00:02.52 | Remaining:00:13.92 | Mem:6.39M, Peak:6.39M | Scene, ViewLayer | Sample 2/24
Fra:30 Mem:240.91M (Peak 294.31M) | Time:00:14.69 | Mem:6.39M, Peak:6.39M | Scene, ViewLayer | Sample 24/24
Fra:30 Mem:240.91M (Peak 294.31M) | Time:00:14.69 | Mem:6.39M, Peak:6.39M | Scene, ViewLayer | Finished
Saved: 'C:\Work\domin8te-build\daysky\out\a\f0030.png'
Time: 00:14.91 (Saving: 00:00.22)

Fra:31 Mem:205.32M (Peak 294.31M) | Time:00:01.08 | Mem:6.39M, Peak:6.39M | Scene, ViewLayer | Synchronizing object | t0
Fra:31 Mem:207.13M (Peak 294.31M) | Time:00:01.08 | Mem:6.39M, Peak:6.39M | Scene, ViewLayer | Synchronizing object | main_vol
Fra:31 Mem:205.99M (Peak 294.31M) | Time:00:01.08 | Mem:6.39M, Peak:6.39M | Scene, ViewLayer | Synchronizing object | far_vol
Fra:31 Mem:205.94M (Peak 294.31M) | Time:00:01.08 | Mem:6.39M, Peak:6.39M | Scene, ViewLayer | Synchronizing object | near_vol
Fra:31 Mem:205.16M (Peak 294.31M) | Time:00:01.08 | Mem:6.39M, Peak:6.39M | Scene, ViewLayer | Initializing
Fra:31 Mem:205.15M (Peak 294.31M) | Time:00:01.08 | Mem:6.39M, Peak:6.39M | Scene, ViewLayer | Waiting for render to start
Fra:31 Mem:205.15M (Peak 294.31M) | Time:00:01.08 | Mem:6.39M, Peak:6.39M | Scene, ViewLayer | Updating Scene
Fra:31 Mem:205.15M (Peak 294.31M) | Time:00:01.08 | Mem:6.39M, Peak:6.39M | Scene, ViewLayer | Updating Shaders
Fra:31 Mem:205.15M (Peak 294.31M) | Time:00:01.08 | Mem:6.39M, Peak:6.39M | Scene, ViewLayer | Updating Background
Fra:31 Mem:205.15M (Peak 294.31M) | Time:00:01.09 | Mem:6.39M, Peak:6.39M | Scene, ViewLayer | Updating Camera
Fra:31 Mem:205.15M (Peak 294.31M) | Time:00:01.09 | Mem:6.39M, Peak:6.39M | Scene, ViewLayer | Updating Meshes Flags
Fra:31 Mem:205.15M (Peak 294.31M) | Time:00:01.09 | Mem:6.39M, Peak:6.39M | Scene, ViewLayer | Updating Meshes Volume Bounds
Fra:31 Mem:205.15M (Peak 294.31M) | Time:00:01.09 | Mem:6.39M, Peak:6.39M | Scene, ViewLayer | Updating Volume Images
Fra:31 Mem:205.15M (Peak 294.31M) | Time:00:01.09 | Mem:6.39M, Peak:6.39M | Scene, ViewLayer | Updating Mesh | Computing Volume Mesh main_vol
Fra:31 Mem:205.22M (Peak 294.31M) | Time:00:01.12 | Mem:6.39M, Peak:6.39M | Scene, ViewLayer | Updating Mesh | Computing Volume Mesh far_vol
Fra:31 Mem:205.25M (Peak 294.31M) | Time:00:01.13 | Mem:6.39M, Peak:6.39M | Scene, ViewLayer | Updating Mesh | Computing Volume Mesh near_vol
Fra:31 Mem:205.27M (Peak 294.31M) | Time:00:01.14 | Mem:6.39M, Peak:6.39M | Scene, ViewLayer | Updating Objects
Fra:31 Mem:205.27M (Peak 294.31M) | Time:00:01.14 | Mem:6.39M, Peak:6.39M | Scene, ViewLayer | Updating Objects | Copying Transformations to device
Fra:31 Mem:205.27M (Peak 294.31M) | Time:00:01.14 | Mem:6.39M, Peak:6.39M | Scene, ViewLayer | Updating Particle Systems
Fra:31 Mem:205.27M (Peak 294.31M) | Time:00:01.14 | Mem:6.39M, Peak:6.39M | Scene, ViewLayer | Updating Meshes
Fra:31 Mem:203.69M (Peak 294.31M) | Time:00:01.14 | Mem:4.77M, Peak:6.39M | Scene, ViewLayer | Updating Objects | Applying Static Transformations
Fra:31 Mem:203.69M (Peak 294.31M) | Time:00:01.14 | Mem:4.77M, Peak:6.39M | Scene, ViewLayer | Updating Mesh | Computing attributes
Fra:31 Mem:203.98M (Peak 294.31M) | Time:00:01.14 | Mem:4.77M, Peak:6.39M | Scene, ViewLayer | Updating Mesh | Copying Attributes to device
Fra:31 Mem:203.97M (Peak 294.31M) | Time:00:01.14 | Mem:5.05M, Peak:6.39M | Scene, ViewLayer | Updating Geometry BVH t0 5/4 | Building BVH
Fra:31 Mem:203.97M (Peak 294.31M) | Time:00:01.14 | Mem:5.05M, Peak:6.39M | Scene, ViewLayer | Updating Geometry BVH t0 5/4 | Building OptiX acceleration structure
Fra:31 Mem:204.83M (Peak 294.31M) | Time:00:01.15 | Mem:5.05M, Peak:6.39M | Scene, ViewLayer | Updating Geometry BVH main_vol 2/4 | Building BVH
Fra:31 Mem:204.83M (Peak 294.31M) | Time:00:01.15 | Mem:5.05M, Peak:6.39M | Scene, ViewLayer | Updating Geometry BVH far_vol 3/4 | Building BVH
Fra:31 Mem:204.83M (Peak 294.31M) | Time:00:01.15 | Mem:5.05M, Peak:6.39M | Scene, ViewLayer | Updating Geometry BVH near_vol 4/4 | Building BVH
Fra:31 Mem:204.83M (Peak 294.31M) | Time:00:01.15 | Mem:5.05M, Peak:6.39M | Scene, ViewLayer | Updating Geometry BVH near_vol 4/4 | Building OptiX acceleration structure
Fra:31 Mem:203.97M (Peak 294.31M) | Time:00:01.15 | Mem:5.05M, Peak:6.39M | Scene, ViewLayer | Updating Scene BVH | Building
Fra:31 Mem:203.97M (Peak 294.31M) | Time:00:01.15 | Mem:5.05M, Peak:6.39M | Scene, ViewLayer | Updating Scene BVH | Building OptiX acceleration structure
Fra:31 Mem:203.97M (Peak 294.31M) | Time:00:01.15 | Mem:5.05M, Peak:6.39M | Scene, ViewLayer | Updating Scene BVH | Building BVH
Fra:31 Mem:203.97M (Peak 294.31M) | Time:00:01.15 | Mem:5.05M, Peak:6.39M | Scene, ViewLayer | Updating Scene BVH | Building BVH 0%
Fra:31 Mem:203.97M (Peak 294.31M) | Time:00:01.18 | Mem:5.05M, Peak:6.39M | Scene, ViewLayer | Updating Scene BVH | Copying BVH to device
Fra:31 Mem:203.97M (Peak 294.31M) | Time:00:01.18 | Mem:5.05M, Peak:6.39M | Scene, ViewLayer | Updating Mesh | Computing normals
Fra:31 Mem:205.31M (Peak 294.31M) | Time:00:01.18 | Mem:5.05M, Peak:6.39M | Scene, ViewLayer | Updating Mesh | Copying Mesh to device
Fra:31 Mem:205.31M (Peak 294.31M) | Time:00:01.19 | Mem:6.39M, Peak:6.39M | Scene, ViewLayer | Updating Objects Flags
Fra:31 Mem:205.31M (Peak 294.31M) | Time:00:01.26 | Mem:6.39M, Peak:6.39M | Scene, ViewLayer | Updating Primitive Offsets
Fra:31 Mem:205.31M (Peak 294.31M) | Time:00:01.26 | Mem:6.39M, Peak:6.39M | Scene, ViewLayer | Updating Images
Fra:31 Mem:204.60M (Peak 294.31M) | Time:00:01.27 | Mem:5.68M, Peak:6.39M | Scene, ViewLayer | Updating Images | Loading density
Fra:31 Mem:205.35M (Peak 294.31M) | Time:00:01.27 | Mem:6.43M, Peak:9.68M | Scene, ViewLayer | Updating Camera Volume
Fra:31 Mem:205.35M (Peak 294.31M) | Time:00:01.27 | Mem:6.43M, Peak:9.68M | Scene, ViewLayer | Updating Lookup Tables
Fra:31 Mem:205.35M (Peak 294.31M) | Time:00:01.27 | Mem:6.43M, Peak:9.68M | Scene, ViewLayer | Updating Lights
Fra:31 Mem:205.35M (Peak 294.31M) | Time:00:01.27 | Mem:6.43M, Peak:9.68M | Scene, ViewLayer | Updating Lights | Computing tree
Fra:31 Mem:205.35M (Peak 294.31M) | Time:00:01.28 | Mem:6.43M, Peak:9.68M | Scene, ViewLayer | Updating Integrator
Fra:31 Mem:205.35M (Peak 294.31M) | Time:00:01.28 | Mem:6.43M, Peak:9.68M | Scene, ViewLayer | Updating Film
Fra:31 Mem:205.35M (Peak 294.31M) | Time:00:01.28 | Mem:6.43M, Peak:9.68M | Scene, ViewLayer | Updating Lookup Tables
Fra:31 Mem:205.35M (Peak 294.31M) | Time:00:01.28 | Mem:6.43M, Peak:9.68M | Scene, ViewLayer | Updating Baking
Fra:31 Mem:205.35M (Peak 294.31M) | Time:00:01.28 | Mem:6.43M, Peak:9.68M | Scene, ViewLayer | Updating Device | Writing constant memory
Fra:31 Mem:205.35M (Peak 294.31M) | Time:00:01.28 | Mem:6.43M, Peak:9.68M | Scene, ViewLayer | Sample 0/24
Fra:31 Mem:205.35M (Peak 294.31M) | Time:00:01.94 | Remaining:00:15.31 | Mem:6.43M, Peak:9.68M | Scene, ViewLayer | Sample 1/24
Fra:31 Mem:205.35M (Peak 294.31M) | Time:00:02.74 | Remaining:00:16.12 | Mem:6.43M, Peak:90.97M | Scene, ViewLayer | Sample 2/24
Fra:31 Mem:205.35M (Peak 294.31M) | Time:00:03.64 | Remaining:00:16.54 | Mem:6.43M, Peak:90.97M | Scene, ViewLayer | Sample 3/24
Fra:31 Mem:205.35M (Peak 294.31M) | Time:00:04.29 | Remaining:00:15.04 | Mem:6.43M, Peak:90.97M | Scene, ViewLayer | Sample 4/24
Fra:31 Mem:240.95M (Peak 294.34M) | Time:00:17.32 | Mem:6.43M, Peak:90.97M | Scene, ViewLayer | Sample 24/24
Fra:31 Mem:240.95M (Peak 294.34M) | Time:00:17.32 | Mem:6.43M, Peak:90.97M | Scene, ViewLayer | Finished
Saved: 'C:\Work\domin8te-build\daysky\out\a\f0031.png'
Time: 00:17.84 (Saving: 00:00.52)

Fra:32 Mem:205.35M (Peak 294.34M) | Time:00:01.57 | Mem:6.43M, Peak:6.43M | Scene, ViewLayer | Synchronizing object | main_vol
Fra:32 Mem:205.27M (Peak 294.34M) | Time:00:01.57 | Mem:6.43M, Peak:6.43M | Scene, ViewLayer | Synchronizing object | t0
Fra:32 Mem:205.27M (Peak 294.34M) | Time:00:01.57 | Mem:6.43M, Peak:6.43M | Scene, ViewLayer | Synchronizing object | far_vol
Fra:32 Mem:206.27M (Peak 294.34M) | Time:00:01.57 | Mem:6.43M, Peak:6.43M | Scene, ViewLayer | Synchronizing object | near_vol
Fra:32 Mem:205.19M (Peak 294.34M) | Time:00:01.57 | Mem:6.43M, Peak:6.43M | Scene, ViewLayer | Initializing
Fra:32 Mem:205.19M (Peak 294.34M) | Time:00:01.57 | Mem:6.43M, Peak:6.43M | Scene, ViewLayer | Waiting for render to start
Fra:32 Mem:205.19M (Peak 294.34M) | Time:00:01.57 | Mem:6.43M, Peak:6.43M | Scene, ViewLayer | Updating Scene
Fra:32 Mem:205.19M (Peak 294.34M) | Time:00:01.57 | Mem:6.43M, Peak:6.43M | Scene, ViewLayer | Updating Shaders
Fra:32 Mem:205.19M (Peak 294.34M) | Time:00:01.57 | Mem:6.43M, Peak:6.43M | Scene, ViewLayer | Updating Background
Fra:32 Mem:205.19M (Peak 294.34M) | Time:00:01.57 | Mem:6.43M, Peak:6.43M | Scene, ViewLayer | Updating Camera
Fra:32 Mem:205.19M (Peak 294.34M) | Time:00:01.57 | Mem:6.43M, Peak:6.43M | Scene, ViewLayer | Updating Meshes Flags
Fra:32 Mem:205.19M (Peak 294.34M) | Time:00:01.57 | Mem:6.43M, Peak:6.43M | Scene, ViewLayer | Updating Meshes Volume Bounds
Fra:32 Mem:205.19M (Peak 294.34M) | Time:00:01.57 | Mem:6.43M, Peak:6.43M | Scene, ViewLayer | Updating Volume Images
Fra:32 Mem:205.19M (Peak 294.34M) | Time:00:01.57 | Mem:6.43M, Peak:6.43M | Scene, ViewLayer | Updating Mesh | Computing Volume Mesh main_vol
Fra:32 Mem:205.25M (Peak 294.34M) | Time:00:01.62 | Mem:6.43M, Peak:6.43M | Scene, ViewLayer | Updating Mesh | Computing Volume Mesh far_vol
Fra:32 Mem:205.29M (Peak 294.34M) | Time:00:01.64 | Mem:6.43M, Peak:6.43M | Scene, ViewLayer | Updating Mesh | Computing Volume Mesh near_vol
Fra:32 Mem:205.31M (Peak 294.34M) | Time:00:01.66 | Mem:6.43M, Peak:6.43M | Scene, ViewLayer | Updating Objects
Fra:32 Mem:205.31M (Peak 294.34M) | Time:00:01.66 | Mem:6.43M, Peak:6.43M | Scene, ViewLayer | Updating Objects | Copying Transformations to device
Fra:32 Mem:205.31M (Peak 294.34M) | Time:00:01.66 | Mem:6.43M, Peak:6.43M | Scene, ViewLayer | Updating Particle Systems
Fra:32 Mem:205.31M (Peak 294.34M) | Time:00:01.66 | Mem:6.43M, Peak:6.43M | Scene, ViewLayer | Updating Meshes
Fra:32 Mem:203.73M (Peak 294.34M) | Time:00:01.66 | Mem:4.80M, Peak:6.43M | Scene, ViewLayer | Updating Objects | Applying Static Transformations
Fra:32 Mem:203.73M (Peak 294.34M) | Time:00:01.66 | Mem:4.80M, Peak:6.43M | Scene, ViewLayer | Updating Mesh | Computing attributes
Fra:32 Mem:204.01M (Peak 294.34M) | Time:00:01.66 | Mem:4.80M, Peak:6.43M | Scene, ViewLayer | Updating Mesh | Copying Attributes to device
Fra:32 Mem:204.01M (Peak 294.34M) | Time:00:01.66 | Mem:5.09M, Peak:6.43M | Scene, ViewLayer | Updating Geometry BVH t0 5/4 | Building BVH
Fra:32 Mem:204.01M (Peak 294.34M) | Time:00:01.66 | Mem:5.09M, Peak:6.43M | Scene, ViewLayer | Updating Geometry BVH t0 5/4 | Building OptiX acceleration structure
Fra:32 Mem:204.87M (Peak 294.34M) | Time:00:01.66 | Mem:5.09M, Peak:6.43M | Scene, ViewLayer | Updating Geometry BVH main_vol 2/4 | Building BVH
Fra:32 Mem:204.87M (Peak 294.34M) | Time:00:01.66 | Mem:5.09M, Peak:6.43M | Scene, ViewLayer | Updating Geometry BVH main_vol 2/4 | Building OptiX acceleration structure
Fra:32 Mem:204.92M (Peak 294.34M) | Time:00:01.66 | Mem:5.09M, Peak:6.43M | Scene, ViewLayer | Updating Geometry BVH far_vol 3/4 | Building BVH
Fra:32 Mem:204.92M (Peak 294.34M) | Time:00:01.66 | Mem:5.09M, Peak:6.43M | Scene, ViewLayer | Updating Geometry BVH far_vol 3/4 | Building OptiX acceleration structure
Fra:32 Mem:204.95M (Peak 294.34M) | Time:00:01.67 | Mem:5.09M, Peak:6.43M | Scene, ViewLayer | Updating Geometry BVH near_vol 4/4 | Building BVH
Fra:32 Mem:204.57M (Peak 294.34M) | Time:00:01.67 | Mem:5.09M, Peak:6.43M | Scene, ViewLayer | Updating Geometry BVH near_vol 4/4 | Building OptiX acceleration structure
Fra:32 Mem:204.01M (Peak 294.34M) | Time:00:01.67 | Mem:5.09M, Peak:6.43M | Scene, ViewLayer | Updating Scene BVH | Building
Fra:32 Mem:204.01M (Peak 294.34M) | Time:00:01.67 | Mem:5.09M, Peak:6.43M | Scene, ViewLayer | Updating Scene BVH | Building OptiX acceleration structure
Fra:32 Mem:204.01M (Peak 294.34M) | Time:00:01.67 | Mem:5.09M, Peak:6.43M | Scene, ViewLayer | Updating Scene BVH | Building BVH
Fra:32 Mem:204.01M (Peak 294.34M) | Time:00:01.67 | Mem:5.09M, Peak:6.43M | Scene, ViewLayer | Updating Scene BVH | Building BVH 0%
Fra:32 Mem:204.01M (Peak 294.34M) | Time:00:01.70 | Mem:5.09M, Peak:6.43M | Scene, ViewLayer | Updating Scene BVH | Copying BVH to device
Fra:32 Mem:204.01M (Peak 294.34M) | Time:00:01.70 | Mem:5.09M, Peak:6.43M | Scene, ViewLayer | Updating Mesh | Computing normals
Fra:32 Mem:205.35M (Peak 294.34M) | Time:00:01.70 | Mem:5.09M, Peak:6.43M | Scene, ViewLayer | Updating Mesh | Copying Mesh to device
Fra:32 Mem:205.35M (Peak 294.34M) | Time:00:01.70 | Mem:6.43M, Peak:6.43M | Scene, ViewLayer | Updating Objects Flags
Fra:32 Mem:205.35M (Peak 294.34M) | Time:00:01.81 | Mem:6.43M, Peak:6.43M | Scene, ViewLayer | Updating Primitive Offsets
Fra:32 Mem:205.35M (Peak 294.34M) | Time:00:01.81 | Mem:6.43M, Peak:6.43M | Scene, ViewLayer | Updating Images
Fra:32 Mem:200.64M (Peak 294.34M) | Time:00:01.82 | Mem:1.72M, Peak:6.43M | Scene, ViewLayer | Updating Images | Loading density
Fra:32 Mem:205.39M (Peak 294.34M) | Time:00:01.83 | Mem:6.47M, Peak:6.47M | Scene, ViewLayer | Updating Camera Volume
Fra:32 Mem:205.39M (Peak 294.34M) | Time:00:01.83 | Mem:6.47M, Peak:6.47M | Scene, ViewLayer | Updating Lookup Tables
Fra:32 Mem:205.39M (Peak 294.34M) | Time:00:01.83 | Mem:6.47M, Peak:6.47M | Scene, ViewLayer | Updating Lights
Fra:32 Mem:205.39M (Peak 294.34M) | Time:00:01.83 | Mem:6.47M, Peak:6.47M | Scene, ViewLayer | Updating Lights | Computing tree
Fra:32 Mem:205.39M (Peak 294.34M) | Time:00:01.84 | Mem:6.47M, Peak:6.47M | Scene, ViewLayer | Updating Integrator
Fra:32 Mem:205.39M (Peak 294.34M) | Time:00:01.84 | Mem:6.47M, Peak:6.47M | Scene, ViewLayer | Updating Film
Fra:32 Mem:205.39M (Peak 294.34M) | Time:00:01.84 | Mem:6.47M, Peak:6.47M | Scene, ViewLayer | Updating Lookup Tables
Fra:32 Mem:205.39M (Peak 294.34M) | Time:00:01.84 | Mem:6.47M, Peak:6.47M | Scene, ViewLayer | Updating Baking
Fra:32 Mem:205.39M (Peak 294.34M) | Time:00:01.84 | Mem:6.47M, Peak:6.47M | Scene, ViewLayer | Updating Device | Writing constant memory
Fra:32 Mem:205.39M (Peak 294.34M) | Time:00:01.84 | Mem:6.47M, Peak:6.47M | Scene, ViewLayer | Sample 0/24
Fra:32 Mem:205.39M (Peak 294.34M) | Time:00:02.67 | Remaining:00:19.12 | Mem:6.47M, Peak:6.47M | Scene, ViewLayer | Sample 1/24
Fra:32 Mem:205.39M (Peak 294.34M) | Time:00:03.49 | Remaining:00:18.14 | Mem:6.47M, Peak:91.01M | Scene, ViewLayer | Sample 2/24
Fra:32 Mem:205.39M (Peak 294.34M) | Time:00:05.11 | Remaining:00:22.90 | Mem:6.47M, Peak:91.01M | Scene, ViewLayer | Sample 3/24
Fra:32 Mem:205.39M (Peak 294.34M) | Time:00:06.05 | Remaining:00:21.07 | Mem:6.47M, Peak:91.01M | Scene, ViewLayer | Sample 4/24
Fra:32 Mem:205.39M (Peak 294.34M) | Time:00:07.08 | Remaining:00:19.92 | Mem:6.47M, Peak:91.01M | Scene, ViewLayer | Sample 5/24
Fra:32 Mem:205.39M (Peak 294.34M) | Time:00:07.83 | Remaining:00:17.95 | Mem:6.47M, Peak:91.01M | Scene, ViewLayer | Sample 6/24
Fra:32 Mem:240.99M (Peak 294.39M) | Time:00:19.67 | Mem:6.47M, Peak:91.01M | Scene, ViewLayer | Sample 24/24
Fra:32 Mem:240.99M (Peak 294.39M) | Time:00:19.67 | Mem:6.47M, Peak:91.01M | Scene, ViewLayer | Finished
Saved: 'C:\Work\domin8te-build\daysky\out\a\f0032.png'
Time: 00:19.92 (Saving: 00:00.25)

Fra:33 Mem:205.40M (Peak 294.39M) | Time:00:01.17 | Mem:6.47M, Peak:6.47M | Scene, ViewLayer | Synchronizing object | t0
Fra:33 Mem:205.40M (Peak 294.39M) | Time:00:01.17 | Mem:6.47M, Peak:6.47M | Scene, ViewLayer | Synchronizing object | main_vol
Fra:33 Mem:206.37M (Peak 294.39M) | Time:00:01.17 | Mem:6.47M, Peak:6.47M | Scene, ViewLayer | Synchronizing object | near_vol
Fra:33 Mem:205.24M (Peak 294.39M) | Time:00:01.17 | Mem:6.47M, Peak:6.47M | Scene, ViewLayer | Initializing
Fra:33 Mem:205.23M (Peak 294.39M) | Time:00:01.17 | Mem:6.47M, Peak:6.47M | Scene, ViewLayer | Waiting for render to start
Fra:33 Mem:205.23M (Peak 294.39M) | Time:00:01.17 | Mem:6.47M, Peak:6.47M | Scene, ViewLayer | Updating Scene
Fra:33 Mem:205.23M (Peak 294.39M) | Time:00:01.17 | Mem:6.47M, Peak:6.47M | Scene, ViewLayer | Updating Shaders
Fra:33 Mem:205.23M (Peak 294.39M) | Time:00:01.17 | Mem:6.47M, Peak:6.47M | Scene, ViewLayer | Updating Background
Fra:33 Mem:205.23M (Peak 294.39M) | Time:00:01.17 | Mem:6.47M, Peak:6.47M | Scene, ViewLayer | Updating Camera
Fra:33 Mem:205.23M (Peak 294.39M) | Time:00:01.17 | Mem:6.47M, Peak:6.47M | Scene, ViewLayer | Updating Meshes Flags
Fra:33 Mem:205.23M (Peak 294.39M) | Time:00:01.17 | Mem:6.47M, Peak:6.47M | Scene, ViewLayer | Updating Meshes Volume Bounds
Fra:33 Mem:205.23M (Peak 294.39M) | Time:00:01.17 | Mem:6.47M, Peak:6.47M | Scene, ViewLayer | Updating Volume Images
Fra:33 Mem:205.23M (Peak 294.39M) | Time:00:01.17 | Mem:6.47M, Peak:6.47M | Scene, ViewLayer | Updating Mesh | Computing Volume Mesh main_vol
Fra:33 Mem:205.30M (Peak 294.39M) | Time:00:01.21 | Mem:6.47M, Peak:6.47M | Scene, ViewLayer | Updating Mesh | Computing Volume Mesh far_vol
Fra:33 Mem:205.34M (Peak 294.39M) | Time:00:01.23 | Mem:6.47M, Peak:6.47M | Scene, ViewLayer | Updating Mesh | Computing Volume Mesh near_vol
Fra:33 Mem:205.36M (Peak 294.39M) | Time:00:01.23 | Mem:6.47M, Peak:6.47M | Scene, ViewLayer | Updating Objects
Fra:33 Mem:205.36M (Peak 294.39M) | Time:00:01.23 | Mem:6.47M, Peak:6.47M | Scene, ViewLayer | Updating Objects | Copying Transformations to device
Fra:33 Mem:205.36M (Peak 294.39M) | Time:00:01.23 | Mem:6.47M, Peak:6.47M | Scene, ViewLayer | Updating Particle Systems
Fra:33 Mem:205.36M (Peak 294.39M) | Time:00:01.23 | Mem:6.47M, Peak:6.47M | Scene, ViewLayer | Updating Meshes
Fra:33 Mem:203.77M (Peak 294.39M) | Time:00:01.23 | Mem:4.85M, Peak:6.47M | Scene, ViewLayer | Updating Objects | Applying Static Transformations
Fra:33 Mem:203.77M (Peak 294.39M) | Time:00:01.24 | Mem:4.85M, Peak:6.47M | Scene, ViewLayer | Updating Mesh | Computing attributes
Fra:33 Mem:204.06M (Peak 294.39M) | Time:00:01.24 | Mem:4.85M, Peak:6.47M | Scene, ViewLayer | Updating Mesh | Copying Attributes to device
Fra:33 Mem:204.06M (Peak 294.39M) | Time:00:01.24 | Mem:5.13M, Peak:6.47M | Scene, ViewLayer | Updating Geometry BVH t0 5/4 | Building BVH
Fra:33 Mem:204.06M (Peak 294.39M) | Time:00:01.24 | Mem:5.13M, Peak:6.47M | Scene, ViewLayer | Updating Geometry BVH t0 5/4 | Building OptiX acceleration structure
Fra:33 Mem:204.91M (Peak 294.39M) | Time:00:01.24 | Mem:5.13M, Peak:6.47M | Scene, ViewLayer | Updating Geometry BVH main_vol 2/4 | Building BVH
Fra:33 Mem:204.91M (Peak 294.39M) | Time:00:01.24 | Mem:5.13M, Peak:6.47M | Scene, ViewLayer | Updating Geometry BVH far_vol 3/4 | Building BVH
Fra:33 Mem:204.91M (Peak 294.39M) | Time:00:01.24 | Mem:5.13M, Peak:6.47M | Scene, ViewLayer | Updating Geometry BVH far_vol 3/4 | Building OptiX acceleration structure
Fra:33 Mem:204.99M (Peak 294.39M) | Time:00:01.24 | Mem:5.13M, Peak:6.47M | Scene, ViewLayer | Updating Geometry BVH near_vol 4/4 | Building BVH
Fra:33 Mem:204.99M (Peak 294.39M) | Time:00:01.24 | Mem:5.13M, Peak:6.47M | Scene, ViewLayer | Updating Geometry BVH near_vol 4/4 | Building OptiX acceleration structure
Fra:33 Mem:204.06M (Peak 294.39M) | Time:00:01.24 | Mem:5.13M, Peak:6.47M | Scene, ViewLayer | Updating Scene BVH | Building
Fra:33 Mem:204.06M (Peak 294.39M) | Time:00:01.24 | Mem:5.13M, Peak:6.47M | Scene, ViewLayer | Updating Scene BVH | Building OptiX acceleration structure
Fra:33 Mem:204.06M (Peak 294.39M) | Time:00:01.24 | Mem:5.13M, Peak:6.47M | Scene, ViewLayer | Updating Scene BVH | Building BVH
Fra:33 Mem:204.06M (Peak 294.39M) | Time:00:01.24 | Mem:5.13M, Peak:6.47M | Scene, ViewLayer | Updating Scene BVH | Building BVH 0%
Fra:33 Mem:204.06M (Peak 294.39M) | Time:00:01.25 | Mem:5.13M, Peak:6.47M | Scene, ViewLayer | Updating Scene BVH | Copying BVH to device
Fra:33 Mem:204.06M (Peak 294.39M) | Time:00:01.25 | Mem:5.13M, Peak:6.47M | Scene, ViewLayer | Updating Mesh | Computing normals
Fra:33 Mem:205.40M (Peak 294.39M) | Time:00:01.26 | Mem:5.13M, Peak:6.47M | Scene, ViewLayer | Updating Mesh | Copying Mesh to device
Fra:33 Mem:205.40M (Peak 294.39M) | Time:00:01.26 | Mem:6.47M, Peak:6.47M | Scene, ViewLayer | Updating Objects Flags
Fra:33 Mem:205.40M (Peak 294.39M) | Time:00:01.32 | Mem:6.47M, Peak:6.47M | Scene, ViewLayer | Updating Primitive Offsets
Fra:33 Mem:205.40M (Peak 294.39M) | Time:00:01.32 | Mem:6.47M, Peak:6.47M | Scene, ViewLayer | Updating Images
Fra:33 Mem:202.59M (Peak 294.39M) | Time:00:01.32 | Mem:6.47M, Peak:6.47M | Scene, ViewLayer | Updating Images | Loading density
Fra:33 Mem:205.42M (Peak 294.39M) | Time:00:01.33 | Mem:6.50M, Peak:8.44M | Scene, ViewLayer | Updating Camera Volume
Fra:33 Mem:205.42M (Peak 294.39M) | Time:00:01.33 | Mem:6.50M, Peak:8.44M | Scene, ViewLayer | Updating Lookup Tables
Fra:33 Mem:205.42M (Peak 294.39M) | Time:00:01.33 | Mem:6.50M, Peak:8.44M | Scene, ViewLayer | Updating Lights
Fra:33 Mem:205.42M (Peak 294.39M) | Time:00:01.33 | Mem:6.50M, Peak:8.44M | Scene, ViewLayer | Updating Lights | Computing tree
Fra:33 Mem:205.42M (Peak 294.39M) | Time:00:01.33 | Mem:6.50M, Peak:8.44M | Scene, ViewLayer | Updating Integrator
Fra:33 Mem:205.42M (Peak 294.39M) | Time:00:01.33 | Mem:6.50M, Peak:8.44M | Scene, ViewLayer | Updating Film
Fra:33 Mem:205.42M (Peak 294.39M) | Time:00:01.33 | Mem:6.50M, Peak:8.44M | Scene, ViewLayer | Updating Lookup Tables
Fra:33 Mem:205.42M (Peak 294.39M) | Time:00:01.33 | Mem:6.50M, Peak:8.44M | Scene, ViewLayer | Updating Baking
Fra:33 Mem:205.42M (Peak 294.39M) | Time:00:01.33 | Mem:6.50M, Peak:8.44M | Scene, ViewLayer | Updating Device | Writing constant memory
Fra:33 Mem:205.42M (Peak 294.39M) | Time:00:01.33 | Mem:6.50M, Peak:8.44M | Scene, ViewLayer | Sample 0/24
Fra:33 Mem:205.42M (Peak 294.39M) | Time:00:02.22 | Remaining:00:20.41 | Mem:6.50M, Peak:8.44M | Scene, ViewLayer | Sample 1/24
Fra:33 Mem:205.42M (Peak 294.39M) | Time:00:03.04 | Remaining:00:18.78 | Mem:6.50M, Peak:8.44M | Scene, ViewLayer | Sample 2/24
Fra:33 Mem:241.02M (Peak 294.42M) | Time:00:16.97 | Mem:6.50M, Peak:8.44M | Scene, ViewLayer | Sample 24/24
Fra:33 Mem:241.02M (Peak 294.42M) | Time:00:16.97 | Mem:6.50M, Peak:8.44M | Scene, ViewLayer | Finished
Saved: 'C:\Work\domin8te-build\daysky\out\a\f0033.png'
Time: 00:17.35 (Saving: 00:00.38)

Fra:34 Mem:205.43M (Peak 294.42M) | Time:00:01.19 | Mem:6.50M, Peak:6.50M | Scene, ViewLayer | Synchronizing object | main_vol
Fra:34 Mem:205.34M (Peak 294.42M) | Time:00:01.19 | Mem:6.50M, Peak:6.50M | Scene, ViewLayer | Synchronizing object | t0
Fra:34 Mem:205.34M (Peak 294.42M) | Time:00:01.19 | Mem:6.50M, Peak:6.50M | Scene, ViewLayer | Synchronizing object | far_vol
Fra:34 Mem:205.29M (Peak 294.42M) | Time:00:01.19 | Mem:6.50M, Peak:6.50M | Scene, ViewLayer | Synchronizing object | near_vol
Fra:34 Mem:205.26M (Peak 294.42M) | Time:00:01.19 | Mem:6.50M, Peak:6.50M | Scene, ViewLayer | Initializing
Fra:34 Mem:205.26M (Peak 294.42M) | Time:00:01.19 | Mem:6.50M, Peak:6.50M | Scene, ViewLayer | Waiting for render to start
Fra:34 Mem:205.26M (Peak 294.42M) | Time:00:01.19 | Mem:6.50M, Peak:6.50M | Scene, ViewLayer | Updating Scene
Fra:34 Mem:205.26M (Peak 294.42M) | Time:00:01.19 | Mem:6.50M, Peak:6.50M | Scene, ViewLayer | Updating Shaders
Fra:34 Mem:205.26M (Peak 294.42M) | Time:00:01.19 | Mem:6.50M, Peak:6.50M | Scene, ViewLayer | Updating Background
Fra:34 Mem:205.26M (Peak 294.42M) | Time:00:01.19 | Mem:6.50M, Peak:6.50M | Scene, ViewLayer | Updating Camera
Fra:34 Mem:205.26M (Peak 294.42M) | Time:00:01.19 | Mem:6.50M, Peak:6.50M | Scene, ViewLayer | Updating Meshes Flags
Fra:34 Mem:205.26M (Peak 294.42M) | Time:00:01.19 | Mem:6.50M, Peak:6.50M | Scene, ViewLayer | Updating Meshes Volume Bounds
Fra:34 Mem:205.26M (Peak 294.42M) | Time:00:01.19 | Mem:6.50M, Peak:6.50M | Scene, ViewLayer | Updating Volume Images
Fra:34 Mem:205.26M (Peak 294.42M) | Time:00:01.19 | Mem:6.50M, Peak:6.50M | Scene, ViewLayer | Updating Mesh | Computing Volume Mesh main_vol
Fra:34 Mem:205.32M (Peak 294.42M) | Time:00:01.22 | Mem:6.50M, Peak:6.50M | Scene, ViewLayer | Updating Mesh | Computing Volume Mesh far_vol
Fra:34 Mem:205.36M (Peak 294.42M) | Time:00:01.23 | Mem:6.50M, Peak:6.50M | Scene, ViewLayer | Updating Mesh | Computing Volume Mesh near_vol
Fra:34 Mem:205.38M (Peak 294.42M) | Time:00:01.24 | Mem:6.50M, Peak:6.50M | Scene, ViewLayer | Updating Objects
Fra:34 Mem:205.38M (Peak 294.42M) | Time:00:01.24 | Mem:6.50M, Peak:6.50M | Scene, ViewLayer | Updating Objects | Copying Transformations to device
Fra:34 Mem:205.38M (Peak 294.42M) | Time:00:01.24 | Mem:6.50M, Peak:6.50M | Scene, ViewLayer | Updating Particle Systems
Fra:34 Mem:205.38M (Peak 294.42M) | Time:00:01.24 | Mem:6.50M, Peak:6.50M | Scene, ViewLayer | Updating Meshes
Fra:34 Mem:203.80M (Peak 294.42M) | Time:00:01.24 | Mem:4.87M, Peak:6.50M | Scene, ViewLayer | Updating Objects | Applying Static Transformations
Fra:34 Mem:203.80M (Peak 294.42M) | Time:00:01.24 | Mem:4.87M, Peak:6.50M | Scene, ViewLayer | Updating Mesh | Computing attributes
Fra:34 Mem:204.08M (Peak 294.42M) | Time:00:01.24 | Mem:4.87M, Peak:6.50M | Scene, ViewLayer | Updating Mesh | Copying Attributes to device
Fra:34 Mem:204.08M (Peak 294.42M) | Time:00:01.24 | Mem:5.16M, Peak:6.50M | Scene, ViewLayer | Updating Geometry BVH t0 5/4 | Building BVH
Fra:34 Mem:204.08M (Peak 294.42M) | Time:00:01.24 | Mem:5.16M, Peak:6.50M | Scene, ViewLayer | Updating Geometry BVH t0 5/4 | Building OptiX acceleration structure
Fra:34 Mem:204.94M (Peak 294.42M) | Time:00:01.24 | Mem:5.16M, Peak:6.50M | Scene, ViewLayer | Updating Geometry BVH main_vol 2/4 | Building BVH
Fra:34 Mem:204.94M (Peak 294.42M) | Time:00:01.24 | Mem:5.16M, Peak:6.50M | Scene, ViewLayer | Updating Geometry BVH far_vol 3/4 | Building BVH
Fra:34 Mem:204.94M (Peak 294.42M) | Time:00:01.24 | Mem:5.16M, Peak:6.50M | Scene, ViewLayer | Updating Geometry BVH far_vol 3/4 | Building OptiX acceleration structure
Fra:34 Mem:205.02M (Peak 294.42M) | Time:00:01.24 | Mem:5.16M, Peak:6.50M | Scene, ViewLayer | Updating Geometry BVH near_vol 4/4 | Building BVH
Fra:34 Mem:205.02M (Peak 294.42M) | Time:00:01.24 | Mem:5.16M, Peak:6.50M | Scene, ViewLayer | Updating Geometry BVH near_vol 4/4 | Building OptiX acceleration structure
Fra:34 Mem:204.08M (Peak 294.42M) | Time:00:01.25 | Mem:5.16M, Peak:6.50M | Scene, ViewLayer | Updating Scene BVH | Building
Fra:34 Mem:204.08M (Peak 294.42M) | Time:00:01.25 | Mem:5.16M, Peak:6.50M | Scene, ViewLayer | Updating Scene BVH | Building OptiX acceleration structure
Fra:34 Mem:204.08M (Peak 294.42M) | Time:00:01.25 | Mem:5.16M, Peak:6.50M | Scene, ViewLayer | Updating Scene BVH | Building BVH
Fra:34 Mem:204.08M (Peak 294.42M) | Time:00:01.25 | Mem:5.16M, Peak:6.50M | Scene, ViewLayer | Updating Scene BVH | Building BVH 0%
Fra:34 Mem:204.08M (Peak 294.42M) | Time:00:01.26 | Mem:5.16M, Peak:6.50M | Scene, ViewLayer | Updating Scene BVH | Copying BVH to device
Fra:34 Mem:204.08M (Peak 294.42M) | Time:00:01.26 | Mem:5.16M, Peak:6.50M | Scene, ViewLayer | Updating Mesh | Computing normals
Fra:34 Mem:205.42M (Peak 294.42M) | Time:00:01.27 | Mem:5.16M, Peak:6.50M | Scene, ViewLayer | Updating Mesh | Copying Mesh to device
Fra:34 Mem:205.42M (Peak 294.42M) | Time:00:01.27 | Mem:6.50M, Peak:6.50M | Scene, ViewLayer | Updating Objects Flags
Fra:34 Mem:205.42M (Peak 294.42M) | Time:00:01.38 | Mem:6.50M, Peak:6.50M | Scene, ViewLayer | Updating Primitive Offsets
Fra:34 Mem:205.42M (Peak 294.42M) | Time:00:01.38 | Mem:6.50M, Peak:6.50M | Scene, ViewLayer | Updating Images
Fra:34 Mem:200.64M (Peak 294.42M) | Time:00:01.38 | Mem:1.72M, Peak:6.50M | Scene, ViewLayer | Updating Images | Loading density
Fra:34 Mem:205.45M (Peak 294.42M) | Time:00:01.38 | Mem:6.52M, Peak:6.52M | Scene, ViewLayer | Updating Camera Volume
Fra:34 Mem:205.45M (Peak 294.42M) | Time:00:01.38 | Mem:6.52M, Peak:6.52M | Scene, ViewLayer | Updating Lookup Tables
Fra:34 Mem:205.45M (Peak 294.42M) | Time:00:01.38 | Mem:6.52M, Peak:6.52M | Scene, ViewLayer | Updating Lights
Fra:34 Mem:205.45M (Peak 294.42M) | Time:00:01.38 | Mem:6.52M, Peak:6.52M | Scene, ViewLayer | Updating Lights | Computing tree
Fra:34 Mem:205.45M (Peak 294.42M) | Time:00:01.39 | Mem:6.52M, Peak:6.52M | Scene, ViewLayer | Updating Integrator
Fra:34 Mem:205.45M (Peak 294.42M) | Time:00:01.39 | Mem:6.52M, Peak:6.52M | Scene, ViewLayer | Updating Film
Fra:34 Mem:205.45M (Peak 294.42M) | Time:00:01.39 | Mem:6.52M, Peak:6.52M | Scene, ViewLayer | Updating Lookup Tables
Fra:34 Mem:205.45M (Peak 294.42M) | Time:00:01.39 | Mem:6.52M, Peak:6.52M | Scene, ViewLayer | Updating Baking
Fra:34 Mem:205.45M (Peak 294.42M) | Time:00:01.39 | Mem:6.52M, Peak:6.52M | Scene, ViewLayer | Updating Device | Writing constant memory
Fra:34 Mem:205.45M (Peak 294.42M) | Time:00:01.39 | Mem:6.52M, Peak:6.52M | Scene, ViewLayer | Sample 0/24
Fra:34 Mem:205.45M (Peak 294.42M) | Time:00:02.27 | Remaining:00:20.23 | Mem:6.52M, Peak:6.52M | Scene, ViewLayer | Sample 1/24
Fra:34 Mem:205.45M (Peak 294.42M) | Time:00:03.04 | Remaining:00:18.20 | Mem:6.52M, Peak:6.52M | Scene, ViewLayer | Sample 2/24
Fra:34 Mem:241.05M (Peak 294.44M) | Time:00:17.59 | Mem:6.52M, Peak:6.52M | Scene, ViewLayer | Sample 24/24
Fra:34 Mem:241.05M (Peak 294.44M) | Time:00:17.59 | Mem:6.52M, Peak:6.52M | Scene, ViewLayer | Finished
Saved: 'C:\Work\domin8te-build\daysky\out\a\f0034.png'
Time: 00:17.89 (Saving: 00:00.29)

Fra:35 Mem:205.45M (Peak 294.44M) | Time:00:01.29 | Mem:6.52M, Peak:6.52M | Scene, ViewLayer | Synchronizing object | t0
Fra:35 Mem:207.27M (Peak 294.44M) | Time:00:01.29 | Mem:6.52M, Peak:6.52M | Scene, ViewLayer | Synchronizing object | main_vol
Fra:35 Mem:207.18M (Peak 294.44M) | Time:00:01.29 | Mem:6.52M, Peak:6.52M | Scene, ViewLayer | Synchronizing object | far_vol
Fra:35 Mem:207.13M (Peak 294.44M) | Time:00:01.29 | Mem:6.52M, Peak:6.52M | Scene, ViewLayer | Synchronizing object | near_vol
Fra:35 Mem:205.29M (Peak 294.44M) | Time:00:01.29 | Mem:6.52M, Peak:6.52M | Scene, ViewLayer | Initializing
Fra:35 Mem:205.29M (Peak 294.44M) | Time:00:01.29 | Mem:6.52M, Peak:6.52M | Scene, ViewLayer | Waiting for render to start
Fra:35 Mem:205.29M (Peak 294.44M) | Time:00:01.29 | Mem:6.52M, Peak:6.52M | Scene, ViewLayer | Updating Scene
Fra:35 Mem:205.29M (Peak 294.44M) | Time:00:01.29 | Mem:6.52M, Peak:6.52M | Scene, ViewLayer | Updating Shaders
Fra:35 Mem:205.29M (Peak 294.44M) | Time:00:01.29 | Mem:6.52M, Peak:6.52M | Scene, ViewLayer | Updating Background
Fra:35 Mem:205.29M (Peak 294.44M) | Time:00:01.29 | Mem:6.52M, Peak:6.52M | Scene, ViewLayer | Updating Camera
Fra:35 Mem:205.29M (Peak 294.44M) | Time:00:01.29 | Mem:6.52M, Peak:6.52M | Scene, ViewLayer | Updating Meshes Flags
Fra:35 Mem:205.29M (Peak 294.44M) | Time:00:01.29 | Mem:6.52M, Peak:6.52M | Scene, ViewLayer | Updating Meshes Volume Bounds
Fra:35 Mem:205.29M (Peak 294.44M) | Time:00:01.29 | Mem:6.52M, Peak:6.52M | Scene, ViewLayer | Updating Volume Images
Fra:35 Mem:205.29M (Peak 294.44M) | Time:00:01.29 | Mem:6.52M, Peak:6.52M | Scene, ViewLayer | Updating Mesh | Computing Volume Mesh main_vol
Fra:35 Mem:205.35M (Peak 294.44M) | Time:00:01.32 | Mem:6.52M, Peak:6.52M | Scene, ViewLayer | Updating Mesh | Computing Volume Mesh far_vol
Fra:35 Mem:205.39M (Peak 294.44M) | Time:00:01.34 | Mem:6.52M, Peak:6.52M | Scene, ViewLayer | Updating Mesh | Computing Volume Mesh near_vol
Fra:35 Mem:205.41M (Peak 294.44M) | Time:00:01.35 | Mem:6.52M, Peak:6.52M | Scene, ViewLayer | Updating Objects
Fra:35 Mem:205.41M (Peak 294.44M) | Time:00:01.35 | Mem:6.52M, Peak:6.52M | Scene, ViewLayer | Updating Objects | Copying Transformations to device
Fra:35 Mem:205.41M (Peak 294.44M) | Time:00:01.35 | Mem:6.52M, Peak:6.52M | Scene, ViewLayer | Updating Particle Systems
Fra:35 Mem:205.41M (Peak 294.44M) | Time:00:01.35 | Mem:6.52M, Peak:6.52M | Scene, ViewLayer | Updating Meshes
Fra:35 Mem:203.82M (Peak 294.44M) | Time:00:01.35 | Mem:4.90M, Peak:6.52M | Scene, ViewLayer | Updating Objects | Applying Static Transformations
Fra:35 Mem:203.82M (Peak 294.44M) | Time:00:01.35 | Mem:4.90M, Peak:6.52M | Scene, ViewLayer | Updating Mesh | Computing attributes
Fra:35 Mem:204.11M (Peak 294.44M) | Time:00:01.35 | Mem:4.90M, Peak:6.52M | Scene, ViewLayer | Updating Mesh | Copying Attributes to device
Fra:35 Mem:204.11M (Peak 294.44M) | Time:00:01.35 | Mem:5.18M, Peak:6.52M | Scene, ViewLayer | Updating Geometry BVH t0 5/4 | Building BVH
Fra:35 Mem:204.11M (Peak 294.44M) | Time:00:01.35 | Mem:5.18M, Peak:6.52M | Scene, ViewLayer | Updating Geometry BVH t0 5/4 | Building OptiX acceleration structure
Fra:35 Mem:204.96M (Peak 294.44M) | Time:00:01.35 | Mem:5.18M, Peak:6.52M | Scene, ViewLayer | Updating Geometry BVH main_vol 2/4 | Building BVH
Fra:35 Mem:204.96M (Peak 294.44M) | Time:00:01.35 | Mem:5.18M, Peak:6.52M | Scene, ViewLayer | Updating Geometry BVH main_vol 2/4 | Building OptiX acceleration structure
Fra:35 Mem:205.02M (Peak 294.44M) | Time:00:01.35 | Mem:5.18M, Peak:6.52M | Scene, ViewLayer | Updating Geometry BVH far_vol 3/4 | Building BVH
Fra:35 Mem:205.02M (Peak 294.44M) | Time:00:01.35 | Mem:5.18M, Peak:6.52M | Scene, ViewLayer | Updating Geometry BVH far_vol 3/4 | Building OptiX acceleration structure
Fra:35 Mem:205.05M (Peak 294.44M) | Time:00:01.35 | Mem:5.18M, Peak:6.52M | Scene, ViewLayer | Updating Geometry BVH near_vol 4/4 | Building BVH
Fra:35 Mem:205.05M (Peak 294.44M) | Time:00:01.35 | Mem:5.18M, Peak:6.52M | Scene, ViewLayer | Updating Geometry BVH near_vol 4/4 | Building OptiX acceleration structure
Fra:35 Mem:204.11M (Peak 294.44M) | Time:00:01.35 | Mem:5.18M, Peak:6.52M | Scene, ViewLayer | Updating Scene BVH | Building
Fra:35 Mem:204.11M (Peak 294.44M) | Time:00:01.35 | Mem:5.18M, Peak:6.52M | Scene, ViewLayer | Updating Scene BVH | Building OptiX acceleration structure
Fra:35 Mem:204.11M (Peak 294.44M) | Time:00:01.36 | Mem:5.18M, Peak:6.52M | Scene, ViewLayer | Updating Scene BVH | Building BVH
Fra:35 Mem:204.11M (Peak 294.44M) | Time:00:01.36 | Mem:5.18M, Peak:6.52M | Scene, ViewLayer | Updating Scene BVH | Building BVH 0%
Fra:35 Mem:204.11M (Peak 294.44M) | Time:00:01.37 | Mem:5.18M, Peak:6.52M | Scene, ViewLayer | Updating Scene BVH | Copying BVH to device
Fra:35 Mem:204.11M (Peak 294.44M) | Time:00:01.37 | Mem:5.18M, Peak:6.52M | Scene, ViewLayer | Updating Mesh | Computing normals
Fra:35 Mem:205.45M (Peak 294.44M) | Time:00:01.37 | Mem:5.18M, Peak:6.52M | Scene, ViewLayer | Updating Mesh | Copying Mesh to device
Fra:35 Mem:205.45M (Peak 294.44M) | Time:00:01.37 | Mem:6.52M, Peak:6.52M | Scene, ViewLayer | Updating Objects Flags
Fra:35 Mem:205.45M (Peak 294.44M) | Time:00:01.45 | Mem:6.52M, Peak:6.52M | Scene, ViewLayer | Updating Primitive Offsets
Fra:35 Mem:205.45M (Peak 294.44M) | Time:00:01.45 | Mem:6.52M, Peak:6.52M | Scene, ViewLayer | Updating Images
Fra:35 Mem:202.60M (Peak 294.44M) | Time:00:01.45 | Mem:6.52M, Peak:6.52M | Scene, ViewLayer | Updating Images | Loading density
Fra:35 Mem:205.49M (Peak 294.44M) | Time:00:01.46 | Mem:6.56M, Peak:7.28M | Scene, ViewLayer | Updating Camera Volume
Fra:35 Mem:205.49M (Peak 294.44M) | Time:00:01.46 | Mem:6.56M, Peak:7.28M | Scene, ViewLayer | Updating Lookup Tables
Fra:35 Mem:205.49M (Peak 294.44M) | Time:00:01.46 | Mem:6.56M, Peak:7.28M | Scene, ViewLayer | Updating Lights
Fra:35 Mem:205.48M (Peak 294.44M) | Time:00:01.46 | Mem:6.56M, Peak:7.28M | Scene, ViewLayer | Updating Lights | Computing tree
Fra:35 Mem:205.49M (Peak 294.44M) | Time:00:01.46 | Mem:6.56M, Peak:7.28M | Scene, ViewLayer | Updating Integrator
Fra:35 Mem:205.49M (Peak 294.44M) | Time:00:01.46 | Mem:6.56M, Peak:7.28M | Scene, ViewLayer | Updating Film
Fra:35 Mem:205.49M (Peak 294.44M) | Time:00:01.46 | Mem:6.56M, Peak:7.28M | Scene, ViewLayer | Updating Lookup Tables
Fra:35 Mem:205.49M (Peak 294.44M) | Time:00:01.46 | Mem:6.56M, Peak:7.28M | Scene, ViewLayer | Updating Baking
Fra:35 Mem:205.49M (Peak 294.44M) | Time:00:01.46 | Mem:6.56M, Peak:7.28M | Scene, ViewLayer | Updating Device | Writing constant memory
Fra:35 Mem:205.49M (Peak 294.44M) | Time:00:01.46 | Mem:6.56M, Peak:7.28M | Scene, ViewLayer | Sample 0/24
Fra:35 Mem:205.49M (Peak 294.44M) | Time:00:02.34 | Remaining:00:20.20 | Mem:6.56M, Peak:7.28M | Scene, ViewLayer | Sample 1/24
Fra:35 Mem:205.49M (Peak 294.44M) | Time:00:03.11 | Remaining:00:18.13 | Mem:6.56M, Peak:7.28M | Scene, ViewLayer | Sample 2/24
Fra:35 Mem:241.08M (Peak 294.48M) | Time:00:18.21 | Mem:6.56M, Peak:7.28M | Scene, ViewLayer | Sample 24/24
Fra:35 Mem:241.08M (Peak 294.48M) | Time:00:18.21 | Mem:6.56M, Peak:7.28M | Scene, ViewLayer | Finished
Saved: 'C:\Work\domin8te-build\daysky\out\a\f0035.png'
Time: 00:18.35 (Saving: 00:00.14)

Fra:36 Mem:205.49M (Peak 294.48M) | Time:00:00.58 | Mem:6.56M, Peak:6.56M | Scene, ViewLayer | Synchronizing object | t0
Fra:36 Mem:206.54M (Peak 294.48M) | Time:00:00.58 | Mem:6.56M, Peak:6.56M | Scene, ViewLayer | Synchronizing object | main_vol
Fra:36 Mem:206.84M (Peak 294.48M) | Time:00:00.58 | Mem:6.56M, Peak:6.56M | Scene, ViewLayer | Synchronizing object | far_vol
Fra:36 Mem:206.79M (Peak 294.48M) | Time:00:00.58 | Mem:6.56M, Peak:6.56M | Scene, ViewLayer | Synchronizing object | near_vol
Fra:36 Mem:205.33M (Peak 294.48M) | Time:00:00.58 | Mem:6.56M, Peak:6.56M | Scene, ViewLayer | Initializing
Fra:36 Mem:205.32M (Peak 294.48M) | Time:00:00.58 | Mem:6.56M, Peak:6.56M | Scene, ViewLayer | Waiting for render to start
Fra:36 Mem:205.32M (Peak 294.48M) | Time:00:00.58 | Mem:6.56M, Peak:6.56M | Scene, ViewLayer | Updating Scene
Fra:36 Mem:205.32M (Peak 294.48M) | Time:00:00.58 | Mem:6.56M, Peak:6.56M | Scene, ViewLayer | Updating Shaders
Fra:36 Mem:205.32M (Peak 294.48M) | Time:00:00.58 | Mem:6.56M, Peak:6.56M | Scene, ViewLayer | Updating Background
Fra:36 Mem:205.32M (Peak 294.48M) | Time:00:00.58 | Mem:6.56M, Peak:6.56M | Scene, ViewLayer | Updating Camera
Fra:36 Mem:205.32M (Peak 294.48M) | Time:00:00.58 | Mem:6.56M, Peak:6.56M | Scene, ViewLayer | Updating Meshes Flags
Fra:36 Mem:205.32M (Peak 294.48M) | Time:00:00.58 | Mem:6.56M, Peak:6.56M | Scene, ViewLayer | Updating Meshes Volume Bounds
Fra:36 Mem:205.32M (Peak 294.48M) | Time:00:00.58 | Mem:6.56M, Peak:6.56M | Scene, ViewLayer | Updating Volume Images
Fra:36 Mem:205.32M (Peak 294.48M) | Time:00:00.58 | Mem:6.56M, Peak:6.56M | Scene, ViewLayer | Updating Mesh | Computing Volume Mesh main_vol
Fra:36 Mem:205.39M (Peak 294.48M) | Time:00:00.61 | Mem:6.56M, Peak:6.56M | Scene, ViewLayer | Updating Mesh | Computing Volume Mesh far_vol
Fra:36 Mem:205.43M (Peak 294.48M) | Time:00:00.62 | Mem:6.56M, Peak:6.56M | Scene, ViewLayer | Updating Mesh | Computing Volume Mesh near_vol
Fra:36 Mem:205.45M (Peak 294.48M) | Time:00:00.63 | Mem:6.56M, Peak:6.56M | Scene, ViewLayer | Updating Objects
Fra:36 Mem:205.45M (Peak 294.48M) | Time:00:00.63 | Mem:6.56M, Peak:6.56M | Scene, ViewLayer | Updating Objects | Copying Transformations to device
Fra:36 Mem:205.45M (Peak 294.48M) | Time:00:00.63 | Mem:6.56M, Peak:6.56M | Scene, ViewLayer | Updating Particle Systems
Fra:36 Mem:205.45M (Peak 294.48M) | Time:00:00.63 | Mem:6.56M, Peak:6.56M | Scene, ViewLayer | Updating Meshes
Fra:36 Mem:203.86M (Peak 294.48M) | Time:00:00.63 | Mem:4.93M, Peak:6.56M | Scene, ViewLayer | Updating Objects | Applying Static Transformations
Fra:36 Mem:203.86M (Peak 294.48M) | Time:00:00.63 | Mem:4.93M, Peak:6.56M | Scene, ViewLayer | Updating Mesh | Computing attributes
Fra:36 Mem:204.15M (Peak 294.48M) | Time:00:00.64 | Mem:4.93M, Peak:6.56M | Scene, ViewLayer | Updating Mesh | Copying Attributes to device
Fra:36 Mem:204.14M (Peak 294.48M) | Time:00:00.64 | Mem:5.22M, Peak:6.56M | Scene, ViewLayer | Updating Geometry BVH t0 5/4 | Building BVH
Fra:36 Mem:204.14M (Peak 294.48M) | Time:00:00.64 | Mem:5.22M, Peak:6.56M | Scene, ViewLayer | Updating Geometry BVH t0 5/4 | Building OptiX acceleration structure
Fra:36 Mem:205.00M (Peak 294.48M) | Time:00:00.64 | Mem:5.22M, Peak:6.56M | Scene, ViewLayer | Updating Geometry BVH main_vol 2/4 | Building BVH
Fra:36 Mem:205.00M (Peak 294.48M) | Time:00:00.64 | Mem:5.22M, Peak:6.56M | Scene, ViewLayer | Updating Geometry BVH main_vol 2/4 | Building OptiX acceleration structure
Fra:36 Mem:204.20M (Peak 294.48M) | Time:00:00.64 | Mem:5.22M, Peak:6.56M | Scene, ViewLayer | Updating Geometry BVH near_vol 4/4 | Building BVH
Fra:36 Mem:204.20M (Peak 294.48M) | Time:00:00.64 | Mem:5.22M, Peak:6.56M | Scene, ViewLayer | Updating Geometry BVH far_vol 3/4 | Building BVH
Fra:36 Mem:204.20M (Peak 294.48M) | Time:00:00.64 | Mem:5.22M, Peak:6.56M | Scene, ViewLayer | Updating Geometry BVH far_vol 3/4 | Building OptiX acceleration structure
Fra:36 Mem:204.14M (Peak 294.48M) | Time:00:00.64 | Mem:5.22M, Peak:6.56M | Scene, ViewLayer | Updating Scene BVH | Building
Fra:36 Mem:204.14M (Peak 294.48M) | Time:00:00.64 | Mem:5.22M, Peak:6.56M | Scene, ViewLayer | Updating Scene BVH | Building OptiX acceleration structure
Fra:36 Mem:204.15M (Peak 294.48M) | Time:00:00.65 | Mem:5.22M, Peak:6.56M | Scene, ViewLayer | Updating Scene BVH | Building BVH
Fra:36 Mem:204.15M (Peak 294.48M) | Time:00:00.65 | Mem:5.22M, Peak:6.56M | Scene, ViewLayer | Updating Scene BVH | Building BVH 0%
Fra:36 Mem:204.14M (Peak 294.48M) | Time:00:00.65 | Mem:5.22M, Peak:6.56M | Scene, ViewLayer | Updating Scene BVH | Copying BVH to device
Fra:36 Mem:204.14M (Peak 294.48M) | Time:00:00.65 | Mem:5.22M, Peak:6.56M | Scene, ViewLayer | Updating Mesh | Computing normals
Fra:36 Mem:205.49M (Peak 294.48M) | Time:00:00.65 | Mem:5.22M, Peak:6.56M | Scene, ViewLayer | Updating Mesh | Copying Mesh to device
Fra:36 Mem:205.49M (Peak 294.48M) | Time:00:00.66 | Mem:6.56M, Peak:6.56M | Scene, ViewLayer | Updating Objects Flags
Fra:36 Mem:205.49M (Peak 294.48M) | Time:00:00.73 | Mem:6.56M, Peak:6.56M | Scene, ViewLayer | Updating Primitive Offsets
Fra:36 Mem:205.49M (Peak 294.48M) | Time:00:00.73 | Mem:6.56M, Peak:6.56M | Scene, ViewLayer | Updating Images
Fra:36 Mem:200.64M (Peak 294.48M) | Time:00:00.74 | Mem:1.72M, Peak:6.56M | Scene, ViewLayer | Updating Images | Loading density
Fra:36 Mem:205.52M (Peak 294.48M) | Time:00:00.74 | Mem:6.60M, Peak:6.60M | Scene, ViewLayer | Updating Camera Volume
Fra:36 Mem:205.52M (Peak 294.48M) | Time:00:00.74 | Mem:6.60M, Peak:6.60M | Scene, ViewLayer | Updating Lookup Tables
Fra:36 Mem:205.52M (Peak 294.48M) | Time:00:00.74 | Mem:6.60M, Peak:6.60M | Scene, ViewLayer | Updating Lights
Fra:36 Mem:205.52M (Peak 294.48M) | Time:00:00.74 | Mem:6.60M, Peak:6.60M | Scene, ViewLayer | Updating Lights | Computing tree
Fra:36 Mem:205.52M (Peak 294.48M) | Time:00:00.74 | Mem:6.60M, Peak:6.60M | Scene, ViewLayer | Updating Integrator
Fra:36 Mem:205.52M (Peak 294.48M) | Time:00:00.74 | Mem:6.60M, Peak:6.60M | Scene, ViewLayer | Updating Film
Fra:36 Mem:205.52M (Peak 294.48M) | Time:00:00.74 | Mem:6.60M, Peak:6.60M | Scene, ViewLayer | Updating Lookup Tables
Fra:36 Mem:205.52M (Peak 294.48M) | Time:00:00.74 | Mem:6.60M, Peak:6.60M | Scene, ViewLayer | Updating Baking
Fra:36 Mem:205.52M (Peak 294.48M) | Time:00:00.74 | Mem:6.60M, Peak:6.60M | Scene, ViewLayer | Updating Device | Writing constant memory
Fra:36 Mem:205.52M (Peak 294.48M) | Time:00:00.74 | Mem:6.60M, Peak:6.60M | Scene, ViewLayer | Sample 0/24
Fra:36 Mem:205.52M (Peak 294.48M) | Time:00:01.56 | Remaining:00:18.84 | Mem:6.60M, Peak:6.60M | Scene, ViewLayer | Sample 1/24
Fra:36 Mem:205.52M (Peak 294.48M) | Time:00:02.35 | Remaining:00:17.66 | Mem:6.60M, Peak:6.60M | Scene, ViewLayer | Sample 2/24
Fra:36 Mem:241.12M (Peak 294.52M) | Time:00:18.42 | Mem:6.60M, Peak:6.60M | Scene, ViewLayer | Sample 24/24
Fra:36 Mem:241.12M (Peak 294.52M) | Time:00:18.42 | Mem:6.60M, Peak:6.60M | Scene, ViewLayer | Finished
Saved: 'C:\Work\domin8te-build\daysky\out\a\f0036.png'
Time: 00:18.78 (Saving: 00:00.36)

Fra:37 Mem:205.53M (Peak 294.52M) | Time:00:01.27 | Mem:6.60M, Peak:6.60M | Scene, ViewLayer | Synchronizing object | t0
Fra:37 Mem:207.34M (Peak 294.52M) | Time:00:01.27 | Mem:6.60M, Peak:6.60M | Scene, ViewLayer | Synchronizing object | main_vol
Fra:37 Mem:207.26M (Peak 294.52M) | Time:00:01.27 | Mem:6.60M, Peak:6.60M | Scene, ViewLayer | Synchronizing object | far_vol
Fra:37 Mem:207.20M (Peak 294.52M) | Time:00:01.27 | Mem:6.60M, Peak:6.60M | Scene, ViewLayer | Synchronizing object | near_vol
Fra:37 Mem:205.36M (Peak 294.52M) | Time:00:01.27 | Mem:6.60M, Peak:6.60M | Scene, ViewLayer | Initializing
Fra:37 Mem:205.36M (Peak 294.52M) | Time:00:01.27 | Mem:6.60M, Peak:6.60M | Scene, ViewLayer | Waiting for render to start
Fra:37 Mem:205.36M (Peak 294.52M) | Time:00:01.27 | Mem:6.60M, Peak:6.60M | Scene, ViewLayer | Updating Scene
Fra:37 Mem:205.36M (Peak 294.52M) | Time:00:01.27 | Mem:6.60M, Peak:6.60M | Scene, ViewLayer | Updating Shaders
Fra:37 Mem:205.36M (Peak 294.52M) | Time:00:01.27 | Mem:6.60M, Peak:6.60M | Scene, ViewLayer | Updating Background
Fra:37 Mem:205.36M (Peak 294.52M) | Time:00:01.27 | Mem:6.60M, Peak:6.60M | Scene, ViewLayer | Updating Camera
Fra:37 Mem:205.36M (Peak 294.52M) | Time:00:01.27 | Mem:6.60M, Peak:6.60M | Scene, ViewLayer | Updating Meshes Flags
Fra:37 Mem:205.36M (Peak 294.52M) | Time:00:01.27 | Mem:6.60M, Peak:6.60M | Scene, ViewLayer | Updating Meshes Volume Bounds
Fra:37 Mem:205.36M (Peak 294.52M) | Time:00:01.27 | Mem:6.60M, Peak:6.60M | Scene, ViewLayer | Updating Volume Images
Fra:37 Mem:205.36M (Peak 294.52M) | Time:00:01.27 | Mem:6.60M, Peak:6.60M | Scene, ViewLayer | Updating Mesh | Computing Volume Mesh main_vol
Fra:37 Mem:205.43M (Peak 294.52M) | Time:00:01.30 | Mem:6.60M, Peak:6.60M | Scene, ViewLayer | Updating Mesh | Computing Volume Mesh far_vol
Fra:37 Mem:205.46M (Peak 294.52M) | Time:00:01.31 | Mem:6.60M, Peak:6.60M | Scene, ViewLayer | Updating Mesh | Computing Volume Mesh near_vol
Fra:37 Mem:205.48M (Peak 294.52M) | Time:00:01.32 | Mem:6.60M, Peak:6.60M | Scene, ViewLayer | Updating Objects
Fra:37 Mem:205.48M (Peak 294.52M) | Time:00:01.32 | Mem:6.60M, Peak:6.60M | Scene, ViewLayer | Updating Objects | Copying Transformations to device
Fra:37 Mem:205.48M (Peak 294.52M) | Time:00:01.32 | Mem:6.60M, Peak:6.60M | Scene, ViewLayer | Updating Particle Systems
Fra:37 Mem:205.48M (Peak 294.52M) | Time:00:01.32 | Mem:6.60M, Peak:6.60M | Scene, ViewLayer | Updating Meshes
Fra:37 Mem:203.90M (Peak 294.52M) | Time:00:01.32 | Mem:4.97M, Peak:6.60M | Scene, ViewLayer | Updating Objects | Applying Static Transformations
Fra:37 Mem:203.90M (Peak 294.52M) | Time:00:01.32 | Mem:4.97M, Peak:6.60M | Scene, ViewLayer | Updating Mesh | Computing attributes
Fra:37 Mem:204.18M (Peak 294.52M) | Time:00:01.32 | Mem:4.97M, Peak:6.60M | Scene, ViewLayer | Updating Mesh | Copying Attributes to device
Fra:37 Mem:204.18M (Peak 294.52M) | Time:00:01.32 | Mem:5.26M, Peak:6.60M | Scene, ViewLayer | Updating Geometry BVH main_vol 2/4 | Building BVH
Fra:37 Mem:204.18M (Peak 294.52M) | Time:00:01.32 | Mem:5.26M, Peak:6.60M | Scene, ViewLayer | Updating Geometry BVH t0 5/4 | Building BVH
Fra:37 Mem:204.18M (Peak 294.52M) | Time:00:01.32 | Mem:5.26M, Peak:6.60M | Scene, ViewLayer | Updating Geometry BVH far_vol 3/4 | Building OptiX acceleration structure
Fra:37 Mem:205.12M (Peak 294.52M) | Time:00:01.32 | Mem:5.26M, Peak:6.60M | Scene, ViewLayer | Updating Geometry BVH near_vol 4/4 | Building BVH
Fra:37 Mem:205.12M (Peak 294.52M) | Time:00:01.32 | Mem:5.26M, Peak:6.60M | Scene, ViewLayer | Updating Geometry BVH near_vol 4/4 | Building OptiX acceleration structure
Fra:37 Mem:204.18M (Peak 294.52M) | Time:00:01.33 | Mem:5.26M, Peak:6.60M | Scene, ViewLayer | Updating Scene BVH | Building
Fra:37 Mem:204.18M (Peak 294.52M) | Time:00:01.33 | Mem:5.26M, Peak:6.60M | Scene, ViewLayer | Updating Scene BVH | Building OptiX acceleration structure
Fra:37 Mem:204.18M (Peak 294.52M) | Time:00:01.33 | Mem:5.26M, Peak:6.60M | Scene, ViewLayer | Updating Scene BVH | Building BVH
Fra:37 Mem:204.18M (Peak 294.52M) | Time:00:01.33 | Mem:5.26M, Peak:6.60M | Scene, ViewLayer | Updating Scene BVH | Building BVH 0%
Fra:37 Mem:204.18M (Peak 294.52M) | Time:00:01.34 | Mem:5.26M, Peak:6.60M | Scene, ViewLayer | Updating Scene BVH | Copying BVH to device
Fra:37 Mem:204.18M (Peak 294.52M) | Time:00:01.34 | Mem:5.26M, Peak:6.60M | Scene, ViewLayer | Updating Mesh | Computing normals
Fra:37 Mem:205.53M (Peak 294.52M) | Time:00:01.34 | Mem:5.26M, Peak:6.60M | Scene, ViewLayer | Updating Mesh | Copying Mesh to device
Fra:37 Mem:205.53M (Peak 294.52M) | Time:00:01.35 | Mem:6.60M, Peak:6.60M | Scene, ViewLayer | Updating Objects Flags
Fra:37 Mem:205.53M (Peak 294.52M) | Time:00:01.47 | Mem:6.60M, Peak:6.60M | Scene, ViewLayer | Updating Primitive Offsets
Fra:37 Mem:205.53M (Peak 294.52M) | Time:00:01.47 | Mem:6.60M, Peak:6.60M | Scene, ViewLayer | Updating Images
Fra:37 Mem:202.63M (Peak 294.52M) | Time:00:01.47 | Mem:6.60M, Peak:6.60M | Scene, ViewLayer | Updating Images | Loading density
Fra:37 Mem:205.55M (Peak 294.52M) | Time:00:01.47 | Mem:6.63M, Peak:7.36M | Scene, ViewLayer | Updating Camera Volume
Fra:37 Mem:205.55M (Peak 294.52M) | Time:00:01.47 | Mem:6.63M, Peak:7.36M | Scene, ViewLayer | Updating Lookup Tables
Fra:37 Mem:205.55M (Peak 294.52M) | Time:00:01.47 | Mem:6.63M, Peak:7.36M | Scene, ViewLayer | Updating Lights
Fra:37 Mem:205.55M (Peak 294.52M) | Time:00:01.47 | Mem:6.63M, Peak:7.36M | Scene, ViewLayer | Updating Lights | Computing tree
Fra:37 Mem:205.55M (Peak 294.52M) | Time:00:01.47 | Mem:6.63M, Peak:7.36M | Scene, ViewLayer | Updating Integrator
Fra:37 Mem:205.55M (Peak 294.52M) | Time:00:01.47 | Mem:6.63M, Peak:7.36M | Scene, ViewLayer | Updating Film
Fra:37 Mem:205.55M (Peak 294.52M) | Time:00:01.47 | Mem:6.63M, Peak:7.36M | Scene, ViewLayer | Updating Lookup Tables
Fra:37 Mem:205.55M (Peak 294.52M) | Time:00:01.47 | Mem:6.63M, Peak:7.36M | Scene, ViewLayer | Updating Baking
Fra:37 Mem:205.55M (Peak 294.52M) | Time:00:01.47 | Mem:6.63M, Peak:7.36M | Scene, ViewLayer | Updating Device | Writing constant memory
Fra:37 Mem:205.55M (Peak 294.52M) | Time:00:01.47 | Mem:6.63M, Peak:7.36M | Scene, ViewLayer | Sample 0/24
Fra:37 Mem:205.55M (Peak 294.52M) | Time:00:02.50 | Remaining:00:23.53 | Mem:6.63M, Peak:7.36M | Scene, ViewLayer | Sample 1/24
Fra:37 Mem:205.55M (Peak 294.52M) | Time:00:03.41 | Remaining:00:21.31 | Mem:6.63M, Peak:91.17M | Scene, ViewLayer | Sample 2/24
Fra:37 Mem:205.55M (Peak 294.52M) | Time:00:04.46 | Remaining:00:20.91 | Mem:6.63M, Peak:91.17M | Scene, ViewLayer | Sample 3/24
Fra:37 Mem:205.55M (Peak 294.52M) | Time:00:05.56 | Remaining:00:20.43 | Mem:6.63M, Peak:91.17M | Scene, ViewLayer | Sample 4/24
Fra:37 Mem:205.55M (Peak 294.52M) | Time:00:06.54 | Remaining:00:19.25 | Mem:6.63M, Peak:91.17M | Scene, ViewLayer | Sample 5/24
Fra:37 Mem:205.55M (Peak 294.52M) | Time:00:07.45 | Remaining:00:17.92 | Mem:6.63M, Peak:91.17M | Scene, ViewLayer | Sample 6/24
Fra:37 Mem:241.15M (Peak 294.55M) | Time:00:21.10 | Mem:6.63M, Peak:91.17M | Scene, ViewLayer | Sample 24/24
Fra:37 Mem:241.15M (Peak 294.55M) | Time:00:21.10 | Mem:6.63M, Peak:91.17M | Scene, ViewLayer | Finished
Saved: 'C:\Work\domin8te-build\daysky\out\a\f0037.png'
Time: 00:21.45 (Saving: 00:00.34)

Fra:38 Mem:205.56M (Peak 294.55M) | Time:00:01.47 | Mem:6.63M, Peak:6.63M | Scene, ViewLayer | Synchronizing object | t0
Fra:38 Mem:205.56M (Peak 294.55M) | Time:00:01.47 | Mem:6.63M, Peak:6.63M | Scene, ViewLayer | Synchronizing object | main_vol
Fra:38 Mem:206.53M (Peak 294.55M) | Time:00:01.47 | Mem:6.63M, Peak:6.63M | Scene, ViewLayer | Synchronizing object | far_vol
Fra:38 Mem:206.47M (Peak 294.55M) | Time:00:01.47 | Mem:6.63M, Peak:6.63M | Scene, ViewLayer | Synchronizing object | near_vol
Fra:38 Mem:205.40M (Peak 294.55M) | Time:00:01.47 | Mem:6.63M, Peak:6.63M | Scene, ViewLayer | Initializing
Fra:38 Mem:205.39M (Peak 294.55M) | Time:00:01.47 | Mem:6.63M, Peak:6.63M | Scene, ViewLayer | Waiting for render to start
Fra:38 Mem:205.39M (Peak 294.55M) | Time:00:01.47 | Mem:6.63M, Peak:6.63M | Scene, ViewLayer | Updating Scene
Fra:38 Mem:205.39M (Peak 294.55M) | Time:00:01.47 | Mem:6.63M, Peak:6.63M | Scene, ViewLayer | Updating Shaders
Fra:38 Mem:205.39M (Peak 294.55M) | Time:00:01.48 | Mem:6.63M, Peak:6.63M | Scene, ViewLayer | Updating Background
Fra:38 Mem:205.39M (Peak 294.55M) | Time:00:01.48 | Mem:6.63M, Peak:6.63M | Scene, ViewLayer | Updating Camera
Fra:38 Mem:205.39M (Peak 294.55M) | Time:00:01.48 | Mem:6.63M, Peak:6.63M | Scene, ViewLayer | Updating Meshes Flags
Fra:38 Mem:205.39M (Peak 294.55M) | Time:00:01.48 | Mem:6.63M, Peak:6.63M | Scene, ViewLayer | Updating Meshes Volume Bounds
Fra:38 Mem:205.39M (Peak 294.55M) | Time:00:01.48 | Mem:6.63M, Peak:6.63M | Scene, ViewLayer | Updating Volume Images
Fra:38 Mem:205.39M (Peak 294.55M) | Time:00:01.48 | Mem:6.63M, Peak:6.63M | Scene, ViewLayer | Updating Mesh | Computing Volume Mesh main_vol
Fra:38 Mem:205.46M (Peak 294.55M) | Time:00:01.51 | Mem:6.63M, Peak:6.63M | Scene, ViewLayer | Updating Mesh | Computing Volume Mesh far_vol
Fra:38 Mem:205.50M (Peak 294.55M) | Time:00:01.53 | Mem:6.63M, Peak:6.63M | Scene, ViewLayer | Updating Mesh | Computing Volume Mesh near_vol
Fra:38 Mem:205.52M (Peak 294.55M) | Time:00:01.54 | Mem:6.63M, Peak:6.63M | Scene, ViewLayer | Updating Objects
Fra:38 Mem:205.52M (Peak 294.55M) | Time:00:01.54 | Mem:6.63M, Peak:6.63M | Scene, ViewLayer | Updating Objects | Copying Transformations to device
Fra:38 Mem:205.52M (Peak 294.55M) | Time:00:01.54 | Mem:6.63M, Peak:6.63M | Scene, ViewLayer | Updating Particle Systems
Fra:38 Mem:205.52M (Peak 294.55M) | Time:00:01.54 | Mem:6.63M, Peak:6.63M | Scene, ViewLayer | Updating Meshes
Fra:38 Mem:203.93M (Peak 294.55M) | Time:00:01.54 | Mem:5.00M, Peak:6.63M | Scene, ViewLayer | Updating Objects | Applying Static Transformations
Fra:38 Mem:203.93M (Peak 294.55M) | Time:00:01.54 | Mem:5.00M, Peak:6.63M | Scene, ViewLayer | Updating Mesh | Computing attributes
Fra:38 Mem:204.22M (Peak 294.55M) | Time:00:01.54 | Mem:5.00M, Peak:6.63M | Scene, ViewLayer | Updating Mesh | Copying Attributes to device
Fra:38 Mem:204.21M (Peak 294.55M) | Time:00:01.55 | Mem:5.29M, Peak:6.63M | Scene, ViewLayer | Updating Geometry BVH main_vol 2/4 | Building BVH
Fra:38 Mem:204.21M (Peak 294.55M) | Time:00:01.55 | Mem:5.29M, Peak:6.63M | Scene, ViewLayer | Updating Geometry BVH t0 5/4 | Building BVH
Fra:38 Mem:204.21M (Peak 294.55M) | Time:00:01.55 | Mem:5.29M, Peak:6.63M | Scene, ViewLayer | Updating Geometry BVH t0 5/4 | Building OptiX acceleration structure
Fra:38 Mem:204.21M (Peak 294.55M) | Time:00:01.55 | Mem:5.29M, Peak:6.63M | Scene, ViewLayer | Updating Scene BVH | Building
Fra:38 Mem:204.21M (Peak 294.55M) | Time:00:01.55 | Mem:5.29M, Peak:6.63M | Scene, ViewLayer | Updating Scene BVH | Building OptiX acceleration structure
Fra:38 Mem:204.21M (Peak 294.55M) | Time:00:01.55 | Mem:5.29M, Peak:6.63M | Scene, ViewLayer | Updating Scene BVH | Building BVH
Fra:38 Mem:204.21M (Peak 294.55M) | Time:00:01.55 | Mem:5.29M, Peak:6.63M | Scene, ViewLayer | Updating Scene BVH | Building BVH 0%
Fra:38 Mem:204.21M (Peak 294.55M) | Time:00:01.57 | Mem:5.29M, Peak:6.63M | Scene, ViewLayer | Updating Scene BVH | Copying BVH to device
Fra:38 Mem:204.21M (Peak 294.55M) | Time:00:01.57 | Mem:5.29M, Peak:6.63M | Scene, ViewLayer | Updating Mesh | Computing normals
Fra:38 Mem:205.56M (Peak 294.55M) | Time:00:01.57 | Mem:5.29M, Peak:6.63M | Scene, ViewLayer | Updating Mesh | Copying Mesh to device
Fra:38 Mem:205.56M (Peak 294.55M) | Time:00:01.57 | Mem:6.63M, Peak:6.63M | Scene, ViewLayer | Updating Objects Flags
Fra:38 Mem:205.56M (Peak 294.55M) | Time:00:01.63 | Mem:6.63M, Peak:6.63M | Scene, ViewLayer | Updating Primitive Offsets
Fra:38 Mem:205.56M (Peak 294.55M) | Time:00:01.63 | Mem:6.63M, Peak:6.63M | Scene, ViewLayer | Updating Images
Fra:38 Mem:200.64M (Peak 294.55M) | Time:00:01.64 | Mem:1.72M, Peak:6.63M | Scene, ViewLayer | Updating Images | Loading density
Fra:38 Mem:205.57M (Peak 294.55M) | Time:00:01.64 | Mem:6.65M, Peak:6.65M | Scene, ViewLayer | Updating Camera Volume
Fra:38 Mem:205.57M (Peak 294.55M) | Time:00:01.64 | Mem:6.65M, Peak:6.65M | Scene, ViewLayer | Updating Lookup Tables
Fra:38 Mem:205.57M (Peak 294.55M) | Time:00:01.64 | Mem:6.65M, Peak:6.65M | Scene, ViewLayer | Updating Lights
Fra:38 Mem:205.57M (Peak 294.55M) | Time:00:01.64 | Mem:6.65M, Peak:6.65M | Scene, ViewLayer | Updating Lights | Computing tree
Fra:38 Mem:205.57M (Peak 294.55M) | Time:00:01.64 | Mem:6.65M, Peak:6.65M | Scene, ViewLayer | Updating Integrator
Fra:38 Mem:205.57M (Peak 294.55M) | Time:00:01.64 | Mem:6.65M, Peak:6.65M | Scene, ViewLayer | Updating Film
Fra:38 Mem:205.57M (Peak 294.55M) | Time:00:01.64 | Mem:6.65M, Peak:6.65M | Scene, ViewLayer | Updating Lookup Tables
Fra:38 Mem:205.57M (Peak 294.55M) | Time:00:01.64 | Mem:6.65M, Peak:6.65M | Scene, ViewLayer | Updating Baking
Fra:38 Mem:205.57M (Peak 294.55M) | Time:00:01.64 | Mem:6.65M, Peak:6.65M | Scene, ViewLayer | Updating Device | Writing constant memory
Fra:38 Mem:205.57M (Peak 294.55M) | Time:00:01.64 | Mem:6.65M, Peak:6.65M | Scene, ViewLayer | Sample 0/24
Fra:38 Mem:205.57M (Peak 294.55M) | Time:00:02.54 | Remaining:00:20.57 | Mem:6.65M, Peak:6.65M | Scene, ViewLayer | Sample 1/24
Fra:38 Mem:205.57M (Peak 294.55M) | Time:00:03.65 | Remaining:00:22.13 | Mem:6.65M, Peak:91.19M | Scene, ViewLayer | Sample 2/24
Fra:38 Mem:205.57M (Peak 294.55M) | Time:00:04.68 | Remaining:00:21.28 | Mem:6.65M, Peak:91.19M | Scene, ViewLayer | Sample 3/24
Fra:38 Mem:205.57M (Peak 294.55M) | Time:00:05.79 | Remaining:00:20.74 | Mem:6.65M, Peak:91.19M | Scene, ViewLayer | Sample 4/24
Fra:38 Mem:205.57M (Peak 294.55M) | Time:00:06.63 | Remaining:00:18.95 | Mem:6.65M, Peak:91.19M | Scene, ViewLayer | Sample 5/24
Fra:38 Mem:241.17M (Peak 294.57M) | Time:00:22.17 | Mem:6.65M, Peak:91.19M | Scene, ViewLayer | Sample 24/24
Fra:38 Mem:241.17M (Peak 294.57M) | Time:00:22.17 | Mem:6.65M, Peak:91.19M | Scene, ViewLayer | Finished
Saved: 'C:\Work\domin8te-build\daysky\out\a\f0038.png'
Time: 00:22.40 (Saving: 00:00.23)

Fra:39 Mem:205.58M (Peak 294.57M) | Time:00:00.90 | Mem:6.65M, Peak:6.65M | Scene, ViewLayer | Synchronizing object | t0
Fra:39 Mem:206.63M (Peak 294.57M) | Time:00:00.90 | Mem:6.65M, Peak:6.65M | Scene, ViewLayer | Synchronizing object | main_vol
Fra:39 Mem:206.54M (Peak 294.57M) | Time:00:00.90 | Mem:6.65M, Peak:6.65M | Scene, ViewLayer | Synchronizing object | far_vol
Fra:39 Mem:206.49M (Peak 294.57M) | Time:00:00.90 | Mem:6.65M, Peak:6.65M | Scene, ViewLayer | Synchronizing object | near_vol
Fra:39 Mem:205.41M (Peak 294.57M) | Time:00:00.90 | Mem:6.65M, Peak:6.65M | Scene, ViewLayer | Initializing
Fra:39 Mem:205.41M (Peak 294.57M) | Time:00:00.90 | Mem:6.65M, Peak:6.65M | Scene, ViewLayer | Waiting for render to start
Fra:39 Mem:205.41M (Peak 294.57M) | Time:00:00.90 | Mem:6.65M, Peak:6.65M | Scene, ViewLayer | Updating Scene
Fra:39 Mem:205.41M (Peak 294.57M) | Time:00:00.90 | Mem:6.65M, Peak:6.65M | Scene, ViewLayer | Updating Shaders
Fra:39 Mem:205.41M (Peak 294.57M) | Time:00:00.90 | Mem:6.65M, Peak:6.65M | Scene, ViewLayer | Updating Background
Fra:39 Mem:205.41M (Peak 294.57M) | Time:00:00.90 | Mem:6.65M, Peak:6.65M | Scene, ViewLayer | Updating Camera
Fra:39 Mem:205.41M (Peak 294.57M) | Time:00:00.90 | Mem:6.65M, Peak:6.65M | Scene, ViewLayer | Updating Meshes Flags
Fra:39 Mem:205.41M (Peak 294.57M) | Time:00:00.90 | Mem:6.65M, Peak:6.65M | Scene, ViewLayer | Updating Meshes Volume Bounds
Fra:39 Mem:205.41M (Peak 294.57M) | Time:00:00.90 | Mem:6.65M, Peak:6.65M | Scene, ViewLayer | Updating Volume Images
Fra:39 Mem:205.41M (Peak 294.57M) | Time:00:00.90 | Mem:6.65M, Peak:6.65M | Scene, ViewLayer | Updating Mesh | Computing Volume Mesh main_vol
Fra:39 Mem:205.47M (Peak 294.57M) | Time:00:00.93 | Mem:6.65M, Peak:6.65M | Scene, ViewLayer | Updating Mesh | Computing Volume Mesh far_vol
Fra:39 Mem:205.51M (Peak 294.57M) | Time:00:00.94 | Mem:6.65M, Peak:6.65M | Scene, ViewLayer | Updating Mesh | Computing Volume Mesh near_vol
Fra:39 Mem:205.53M (Peak 294.57M) | Time:00:00.95 | Mem:6.65M, Peak:6.65M | Scene, ViewLayer | Updating Objects
Fra:39 Mem:205.53M (Peak 294.57M) | Time:00:00.95 | Mem:6.65M, Peak:6.65M | Scene, ViewLayer | Updating Objects | Copying Transformations to device
Fra:39 Mem:205.53M (Peak 294.57M) | Time:00:00.95 | Mem:6.65M, Peak:6.65M | Scene, ViewLayer | Updating Particle Systems
Fra:39 Mem:205.53M (Peak 294.57M) | Time:00:00.95 | Mem:6.65M, Peak:6.65M | Scene, ViewLayer | Updating Meshes
Fra:39 Mem:203.95M (Peak 294.57M) | Time:00:00.95 | Mem:5.02M, Peak:6.65M | Scene, ViewLayer | Updating Objects | Applying Static Transformations
Fra:39 Mem:203.95M (Peak 294.57M) | Time:00:00.95 | Mem:5.02M, Peak:6.65M | Scene, ViewLayer | Updating Mesh | Computing attributes
Fra:39 Mem:204.23M (Peak 294.57M) | Time:00:00.95 | Mem:5.02M, Peak:6.65M | Scene, ViewLayer | Updating Mesh | Copying Attributes to device
Fra:39 Mem:204.23M (Peak 294.57M) | Time:00:00.95 | Mem:5.31M, Peak:6.65M | Scene, ViewLayer | Updating Geometry BVH t0 5/4 | Building BVH
Fra:39 Mem:204.23M (Peak 294.57M) | Time:00:00.95 | Mem:5.31M, Peak:6.65M | Scene, ViewLayer | Updating Geometry BVH t0 5/4 | Building OptiX acceleration structure
Fra:39 Mem:205.09M (Peak 294.57M) | Time:00:00.95 | Mem:5.31M, Peak:6.65M | Scene, ViewLayer | Updating Geometry BVH main_vol 2/4 | Building BVH
Fra:39 Mem:205.09M (Peak 294.57M) | Time:00:00.95 | Mem:5.31M, Peak:6.65M | Scene, ViewLayer | Updating Geometry BVH main_vol 2/4 | Building OptiX acceleration structure
Fra:39 Mem:205.14M (Peak 294.57M) | Time:00:00.95 | Mem:5.31M, Peak:6.65M | Scene, ViewLayer | Updating Geometry BVH far_vol 3/4 | Building BVH
Fra:39 Mem:205.14M (Peak 294.57M) | Time:00:00.95 | Mem:5.31M, Peak:6.65M | Scene, ViewLayer | Updating Geometry BVH near_vol 4/4 | Building BVH
Fra:39 Mem:205.14M (Peak 294.57M) | Time:00:00.95 | Mem:5.31M, Peak:6.65M | Scene, ViewLayer | Updating Geometry BVH near_vol 4/4 | Building OptiX acceleration structure
Fra:39 Mem:204.23M (Peak 294.57M) | Time:00:00.96 | Mem:5.31M, Peak:6.65M | Scene, ViewLayer | Updating Scene BVH | Building
Fra:39 Mem:204.23M (Peak 294.57M) | Time:00:00.96 | Mem:5.31M, Peak:6.65M | Scene, ViewLayer | Updating Scene BVH | Building OptiX acceleration structure
Fra:39 Mem:204.23M (Peak 294.57M) | Time:00:00.96 | Mem:5.31M, Peak:6.65M | Scene, ViewLayer | Updating Scene BVH | Building BVH
Fra:39 Mem:204.23M (Peak 294.57M) | Time:00:00.96 | Mem:5.31M, Peak:6.65M | Scene, ViewLayer | Updating Scene BVH | Building BVH 0%
Fra:39 Mem:204.23M (Peak 294.57M) | Time:00:00.98 | Mem:5.31M, Peak:6.65M | Scene, ViewLayer | Updating Scene BVH | Copying BVH to device
Fra:39 Mem:204.23M (Peak 294.57M) | Time:00:00.98 | Mem:5.31M, Peak:6.65M | Scene, ViewLayer | Updating Mesh | Computing normals
Fra:39 Mem:205.57M (Peak 294.57M) | Time:00:00.98 | Mem:5.31M, Peak:6.65M | Scene, ViewLayer | Updating Mesh | Copying Mesh to device
Fra:39 Mem:205.57M (Peak 294.57M) | Time:00:00.98 | Mem:6.65M, Peak:6.65M | Scene, ViewLayer | Updating Objects Flags
Fra:39 Mem:205.57M (Peak 294.57M) | Time:00:01.06 | Mem:6.65M, Peak:6.65M | Scene, ViewLayer | Updating Primitive Offsets
Fra:39 Mem:205.57M (Peak 294.57M) | Time:00:01.06 | Mem:6.65M, Peak:6.65M | Scene, ViewLayer | Updating Images
Fra:39 Mem:202.65M (Peak 294.57M) | Time:00:01.07 | Mem:6.65M, Peak:6.65M | Scene, ViewLayer | Updating Images | Loading density
Fra:39 Mem:205.59M (Peak 294.57M) | Time:00:01.07 | Mem:6.67M, Peak:7.40M | Scene, ViewLayer | Updating Camera Volume
Fra:39 Mem:205.59M (Peak 294.57M) | Time:00:01.07 | Mem:6.67M, Peak:7.40M | Scene, ViewLayer | Updating Lookup Tables
Fra:39 Mem:205.59M (Peak 294.57M) | Time:00:01.07 | Mem:6.67M, Peak:7.40M | Scene, ViewLayer | Updating Lights
Fra:39 Mem:205.59M (Peak 294.57M) | Time:00:01.07 | Mem:6.67M, Peak:7.40M | Scene, ViewLayer | Updating Lights | Computing tree
Fra:39 Mem:205.59M (Peak 294.57M) | Time:00:01.07 | Mem:6.67M, Peak:7.40M | Scene, ViewLayer | Updating Integrator
Fra:39 Mem:205.59M (Peak 294.57M) | Time:00:01.07 | Mem:6.67M, Peak:7.40M | Scene, ViewLayer | Updating Film
Fra:39 Mem:205.59M (Peak 294.57M) | Time:00:01.07 | Mem:6.67M, Peak:7.40M | Scene, ViewLayer | Updating Lookup Tables
Fra:39 Mem:205.59M (Peak 294.57M) | Time:00:01.07 | Mem:6.67M, Peak:7.40M | Scene, ViewLayer | Updating Baking
Fra:39 Mem:205.59M (Peak 294.57M) | Time:00:01.07 | Mem:6.67M, Peak:7.40M | Scene, ViewLayer | Updating Device | Writing constant memory
Fra:39 Mem:205.59M (Peak 294.57M) | Time:00:01.07 | Mem:6.67M, Peak:7.40M | Scene, ViewLayer | Sample 0/24
Fra:39 Mem:205.59M (Peak 294.57M) | Time:00:02.08 | Remaining:00:23.18 | Mem:6.67M, Peak:7.40M | Scene, ViewLayer | Sample 1/24
Fra:39 Mem:205.59M (Peak 294.57M) | Time:00:03.04 | Remaining:00:21.67 | Mem:6.67M, Peak:7.40M | Scene, ViewLayer | Sample 2/24
Fra:39 Mem:241.19M (Peak 294.59M) | Time:00:20.87 | Mem:6.67M, Peak:7.40M | Scene, ViewLayer | Sample 24/24
Fra:39 Mem:241.19M (Peak 294.59M) | Time:00:20.87 | Mem:6.67M, Peak:7.40M | Scene, ViewLayer | Finished
Saved: 'C:\Work\domin8te-build\daysky\out\a\f0039.png'
Time: 00:21.51 (Saving: 00:00.63)

Fra:40 Mem:205.60M (Peak 294.59M) | Time:00:00.79 | Mem:6.67M, Peak:6.67M | Scene, ViewLayer | Synchronizing object | main_vol
Fra:40 Mem:205.51M (Peak 294.59M) | Time:00:00.79 | Mem:6.67M, Peak:6.67M | Scene, ViewLayer | Synchronizing object | t0
Fra:40 Mem:205.43M (Peak 294.59M) | Time:00:00.79 | Mem:6.67M, Peak:6.67M | Scene, ViewLayer | Initializing
Fra:40 Mem:205.43M (Peak 294.59M) | Time:00:00.79 | Mem:6.67M, Peak:6.67M | Scene, ViewLayer | Waiting for render to start
Fra:40 Mem:205.43M (Peak 294.59M) | Time:00:00.79 | Mem:6.67M, Peak:6.67M | Scene, ViewLayer | Updating Scene
Fra:40 Mem:205.43M (Peak 294.59M) | Time:00:00.79 | Mem:6.67M, Peak:6.67M | Scene, ViewLayer | Updating Shaders
Fra:40 Mem:205.43M (Peak 294.59M) | Time:00:00.79 | Mem:6.67M, Peak:6.67M | Scene, ViewLayer | Updating Background
Fra:40 Mem:205.43M (Peak 294.59M) | Time:00:00.79 | Mem:6.67M, Peak:6.67M | Scene, ViewLayer | Updating Camera
Fra:40 Mem:205.43M (Peak 294.59M) | Time:00:00.79 | Mem:6.67M, Peak:6.67M | Scene, ViewLayer | Updating Meshes Flags
Fra:40 Mem:205.43M (Peak 294.59M) | Time:00:00.79 | Mem:6.67M, Peak:6.67M | Scene, ViewLayer | Updating Meshes Volume Bounds
Fra:40 Mem:205.43M (Peak 294.59M) | Time:00:00.79 | Mem:6.67M, Peak:6.67M | Scene, ViewLayer | Updating Volume Images
Fra:40 Mem:205.43M (Peak 294.59M) | Time:00:00.79 | Mem:6.67M, Peak:6.67M | Scene, ViewLayer | Updating Mesh | Computing Volume Mesh main_vol
Fra:40 Mem:205.50M (Peak 294.59M) | Time:00:00.81 | Mem:6.67M, Peak:6.67M | Scene, ViewLayer | Updating Mesh | Computing Volume Mesh far_vol
Fra:40 Mem:205.54M (Peak 294.59M) | Time:00:00.82 | Mem:6.67M, Peak:6.67M | Scene, ViewLayer | Updating Mesh | Computing Volume Mesh near_vol
Fra:40 Mem:205.56M (Peak 294.59M) | Time:00:00.82 | Mem:6.67M, Peak:6.67M | Scene, ViewLayer | Updating Objects
Fra:40 Mem:205.56M (Peak 294.59M) | Time:00:00.82 | Mem:6.67M, Peak:6.67M | Scene, ViewLayer | Updating Objects | Copying Transformations to device
Fra:40 Mem:205.56M (Peak 294.59M) | Time:00:00.82 | Mem:6.67M, Peak:6.67M | Scene, ViewLayer | Updating Particle Systems
Fra:40 Mem:205.56M (Peak 294.59M) | Time:00:00.82 | Mem:6.67M, Peak:6.67M | Scene, ViewLayer | Updating Meshes
Fra:40 Mem:203.97M (Peak 294.59M) | Time:00:00.82 | Mem:5.04M, Peak:6.67M | Scene, ViewLayer | Updating Objects | Applying Static Transformations
Fra:40 Mem:203.97M (Peak 294.59M) | Time:00:00.83 | Mem:5.04M, Peak:6.67M | Scene, ViewLayer | Updating Mesh | Computing attributes
Fra:40 Mem:204.26M (Peak 294.59M) | Time:00:00.83 | Mem:5.04M, Peak:6.67M | Scene, ViewLayer | Updating Mesh | Copying Attributes to device
Fra:40 Mem:204.25M (Peak 294.59M) | Time:00:00.83 | Mem:5.33M, Peak:6.67M | Scene, ViewLayer | Updating Geometry BVH main_vol 2/4 | Building BVH
Fra:40 Mem:204.25M (Peak 294.59M) | Time:00:00.83 | Mem:5.33M, Peak:6.67M | Scene, ViewLayer | Updating Geometry BVH near_vol 4/4 | Building BVH
Fra:40 Mem:204.25M (Peak 294.59M) | Time:00:00.83 | Mem:5.33M, Peak:6.67M | Scene, ViewLayer | Updating Geometry BVH near_vol 4/4 | Building OptiX acceleration structure
Fra:40 Mem:204.25M (Peak 294.59M) | Time:00:00.83 | Mem:5.33M, Peak:6.67M | Scene, ViewLayer | Updating Geometry BVH t0 5/4 | Building OptiX acceleration structure
Fra:40 Mem:204.25M (Peak 294.59M) | Time:00:00.83 | Mem:5.33M, Peak:6.67M | Scene, ViewLayer | Updating Scene BVH | Building
Fra:40 Mem:204.25M (Peak 294.59M) | Time:00:00.83 | Mem:5.33M, Peak:6.67M | Scene, ViewLayer | Updating Scene BVH | Building OptiX acceleration structure
Fra:40 Mem:204.25M (Peak 294.59M) | Time:00:00.83 | Mem:5.33M, Peak:6.67M | Scene, ViewLayer | Updating Scene BVH | Building BVH
Fra:40 Mem:204.25M (Peak 294.59M) | Time:00:00.83 | Mem:5.33M, Peak:6.67M | Scene, ViewLayer | Updating Scene BVH | Building BVH 0%
Fra:40 Mem:204.25M (Peak 294.59M) | Time:00:00.84 | Mem:5.33M, Peak:6.67M | Scene, ViewLayer | Updating Scene BVH | Copying BVH to device
Fra:40 Mem:204.25M (Peak 294.59M) | Time:00:00.84 | Mem:5.33M, Peak:6.67M | Scene, ViewLayer | Updating Mesh | Computing normals
Fra:40 Mem:205.60M (Peak 294.59M) | Time:00:00.84 | Mem:5.33M, Peak:6.67M | Scene, ViewLayer | Updating Mesh | Copying Mesh to device
Fra:40 Mem:205.60M (Peak 294.59M) | Time:00:00.84 | Mem:6.67M, Peak:6.67M | Scene, ViewLayer | Updating Objects Flags
Fra:40 Mem:205.60M (Peak 294.59M) | Time:00:00.87 | Mem:6.67M, Peak:6.67M | Scene, ViewLayer | Updating Primitive Offsets
Fra:40 Mem:205.60M (Peak 294.59M) | Time:00:00.87 | Mem:6.67M, Peak:6.67M | Scene, ViewLayer | Updating Images
Fra:40 Mem:200.65M (Peak 294.59M) | Time:00:00.87 | Mem:1.72M, Peak:6.67M | Scene, ViewLayer | Updating Images | Loading density
Fra:40 Mem:205.62M (Peak 294.59M) | Time:00:00.88 | Mem:6.69M, Peak:6.69M | Scene, ViewLayer | Updating Camera Volume
Fra:40 Mem:205.62M (Peak 294.59M) | Time:00:00.88 | Mem:6.69M, Peak:6.69M | Scene, ViewLayer | Updating Lookup Tables
Fra:40 Mem:205.62M (Peak 294.59M) | Time:00:00.88 | Mem:6.69M, Peak:6.69M | Scene, ViewLayer | Updating Lights
Fra:40 Mem:205.62M (Peak 294.59M) | Time:00:00.88 | Mem:6.69M, Peak:6.69M | Scene, ViewLayer | Updating Lights | Computing tree
Fra:40 Mem:205.62M (Peak 294.59M) | Time:00:00.88 | Mem:6.69M, Peak:6.69M | Scene, ViewLayer | Updating Integrator
Fra:40 Mem:205.62M (Peak 294.59M) | Time:00:00.88 | Mem:6.69M, Peak:6.69M | Scene, ViewLayer | Updating Film
Fra:40 Mem:205.62M (Peak 294.59M) | Time:00:00.88 | Mem:6.69M, Peak:6.69M | Scene, ViewLayer | Updating Lookup Tables
Fra:40 Mem:205.62M (Peak 294.59M) | Time:00:00.88 | Mem:6.69M, Peak:6.69M | Scene, ViewLayer | Updating Baking
Fra:40 Mem:205.62M (Peak 294.59M) | Time:00:00.88 | Mem:6.69M, Peak:6.69M | Scene, ViewLayer | Updating Device | Writing constant memory
Fra:40 Mem:205.62M (Peak 294.59M) | Time:00:00.88 | Mem:6.69M, Peak:6.69M | Scene, ViewLayer | Sample 0/24
Fra:40 Mem:205.62M (Peak 294.59M) | Time:00:01.97 | Remaining:00:25.15 | Mem:6.69M, Peak:6.69M | Scene, ViewLayer | Sample 1/24
Fra:40 Mem:205.62M (Peak 294.59M) | Time:00:03.13 | Remaining:00:24.76 | Mem:6.69M, Peak:6.69M | Scene, ViewLayer | Sample 2/24
Fra:40 Mem:241.22M (Peak 294.61M) | Time:00:21.68 | Mem:6.69M, Peak:6.69M | Scene, ViewLayer | Sample 24/24
Fra:40 Mem:241.22M (Peak 294.61M) | Time:00:21.68 | Mem:6.69M, Peak:6.69M | Scene, ViewLayer | Finished
Saved: 'C:\Work\domin8te-build\daysky\out\a\f0040.png'
Time: 00:22.33 (Saving: 00:00.64)

Fra:41 Mem:205.62M (Peak 294.61M) | Time:00:01.30 | Mem:6.69M, Peak:6.69M | Scene, ViewLayer | Synchronizing object | t0
Fra:41 Mem:205.62M (Peak 294.61M) | Time:00:01.30 | Mem:6.69M, Peak:6.69M | Scene, ViewLayer | Synchronizing object | far_vol
Fra:41 Mem:206.54M (Peak 294.61M) | Time:00:01.30 | Mem:6.69M, Peak:6.69M | Scene, ViewLayer | Synchronizing object | near_vol
Fra:41 Mem:205.46M (Peak 294.61M) | Time:00:01.30 | Mem:6.69M, Peak:6.69M | Scene, ViewLayer | Initializing
Fra:41 Mem:205.45M (Peak 294.61M) | Time:00:01.30 | Mem:6.69M, Peak:6.69M | Scene, ViewLayer | Waiting for render to start
Fra:41 Mem:205.45M (Peak 294.61M) | Time:00:01.30 | Mem:6.69M, Peak:6.69M | Scene, ViewLayer | Updating Scene
Fra:41 Mem:205.45M (Peak 294.61M) | Time:00:01.30 | Mem:6.69M, Peak:6.69M | Scene, ViewLayer | Updating Shaders
Fra:41 Mem:205.45M (Peak 294.61M) | Time:00:01.30 | Mem:6.69M, Peak:6.69M | Scene, ViewLayer | Updating Background
Fra:41 Mem:205.45M (Peak 294.61M) | Time:00:01.30 | Mem:6.69M, Peak:6.69M | Scene, ViewLayer | Updating Camera
Fra:41 Mem:205.45M (Peak 294.61M) | Time:00:01.30 | Mem:6.69M, Peak:6.69M | Scene, ViewLayer | Updating Meshes Flags
Fra:41 Mem:205.45M (Peak 294.61M) | Time:00:01.30 | Mem:6.69M, Peak:6.69M | Scene, ViewLayer | Updating Meshes Volume Bounds
Fra:41 Mem:205.45M (Peak 294.61M) | Time:00:01.30 | Mem:6.69M, Peak:6.69M | Scene, ViewLayer | Updating Volume Images
Fra:41 Mem:205.45M (Peak 294.61M) | Time:00:01.30 | Mem:6.69M, Peak:6.69M | Scene, ViewLayer | Updating Mesh | Computing Volume Mesh main_vol
Fra:41 Mem:205.52M (Peak 294.61M) | Time:00:01.35 | Mem:6.69M, Peak:6.69M | Scene, ViewLayer | Updating Mesh | Computing Volume Mesh far_vol
Fra:41 Mem:205.56M (Peak 294.61M) | Time:00:01.40 | Mem:6.69M, Peak:6.69M | Scene, ViewLayer | Updating Mesh | Computing Volume Mesh near_vol
Fra:41 Mem:205.58M (Peak 294.61M) | Time:00:01.42 | Mem:6.69M, Peak:6.69M | Scene, ViewLayer | Updating Objects
Fra:41 Mem:205.58M (Peak 294.61M) | Time:00:01.42 | Mem:6.69M, Peak:6.69M | Scene, ViewLayer | Updating Objects | Copying Transformations to device
Fra:41 Mem:205.58M (Peak 294.61M) | Time:00:01.42 | Mem:6.69M, Peak:6.69M | Scene, ViewLayer | Updating Particle Systems
Fra:41 Mem:205.58M (Peak 294.61M) | Time:00:01.42 | Mem:6.69M, Peak:6.69M | Scene, ViewLayer | Updating Meshes
Fra:41 Mem:203.99M (Peak 294.61M) | Time:00:01.42 | Mem:5.06M, Peak:6.69M | Scene, ViewLayer | Updating Objects | Applying Static Transformations
Fra:41 Mem:203.99M (Peak 294.61M) | Time:00:01.42 | Mem:5.06M, Peak:6.69M | Scene, ViewLayer | Updating Mesh | Computing attributes
Fra:41 Mem:204.28M (Peak 294.61M) | Time:00:01.42 | Mem:5.06M, Peak:6.69M | Scene, ViewLayer | Updating Mesh | Copying Attributes to device
Fra:41 Mem:204.28M (Peak 294.61M) | Time:00:01.43 | Mem:5.35M, Peak:6.69M | Scene, ViewLayer | Updating Geometry BVH t0 5/4 | Building BVH
Fra:41 Mem:204.28M (Peak 294.61M) | Time:00:01.43 | Mem:5.35M, Peak:6.69M | Scene, ViewLayer | Updating Geometry BVH t0 5/4 | Building OptiX acceleration structure
Fra:41 Mem:205.13M (Peak 294.61M) | Time:00:01.43 | Mem:5.35M, Peak:6.69M | Scene, ViewLayer | Updating Geometry BVH main_vol 2/4 | Building BVH
Fra:41 Mem:205.13M (Peak 294.61M) | Time:00:01.43 | Mem:5.35M, Peak:6.69M | Scene, ViewLayer | Updating Geometry BVH main_vol 2/4 | Building OptiX acceleration structure
Fra:41 Mem:205.18M (Peak 294.61M) | Time:00:01.43 | Mem:5.35M, Peak:6.69M | Scene, ViewLayer | Updating Geometry BVH far_vol 3/4 | Building BVH
Fra:41 Mem:205.18M (Peak 294.61M) | Time:00:01.43 | Mem:5.35M, Peak:6.69M | Scene, ViewLayer | Updating Geometry BVH near_vol 4/4 | Building BVH
Fra:41 Mem:205.18M (Peak 294.61M) | Time:00:01.43 | Mem:5.35M, Peak:6.69M | Scene, ViewLayer | Updating Geometry BVH near_vol 4/4 | Building OptiX acceleration structure
Fra:41 Mem:204.28M (Peak 294.61M) | Time:00:01.44 | Mem:5.35M, Peak:6.69M | Scene, ViewLayer | Updating Scene BVH | Building
Fra:41 Mem:204.28M (Peak 294.61M) | Time:00:01.44 | Mem:5.35M, Peak:6.69M | Scene, ViewLayer | Updating Scene BVH | Building OptiX acceleration structure
Fra:41 Mem:204.28M (Peak 294.61M) | Time:00:01.44 | Mem:5.35M, Peak:6.69M | Scene, ViewLayer | Updating Scene BVH | Building BVH
Fra:41 Mem:204.28M (Peak 294.61M) | Time:00:01.44 | Mem:5.35M, Peak:6.69M | Scene, ViewLayer | Updating Scene BVH | Building BVH 0%
Fra:41 Mem:204.28M (Peak 294.61M) | Time:00:01.45 | Mem:5.35M, Peak:6.69M | Scene, ViewLayer | Updating Scene BVH | Copying BVH to device
Fra:41 Mem:204.28M (Peak 294.61M) | Time:00:01.45 | Mem:5.35M, Peak:6.69M | Scene, ViewLayer | Updating Mesh | Computing normals
Fra:41 Mem:205.62M (Peak 294.61M) | Time:00:01.46 | Mem:5.35M, Peak:6.69M | Scene, ViewLayer | Updating Mesh | Copying Mesh to device
Fra:41 Mem:205.62M (Peak 294.61M) | Time:00:01.46 | Mem:6.69M, Peak:6.69M | Scene, ViewLayer | Updating Objects Flags
Fra:41 Mem:205.62M (Peak 294.61M) | Time:00:01.57 | Mem:6.69M, Peak:6.69M | Scene, ViewLayer | Updating Primitive Offsets
Fra:41 Mem:205.62M (Peak 294.61M) | Time:00:01.57 | Mem:6.69M, Peak:6.69M | Scene, ViewLayer | Updating Images
Fra:41 Mem:202.68M (Peak 294.61M) | Time:00:01.57 | Mem:6.69M, Peak:6.69M | Scene, ViewLayer | Updating Images | Loading density
Fra:41 Mem:205.64M (Peak 294.61M) | Time:00:01.58 | Mem:6.71M, Peak:8.73M | Scene, ViewLayer | Updating Camera Volume
Fra:41 Mem:205.64M (Peak 294.61M) | Time:00:01.58 | Mem:6.71M, Peak:8.73M | Scene, ViewLayer | Updating Lookup Tables
Fra:41 Mem:205.64M (Peak 294.61M) | Time:00:01.58 | Mem:6.71M, Peak:8.73M | Scene, ViewLayer | Updating Lights
Fra:41 Mem:205.64M (Peak 294.61M) | Time:00:01.58 | Mem:6.71M, Peak:8.73M | Scene, ViewLayer | Updating Lights | Computing tree
Fra:41 Mem:205.64M (Peak 294.61M) | Time:00:01.58 | Mem:6.71M, Peak:8.73M | Scene, ViewLayer | Updating Integrator
Fra:41 Mem:205.64M (Peak 294.61M) | Time:00:01.59 | Mem:6.71M, Peak:8.73M | Scene, ViewLayer | Updating Film
Fra:41 Mem:205.64M (Peak 294.61M) | Time:00:01.59 | Mem:6.71M, Peak:8.73M | Scene, ViewLayer | Updating Lookup Tables
Fra:41 Mem:205.64M (Peak 294.61M) | Time:00:01.59 | Mem:6.71M, Peak:8.73M | Scene, ViewLayer | Updating Baking
Fra:41 Mem:205.64M (Peak 294.61M) | Time:00:01.59 | Mem:6.71M, Peak:8.73M | Scene, ViewLayer | Updating Device | Writing constant memory
Fra:41 Mem:205.64M (Peak 294.61M) | Time:00:01.60 | Mem:6.71M, Peak:8.73M | Scene, ViewLayer | Sample 0/24
Fra:41 Mem:205.64M (Peak 294.61M) | Time:00:02.83 | Remaining:00:28.28 | Mem:6.71M, Peak:8.73M | Scene, ViewLayer | Sample 1/24
Fra:41 Mem:205.64M (Peak 294.61M) | Time:00:03.75 | Remaining:00:23.72 | Mem:6.71M, Peak:8.73M | Scene, ViewLayer | Sample 2/24
Fra:41 Mem:241.24M (Peak 294.63M) | Time:00:24.09 | Mem:6.71M, Peak:8.73M | Scene, ViewLayer | Sample 24/24
Fra:41 Mem:241.24M (Peak 294.63M) | Time:00:24.09 | Mem:6.71M, Peak:8.73M | Scene, ViewLayer | Finished
Saved: 'C:\Work\domin8te-build\daysky\out\a\f0041.png'
Time: 00:24.59 (Saving: 00:00.49)

Fra:42 Mem:205.64M (Peak 294.63M) | Time:00:01.33 | Mem:6.71M, Peak:6.71M | Scene, ViewLayer | Synchronizing object | t0
Fra:42 Mem:207.46M (Peak 294.63M) | Time:00:01.33 | Mem:6.71M, Peak:6.71M | Scene, ViewLayer | Synchronizing object | main_vol
Fra:42 Mem:207.37M (Peak 294.63M) | Time:00:01.33 | Mem:6.71M, Peak:6.71M | Scene, ViewLayer | Synchronizing object | far_vol
Fra:42 Mem:207.32M (Peak 294.63M) | Time:00:01.33 | Mem:6.71M, Peak:6.71M | Scene, ViewLayer | Synchronizing object | near_vol
Fra:42 Mem:205.48M (Peak 294.63M) | Time:00:01.34 | Mem:6.71M, Peak:6.71M | Scene, ViewLayer | Initializing
Fra:42 Mem:205.47M (Peak 294.63M) | Time:00:01.34 | Mem:6.71M, Peak:6.71M | Scene, ViewLayer | Waiting for render to start
Fra:42 Mem:205.47M (Peak 294.63M) | Time:00:01.34 | Mem:6.71M, Peak:6.71M | Scene, ViewLayer | Updating Scene
Fra:42 Mem:205.47M (Peak 294.63M) | Time:00:01.34 | Mem:6.71M, Peak:6.71M | Scene, ViewLayer | Updating Shaders
Fra:42 Mem:205.47M (Peak 294.63M) | Time:00:01.34 | Mem:6.71M, Peak:6.71M | Scene, ViewLayer | Updating Background
Fra:42 Mem:205.47M (Peak 294.63M) | Time:00:01.34 | Mem:6.71M, Peak:6.71M | Scene, ViewLayer | Updating Camera
Fra:42 Mem:205.47M (Peak 294.63M) | Time:00:01.34 | Mem:6.71M, Peak:6.71M | Scene, ViewLayer | Updating Meshes Flags
Fra:42 Mem:205.47M (Peak 294.63M) | Time:00:01.34 | Mem:6.71M, Peak:6.71M | Scene, ViewLayer | Updating Meshes Volume Bounds
Fra:42 Mem:205.47M (Peak 294.63M) | Time:00:01.34 | Mem:6.71M, Peak:6.71M | Scene, ViewLayer | Updating Volume Images
Fra:42 Mem:205.47M (Peak 294.63M) | Time:00:01.34 | Mem:6.71M, Peak:6.71M | Scene, ViewLayer | Updating Mesh | Computing Volume Mesh main_vol
Fra:42 Mem:205.54M (Peak 294.63M) | Time:00:01.38 | Mem:6.71M, Peak:6.71M | Scene, ViewLayer | Updating Mesh | Computing Volume Mesh far_vol
Fra:42 Mem:205.58M (Peak 294.63M) | Time:00:01.40 | Mem:6.71M, Peak:6.71M | Scene, ViewLayer | Updating Mesh | Computing Volume Mesh near_vol
Fra:42 Mem:205.60M (Peak 294.63M) | Time:00:01.40 | Mem:6.71M, Peak:6.71M | Scene, ViewLayer | Updating Objects
Fra:42 Mem:205.60M (Peak 294.63M) | Time:00:01.40 | Mem:6.71M, Peak:6.71M | Scene, ViewLayer | Updating Objects | Copying Transformations to device
Fra:42 Mem:205.60M (Peak 294.63M) | Time:00:01.40 | Mem:6.71M, Peak:6.71M | Scene, ViewLayer | Updating Particle Systems
Fra:42 Mem:205.60M (Peak 294.63M) | Time:00:01.40 | Mem:6.71M, Peak:6.71M | Scene, ViewLayer | Updating Meshes
Fra:42 Mem:204.01M (Peak 294.63M) | Time:00:01.40 | Mem:5.08M, Peak:6.71M | Scene, ViewLayer | Updating Objects | Applying Static Transformations
Fra:42 Mem:204.01M (Peak 294.63M) | Time:00:01.40 | Mem:5.08M, Peak:6.71M | Scene, ViewLayer | Updating Mesh | Computing attributes
Fra:42 Mem:204.30M (Peak 294.63M) | Time:00:01.40 | Mem:5.08M, Peak:6.71M | Scene, ViewLayer | Updating Mesh | Copying Attributes to device
Fra:42 Mem:204.30M (Peak 294.63M) | Time:00:01.40 | Mem:5.36M, Peak:6.71M | Scene, ViewLayer | Updating Geometry BVH main_vol 2/4 | Building BVH
Fra:42 Mem:204.30M (Peak 294.63M) | Time:00:01.40 | Mem:5.36M, Peak:6.71M | Scene, ViewLayer | Updating Geometry BVH near_vol 4/4 | Building BVH
Fra:42 Mem:204.30M (Peak 294.63M) | Time:00:01.40 | Mem:5.36M, Peak:6.71M | Scene, ViewLayer | Updating Geometry BVH near_vol 4/4 | Building OptiX acceleration structure
Fra:42 Mem:204.35M (Peak 294.63M) | Time:00:01.40 | Mem:5.36M, Peak:6.71M | Scene, ViewLayer | Updating Geometry BVH t0 5/4 | Building BVH
Fra:42 Mem:204.38M (Peak 294.63M) | Time:00:01.40 | Mem:5.36M, Peak:6.71M | Scene, ViewLayer | Updating Geometry BVH t0 5/4 | Building OptiX acceleration structure
Fra:42 Mem:204.30M (Peak 294.63M) | Time:00:01.41 | Mem:5.36M, Peak:6.71M | Scene, ViewLayer | Updating Scene BVH | Building
Fra:42 Mem:204.30M (Peak 294.63M) | Time:00:01.41 | Mem:5.36M, Peak:6.71M | Scene, ViewLayer | Updating Scene BVH | Building OptiX acceleration structure
Fra:42 Mem:204.30M (Peak 294.63M) | Time:00:01.42 | Mem:5.36M, Peak:6.71M | Scene, ViewLayer | Updating Scene BVH | Building BVH
Fra:42 Mem:204.30M (Peak 294.63M) | Time:00:01.42 | Mem:5.36M, Peak:6.71M | Scene, ViewLayer | Updating Scene BVH | Building BVH 0%
Fra:42 Mem:204.30M (Peak 294.63M) | Time:00:01.42 | Mem:5.36M, Peak:6.71M | Scene, ViewLayer | Updating Scene BVH | Copying BVH to device
Fra:42 Mem:204.30M (Peak 294.63M) | Time:00:01.42 | Mem:5.36M, Peak:6.71M | Scene, ViewLayer | Updating Mesh | Computing normals
Fra:42 Mem:205.64M (Peak 294.63M) | Time:00:01.42 | Mem:5.36M, Peak:6.71M | Scene, ViewLayer | Updating Mesh | Copying Mesh to device
Fra:42 Mem:205.64M (Peak 294.63M) | Time:00:01.42 | Mem:6.71M, Peak:6.71M | Scene, ViewLayer | Updating Objects Flags
Fra:42 Mem:205.64M (Peak 294.63M) | Time:00:01.45 | Mem:6.71M, Peak:6.71M | Scene, ViewLayer | Updating Primitive Offsets
Fra:42 Mem:205.64M (Peak 294.63M) | Time:00:01.45 | Mem:6.71M, Peak:6.71M | Scene, ViewLayer | Updating Images
Fra:42 Mem:200.65M (Peak 294.63M) | Time:00:01.45 | Mem:1.72M, Peak:6.71M | Scene, ViewLayer | Updating Images | Loading density
Fra:42 Mem:205.65M (Peak 294.63M) | Time:00:01.46 | Mem:6.72M, Peak:6.72M | Scene, ViewLayer | Updating Camera Volume
Fra:42 Mem:205.65M (Peak 294.63M) | Time:00:01.46 | Mem:6.72M, Peak:6.72M | Scene, ViewLayer | Updating Lookup Tables
Fra:42 Mem:205.65M (Peak 294.63M) | Time:00:01.46 | Mem:6.72M, Peak:6.72M | Scene, ViewLayer | Updating Lights
Fra:42 Mem:205.65M (Peak 294.63M) | Time:00:01.46 | Mem:6.72M, Peak:6.72M | Scene, ViewLayer | Updating Lights | Computing tree
Fra:42 Mem:205.65M (Peak 294.63M) | Time:00:01.46 | Mem:6.72M, Peak:6.72M | Scene, ViewLayer | Updating Integrator
Fra:42 Mem:205.65M (Peak 294.63M) | Time:00:01.46 | Mem:6.72M, Peak:6.72M | Scene, ViewLayer | Updating Film
Fra:42 Mem:205.65M (Peak 294.63M) | Time:00:01.46 | Mem:6.72M, Peak:6.72M | Scene, ViewLayer | Updating Lookup Tables
Fra:42 Mem:205.65M (Peak 294.63M) | Time:00:01.46 | Mem:6.72M, Peak:6.72M | Scene, ViewLayer | Updating Baking
Fra:42 Mem:205.65M (Peak 294.63M) | Time:00:01.46 | Mem:6.72M, Peak:6.72M | Scene, ViewLayer | Updating Device | Writing constant memory
Fra:42 Mem:205.65M (Peak 294.63M) | Time:00:01.46 | Mem:6.72M, Peak:6.72M | Scene, ViewLayer | Sample 0/24
Fra:42 Mem:205.65M (Peak 294.63M) | Time:00:02.55 | Remaining:00:25.07 | Mem:6.72M, Peak:6.72M | Scene, ViewLayer | Sample 1/24
Fra:42 Mem:205.65M (Peak 294.63M) | Time:00:03.59 | Remaining:00:23.47 | Mem:6.72M, Peak:6.72M | Scene, ViewLayer | Sample 2/24
Fra:42 Mem:241.25M (Peak 294.65M) | Time:00:22.46 | Mem:6.72M, Peak:6.72M | Scene, ViewLayer | Sample 24/24
Fra:42 Mem:241.25M (Peak 294.65M) | Time:00:22.46 | Mem:6.72M, Peak:6.72M | Scene, ViewLayer | Finished
Saved: 'C:\Work\domin8te-build\daysky\out\a\f0042.png'
Time: 00:22.80 (Saving: 00:00.33)

Fra:43 Mem:205.66M (Peak 294.65M) | Time:00:00.92 | Mem:6.72M, Peak:6.72M | Scene, ViewLayer | Synchronizing object | main_vol
Fra:43 Mem:205.57M (Peak 294.65M) | Time:00:00.92 | Mem:6.72M, Peak:6.72M | Scene, ViewLayer | Synchronizing object | t0
Fra:43 Mem:205.49M (Peak 294.65M) | Time:00:00.92 | Mem:6.72M, Peak:6.72M | Scene, ViewLayer | Initializing
Fra:43 Mem:205.48M (Peak 294.65M) | Time:00:00.92 | Mem:6.72M, Peak:6.72M | Scene, ViewLayer | Waiting for render to start
Fra:43 Mem:205.48M (Peak 294.65M) | Time:00:00.92 | Mem:6.72M, Peak:6.72M | Scene, ViewLayer | Updating Scene
Fra:43 Mem:205.48M (Peak 294.65M) | Time:00:00.92 | Mem:6.72M, Peak:6.72M | Scene, ViewLayer | Updating Shaders
Fra:43 Mem:205.48M (Peak 294.65M) | Time:00:00.92 | Mem:6.72M, Peak:6.72M | Scene, ViewLayer | Updating Background
Fra:43 Mem:205.48M (Peak 294.65M) | Time:00:00.92 | Mem:6.72M, Peak:6.72M | Scene, ViewLayer | Updating Camera
Fra:43 Mem:205.48M (Peak 294.65M) | Time:00:00.92 | Mem:6.72M, Peak:6.72M | Scene, ViewLayer | Updating Meshes Flags
Fra:43 Mem:205.48M (Peak 294.65M) | Time:00:00.92 | Mem:6.72M, Peak:6.72M | Scene, ViewLayer | Updating Meshes Volume Bounds
Fra:43 Mem:205.48M (Peak 294.65M) | Time:00:00.92 | Mem:6.72M, Peak:6.72M | Scene, ViewLayer | Updating Volume Images
Fra:43 Mem:205.48M (Peak 294.65M) | Time:00:00.92 | Mem:6.72M, Peak:6.72M | Scene, ViewLayer | Updating Mesh | Computing Volume Mesh main_vol
Fra:43 Mem:205.55M (Peak 294.65M) | Time:00:00.94 | Mem:6.72M, Peak:6.72M | Scene, ViewLayer | Updating Mesh | Computing Volume Mesh far_vol
Fra:43 Mem:205.59M (Peak 294.65M) | Time:00:00.95 | Mem:6.72M, Peak:6.72M | Scene, ViewLayer | Updating Mesh | Computing Volume Mesh near_vol
Fra:43 Mem:205.61M (Peak 294.65M) | Time:00:00.96 | Mem:6.72M, Peak:6.72M | Scene, ViewLayer | Updating Objects
Fra:43 Mem:205.61M (Peak 294.65M) | Time:00:00.96 | Mem:6.72M, Peak:6.72M | Scene, ViewLayer | Updating Objects | Copying Transformations to device
Fra:43 Mem:205.61M (Peak 294.65M) | Time:00:00.96 | Mem:6.72M, Peak:6.72M | Scene, ViewLayer | Updating Particle Systems
Fra:43 Mem:205.61M (Peak 294.65M) | Time:00:00.96 | Mem:6.72M, Peak:6.72M | Scene, ViewLayer | Updating Meshes
Fra:43 Mem:204.02M (Peak 294.65M) | Time:00:00.96 | Mem:5.09M, Peak:6.72M | Scene, ViewLayer | Updating Objects | Applying Static Transformations
Fra:43 Mem:204.02M (Peak 294.65M) | Time:00:00.96 | Mem:5.09M, Peak:6.72M | Scene, ViewLayer | Updating Mesh | Computing attributes
Fra:43 Mem:204.31M (Peak 294.65M) | Time:00:00.96 | Mem:5.09M, Peak:6.72M | Scene, ViewLayer | Updating Mesh | Copying Attributes to device
Fra:43 Mem:204.31M (Peak 294.65M) | Time:00:00.96 | Mem:5.38M, Peak:6.72M | Scene, ViewLayer | Updating Geometry BVH main_vol 2/4 | Building BVH
Fra:43 Mem:204.31M (Peak 294.65M) | Time:00:00.96 | Mem:5.38M, Peak:6.72M | Scene, ViewLayer | Updating Geometry BVH t0 5/4 | Building BVH
Fra:43 Mem:204.31M (Peak 294.65M) | Time:00:00.96 | Mem:5.38M, Peak:6.72M | Scene, ViewLayer | Updating Geometry BVH t0 5/4 | Building OptiX acceleration structure
Fra:43 Mem:204.31M (Peak 294.65M) | Time:00:00.97 | Mem:5.38M, Peak:6.72M | Scene, ViewLayer | Updating Scene BVH | Building
Fra:43 Mem:204.31M (Peak 294.65M) | Time:00:00.97 | Mem:5.38M, Peak:6.72M | Scene, ViewLayer | Updating Scene BVH | Building OptiX acceleration structure
Fra:43 Mem:204.31M (Peak 294.65M) | Time:00:00.97 | Mem:5.38M, Peak:6.72M | Scene, ViewLayer | Updating Scene BVH | Building BVH
Fra:43 Mem:204.31M (Peak 294.65M) | Time:00:00.97 | Mem:5.38M, Peak:6.72M | Scene, ViewLayer | Updating Scene BVH | Building BVH 0%
Fra:43 Mem:204.31M (Peak 294.65M) | Time:00:00.97 | Mem:5.38M, Peak:6.72M | Scene, ViewLayer | Updating Scene BVH | Copying BVH to device
Fra:43 Mem:204.31M (Peak 294.65M) | Time:00:00.97 | Mem:5.38M, Peak:6.72M | Scene, ViewLayer | Updating Mesh | Computing normals
Fra:43 Mem:205.65M (Peak 294.65M) | Time:00:00.98 | Mem:5.38M, Peak:6.72M | Scene, ViewLayer | Updating Mesh | Copying Mesh to device
Fra:43 Mem:205.65M (Peak 294.65M) | Time:00:00.98 | Mem:6.72M, Peak:6.72M | Scene, ViewLayer | Updating Objects Flags
Fra:43 Mem:205.65M (Peak 294.65M) | Time:00:01.01 | Mem:6.72M, Peak:6.72M | Scene, ViewLayer | Updating Primitive Offsets
Fra:43 Mem:205.65M (Peak 294.65M) | Time:00:01.01 | Mem:6.72M, Peak:6.72M | Scene, ViewLayer | Updating Images
Fra:43 Mem:202.69M (Peak 294.65M) | Time:00:01.01 | Mem:6.72M, Peak:6.72M | Scene, ViewLayer | Updating Images | Loading density
Fra:43 Mem:205.68M (Peak 294.65M) | Time:00:01.02 | Mem:6.75M, Peak:8.79M | Scene, ViewLayer | Updating Camera Volume
Fra:43 Mem:205.68M (Peak 294.65M) | Time:00:01.02 | Mem:6.75M, Peak:8.79M | Scene, ViewLayer | Updating Lookup Tables
Fra:43 Mem:205.68M (Peak 294.65M) | Time:00:01.02 | Mem:6.75M, Peak:8.79M | Scene, ViewLayer | Updating Lights
Fra:43 Mem:205.68M (Peak 294.65M) | Time:00:01.02 | Mem:6.75M, Peak:8.79M | Scene, ViewLayer | Updating Lights | Computing tree
Fra:43 Mem:205.68M (Peak 294.65M) | Time:00:01.02 | Mem:6.75M, Peak:8.79M | Scene, ViewLayer | Updating Integrator
Fra:43 Mem:205.68M (Peak 294.65M) | Time:00:01.02 | Mem:6.75M, Peak:8.79M | Scene, ViewLayer | Updating Film
Fra:43 Mem:205.68M (Peak 294.65M) | Time:00:01.02 | Mem:6.75M, Peak:8.79M | Scene, ViewLayer | Updating Lookup Tables
Fra:43 Mem:205.68M (Peak 294.65M) | Time:00:01.02 | Mem:6.75M, Peak:8.79M | Scene, ViewLayer | Updating Baking
Fra:43 Mem:205.68M (Peak 294.65M) | Time:00:01.02 | Mem:6.75M, Peak:8.79M | Scene, ViewLayer | Updating Device | Writing constant memory
Fra:43 Mem:205.68M (Peak 294.65M) | Time:00:01.02 | Mem:6.75M, Peak:8.79M | Scene, ViewLayer | Sample 0/24
Fra:43 Mem:205.68M (Peak 294.65M) | Time:00:02.04 | Remaining:00:23.52 | Mem:6.75M, Peak:8.79M | Scene, ViewLayer | Sample 1/24
Fra:43 Mem:205.68M (Peak 294.65M) | Time:00:03.09 | Remaining:00:22.77 | Mem:6.75M, Peak:8.79M | Scene, ViewLayer | Sample 2/24
Fra:43 Mem:241.28M (Peak 294.67M) | Time:00:21.41 | Mem:6.75M, Peak:8.79M | Scene, ViewLayer | Sample 24/24
Fra:43 Mem:241.28M (Peak 294.67M) | Time:00:21.41 | Mem:6.75M, Peak:8.79M | Scene, ViewLayer | Finished
Saved: 'C:\Work\domin8te-build\daysky\out\a\f0043.png'
Time: 00:21.59 (Saving: 00:00.17)

Fra:44 Mem:205.68M (Peak 294.67M) | Time:00:00.78 | Mem:6.75M, Peak:6.75M | Scene, ViewLayer | Synchronizing object | t0
Fra:44 Mem:206.73M (Peak 294.67M) | Time:00:00.78 | Mem:6.75M, Peak:6.75M | Scene, ViewLayer | Synchronizing object | main_vol
Fra:44 Mem:206.65M (Peak 294.67M) | Time:00:00.78 | Mem:6.75M, Peak:6.75M | Scene, ViewLayer | Synchronizing object | far_vol
Fra:44 Mem:206.97M (Peak 294.67M) | Time:00:00.78 | Mem:6.75M, Peak:6.75M | Scene, ViewLayer | Synchronizing object | near_vol
Fra:44 Mem:205.51M (Peak 294.67M) | Time:00:00.78 | Mem:6.75M, Peak:6.75M | Scene, ViewLayer | Initializing
Fra:44 Mem:205.51M (Peak 294.67M) | Time:00:00.78 | Mem:6.75M, Peak:6.75M | Scene, ViewLayer | Waiting for render to start
Fra:44 Mem:205.51M (Peak 294.67M) | Time:00:00.78 | Mem:6.75M, Peak:6.75M | Scene, ViewLayer | Updating Scene
Fra:44 Mem:205.51M (Peak 294.67M) | Time:00:00.78 | Mem:6.75M, Peak:6.75M | Scene, ViewLayer | Updating Shaders
Fra:44 Mem:205.51M (Peak 294.67M) | Time:00:00.78 | Mem:6.75M, Peak:6.75M | Scene, ViewLayer | Updating Background
Fra:44 Mem:205.51M (Peak 294.67M) | Time:00:00.78 | Mem:6.75M, Peak:6.75M | Scene, ViewLayer | Updating Camera
Fra:44 Mem:205.51M (Peak 294.67M) | Time:00:00.78 | Mem:6.75M, Peak:6.75M | Scene, ViewLayer | Updating Meshes Flags
Fra:44 Mem:205.51M (Peak 294.67M) | Time:00:00.78 | Mem:6.75M, Peak:6.75M | Scene, ViewLayer | Updating Meshes Volume Bounds
Fra:44 Mem:205.51M (Peak 294.67M) | Time:00:00.78 | Mem:6.75M, Peak:6.75M | Scene, ViewLayer | Updating Volume Images
Fra:44 Mem:205.51M (Peak 294.67M) | Time:00:00.78 | Mem:6.75M, Peak:6.75M | Scene, ViewLayer | Updating Mesh | Computing Volume Mesh main_vol
Fra:44 Mem:205.58M (Peak 294.67M) | Time:00:00.83 | Mem:6.75M, Peak:6.75M | Scene, ViewLayer | Updating Mesh | Computing Volume Mesh far_vol
Fra:44 Mem:205.62M (Peak 294.67M) | Time:00:00.87 | Mem:6.75M, Peak:6.75M | Scene, ViewLayer | Updating Mesh | Computing Volume Mesh near_vol
Fra:44 Mem:205.64M (Peak 294.67M) | Time:00:00.88 | Mem:6.75M, Peak:6.75M | Scene, ViewLayer | Updating Objects
Fra:44 Mem:205.64M (Peak 294.67M) | Time:00:00.88 | Mem:6.75M, Peak:6.75M | Scene, ViewLayer | Updating Objects | Copying Transformations to device
Fra:44 Mem:205.64M (Peak 294.67M) | Time:00:00.88 | Mem:6.75M, Peak:6.75M | Scene, ViewLayer | Updating Particle Systems
Fra:44 Mem:205.64M (Peak 294.67M) | Time:00:00.88 | Mem:6.75M, Peak:6.75M | Scene, ViewLayer | Updating Meshes
Fra:44 Mem:204.05M (Peak 294.67M) | Time:00:00.88 | Mem:5.12M, Peak:6.75M | Scene, ViewLayer | Updating Objects | Applying Static Transformations
Fra:44 Mem:204.05M (Peak 294.67M) | Time:00:00.88 | Mem:5.12M, Peak:6.75M | Scene, ViewLayer | Updating Mesh | Computing attributes
Fra:44 Mem:204.34M (Peak 294.67M) | Time:00:00.88 | Mem:5.12M, Peak:6.75M | Scene, ViewLayer | Updating Mesh | Copying Attributes to device
Fra:44 Mem:204.33M (Peak 294.67M) | Time:00:00.88 | Mem:5.40M, Peak:6.75M | Scene, ViewLayer | Updating Geometry BVH t0 5/4 | Building BVH
Fra:44 Mem:204.33M (Peak 294.67M) | Time:00:00.88 | Mem:5.40M, Peak:6.75M | Scene, ViewLayer | Updating Geometry BVH t0 5/4 | Building OptiX acceleration structure
Fra:44 Mem:205.19M (Peak 294.67M) | Time:00:00.88 | Mem:5.40M, Peak:6.75M | Scene, ViewLayer | Updating Geometry BVH main_vol 2/4 | Building BVH
Fra:44 Mem:205.19M (Peak 294.67M) | Time:00:00.88 | Mem:5.40M, Peak:6.75M | Scene, ViewLayer | Updating Geometry BVH far_vol 3/4 | Building BVH
Fra:44 Mem:205.19M (Peak 294.67M) | Time:00:00.89 | Mem:5.40M, Peak:6.75M | Scene, ViewLayer | Updating Geometry BVH far_vol 3/4 | Building OptiX acceleration structure
Fra:44 Mem:205.28M (Peak 294.67M) | Time:00:00.89 | Mem:5.40M, Peak:6.75M | Scene, ViewLayer | Updating Geometry BVH near_vol 4/4 | Building BVH
Fra:44 Mem:205.28M (Peak 294.67M) | Time:00:00.89 | Mem:5.40M, Peak:6.75M | Scene, ViewLayer | Updating Geometry BVH near_vol 4/4 | Building OptiX acceleration structure
Fra:44 Mem:204.33M (Peak 294.67M) | Time:00:00.90 | Mem:5.40M, Peak:6.75M | Scene, ViewLayer | Updating Scene BVH | Building
Fra:44 Mem:204.34M (Peak 294.67M) | Time:00:00.90 | Mem:5.40M, Peak:6.75M | Scene, ViewLayer | Updating Scene BVH | Building OptiX acceleration structure
Fra:44 Mem:204.34M (Peak 294.67M) | Time:00:00.90 | Mem:5.40M, Peak:6.75M | Scene, ViewLayer | Updating Scene BVH | Building BVH
Fra:44 Mem:204.34M (Peak 294.67M) | Time:00:00.90 | Mem:5.40M, Peak:6.75M | Scene, ViewLayer | Updating Scene BVH | Building BVH 0%
Fra:44 Mem:204.34M (Peak 294.67M) | Time:00:00.92 | Mem:5.40M, Peak:6.75M | Scene, ViewLayer | Updating Scene BVH | Copying BVH to device
Fra:44 Mem:204.34M (Peak 294.67M) | Time:00:00.92 | Mem:5.40M, Peak:6.75M | Scene, ViewLayer | Updating Mesh | Computing normals
Fra:44 Mem:205.68M (Peak 294.67M) | Time:00:00.92 | Mem:5.40M, Peak:6.75M | Scene, ViewLayer | Updating Mesh | Copying Mesh to device
Fra:44 Mem:205.68M (Peak 294.67M) | Time:00:00.92 | Mem:6.75M, Peak:6.75M | Scene, ViewLayer | Updating Objects Flags
Fra:44 Mem:205.68M (Peak 294.67M) | Time:00:01.23 | Mem:6.75M, Peak:6.75M | Scene, ViewLayer | Updating Primitive Offsets
Fra:44 Mem:205.68M (Peak 294.67M) | Time:00:01.23 | Mem:6.75M, Peak:6.75M | Scene, ViewLayer | Updating Images
Fra:44 Mem:200.66M (Peak 294.67M) | Time:00:01.24 | Mem:1.72M, Peak:6.75M | Scene, ViewLayer | Updating Images | Loading density
Fra:44 Mem:205.73M (Peak 294.67M) | Time:00:01.24 | Mem:6.80M, Peak:6.80M | Scene, ViewLayer | Updating Camera Volume
Fra:44 Mem:205.73M (Peak 294.67M) | Time:00:01.24 | Mem:6.80M, Peak:6.80M | Scene, ViewLayer | Updating Lookup Tables
Fra:44 Mem:205.73M (Peak 294.67M) | Time:00:01.24 | Mem:6.80M, Peak:6.80M | Scene, ViewLayer | Updating Lights
Fra:44 Mem:205.73M (Peak 294.67M) | Time:00:01.24 | Mem:6.80M, Peak:6.80M | Scene, ViewLayer | Updating Lights | Computing tree
Fra:44 Mem:205.73M (Peak 294.67M) | Time:00:01.24 | Mem:6.80M, Peak:6.80M | Scene, ViewLayer | Updating Integrator
Fra:44 Mem:205.73M (Peak 294.67M) | Time:00:01.24 | Mem:6.80M, Peak:6.80M | Scene, ViewLayer | Updating Film
Fra:44 Mem:205.73M (Peak 294.67M) | Time:00:01.24 | Mem:6.80M, Peak:6.80M | Scene, ViewLayer | Updating Lookup Tables
Fra:44 Mem:205.73M (Peak 294.67M) | Time:00:01.24 | Mem:6.80M, Peak:6.80M | Scene, ViewLayer | Updating Baking
Fra:44 Mem:205.73M (Peak 294.67M) | Time:00:01.24 | Mem:6.80M, Peak:6.80M | Scene, ViewLayer | Updating Device | Writing constant memory
Fra:44 Mem:205.73M (Peak 294.67M) | Time:00:01.24 | Mem:6.80M, Peak:6.80M | Scene, ViewLayer | Sample 0/24
Fra:44 Mem:205.73M (Peak 294.67M) | Time:00:02.33 | Remaining:00:24.94 | Mem:6.80M, Peak:6.80M | Scene, ViewLayer | Sample 1/24
Fra:44 Mem:205.73M (Peak 294.67M) | Time:00:03.18 | Remaining:00:21.31 | Mem:6.80M, Peak:6.80M | Scene, ViewLayer | Sample 2/24
Fra:44 Mem:241.33M (Peak 294.73M) | Time:00:19.95 | Mem:6.80M, Peak:6.80M | Scene, ViewLayer | Sample 24/24
Fra:44 Mem:241.33M (Peak 294.73M) | Time:00:19.95 | Mem:6.80M, Peak:6.80M | Scene, ViewLayer | Finished
Saved: 'C:\Work\domin8te-build\daysky\out\a\f0044.png'
Time: 00:20.21 (Saving: 00:00.26)

Fra:45 Mem:205.74M (Peak 294.73M) | Time:00:01.08 | Mem:6.80M, Peak:6.80M | Scene, ViewLayer | Synchronizing object | t0
Fra:45 Mem:205.74M (Peak 294.73M) | Time:00:01.08 | Mem:6.80M, Peak:6.80M | Scene, ViewLayer | Synchronizing object | near_vol
Fra:45 Mem:205.71M (Peak 294.73M) | Time:00:01.08 | Mem:6.80M, Peak:6.80M | Scene, ViewLayer | Synchronizing object | far_vol
Fra:45 Mem:205.66M (Peak 294.73M) | Time:00:01.08 | Mem:6.80M, Peak:6.80M | Scene, ViewLayer | Synchronizing object | main_vol
Fra:45 Mem:205.57M (Peak 294.73M) | Time:00:01.08 | Mem:6.80M, Peak:6.80M | Scene, ViewLayer | Initializing
Fra:45 Mem:205.56M (Peak 294.73M) | Time:00:01.08 | Mem:6.80M, Peak:6.80M | Scene, ViewLayer | Waiting for render to start
Fra:45 Mem:205.56M (Peak 294.73M) | Time:00:01.08 | Mem:6.80M, Peak:6.80M | Scene, ViewLayer | Updating Scene
Fra:45 Mem:205.56M (Peak 294.73M) | Time:00:01.08 | Mem:6.80M, Peak:6.80M | Scene, ViewLayer | Updating Shaders
Fra:45 Mem:205.56M (Peak 294.73M) | Time:00:01.08 | Mem:6.80M, Peak:6.80M | Scene, ViewLayer | Updating Background
Fra:45 Mem:205.56M (Peak 294.73M) | Time:00:01.08 | Mem:6.80M, Peak:6.80M | Scene, ViewLayer | Updating Camera
Fra:45 Mem:205.56M (Peak 294.73M) | Time:00:01.08 | Mem:6.80M, Peak:6.80M | Scene, ViewLayer | Updating Meshes Flags
Fra:45 Mem:205.56M (Peak 294.73M) | Time:00:01.08 | Mem:6.80M, Peak:6.80M | Scene, ViewLayer | Updating Meshes Volume Bounds
Fra:45 Mem:205.56M (Peak 294.73M) | Time:00:01.08 | Mem:6.80M, Peak:6.80M | Scene, ViewLayer | Updating Volume Images
Fra:45 Mem:205.56M (Peak 294.73M) | Time:00:01.08 | Mem:6.80M, Peak:6.80M | Scene, ViewLayer | Updating Mesh | Computing Volume Mesh main_vol
Fra:45 Mem:205.63M (Peak 294.73M) | Time:00:01.11 | Mem:6.80M, Peak:6.80M | Scene, ViewLayer | Updating Mesh | Computing Volume Mesh far_vol
Fra:45 Mem:205.67M (Peak 294.73M) | Time:00:01.12 | Mem:6.80M, Peak:6.80M | Scene, ViewLayer | Updating Mesh | Computing Volume Mesh near_vol
Fra:45 Mem:205.69M (Peak 294.73M) | Time:00:01.13 | Mem:6.80M, Peak:6.80M | Scene, ViewLayer | Updating Objects
Fra:45 Mem:205.69M (Peak 294.73M) | Time:00:01.13 | Mem:6.80M, Peak:6.80M | Scene, ViewLayer | Updating Objects | Copying Transformations to device
Fra:45 Mem:205.69M (Peak 294.73M) | Time:00:01.13 | Mem:6.80M, Peak:6.80M | Scene, ViewLayer | Updating Particle Systems
Fra:45 Mem:205.69M (Peak 294.73M) | Time:00:01.13 | Mem:6.80M, Peak:6.80M | Scene, ViewLayer | Updating Meshes
Fra:45 Mem:204.10M (Peak 294.73M) | Time:00:01.14 | Mem:5.17M, Peak:6.80M | Scene, ViewLayer | Updating Objects | Applying Static Transformations
Fra:45 Mem:204.10M (Peak 294.73M) | Time:00:01.14 | Mem:5.17M, Peak:6.80M | Scene, ViewLayer | Updating Mesh | Computing attributes
Fra:45 Mem:204.39M (Peak 294.73M) | Time:00:01.14 | Mem:5.17M, Peak:6.80M | Scene, ViewLayer | Updating Mesh | Copying Attributes to device
Fra:45 Mem:204.39M (Peak 294.73M) | Time:00:01.14 | Mem:5.45M, Peak:6.80M | Scene, ViewLayer | Updating Geometry BVH t0 5/4 | Building BVH
Fra:45 Mem:204.39M (Peak 294.73M) | Time:00:01.14 | Mem:5.45M, Peak:6.80M | Scene, ViewLayer | Updating Geometry BVH t0 5/4 | Building OptiX acceleration structure
Fra:45 Mem:205.24M (Peak 294.73M) | Time:00:01.15 | Mem:5.45M, Peak:6.80M | Scene, ViewLayer | Updating Geometry BVH main_vol 2/4 | Building BVH
Fra:45 Mem:205.24M (Peak 294.73M) | Time:00:01.15 | Mem:5.45M, Peak:6.80M | Scene, ViewLayer | Updating Geometry BVH far_vol 3/4 | Building BVH
Fra:45 Mem:205.24M (Peak 294.73M) | Time:00:01.16 | Mem:5.45M, Peak:6.80M | Scene, ViewLayer | Updating Geometry BVH far_vol 3/4 | Building OptiX acceleration structure
Fra:45 Mem:204.48M (Peak 294.73M) | Time:00:01.16 | Mem:5.45M, Peak:6.80M | Scene, ViewLayer | Updating Geometry BVH near_vol 4/4 | Building BVH
Fra:45 Mem:204.48M (Peak 294.73M) | Time:00:01.16 | Mem:5.45M, Peak:6.80M | Scene, ViewLayer | Updating Geometry BVH near_vol 4/4 | Building OptiX acceleration structure
Fra:45 Mem:204.39M (Peak 294.73M) | Time:00:01.16 | Mem:5.45M, Peak:6.80M | Scene, ViewLayer | Updating Scene BVH | Building
Fra:45 Mem:204.39M (Peak 294.73M) | Time:00:01.16 | Mem:5.45M, Peak:6.80M | Scene, ViewLayer | Updating Scene BVH | Building OptiX acceleration structure
Fra:45 Mem:204.39M (Peak 294.73M) | Time:00:01.16 | Mem:5.45M, Peak:6.80M | Scene, ViewLayer | Updating Scene BVH | Building BVH
Fra:45 Mem:204.39M (Peak 294.73M) | Time:00:01.16 | Mem:5.45M, Peak:6.80M | Scene, ViewLayer | Updating Scene BVH | Building BVH 0%
Fra:45 Mem:204.39M (Peak 294.73M) | Time:00:01.17 | Mem:5.45M, Peak:6.80M | Scene, ViewLayer | Updating Scene BVH | Copying BVH to device
Fra:45 Mem:204.39M (Peak 294.73M) | Time:00:01.17 | Mem:5.45M, Peak:6.80M | Scene, ViewLayer | Updating Mesh | Computing normals
Fra:45 Mem:205.74M (Peak 294.73M) | Time:00:01.17 | Mem:5.45M, Peak:6.80M | Scene, ViewLayer | Updating Mesh | Copying Mesh to device
Fra:45 Mem:205.74M (Peak 294.73M) | Time:00:01.17 | Mem:6.80M, Peak:6.80M | Scene, ViewLayer | Updating Objects Flags
Fra:45 Mem:205.74M (Peak 294.73M) | Time:00:01.25 | Mem:6.80M, Peak:6.80M | Scene, ViewLayer | Updating Primitive Offsets
Fra:45 Mem:205.74M (Peak 294.73M) | Time:00:01.25 | Mem:6.80M, Peak:6.80M | Scene, ViewLayer | Updating Images
Fra:45 Mem:202.72M (Peak 294.73M) | Time:00:01.25 | Mem:6.80M, Peak:6.80M | Scene, ViewLayer | Updating Images | Loading density
Fra:45 Mem:205.76M (Peak 294.73M) | Time:00:01.25 | Mem:6.83M, Peak:7.59M | Scene, ViewLayer | Updating Camera Volume
Fra:45 Mem:205.76M (Peak 294.73M) | Time:00:01.25 | Mem:6.83M, Peak:7.59M | Scene, ViewLayer | Updating Lookup Tables
Fra:45 Mem:205.76M (Peak 294.73M) | Time:00:01.25 | Mem:6.83M, Peak:7.59M | Scene, ViewLayer | Updating Lights
Fra:45 Mem:205.76M (Peak 294.73M) | Time:00:01.25 | Mem:6.83M, Peak:7.59M | Scene, ViewLayer | Updating Lights | Computing tree
Fra:45 Mem:205.76M (Peak 294.73M) | Time:00:01.25 | Mem:6.83M, Peak:7.59M | Scene, ViewLayer | Updating Integrator
Fra:45 Mem:205.76M (Peak 294.73M) | Time:00:01.25 | Mem:6.83M, Peak:7.59M | Scene, ViewLayer | Updating Film
Fra:45 Mem:205.76M (Peak 294.73M) | Time:00:01.25 | Mem:6.83M, Peak:7.59M | Scene, ViewLayer | Updating Lookup Tables
Fra:45 Mem:205.76M (Peak 294.73M) | Time:00:01.25 | Mem:6.83M, Peak:7.59M | Scene, ViewLayer | Updating Baking
Fra:45 Mem:205.76M (Peak 294.73M) | Time:00:01.25 | Mem:6.83M, Peak:7.59M | Scene, ViewLayer | Updating Device | Writing constant memory
Fra:45 Mem:205.76M (Peak 294.73M) | Time:00:01.25 | Mem:6.83M, Peak:7.59M | Scene, ViewLayer | Sample 0/24
Fra:45 Mem:205.76M (Peak 294.73M) | Time:00:02.08 | Remaining:00:19.09 | Mem:6.83M, Peak:7.59M | Scene, ViewLayer | Sample 1/24
Fra:45 Mem:205.76M (Peak 294.73M) | Time:00:03.03 | Remaining:00:19.58 | Mem:6.83M, Peak:7.59M | Scene, ViewLayer | Sample 2/24
Fra:45 Mem:241.36M (Peak 294.76M) | Time:00:19.65 | Mem:6.83M, Peak:7.59M | Scene, ViewLayer | Sample 24/24
Fra:45 Mem:241.36M (Peak 294.76M) | Time:00:19.65 | Mem:6.83M, Peak:7.59M | Scene, ViewLayer | Finished
Saved: 'C:\Work\domin8te-build\daysky\out\a\f0045.png'
Time: 00:19.86 (Saving: 00:00.20)

Fra:46 Mem:205.77M (Peak 294.76M) | Time:00:00.91 | Mem:6.83M, Peak:6.83M | Scene, ViewLayer | Synchronizing object | main_vol
Fra:46 Mem:205.68M (Peak 294.76M) | Time:00:00.91 | Mem:6.83M, Peak:6.83M | Scene, ViewLayer | Synchronizing object | t0
Fra:46 Mem:205.68M (Peak 294.76M) | Time:00:00.91 | Mem:6.83M, Peak:6.83M | Scene, ViewLayer | Synchronizing object | far_vol
Fra:46 Mem:206.67M (Peak 294.76M) | Time:00:00.91 | Mem:6.83M, Peak:6.83M | Scene, ViewLayer | Synchronizing object | near_vol
Fra:46 Mem:205.59M (Peak 294.76M) | Time:00:00.91 | Mem:6.83M, Peak:6.83M | Scene, ViewLayer | Initializing
Fra:46 Mem:205.59M (Peak 294.76M) | Time:00:00.91 | Mem:6.83M, Peak:6.83M | Scene, ViewLayer | Waiting for render to start
Fra:46 Mem:205.59M (Peak 294.76M) | Time:00:00.91 | Mem:6.83M, Peak:6.83M | Scene, ViewLayer | Updating Scene
Fra:46 Mem:205.59M (Peak 294.76M) | Time:00:00.91 | Mem:6.83M, Peak:6.83M | Scene, ViewLayer | Updating Shaders
Fra:46 Mem:205.59M (Peak 294.76M) | Time:00:00.91 | Mem:6.83M, Peak:6.83M | Scene, ViewLayer | Updating Background
Fra:46 Mem:205.59M (Peak 294.76M) | Time:00:00.91 | Mem:6.83M, Peak:6.83M | Scene, ViewLayer | Updating Camera
Fra:46 Mem:205.59M (Peak 294.76M) | Time:00:00.91 | Mem:6.83M, Peak:6.83M | Scene, ViewLayer | Updating Meshes Flags
Fra:46 Mem:205.59M (Peak 294.76M) | Time:00:00.91 | Mem:6.83M, Peak:6.83M | Scene, ViewLayer | Updating Meshes Volume Bounds
Fra:46 Mem:205.59M (Peak 294.76M) | Time:00:00.91 | Mem:6.83M, Peak:6.83M | Scene, ViewLayer | Updating Volume Images
Fra:46 Mem:205.59M (Peak 294.76M) | Time:00:00.91 | Mem:6.83M, Peak:6.83M | Scene, ViewLayer | Updating Mesh | Computing Volume Mesh main_vol
Fra:46 Mem:205.66M (Peak 294.76M) | Time:00:00.93 | Mem:6.83M, Peak:6.83M | Scene, ViewLayer | Updating Mesh | Computing Volume Mesh far_vol
Fra:46 Mem:205.70M (Peak 294.76M) | Time:00:00.93 | Mem:6.83M, Peak:6.83M | Scene, ViewLayer | Updating Mesh | Computing Volume Mesh near_vol
Fra:46 Mem:205.72M (Peak 294.76M) | Time:00:00.94 | Mem:6.83M, Peak:6.83M | Scene, ViewLayer | Updating Objects
Fra:46 Mem:205.72M (Peak 294.76M) | Time:00:00.94 | Mem:6.83M, Peak:6.83M | Scene, ViewLayer | Updating Objects | Copying Transformations to device
Fra:46 Mem:205.72M (Peak 294.76M) | Time:00:00.94 | Mem:6.83M, Peak:6.83M | Scene, ViewLayer | Updating Particle Systems
Fra:46 Mem:205.72M (Peak 294.76M) | Time:00:00.94 | Mem:6.83M, Peak:6.83M | Scene, ViewLayer | Updating Meshes
Fra:46 Mem:204.13M (Peak 294.76M) | Time:00:00.94 | Mem:5.19M, Peak:6.83M | Scene, ViewLayer | Updating Objects | Applying Static Transformations
Fra:46 Mem:204.13M (Peak 294.76M) | Time:00:00.94 | Mem:5.19M, Peak:6.83M | Scene, ViewLayer | Updating Mesh | Computing attributes
Fra:46 Mem:204.42M (Peak 294.76M) | Time:00:00.94 | Mem:5.19M, Peak:6.83M | Scene, ViewLayer | Updating Mesh | Copying Attributes to device
Fra:46 Mem:204.41M (Peak 294.76M) | Time:00:00.94 | Mem:5.48M, Peak:6.83M | Scene, ViewLayer | Updating Geometry BVH main_vol 2/4 | Building BVH
Fra:46 Mem:204.41M (Peak 294.76M) | Time:00:00.94 | Mem:5.48M, Peak:6.83M | Scene, ViewLayer | Updating Geometry BVH near_vol 4/4 | Building BVH
Fra:46 Mem:204.41M (Peak 294.76M) | Time:00:00.94 | Mem:5.48M, Peak:6.83M | Scene, ViewLayer | Updating Geometry BVH far_vol 3/4 | Building OptiX acceleration structure
Fra:46 Mem:204.41M (Peak 294.76M) | Time:00:00.94 | Mem:5.48M, Peak:6.83M | Scene, ViewLayer | Updating Scene BVH | Building
Fra:46 Mem:204.41M (Peak 294.76M) | Time:00:00.95 | Mem:5.48M, Peak:6.83M | Scene, ViewLayer | Updating Scene BVH | Building OptiX acceleration structure
Fra:46 Mem:204.41M (Peak 294.76M) | Time:00:00.95 | Mem:5.48M, Peak:6.83M | Scene, ViewLayer | Updating Scene BVH | Building BVH
Fra:46 Mem:204.41M (Peak 294.76M) | Time:00:00.95 | Mem:5.48M, Peak:6.83M | Scene, ViewLayer | Updating Scene BVH | Building BVH 0%
Fra:46 Mem:204.41M (Peak 294.76M) | Time:00:00.95 | Mem:5.48M, Peak:6.83M | Scene, ViewLayer | Updating Scene BVH | Copying BVH to device
Fra:46 Mem:204.41M (Peak 294.76M) | Time:00:00.95 | Mem:5.48M, Peak:6.83M | Scene, ViewLayer | Updating Mesh | Computing normals
Fra:46 Mem:205.76M (Peak 294.76M) | Time:00:00.95 | Mem:5.48M, Peak:6.83M | Scene, ViewLayer | Updating Mesh | Copying Mesh to device
Fra:46 Mem:205.76M (Peak 294.76M) | Time:00:00.95 | Mem:6.83M, Peak:6.83M | Scene, ViewLayer | Updating Objects Flags
Fra:46 Mem:205.76M (Peak 294.76M) | Time:00:00.97 | Mem:6.83M, Peak:6.83M | Scene, ViewLayer | Updating Primitive Offsets
Fra:46 Mem:205.76M (Peak 294.76M) | Time:00:00.97 | Mem:6.83M, Peak:6.83M | Scene, ViewLayer | Updating Images
Fra:46 Mem:200.66M (Peak 294.76M) | Time:00:00.97 | Mem:1.73M, Peak:6.83M | Scene, ViewLayer | Updating Images | Loading density
Fra:46 Mem:205.79M (Peak 294.76M) | Time:00:00.98 | Mem:6.85M, Peak:6.85M | Scene, ViewLayer | Updating Camera Volume
Fra:46 Mem:205.79M (Peak 294.76M) | Time:00:00.98 | Mem:6.85M, Peak:6.85M | Scene, ViewLayer | Updating Lookup Tables
Fra:46 Mem:205.79M (Peak 294.76M) | Time:00:00.98 | Mem:6.85M, Peak:6.85M | Scene, ViewLayer | Updating Lights
Fra:46 Mem:205.79M (Peak 294.76M) | Time:00:00.98 | Mem:6.85M, Peak:6.85M | Scene, ViewLayer | Updating Lights | Computing tree
Fra:46 Mem:205.79M (Peak 294.76M) | Time:00:00.98 | Mem:6.85M, Peak:6.85M | Scene, ViewLayer | Updating Integrator
Fra:46 Mem:205.79M (Peak 294.76M) | Time:00:00.98 | Mem:6.85M, Peak:6.85M | Scene, ViewLayer | Updating Film
Fra:46 Mem:205.79M (Peak 294.76M) | Time:00:00.98 | Mem:6.85M, Peak:6.85M | Scene, ViewLayer | Updating Lookup Tables
Fra:46 Mem:205.79M (Peak 294.76M) | Time:00:00.98 | Mem:6.85M, Peak:6.85M | Scene, ViewLayer | Updating Baking
Fra:46 Mem:205.79M (Peak 294.76M) | Time:00:00.98 | Mem:6.85M, Peak:6.85M | Scene, ViewLayer | Updating Device | Writing constant memory
Fra:46 Mem:205.79M (Peak 294.76M) | Time:00:00.98 | Mem:6.85M, Peak:6.85M | Scene, ViewLayer | Sample 0/24
Fra:46 Mem:205.79M (Peak 294.76M) | Time:00:01.85 | Remaining:00:20.05 | Mem:6.85M, Peak:6.85M | Scene, ViewLayer | Sample 1/24
Fra:46 Mem:205.79M (Peak 294.76M) | Time:00:02.86 | Remaining:00:20.74 | Mem:6.85M, Peak:6.85M | Scene, ViewLayer | Sample 2/24
Fra:46 Mem:241.39M (Peak 294.78M) | Time:00:21.02 | Mem:6.85M, Peak:6.85M | Scene, ViewLayer | Sample 24/24
Fra:46 Mem:241.39M (Peak 294.78M) | Time:00:21.02 | Mem:6.85M, Peak:6.85M | Scene, ViewLayer | Finished
Saved: 'C:\Work\domin8te-build\daysky\out\a\f0046.png'
Time: 00:21.37 (Saving: 00:00.34)

Fra:47 Mem:205.79M (Peak 294.78M) | Time:00:01.15 | Mem:6.85M, Peak:6.85M | Scene, ViewLayer | Synchronizing object | main_vol
Fra:47 Mem:205.70M (Peak 294.78M) | Time:00:01.15 | Mem:6.85M, Peak:6.85M | Scene, ViewLayer | Synchronizing object | far_vol
Fra:47 Mem:205.70M (Peak 294.78M) | Time:00:01.15 | Mem:6.85M, Peak:6.85M | Scene, ViewLayer | Synchronizing object | near_vol
Fra:47 Mem:205.62M (Peak 294.78M) | Time:00:01.16 | Mem:6.85M, Peak:6.85M | Scene, ViewLayer | Initializing
Fra:47 Mem:205.61M (Peak 294.78M) | Time:00:01.16 | Mem:6.85M, Peak:6.85M | Scene, ViewLayer | Waiting for render to start
Fra:47 Mem:205.61M (Peak 294.78M) | Time:00:01.16 | Mem:6.85M, Peak:6.85M | Scene, ViewLayer | Updating Scene
Fra:47 Mem:205.61M (Peak 294.78M) | Time:00:01.16 | Mem:6.85M, Peak:6.85M | Scene, ViewLayer | Updating Shaders
Fra:47 Mem:205.61M (Peak 294.78M) | Time:00:01.18 | Mem:6.85M, Peak:6.85M | Scene, ViewLayer | Updating Background
Fra:47 Mem:205.61M (Peak 294.78M) | Time:00:01.18 | Mem:6.85M, Peak:6.85M | Scene, ViewLayer | Updating Camera
Fra:47 Mem:205.61M (Peak 294.78M) | Time:00:01.18 | Mem:6.85M, Peak:6.85M | Scene, ViewLayer | Updating Meshes Flags
Fra:47 Mem:205.61M (Peak 294.78M) | Time:00:01.18 | Mem:6.85M, Peak:6.85M | Scene, ViewLayer | Updating Meshes Volume Bounds
Fra:47 Mem:205.61M (Peak 294.78M) | Time:00:01.18 | Mem:6.85M, Peak:6.85M | Scene, ViewLayer | Updating Volume Images
Fra:47 Mem:205.61M (Peak 294.78M) | Time:00:01.18 | Mem:6.85M, Peak:6.85M | Scene, ViewLayer | Updating Mesh | Computing Volume Mesh main_vol
Fra:47 Mem:205.68M (Peak 294.78M) | Time:00:01.22 | Mem:6.85M, Peak:6.85M | Scene, ViewLayer | Updating Mesh | Computing Volume Mesh far_vol
Fra:47 Mem:205.73M (Peak 294.78M) | Time:00:01.27 | Mem:6.85M, Peak:6.85M | Scene, ViewLayer | Updating Mesh | Computing Volume Mesh near_vol
Fra:47 Mem:205.75M (Peak 294.78M) | Time:00:01.29 | Mem:6.85M, Peak:6.85M | Scene, ViewLayer | Updating Objects
Fra:47 Mem:205.75M (Peak 294.78M) | Time:00:01.29 | Mem:6.85M, Peak:6.85M | Scene, ViewLayer | Updating Objects | Copying Transformations to device
Fra:47 Mem:205.75M (Peak 294.78M) | Time:00:01.29 | Mem:6.85M, Peak:6.85M | Scene, ViewLayer | Updating Particle Systems
Fra:47 Mem:205.75M (Peak 294.78M) | Time:00:01.29 | Mem:6.85M, Peak:6.85M | Scene, ViewLayer | Updating Meshes
Fra:47 Mem:204.15M (Peak 294.78M) | Time:00:01.29 | Mem:5.22M, Peak:6.85M | Scene, ViewLayer | Updating Objects | Applying Static Transformations
Fra:47 Mem:204.15M (Peak 294.78M) | Time:00:01.29 | Mem:5.22M, Peak:6.85M | Scene, ViewLayer | Updating Mesh | Computing attributes
Fra:47 Mem:204.44M (Peak 294.78M) | Time:00:01.29 | Mem:5.22M, Peak:6.85M | Scene, ViewLayer | Updating Mesh | Copying Attributes to device
Fra:47 Mem:204.44M (Peak 294.78M) | Time:00:01.29 | Mem:5.50M, Peak:6.85M | Scene, ViewLayer | Updating Geometry BVH t0 5/4 | Building BVH
Fra:47 Mem:204.44M (Peak 294.78M) | Time:00:01.29 | Mem:5.50M, Peak:6.85M | Scene, ViewLayer | Updating Geometry BVH far_vol 3/4 | Building BVH
Fra:47 Mem:204.44M (Peak 294.78M) | Time:00:01.29 | Mem:5.50M, Peak:6.85M | Scene, ViewLayer | Updating Geometry BVH far_vol 3/4 | Building OptiX acceleration structure
Fra:47 Mem:205.38M (Peak 294.78M) | Time:00:01.29 | Mem:5.50M, Peak:6.85M | Scene, ViewLayer | Updating Geometry BVH near_vol 4/4 | Building BVH
Fra:47 Mem:205.38M (Peak 294.78M) | Time:00:01.29 | Mem:5.50M, Peak:6.85M | Scene, ViewLayer | Updating Geometry BVH near_vol 4/4 | Building OptiX acceleration structure
Fra:47 Mem:204.44M (Peak 294.78M) | Time:00:01.31 | Mem:5.50M, Peak:6.85M | Scene, ViewLayer | Updating Scene BVH | Building
Fra:47 Mem:204.44M (Peak 294.78M) | Time:00:01.31 | Mem:5.50M, Peak:6.85M | Scene, ViewLayer | Updating Scene BVH | Building OptiX acceleration structure
Fra:47 Mem:204.44M (Peak 294.78M) | Time:00:01.31 | Mem:5.50M, Peak:6.85M | Scene, ViewLayer | Updating Scene BVH | Building BVH
Fra:47 Mem:204.44M (Peak 294.78M) | Time:00:01.31 | Mem:5.50M, Peak:6.85M | Scene, ViewLayer | Updating Scene BVH | Building BVH 0%
Fra:47 Mem:204.44M (Peak 294.78M) | Time:00:01.36 | Mem:5.50M, Peak:6.85M | Scene, ViewLayer | Updating Scene BVH | Copying BVH to device
Fra:47 Mem:204.44M (Peak 294.78M) | Time:00:01.36 | Mem:5.50M, Peak:6.85M | Scene, ViewLayer | Updating Mesh | Computing normals
Fra:47 Mem:205.79M (Peak 294.78M) | Time:00:01.36 | Mem:5.50M, Peak:6.85M | Scene, ViewLayer | Updating Mesh | Copying Mesh to device
Fra:47 Mem:205.79M (Peak 294.78M) | Time:00:01.36 | Mem:6.85M, Peak:6.85M | Scene, ViewLayer | Updating Objects Flags
Fra:47 Mem:205.79M (Peak 294.78M) | Time:00:01.78 | Mem:6.85M, Peak:6.85M | Scene, ViewLayer | Updating Primitive Offsets
Fra:47 Mem:205.79M (Peak 294.78M) | Time:00:01.78 | Mem:6.85M, Peak:6.85M | Scene, ViewLayer | Updating Images
Fra:47 Mem:202.75M (Peak 294.78M) | Time:00:01.78 | Mem:6.85M, Peak:6.85M | Scene, ViewLayer | Updating Images | Loading density
Fra:47 Mem:205.85M (Peak 294.78M) | Time:00:01.78 | Mem:6.91M, Peak:9.00M | Scene, ViewLayer | Updating Camera Volume
Fra:47 Mem:205.85M (Peak 294.78M) | Time:00:01.78 | Mem:6.91M, Peak:9.00M | Scene, ViewLayer | Updating Lookup Tables
Fra:47 Mem:205.85M (Peak 294.78M) | Time:00:01.79 | Mem:6.91M, Peak:9.00M | Scene, ViewLayer | Updating Lights
Fra:47 Mem:205.85M (Peak 294.78M) | Time:00:01.79 | Mem:6.91M, Peak:9.00M | Scene, ViewLayer | Updating Lights | Computing tree
Fra:47 Mem:205.85M (Peak 294.78M) | Time:00:01.79 | Mem:6.91M, Peak:9.00M | Scene, ViewLayer | Updating Integrator
Fra:47 Mem:205.85M (Peak 294.78M) | Time:00:01.79 | Mem:6.91M, Peak:9.00M | Scene, ViewLayer | Updating Film
Fra:47 Mem:205.85M (Peak 294.78M) | Time:00:01.79 | Mem:6.91M, Peak:9.00M | Scene, ViewLayer | Updating Lookup Tables
Fra:47 Mem:205.85M (Peak 294.78M) | Time:00:01.79 | Mem:6.91M, Peak:9.00M | Scene, ViewLayer | Updating Baking
Fra:47 Mem:205.85M (Peak 294.78M) | Time:00:01.79 | Mem:6.91M, Peak:9.00M | Scene, ViewLayer | Updating Device | Writing constant memory
Fra:47 Mem:205.85M (Peak 294.78M) | Time:00:01.79 | Mem:6.91M, Peak:9.00M | Scene, ViewLayer | Sample 0/24
Fra:47 Mem:205.85M (Peak 294.78M) | Time:00:02.77 | Remaining:00:22.72 | Mem:6.91M, Peak:9.00M | Scene, ViewLayer | Sample 1/24
Fra:47 Mem:205.85M (Peak 294.78M) | Time:00:03.98 | Remaining:00:24.08 | Mem:6.91M, Peak:9.00M | Scene, ViewLayer | Sample 2/24
Fra:47 Mem:241.45M (Peak 294.84M) | Time:00:22.46 | Mem:6.91M, Peak:9.00M | Scene, ViewLayer | Sample 24/24
Fra:47 Mem:241.45M (Peak 294.84M) | Time:00:22.46 | Mem:6.91M, Peak:9.00M | Scene, ViewLayer | Finished
Saved: 'C:\Work\domin8te-build\daysky\out\a\f0047.png'
Time: 00:22.68 (Saving: 00:00.21)

Fra:48 Mem:205.85M (Peak 294.84M) | Time:00:01.07 | Mem:6.91M, Peak:6.91M | Scene, ViewLayer | Synchronizing object | main_vol
Fra:48 Mem:205.76M (Peak 294.84M) | Time:00:01.07 | Mem:6.91M, Peak:6.91M | Scene, ViewLayer | Synchronizing object | t0
Fra:48 Mem:205.68M (Peak 294.84M) | Time:00:01.07 | Mem:6.91M, Peak:6.91M | Scene, ViewLayer | Initializing
Fra:48 Mem:205.67M (Peak 294.84M) | Time:00:01.07 | Mem:6.91M, Peak:6.91M | Scene, ViewLayer | Waiting for render to start
Fra:48 Mem:205.67M (Peak 294.84M) | Time:00:01.07 | Mem:6.91M, Peak:6.91M | Scene, ViewLayer | Updating Scene
Fra:48 Mem:205.67M (Peak 294.84M) | Time:00:01.07 | Mem:6.91M, Peak:6.91M | Scene, ViewLayer | Updating Shaders
Fra:48 Mem:205.67M (Peak 294.84M) | Time:00:01.07 | Mem:6.91M, Peak:6.91M | Scene, ViewLayer | Updating Background
Fra:48 Mem:205.67M (Peak 294.84M) | Time:00:01.07 | Mem:6.91M, Peak:6.91M | Scene, ViewLayer | Updating Camera
Fra:48 Mem:205.67M (Peak 294.84M) | Time:00:01.07 | Mem:6.91M, Peak:6.91M | Scene, ViewLayer | Updating Meshes Flags
Fra:48 Mem:205.67M (Peak 294.84M) | Time:00:01.07 | Mem:6.91M, Peak:6.91M | Scene, ViewLayer | Updating Meshes Volume Bounds
Fra:48 Mem:205.67M (Peak 294.84M) | Time:00:01.07 | Mem:6.91M, Peak:6.91M | Scene, ViewLayer | Updating Volume Images
Fra:48 Mem:205.67M (Peak 294.84M) | Time:00:01.07 | Mem:6.91M, Peak:6.91M | Scene, ViewLayer | Updating Mesh | Computing Volume Mesh main_vol
Fra:48 Mem:205.74M (Peak 294.84M) | Time:00:01.11 | Mem:6.91M, Peak:6.91M | Scene, ViewLayer | Updating Mesh | Computing Volume Mesh far_vol
Fra:48 Mem:205.78M (Peak 294.84M) | Time:00:01.12 | Mem:6.91M, Peak:6.91M | Scene, ViewLayer | Updating Mesh | Computing Volume Mesh near_vol
Fra:48 Mem:205.81M (Peak 294.84M) | Time:00:01.13 | Mem:6.91M, Peak:6.91M | Scene, ViewLayer | Updating Objects
Fra:48 Mem:205.81M (Peak 294.84M) | Time:00:01.13 | Mem:6.91M, Peak:6.91M | Scene, ViewLayer | Updating Objects | Copying Transformations to device
Fra:48 Mem:205.81M (Peak 294.84M) | Time:00:01.13 | Mem:6.91M, Peak:6.91M | Scene, ViewLayer | Updating Particle Systems
Fra:48 Mem:205.81M (Peak 294.84M) | Time:00:01.13 | Mem:6.91M, Peak:6.91M | Scene, ViewLayer | Updating Meshes
Fra:48 Mem:204.21M (Peak 294.84M) | Time:00:01.15 | Mem:5.27M, Peak:6.91M | Scene, ViewLayer | Updating Objects | Applying Static Transformations
Fra:48 Mem:204.21M (Peak 294.84M) | Time:00:01.15 | Mem:5.27M, Peak:6.91M | Scene, ViewLayer | Updating Mesh | Computing attributes
Fra:48 Mem:204.50M (Peak 294.84M) | Time:00:01.15 | Mem:5.27M, Peak:6.91M | Scene, ViewLayer | Updating Mesh | Copying Attributes to device
Fra:48 Mem:204.50M (Peak 294.84M) | Time:00:01.15 | Mem:5.56M, Peak:6.91M | Scene, ViewLayer | Updating Geometry BVH t0 5/4 | Building BVH
Fra:48 Mem:204.50M (Peak 294.84M) | Time:00:01.15 | Mem:5.56M, Peak:6.91M | Scene, ViewLayer | Updating Geometry BVH main_vol 2/4 | Building BVH
Fra:48 Mem:204.50M (Peak 294.84M) | Time:00:01.15 | Mem:5.56M, Peak:6.91M | Scene, ViewLayer | Updating Geometry BVH main_vol 2/4 | Building OptiX acceleration structure
Fra:48 Mem:205.35M (Peak 294.84M) | Time:00:01.15 | Mem:5.56M, Peak:6.91M | Scene, ViewLayer | Updating Geometry BVH far_vol 3/4 | Building BVH
Fra:48 Mem:205.35M (Peak 294.84M) | Time:00:01.15 | Mem:5.56M, Peak:6.91M | Scene, ViewLayer | Updating Geometry BVH far_vol 3/4 | Building OptiX acceleration structure
Fra:48 Mem:205.39M (Peak 294.84M) | Time:00:01.15 | Mem:5.56M, Peak:6.91M | Scene, ViewLayer | Updating Geometry BVH near_vol 4/4 | Building BVH
Fra:48 Mem:205.39M (Peak 294.84M) | Time:00:01.15 | Mem:5.56M, Peak:6.91M | Scene, ViewLayer | Updating Geometry BVH near_vol 4/4 | Building OptiX acceleration structure
Fra:48 Mem:204.50M (Peak 294.84M) | Time:00:01.17 | Mem:5.56M, Peak:6.91M | Scene, ViewLayer | Updating Scene BVH | Building
Fra:48 Mem:204.50M (Peak 294.84M) | Time:00:01.17 | Mem:5.56M, Peak:6.91M | Scene, ViewLayer | Updating Scene BVH | Building OptiX acceleration structure
Fra:48 Mem:204.50M (Peak 294.84M) | Time:00:01.17 | Mem:5.56M, Peak:6.91M | Scene, ViewLayer | Updating Scene BVH | Building BVH
Fra:48 Mem:204.50M (Peak 294.84M) | Time:00:01.17 | Mem:5.56M, Peak:6.91M | Scene, ViewLayer | Updating Scene BVH | Building BVH 0%
Fra:48 Mem:204.50M (Peak 294.84M) | Time:00:01.19 | Mem:5.56M, Peak:6.91M | Scene, ViewLayer | Updating Scene BVH | Copying BVH to device
Fra:48 Mem:204.50M (Peak 294.84M) | Time:00:01.19 | Mem:5.56M, Peak:6.91M | Scene, ViewLayer | Updating Mesh | Computing normals
Fra:48 Mem:205.85M (Peak 294.84M) | Time:00:01.19 | Mem:5.56M, Peak:6.91M | Scene, ViewLayer | Updating Mesh | Copying Mesh to device
Fra:48 Mem:205.85M (Peak 294.84M) | Time:00:01.19 | Mem:6.91M, Peak:6.91M | Scene, ViewLayer | Updating Objects Flags
Fra:48 Mem:205.85M (Peak 294.84M) | Time:00:01.51 | Mem:6.91M, Peak:6.91M | Scene, ViewLayer | Updating Primitive Offsets
Fra:48 Mem:205.85M (Peak 294.84M) | Time:00:01.51 | Mem:6.91M, Peak:6.91M | Scene, ViewLayer | Updating Images
Fra:48 Mem:200.67M (Peak 294.84M) | Time:00:01.53 | Mem:1.73M, Peak:6.91M | Scene, ViewLayer | Updating Images | Loading density
Fra:48 Mem:205.87M (Peak 294.84M) | Time:00:01.54 | Mem:6.93M, Peak:6.93M | Scene, ViewLayer | Updating Camera Volume
Fra:48 Mem:205.87M (Peak 294.84M) | Time:00:01.54 | Mem:6.93M, Peak:6.93M | Scene, ViewLayer | Updating Lookup Tables
Fra:48 Mem:205.87M (Peak 294.84M) | Time:00:01.54 | Mem:6.93M, Peak:6.93M | Scene, ViewLayer | Updating Lights
Fra:48 Mem:205.87M (Peak 294.84M) | Time:00:01.54 | Mem:6.93M, Peak:6.93M | Scene, ViewLayer | Updating Lights | Computing tree
Fra:48 Mem:205.87M (Peak 294.84M) | Time:00:01.54 | Mem:6.93M, Peak:6.93M | Scene, ViewLayer | Updating Integrator
Fra:48 Mem:205.87M (Peak 294.84M) | Time:00:01.54 | Mem:6.93M, Peak:6.93M | Scene, ViewLayer | Updating Film
Fra:48 Mem:205.87M (Peak 294.84M) | Time:00:01.54 | Mem:6.93M, Peak:6.93M | Scene, ViewLayer | Updating Lookup Tables
Fra:48 Mem:205.87M (Peak 294.84M) | Time:00:01.54 | Mem:6.93M, Peak:6.93M | Scene, ViewLayer | Updating Baking
Fra:48 Mem:205.87M (Peak 294.84M) | Time:00:01.54 | Mem:6.93M, Peak:6.93M | Scene, ViewLayer | Updating Device | Writing constant memory
Fra:48 Mem:205.87M (Peak 294.84M) | Time:00:01.54 | Mem:6.93M, Peak:6.93M | Scene, ViewLayer | Sample 0/24
Fra:48 Mem:205.87M (Peak 294.84M) | Time:00:02.68 | Remaining:00:26.09 | Mem:6.93M, Peak:6.93M | Scene, ViewLayer | Sample 1/24
Fra:48 Mem:205.87M (Peak 294.84M) | Time:00:03.62 | Remaining:00:22.85 | Mem:6.93M, Peak:6.93M | Scene, ViewLayer | Sample 2/24
Fra:48 Mem:241.47M (Peak 294.87M) | Time:00:22.24 | Mem:6.93M, Peak:6.93M | Scene, ViewLayer | Sample 24/24
Fra:48 Mem:241.47M (Peak 294.87M) | Time:00:22.24 | Mem:6.93M, Peak:6.93M | Scene, ViewLayer | Finished
Saved: 'C:\Work\domin8te-build\daysky\out\a\f0048.png'
Time: 00:22.51 (Saving: 00:00.27)

Fra:49 Mem:205.88M (Peak 294.87M) | Time:00:01.27 | Mem:6.93M, Peak:6.93M | Scene, ViewLayer | Synchronizing object | main_vol
Fra:49 Mem:205.78M (Peak 294.87M) | Time:00:01.27 | Mem:6.93M, Peak:6.93M | Scene, ViewLayer | Synchronizing object | near_vol
Fra:49 Mem:205.70M (Peak 294.87M) | Time:00:01.27 | Mem:6.93M, Peak:6.93M | Scene, ViewLayer | Initializing
Fra:49 Mem:205.70M (Peak 294.87M) | Time:00:01.27 | Mem:6.93M, Peak:6.93M | Scene, ViewLayer | Waiting for render to start
Fra:49 Mem:205.70M (Peak 294.87M) | Time:00:01.27 | Mem:6.93M, Peak:6.93M | Scene, ViewLayer | Updating Scene
Fra:49 Mem:205.70M (Peak 294.87M) | Time:00:01.27 | Mem:6.93M, Peak:6.93M | Scene, ViewLayer | Updating Shaders
Fra:49 Mem:205.70M (Peak 294.87M) | Time:00:01.28 | Mem:6.93M, Peak:6.93M | Scene, ViewLayer | Updating Background
Fra:49 Mem:205.70M (Peak 294.87M) | Time:00:01.28 | Mem:6.93M, Peak:6.93M | Scene, ViewLayer | Updating Camera
Fra:49 Mem:205.70M (Peak 294.87M) | Time:00:01.28 | Mem:6.93M, Peak:6.93M | Scene, ViewLayer | Updating Meshes Flags
Fra:49 Mem:205.70M (Peak 294.87M) | Time:00:01.28 | Mem:6.93M, Peak:6.93M | Scene, ViewLayer | Updating Meshes Volume Bounds
Fra:49 Mem:205.70M (Peak 294.87M) | Time:00:01.28 | Mem:6.93M, Peak:6.93M | Scene, ViewLayer | Updating Volume Images
Fra:49 Mem:205.70M (Peak 294.87M) | Time:00:01.28 | Mem:6.93M, Peak:6.93M | Scene, ViewLayer | Updating Mesh | Computing Volume Mesh main_vol
Fra:49 Mem:205.77M (Peak 294.87M) | Time:00:01.30 | Mem:6.93M, Peak:6.93M | Scene, ViewLayer | Updating Mesh | Computing Volume Mesh far_vol
Fra:49 Mem:205.81M (Peak 294.87M) | Time:00:01.32 | Mem:6.93M, Peak:6.93M | Scene, ViewLayer | Updating Mesh | Computing Volume Mesh near_vol
Fra:49 Mem:205.83M (Peak 294.87M) | Time:00:01.33 | Mem:6.93M, Peak:6.93M | Scene, ViewLayer | Updating Objects
Fra:49 Mem:205.83M (Peak 294.87M) | Time:00:01.33 | Mem:6.93M, Peak:6.93M | Scene, ViewLayer | Updating Objects | Copying Transformations to device
Fra:49 Mem:205.83M (Peak 294.87M) | Time:00:01.33 | Mem:6.93M, Peak:6.93M | Scene, ViewLayer | Updating Particle Systems
Fra:49 Mem:205.83M (Peak 294.87M) | Time:00:01.33 | Mem:6.93M, Peak:6.93M | Scene, ViewLayer | Updating Meshes
Fra:49 Mem:204.23M (Peak 294.87M) | Time:00:01.33 | Mem:5.30M, Peak:6.93M | Scene, ViewLayer | Updating Objects | Applying Static Transformations
Fra:49 Mem:204.23M (Peak 294.87M) | Time:00:01.33 | Mem:5.30M, Peak:6.93M | Scene, ViewLayer | Updating Mesh | Computing attributes
Fra:49 Mem:204.52M (Peak 294.87M) | Time:00:01.33 | Mem:5.30M, Peak:6.93M | Scene, ViewLayer | Updating Mesh | Copying Attributes to device
Fra:49 Mem:204.52M (Peak 294.87M) | Time:00:01.33 | Mem:5.58M, Peak:6.93M | Scene, ViewLayer | Updating Geometry BVH t0 5/4 | Building BVH
Fra:49 Mem:204.52M (Peak 294.87M) | Time:00:01.33 | Mem:5.58M, Peak:6.93M | Scene, ViewLayer | Updating Geometry BVH t0 5/4 | Building OptiX acceleration structure
Fra:49 Mem:204.99M (Peak 294.87M) | Time:00:01.33 | Mem:5.58M, Peak:6.93M | Scene, ViewLayer | Updating Geometry BVH main_vol 2/4 | Building BVH
Fra:49 Mem:205.37M (Peak 294.87M) | Time:00:01.33 | Mem:5.58M, Peak:6.93M | Scene, ViewLayer | Updating Geometry BVH main_vol 2/4 | Building OptiX acceleration structure
Fra:49 Mem:205.43M (Peak 294.87M) | Time:00:01.33 | Mem:5.58M, Peak:6.93M | Scene, ViewLayer | Updating Geometry BVH near_vol 4/4 | Building BVH
Fra:49 Mem:205.43M (Peak 294.87M) | Time:00:01.33 | Mem:5.58M, Peak:6.93M | Scene, ViewLayer | Updating Geometry BVH far_vol 3/4 | Building BVH
Fra:49 Mem:205.43M (Peak 294.87M) | Time:00:01.33 | Mem:5.58M, Peak:6.93M | Scene, ViewLayer | Updating Geometry BVH far_vol 3/4 | Building OptiX acceleration structure
Fra:49 Mem:204.52M (Peak 294.87M) | Time:00:01.34 | Mem:5.58M, Peak:6.93M | Scene, ViewLayer | Updating Scene BVH | Building
Fra:49 Mem:204.52M (Peak 294.87M) | Time:00:01.34 | Mem:5.58M, Peak:6.93M | Scene, ViewLayer | Updating Scene BVH | Building OptiX acceleration structure
Fra:49 Mem:204.52M (Peak 294.87M) | Time:00:01.34 | Mem:5.58M, Peak:6.93M | Scene, ViewLayer | Updating Scene BVH | Building BVH
Fra:49 Mem:204.52M (Peak 294.87M) | Time:00:01.34 | Mem:5.58M, Peak:6.93M | Scene, ViewLayer | Updating Scene BVH | Building BVH 0%
Fra:49 Mem:204.52M (Peak 294.87M) | Time:00:01.35 | Mem:5.58M, Peak:6.93M | Scene, ViewLayer | Updating Scene BVH | Copying BVH to device
Fra:49 Mem:204.52M (Peak 294.87M) | Time:00:01.35 | Mem:5.58M, Peak:6.93M | Scene, ViewLayer | Updating Mesh | Computing normals
Fra:49 Mem:205.87M (Peak 294.87M) | Time:00:01.35 | Mem:5.58M, Peak:6.93M | Scene, ViewLayer | Updating Mesh | Copying Mesh to device
Fra:49 Mem:205.87M (Peak 294.87M) | Time:00:01.35 | Mem:6.93M, Peak:6.93M | Scene, ViewLayer | Updating Objects Flags
Fra:49 Mem:205.87M (Peak 294.87M) | Time:00:01.43 | Mem:6.93M, Peak:6.93M | Scene, ViewLayer | Updating Primitive Offsets
Fra:49 Mem:205.87M (Peak 294.87M) | Time:00:01.43 | Mem:6.93M, Peak:6.93M | Scene, ViewLayer | Updating Images
Fra:49 Mem:202.80M (Peak 294.87M) | Time:00:01.43 | Mem:6.93M, Peak:6.93M | Scene, ViewLayer | Updating Images | Loading density
Fra:49 Mem:205.89M (Peak 294.87M) | Time:00:01.44 | Mem:6.96M, Peak:9.10M | Scene, ViewLayer | Updating Camera Volume
Fra:49 Mem:205.89M (Peak 294.87M) | Time:00:01.44 | Mem:6.96M, Peak:9.10M | Scene, ViewLayer | Updating Lookup Tables
Fra:49 Mem:205.89M (Peak 294.87M) | Time:00:01.44 | Mem:6.96M, Peak:9.10M | Scene, ViewLayer | Updating Lights
Fra:49 Mem:205.89M (Peak 294.87M) | Time:00:01.44 | Mem:6.96M, Peak:9.10M | Scene, ViewLayer | Updating Lights | Computing tree
Fra:49 Mem:205.89M (Peak 294.87M) | Time:00:01.44 | Mem:6.96M, Peak:9.10M | Scene, ViewLayer | Updating Integrator
Fra:49 Mem:205.89M (Peak 294.87M) | Time:00:01.44 | Mem:6.96M, Peak:9.10M | Scene, ViewLayer | Updating Film
Fra:49 Mem:205.89M (Peak 294.87M) | Time:00:01.44 | Mem:6.96M, Peak:9.10M | Scene, ViewLayer | Updating Lookup Tables
Fra:49 Mem:205.89M (Peak 294.87M) | Time:00:01.44 | Mem:6.96M, Peak:9.10M | Scene, ViewLayer | Updating Baking
Fra:49 Mem:205.89M (Peak 294.87M) | Time:00:01.44 | Mem:6.96M, Peak:9.10M | Scene, ViewLayer | Updating Device | Writing constant memory
Fra:49 Mem:205.89M (Peak 294.87M) | Time:00:01.44 | Mem:6.96M, Peak:9.10M | Scene, ViewLayer | Sample 0/24
Fra:49 Mem:205.89M (Peak 294.87M) | Time:00:02.60 | Remaining:00:26.55 | Mem:6.96M, Peak:9.10M | Scene, ViewLayer | Sample 1/24
Fra:49 Mem:205.89M (Peak 294.87M) | Time:00:04.11 | Remaining:00:29.30 | Mem:6.96M, Peak:91.50M | Scene, ViewLayer | Sample 2/24
Fra:49 Mem:205.89M (Peak 294.87M) | Time:00:05.15 | Remaining:00:25.95 | Mem:6.96M, Peak:91.50M | Scene, ViewLayer | Sample 3/24
Fra:49 Mem:205.89M (Peak 294.87M) | Time:00:06.82 | Remaining:00:26.91 | Mem:6.96M, Peak:91.50M | Scene, ViewLayer | Sample 4/24
Fra:49 Mem:205.89M (Peak 294.87M) | Time:00:07.85 | Remaining:00:24.34 | Mem:6.96M, Peak:91.50M | Scene, ViewLayer | Sample 5/24
Fra:49 Mem:205.89M (Peak 294.87M) | Time:00:08.78 | Remaining:00:22.02 | Mem:6.96M, Peak:91.50M | Scene, ViewLayer | Sample 6/24
Fra:49 Mem:241.49M (Peak 294.89M) | Time:00:24.12 | Mem:6.96M, Peak:91.50M | Scene, ViewLayer | Sample 24/24
Fra:49 Mem:241.49M (Peak 294.89M) | Time:00:24.12 | Mem:6.96M, Peak:91.50M | Scene, ViewLayer | Finished
Saved: 'C:\Work\domin8te-build\daysky\out\a\f0049.png'
Time: 00:24.51 (Saving: 00:00.38)

Fra:50 Mem:205.90M (Peak 294.89M) | Time:00:00.73 | Mem:6.96M, Peak:6.96M | Scene, ViewLayer | Synchronizing object | main_vol
Fra:50 Mem:205.81M (Peak 294.89M) | Time:00:00.73 | Mem:6.96M, Peak:6.96M | Scene, ViewLayer | Synchronizing object | t0
Fra:50 Mem:205.72M (Peak 294.89M) | Time:00:00.73 | Mem:6.96M, Peak:6.96M | Scene, ViewLayer | Initializing
Fra:50 Mem:205.72M (Peak 294.89M) | Time:00:00.73 | Mem:6.96M, Peak:6.96M | Scene, ViewLayer | Waiting for render to start
Fra:50 Mem:205.72M (Peak 294.89M) | Time:00:00.73 | Mem:6.96M, Peak:6.96M | Scene, ViewLayer | Updating Scene
Fra:50 Mem:205.72M (Peak 294.89M) | Time:00:00.73 | Mem:6.96M, Peak:6.96M | Scene, ViewLayer | Updating Shaders
Fra:50 Mem:205.72M (Peak 294.89M) | Time:00:00.73 | Mem:6.96M, Peak:6.96M | Scene, ViewLayer | Updating Background
Fra:50 Mem:205.72M (Peak 294.89M) | Time:00:00.73 | Mem:6.96M, Peak:6.96M | Scene, ViewLayer | Updating Camera
Fra:50 Mem:205.72M (Peak 294.89M) | Time:00:00.73 | Mem:6.96M, Peak:6.96M | Scene, ViewLayer | Updating Meshes Flags
Fra:50 Mem:205.72M (Peak 294.89M) | Time:00:00.73 | Mem:6.96M, Peak:6.96M | Scene, ViewLayer | Updating Meshes Volume Bounds
Fra:50 Mem:205.72M (Peak 294.89M) | Time:00:00.73 | Mem:6.96M, Peak:6.96M | Scene, ViewLayer | Updating Volume Images
Fra:50 Mem:205.72M (Peak 294.89M) | Time:00:00.73 | Mem:6.96M, Peak:6.96M | Scene, ViewLayer | Updating Mesh | Computing Volume Mesh main_vol
Fra:50 Mem:205.79M (Peak 294.89M) | Time:00:00.75 | Mem:6.96M, Peak:6.96M | Scene, ViewLayer | Updating Mesh | Computing Volume Mesh far_vol
Fra:50 Mem:205.83M (Peak 294.89M) | Time:00:00.76 | Mem:6.96M, Peak:6.96M | Scene, ViewLayer | Updating Mesh | Computing Volume Mesh near_vol
Fra:50 Mem:205.85M (Peak 294.89M) | Time:00:00.77 | Mem:6.96M, Peak:6.96M | Scene, ViewLayer | Updating Objects
Fra:50 Mem:205.85M (Peak 294.89M) | Time:00:00.77 | Mem:6.96M, Peak:6.96M | Scene, ViewLayer | Updating Objects | Copying Transformations to device
Fra:50 Mem:205.85M (Peak 294.89M) | Time:00:00.77 | Mem:6.96M, Peak:6.96M | Scene, ViewLayer | Updating Particle Systems
Fra:50 Mem:205.85M (Peak 294.89M) | Time:00:00.77 | Mem:6.96M, Peak:6.96M | Scene, ViewLayer | Updating Meshes
Fra:50 Mem:204.26M (Peak 294.89M) | Time:00:00.77 | Mem:5.32M, Peak:6.96M | Scene, ViewLayer | Updating Objects | Applying Static Transformations
Fra:50 Mem:204.26M (Peak 294.89M) | Time:00:00.77 | Mem:5.32M, Peak:6.96M | Scene, ViewLayer | Updating Mesh | Computing attributes
Fra:50 Mem:204.55M (Peak 294.89M) | Time:00:00.77 | Mem:5.32M, Peak:6.96M | Scene, ViewLayer | Updating Mesh | Copying Attributes to device
Fra:50 Mem:204.54M (Peak 294.89M) | Time:00:00.77 | Mem:5.61M, Peak:6.96M | Scene, ViewLayer | Updating Geometry BVH main_vol 2/4 | Building BVH
Fra:50 Mem:204.54M (Peak 294.89M) | Time:00:00.77 | Mem:5.61M, Peak:6.96M | Scene, ViewLayer | Updating Geometry BVH t0 5/4 | Building BVH
Fra:50 Mem:204.54M (Peak 294.89M) | Time:00:00.77 | Mem:5.61M, Peak:6.96M | Scene, ViewLayer | Updating Geometry BVH t0 5/4 | Building OptiX acceleration structure
Fra:50 Mem:204.54M (Peak 294.89M) | Time:00:00.77 | Mem:5.61M, Peak:6.96M | Scene, ViewLayer | Updating Scene BVH | Building
Fra:50 Mem:204.54M (Peak 294.89M) | Time:00:00.77 | Mem:5.61M, Peak:6.96M | Scene, ViewLayer | Updating Scene BVH | Building OptiX acceleration structure
Fra:50 Mem:204.54M (Peak 294.89M) | Time:00:00.77 | Mem:5.61M, Peak:6.96M | Scene, ViewLayer | Updating Scene BVH | Building BVH
Fra:50 Mem:204.54M (Peak 294.89M) | Time:00:00.77 | Mem:5.61M, Peak:6.96M | Scene, ViewLayer | Updating Scene BVH | Building BVH 0%
Fra:50 Mem:204.54M (Peak 294.89M) | Time:00:00.78 | Mem:5.61M, Peak:6.96M | Scene, ViewLayer | Updating Scene BVH | Copying BVH to device
Fra:50 Mem:204.54M (Peak 294.89M) | Time:00:00.78 | Mem:5.61M, Peak:6.96M | Scene, ViewLayer | Updating Mesh | Computing normals
Fra:50 Mem:205.90M (Peak 294.89M) | Time:00:00.78 | Mem:5.61M, Peak:6.96M | Scene, ViewLayer | Updating Mesh | Copying Mesh to device
Fra:50 Mem:205.90M (Peak 294.89M) | Time:00:00.78 | Mem:6.96M, Peak:6.96M | Scene, ViewLayer | Updating Objects Flags
Fra:50 Mem:205.90M (Peak 294.89M) | Time:00:00.81 | Mem:6.96M, Peak:6.96M | Scene, ViewLayer | Updating Primitive Offsets
Fra:50 Mem:205.90M (Peak 294.89M) | Time:00:00.81 | Mem:6.96M, Peak:6.96M | Scene, ViewLayer | Updating Images
Fra:50 Mem:200.67M (Peak 294.89M) | Time:00:00.81 | Mem:1.73M, Peak:6.96M | Scene, ViewLayer | Updating Images | Loading density
Fra:50 Mem:205.91M (Peak 294.89M) | Time:00:00.81 | Mem:6.97M, Peak:6.97M | Scene, ViewLayer | Updating Camera Volume
Fra:50 Mem:205.91M (Peak 294.89M) | Time:00:00.81 | Mem:6.97M, Peak:6.97M | Scene, ViewLayer | Updating Lookup Tables
Fra:50 Mem:205.91M (Peak 294.89M) | Time:00:00.81 | Mem:6.97M, Peak:6.97M | Scene, ViewLayer | Updating Lights
Fra:50 Mem:205.91M (Peak 294.89M) | Time:00:00.81 | Mem:6.97M, Peak:6.97M | Scene, ViewLayer | Updating Lights | Computing tree
Fra:50 Mem:205.91M (Peak 294.89M) | Time:00:00.81 | Mem:6.97M, Peak:6.97M | Scene, ViewLayer | Updating Integrator
Fra:50 Mem:205.91M (Peak 294.89M) | Time:00:00.81 | Mem:6.97M, Peak:6.97M | Scene, ViewLayer | Updating Film
Fra:50 Mem:205.91M (Peak 294.89M) | Time:00:00.82 | Mem:6.97M, Peak:6.97M | Scene, ViewLayer | Updating Lookup Tables
Fra:50 Mem:205.91M (Peak 294.89M) | Time:00:00.82 | Mem:6.97M, Peak:6.97M | Scene, ViewLayer | Updating Baking
Fra:50 Mem:205.91M (Peak 294.89M) | Time:00:00.82 | Mem:6.97M, Peak:6.97M | Scene, ViewLayer | Updating Device | Writing constant memory
Fra:50 Mem:205.91M (Peak 294.89M) | Time:00:00.82 | Mem:6.97M, Peak:6.97M | Scene, ViewLayer | Sample 0/24
Fra:50 Mem:205.91M (Peak 294.89M) | Time:00:01.77 | Remaining:00:21.87 | Mem:6.97M, Peak:6.97M | Scene, ViewLayer | Sample 1/24
Fra:50 Mem:205.91M (Peak 294.89M) | Time:00:03.00 | Remaining:00:24.02 | Mem:6.97M, Peak:91.51M | Scene, ViewLayer | Sample 2/24
Fra:50 Mem:205.91M (Peak 294.89M) | Time:00:04.11 | Remaining:00:23.04 | Mem:6.97M, Peak:91.51M | Scene, ViewLayer | Sample 3/24
Fra:50 Mem:205.91M (Peak 294.89M) | Time:00:05.12 | Remaining:00:21.52 | Mem:6.97M, Peak:91.51M | Scene, ViewLayer | Sample 4/24
Fra:50 Mem:241.51M (Peak 294.91M) | Time:00:23.04 | Mem:6.97M, Peak:91.51M | Scene, ViewLayer | Sample 24/24
Fra:50 Mem:241.51M (Peak 294.91M) | Time:00:23.04 | Mem:6.97M, Peak:91.51M | Scene, ViewLayer | Finished
Saved: 'C:\Work\domin8te-build\daysky\out\a\f0050.png'
Time: 00:23.58 (Saving: 00:00.53)

Fra:51 Mem:205.92M (Peak 294.91M) | Time:00:01.13 | Mem:6.97M, Peak:6.97M | Scene, ViewLayer | Synchronizing object | main_vol
Fra:51 Mem:205.83M (Peak 294.91M) | Time:00:01.13 | Mem:6.97M, Peak:6.97M | Scene, ViewLayer | Synchronizing object | near_vol
Fra:51 Mem:205.74M (Peak 294.91M) | Time:00:01.13 | Mem:6.97M, Peak:6.97M | Scene, ViewLayer | Initializing
Fra:51 Mem:205.74M (Peak 294.91M) | Time:00:01.13 | Mem:6.97M, Peak:6.97M | Scene, ViewLayer | Waiting for render to start
Fra:51 Mem:205.74M (Peak 294.91M) | Time:00:01.13 | Mem:6.97M, Peak:6.97M | Scene, ViewLayer | Updating Scene
Fra:51 Mem:205.74M (Peak 294.91M) | Time:00:01.13 | Mem:6.97M, Peak:6.97M | Scene, ViewLayer | Updating Shaders
Fra:51 Mem:205.74M (Peak 294.91M) | Time:00:01.17 | Mem:6.97M, Peak:6.97M | Scene, ViewLayer | Updating Background
Fra:51 Mem:205.74M (Peak 294.91M) | Time:00:01.17 | Mem:6.97M, Peak:6.97M | Scene, ViewLayer | Updating Camera
Fra:51 Mem:205.74M (Peak 294.91M) | Time:00:01.17 | Mem:6.97M, Peak:6.97M | Scene, ViewLayer | Updating Meshes Flags
Fra:51 Mem:205.74M (Peak 294.91M) | Time:00:01.17 | Mem:6.97M, Peak:6.97M | Scene, ViewLayer | Updating Meshes Volume Bounds
Fra:51 Mem:205.74M (Peak 294.91M) | Time:00:01.17 | Mem:6.97M, Peak:6.97M | Scene, ViewLayer | Updating Volume Images
Fra:51 Mem:205.74M (Peak 294.91M) | Time:00:01.17 | Mem:6.97M, Peak:6.97M | Scene, ViewLayer | Updating Mesh | Computing Volume Mesh main_vol
Fra:51 Mem:205.81M (Peak 294.91M) | Time:00:01.20 | Mem:6.97M, Peak:6.97M | Scene, ViewLayer | Updating Mesh | Computing Volume Mesh far_vol
Fra:51 Mem:205.85M (Peak 294.91M) | Time:00:01.21 | Mem:6.97M, Peak:6.97M | Scene, ViewLayer | Updating Mesh | Computing Volume Mesh near_vol
Fra:51 Mem:205.87M (Peak 294.91M) | Time:00:01.21 | Mem:6.97M, Peak:6.97M | Scene, ViewLayer | Updating Objects
Fra:51 Mem:205.87M (Peak 294.91M) | Time:00:01.21 | Mem:6.97M, Peak:6.97M | Scene, ViewLayer | Updating Objects | Copying Transformations to device
Fra:51 Mem:205.87M (Peak 294.91M) | Time:00:01.21 | Mem:6.97M, Peak:6.97M | Scene, ViewLayer | Updating Particle Systems
Fra:51 Mem:205.87M (Peak 294.91M) | Time:00:01.21 | Mem:6.97M, Peak:6.97M | Scene, ViewLayer | Updating Meshes
Fra:51 Mem:204.28M (Peak 294.91M) | Time:00:01.21 | Mem:5.34M, Peak:6.97M | Scene, ViewLayer | Updating Objects | Applying Static Transformations
Fra:51 Mem:204.28M (Peak 294.91M) | Time:00:01.22 | Mem:5.34M, Peak:6.97M | Scene, ViewLayer | Updating Mesh | Computing attributes
Fra:51 Mem:204.56M (Peak 294.91M) | Time:00:01.22 | Mem:5.34M, Peak:6.97M | Scene, ViewLayer | Updating Mesh | Copying Attributes to device
Fra:51 Mem:204.56M (Peak 294.91M) | Time:00:01.22 | Mem:5.62M, Peak:6.97M | Scene, ViewLayer | Updating Geometry BVH main_vol 2/4 | Building BVH
Fra:51 Mem:204.56M (Peak 294.91M) | Time:00:01.22 | Mem:5.62M, Peak:6.97M | Scene, ViewLayer | Updating Geometry BVH far_vol 3/4 | Building BVH
Fra:51 Mem:204.56M (Peak 294.91M) | Time:00:01.22 | Mem:5.62M, Peak:6.97M | Scene, ViewLayer | Updating Geometry BVH t0 5/4 | Building OptiX acceleration structure
Fra:51 Mem:204.56M (Peak 294.91M) | Time:00:01.22 | Mem:5.62M, Peak:6.97M | Scene, ViewLayer | Updating Scene BVH | Building
Fra:51 Mem:204.56M (Peak 294.91M) | Time:00:01.22 | Mem:5.62M, Peak:6.97M | Scene, ViewLayer | Updating Scene BVH | Building OptiX acceleration structure
Fra:51 Mem:204.56M (Peak 294.91M) | Time:00:01.22 | Mem:5.62M, Peak:6.97M | Scene, ViewLayer | Updating Scene BVH | Building BVH
Fra:51 Mem:204.56M (Peak 294.91M) | Time:00:01.22 | Mem:5.62M, Peak:6.97M | Scene, ViewLayer | Updating Scene BVH | Building BVH 0%
Fra:51 Mem:204.56M (Peak 294.91M) | Time:00:01.23 | Mem:5.62M, Peak:6.97M | Scene, ViewLayer | Updating Scene BVH | Copying BVH to device
Fra:51 Mem:204.56M (Peak 294.91M) | Time:00:01.23 | Mem:5.62M, Peak:6.97M | Scene, ViewLayer | Updating Mesh | Computing normals
Fra:51 Mem:205.91M (Peak 294.91M) | Time:00:01.23 | Mem:5.62M, Peak:6.97M | Scene, ViewLayer | Updating Mesh | Copying Mesh to device
Fra:51 Mem:205.91M (Peak 294.91M) | Time:00:01.23 | Mem:6.97M, Peak:6.97M | Scene, ViewLayer | Updating Objects Flags
Fra:51 Mem:205.91M (Peak 294.91M) | Time:00:01.25 | Mem:6.97M, Peak:6.97M | Scene, ViewLayer | Updating Primitive Offsets
Fra:51 Mem:205.91M (Peak 294.91M) | Time:00:01.25 | Mem:6.97M, Peak:6.97M | Scene, ViewLayer | Updating Images
Fra:51 Mem:202.82M (Peak 294.91M) | Time:00:01.25 | Mem:6.97M, Peak:6.97M | Scene, ViewLayer | Updating Images | Loading density
Fra:51 Mem:205.92M (Peak 294.91M) | Time:00:01.25 | Mem:6.98M, Peak:9.14M | Scene, ViewLayer | Updating Camera Volume
Fra:51 Mem:205.92M (Peak 294.91M) | Time:00:01.25 | Mem:6.98M, Peak:9.14M | Scene, ViewLayer | Updating Lookup Tables
Fra:51 Mem:205.92M (Peak 294.91M) | Time:00:01.25 | Mem:6.98M, Peak:9.14M | Scene, ViewLayer | Updating Lights
Fra:51 Mem:205.92M (Peak 294.91M) | Time:00:01.25 | Mem:6.98M, Peak:9.14M | Scene, ViewLayer | Updating Lights | Computing tree
Fra:51 Mem:205.92M (Peak 294.91M) | Time:00:01.25 | Mem:6.98M, Peak:9.14M | Scene, ViewLayer | Updating Integrator
Fra:51 Mem:205.92M (Peak 294.91M) | Time:00:01.25 | Mem:6.98M, Peak:9.14M | Scene, ViewLayer | Updating Film
Fra:51 Mem:205.92M (Peak 294.91M) | Time:00:01.25 | Mem:6.98M, Peak:9.14M | Scene, ViewLayer | Updating Lookup Tables
Fra:51 Mem:205.92M (Peak 294.91M) | Time:00:01.25 | Mem:6.98M, Peak:9.14M | Scene, ViewLayer | Updating Baking
Fra:51 Mem:205.92M (Peak 294.91M) | Time:00:01.25 | Mem:6.98M, Peak:9.14M | Scene, ViewLayer | Updating Device | Writing constant memory
Fra:51 Mem:205.92M (Peak 294.91M) | Time:00:01.25 | Mem:6.98M, Peak:9.14M | Scene, ViewLayer | Sample 0/24
Fra:51 Mem:205.92M (Peak 294.91M) | Time:00:02.45 | Remaining:00:27.60 | Mem:6.98M, Peak:9.14M | Scene, ViewLayer | Sample 1/24
Fra:51 Mem:205.92M (Peak 294.91M) | Time:00:03.53 | Remaining:00:25.10 | Mem:6.98M, Peak:9.14M | Scene, ViewLayer | Sample 2/24
Fra:51 Mem:241.52M (Peak 294.92M) | Time:00:23.89 | Mem:6.98M, Peak:9.14M | Scene, ViewLayer | Sample 24/24
Fra:51 Mem:241.52M (Peak 294.92M) | Time:00:23.89 | Mem:6.98M, Peak:9.14M | Scene, ViewLayer | Finished
Saved: 'C:\Work\domin8te-build\daysky\out\a\f0051.png'
Time: 00:24.16 (Saving: 00:00.26)

Fra:52 Mem:205.93M (Peak 294.92M) | Time:00:00.93 | Mem:6.98M, Peak:6.98M | Scene, ViewLayer | Synchronizing object | main_vol
Fra:52 Mem:205.84M (Peak 294.92M) | Time:00:00.93 | Mem:6.98M, Peak:6.98M | Scene, ViewLayer | Synchronizing object | t0
Fra:52 Mem:205.75M (Peak 294.92M) | Time:00:00.93 | Mem:6.98M, Peak:6.98M | Scene, ViewLayer | Initializing
Fra:52 Mem:205.75M (Peak 294.92M) | Time:00:00.93 | Mem:6.98M, Peak:6.98M | Scene, ViewLayer | Waiting for render to start
Fra:52 Mem:205.75M (Peak 294.92M) | Time:00:00.93 | Mem:6.98M, Peak:6.98M | Scene, ViewLayer | Updating Scene
Fra:52 Mem:205.75M (Peak 294.92M) | Time:00:00.93 | Mem:6.98M, Peak:6.98M | Scene, ViewLayer | Updating Shaders
Fra:52 Mem:205.75M (Peak 294.92M) | Time:00:00.94 | Mem:6.98M, Peak:6.98M | Scene, ViewLayer | Updating Background
Fra:52 Mem:205.75M (Peak 294.92M) | Time:00:00.94 | Mem:6.98M, Peak:6.98M | Scene, ViewLayer | Updating Camera
Fra:52 Mem:205.75M (Peak 294.92M) | Time:00:00.94 | Mem:6.98M, Peak:6.98M | Scene, ViewLayer | Updating Meshes Flags
Fra:52 Mem:205.75M (Peak 294.92M) | Time:00:00.94 | Mem:6.98M, Peak:6.98M | Scene, ViewLayer | Updating Meshes Volume Bounds
Fra:52 Mem:205.75M (Peak 294.92M) | Time:00:00.94 | Mem:6.98M, Peak:6.98M | Scene, ViewLayer | Updating Volume Images
Fra:52 Mem:205.75M (Peak 294.92M) | Time:00:00.94 | Mem:6.98M, Peak:6.98M | Scene, ViewLayer | Updating Mesh | Computing Volume Mesh main_vol
Fra:52 Mem:205.82M (Peak 294.92M) | Time:00:00.95 | Mem:6.98M, Peak:6.98M | Scene, ViewLayer | Updating Mesh | Computing Volume Mesh far_vol
Fra:52 Mem:205.86M (Peak 294.92M) | Time:00:00.95 | Mem:6.98M, Peak:6.98M | Scene, ViewLayer | Updating Mesh | Computing Volume Mesh near_vol
Fra:52 Mem:205.88M (Peak 294.92M) | Time:00:00.96 | Mem:6.98M, Peak:6.98M | Scene, ViewLayer | Updating Objects
Fra:52 Mem:205.88M (Peak 294.92M) | Time:00:00.96 | Mem:6.98M, Peak:6.98M | Scene, ViewLayer | Updating Objects | Copying Transformations to device
Fra:52 Mem:205.88M (Peak 294.92M) | Time:00:00.96 | Mem:6.98M, Peak:6.98M | Scene, ViewLayer | Updating Particle Systems
Fra:52 Mem:205.88M (Peak 294.92M) | Time:00:00.96 | Mem:6.98M, Peak:6.98M | Scene, ViewLayer | Updating Meshes
Fra:52 Mem:204.29M (Peak 294.92M) | Time:00:00.96 | Mem:5.35M, Peak:6.98M | Scene, ViewLayer | Updating Objects | Applying Static Transformations
Fra:52 Mem:204.29M (Peak 294.92M) | Time:00:00.96 | Mem:5.35M, Peak:6.98M | Scene, ViewLayer | Updating Mesh | Computing attributes
Fra:52 Mem:204.57M (Peak 294.92M) | Time:00:00.96 | Mem:5.35M, Peak:6.98M | Scene, ViewLayer | Updating Mesh | Copying Attributes to device
Fra:52 Mem:204.57M (Peak 294.92M) | Time:00:00.96 | Mem:5.63M, Peak:6.98M | Scene, ViewLayer | Updating Geometry BVH main_vol 2/4 | Building BVH
Fra:52 Mem:204.57M (Peak 294.92M) | Time:00:00.96 | Mem:5.63M, Peak:6.98M | Scene, ViewLayer | Updating Geometry BVH t0 5/4 | Building BVH
Fra:52 Mem:204.57M (Peak 294.92M) | Time:00:00.96 | Mem:5.63M, Peak:6.98M | Scene, ViewLayer | Updating Geometry BVH t0 5/4 | Building OptiX acceleration structure
Fra:52 Mem:204.57M (Peak 294.92M) | Time:00:00.96 | Mem:5.63M, Peak:6.98M | Scene, ViewLayer | Updating Scene BVH | Building
Fra:52 Mem:204.57M (Peak 294.92M) | Time:00:00.96 | Mem:5.63M, Peak:6.98M | Scene, ViewLayer | Updating Scene BVH | Building OptiX acceleration structure
Fra:52 Mem:204.57M (Peak 294.92M) | Time:00:00.96 | Mem:5.63M, Peak:6.98M | Scene, ViewLayer | Updating Scene BVH | Building BVH
Fra:52 Mem:204.57M (Peak 294.92M) | Time:00:00.96 | Mem:5.63M, Peak:6.98M | Scene, ViewLayer | Updating Scene BVH | Building BVH 0%
Fra:52 Mem:204.57M (Peak 294.92M) | Time:00:00.96 | Mem:5.63M, Peak:6.98M | Scene, ViewLayer | Updating Scene BVH | Copying BVH to device
Fra:52 Mem:204.57M (Peak 294.92M) | Time:00:00.96 | Mem:5.63M, Peak:6.98M | Scene, ViewLayer | Updating Mesh | Computing normals
Fra:52 Mem:205.93M (Peak 294.92M) | Time:00:00.97 | Mem:5.63M, Peak:6.98M | Scene, ViewLayer | Updating Mesh | Copying Mesh to device
Fra:52 Mem:205.93M (Peak 294.92M) | Time:00:00.97 | Mem:6.99M, Peak:6.99M | Scene, ViewLayer | Updating Objects Flags
Fra:52 Mem:205.93M (Peak 294.92M) | Time:00:00.99 | Mem:6.99M, Peak:6.99M | Scene, ViewLayer | Updating Primitive Offsets
Fra:52 Mem:205.93M (Peak 294.92M) | Time:00:00.99 | Mem:6.99M, Peak:6.99M | Scene, ViewLayer | Updating Images
Fra:52 Mem:200.67M (Peak 294.92M) | Time:00:00.99 | Mem:1.73M, Peak:6.99M | Scene, ViewLayer | Updating Images | Loading density
Fra:52 Mem:205.94M (Peak 294.92M) | Time:00:00.99 | Mem:7.00M, Peak:7.00M | Scene, ViewLayer | Updating Camera Volume
Fra:52 Mem:205.94M (Peak 294.92M) | Time:00:00.99 | Mem:7.00M, Peak:7.00M | Scene, ViewLayer | Updating Lookup Tables
Fra:52 Mem:205.94M (Peak 294.92M) | Time:00:00.99 | Mem:7.00M, Peak:7.00M | Scene, ViewLayer | Updating Lights
Fra:52 Mem:205.94M (Peak 294.92M) | Time:00:00.99 | Mem:7.00M, Peak:7.00M | Scene, ViewLayer | Updating Lights | Computing tree
Fra:52 Mem:205.94M (Peak 294.92M) | Time:00:00.99 | Mem:7.00M, Peak:7.00M | Scene, ViewLayer | Updating Integrator
Fra:52 Mem:205.94M (Peak 294.92M) | Time:00:00.99 | Mem:7.00M, Peak:7.00M | Scene, ViewLayer | Updating Film
Fra:52 Mem:205.94M (Peak 294.92M) | Time:00:00.99 | Mem:7.00M, Peak:7.00M | Scene, ViewLayer | Updating Lookup Tables
Fra:52 Mem:205.94M (Peak 294.92M) | Time:00:00.99 | Mem:7.00M, Peak:7.00M | Scene, ViewLayer | Updating Baking
Fra:52 Mem:205.94M (Peak 294.92M) | Time:00:00.99 | Mem:7.00M, Peak:7.00M | Scene, ViewLayer | Updating Device | Writing constant memory
Fra:52 Mem:205.94M (Peak 294.92M) | Time:00:00.99 | Mem:7.00M, Peak:7.00M | Scene, ViewLayer | Sample 0/24
Fra:52 Mem:205.94M (Peak 294.92M) | Time:00:01.97 | Remaining:00:22.46 | Mem:7.00M, Peak:7.00M | Scene, ViewLayer | Sample 1/24
Fra:52 Mem:205.94M (Peak 294.92M) | Time:00:03.09 | Remaining:00:23.07 | Mem:7.00M, Peak:91.54M | Scene, ViewLayer | Sample 2/24
Fra:52 Mem:205.94M (Peak 294.92M) | Time:00:04.15 | Remaining:00:22.09 | Mem:7.00M, Peak:91.54M | Scene, ViewLayer | Sample 3/24
Fra:52 Mem:205.94M (Peak 294.92M) | Time:00:05.74 | Remaining:00:23.77 | Mem:7.00M, Peak:91.54M | Scene, ViewLayer | Sample 4/24
Fra:52 Mem:205.94M (Peak 294.92M) | Time:00:07.29 | Remaining:00:23.94 | Mem:7.00M, Peak:91.54M | Scene, ViewLayer | Sample 5/24
Fra:52 Mem:205.94M (Peak 294.92M) | Time:00:08.39 | Remaining:00:22.19 | Mem:7.00M, Peak:91.54M | Scene, ViewLayer | Sample 6/24
Fra:52 Mem:205.94M (Peak 294.92M) | Time:00:10.28 | Remaining:00:22.55 | Mem:7.00M, Peak:91.54M | Scene, ViewLayer | Sample 7/24
Fra:52 Mem:205.94M (Peak 294.92M) | Time:00:11.39 | Remaining:00:20.80 | Mem:7.00M, Peak:91.54M | Scene, ViewLayer | Sample 8/24
Fra:52 Mem:205.94M (Peak 294.92M) | Time:00:13.24 | Remaining:00:20.41 | Mem:7.00M, Peak:91.54M | Scene, ViewLayer | Sample 9/24
Fra:52 Mem:205.94M (Peak 294.92M) | Time:00:14.35 | Remaining:00:18.71 | Mem:7.00M, Peak:91.54M | Scene, ViewLayer | Sample 10/24
Fra:52 Mem:205.94M (Peak 294.92M) | Time:00:16.30 | Remaining:00:18.10 | Mem:7.00M, Peak:91.54M | Scene, ViewLayer | Sample 11/24
Fra:52 Mem:205.94M (Peak 294.92M) | Time:00:17.41 | Remaining:00:16.41 | Mem:7.00M, Peak:91.54M | Scene, ViewLayer | Sample 12/24
Fra:52 Mem:205.94M (Peak 294.92M) | Time:00:19.37 | Remaining:00:15.55 | Mem:7.00M, Peak:91.54M | Scene, ViewLayer | Sample 13/24
Fra:52 Mem:205.94M (Peak 294.92M) | Time:00:20.45 | Remaining:00:13.90 | Mem:7.00M, Peak:91.54M | Scene, ViewLayer | Sample 14/24
Fra:52 Mem:205.94M (Peak 294.92M) | Time:00:22.23 | Remaining:00:12.74 | Mem:7.00M, Peak:91.54M | Scene, ViewLayer | Sample 15/24
Fra:52 Mem:205.94M (Peak 294.92M) | Time:00:23.41 | Remaining:00:11.20 | Mem:7.00M, Peak:91.54M | Scene, ViewLayer | Sample 16/24
Fra:52 Mem:205.94M (Peak 294.92M) | Time:00:25.32 | Remaining:00:10.01 | Mem:7.00M, Peak:91.54M | Scene, ViewLayer | Sample 17/24
Fra:52 Mem:205.94M (Peak 294.92M) | Time:00:26.54 | Remaining:00:08.51 | Mem:7.00M, Peak:91.54M | Scene, ViewLayer | Sample 18/24
Fra:52 Mem:205.94M (Peak 294.92M) | Time:00:28.20 | Remaining:00:07.16 | Mem:7.00M, Peak:91.54M | Scene, ViewLayer | Sample 19/24
Fra:52 Mem:205.94M (Peak 294.92M) | Time:00:29.80 | Remaining:00:05.76 | Mem:7.00M, Peak:91.54M | Scene, ViewLayer | Sample 20/24
Fra:52 Mem:205.94M (Peak 294.92M) | Time:00:30.99 | Remaining:00:04.28 | Mem:7.00M, Peak:91.54M | Scene, ViewLayer | Sample 21/24
Fra:52 Mem:205.94M (Peak 294.92M) | Time:00:32.56 | Remaining:00:02.87 | Mem:7.00M, Peak:91.54M | Scene, ViewLayer | Sample 22/24
Fra:52 Mem:205.94M (Peak 294.92M) | Time:00:34.02 | Remaining:00:01.43 | Mem:7.00M, Peak:91.54M | Scene, ViewLayer | Sample 23/24
Fra:52 Mem:241.53M (Peak 294.93M) | Time:00:37.15 | Mem:7.00M, Peak:91.54M | Scene, ViewLayer | Sample 24/24
Fra:52 Mem:241.53M (Peak 294.93M) | Time:00:37.15 | Mem:7.00M, Peak:91.54M | Scene, ViewLayer | Finished
Saved: 'C:\Work\domin8te-build\daysky\out\a\f0052.png'
Time: 00:37.53 (Saving: 00:00.38)

Fra:53 Mem:205.94M (Peak 294.93M) | Time:00:01.40 | Mem:7.00M, Peak:7.00M | Scene, ViewLayer | Synchronizing object | t0
Fra:53 Mem:205.94M (Peak 294.93M) | Time:00:01.40 | Mem:7.00M, Peak:7.00M | Scene, ViewLayer | Synchronizing object | near_vol
Fra:53 Mem:205.91M (Peak 294.93M) | Time:00:01.40 | Mem:7.00M, Peak:7.00M | Scene, ViewLayer | Synchronizing object | far_vol
Fra:53 Mem:205.85M (Peak 294.93M) | Time:00:01.40 | Mem:7.00M, Peak:7.00M | Scene, ViewLayer | Synchronizing object | main_vol
Fra:53 Mem:205.76M (Peak 294.93M) | Time:00:01.40 | Mem:7.00M, Peak:7.00M | Scene, ViewLayer | Initializing
Fra:53 Mem:205.76M (Peak 294.93M) | Time:00:01.40 | Mem:7.00M, Peak:7.00M | Scene, ViewLayer | Waiting for render to start
Fra:53 Mem:205.76M (Peak 294.93M) | Time:00:01.40 | Mem:7.00M, Peak:7.00M | Scene, ViewLayer | Updating Scene
Fra:53 Mem:205.76M (Peak 294.93M) | Time:00:01.40 | Mem:7.00M, Peak:7.00M | Scene, ViewLayer | Updating Shaders
Fra:53 Mem:205.76M (Peak 294.93M) | Time:00:01.41 | Mem:7.00M, Peak:7.00M | Scene, ViewLayer | Updating Background
Fra:53 Mem:205.76M (Peak 294.93M) | Time:00:01.41 | Mem:7.00M, Peak:7.00M | Scene, ViewLayer | Updating Camera
Fra:53 Mem:205.76M (Peak 294.93M) | Time:00:01.41 | Mem:7.00M, Peak:7.00M | Scene, ViewLayer | Updating Meshes Flags
Fra:53 Mem:205.76M (Peak 294.93M) | Time:00:01.41 | Mem:7.00M, Peak:7.00M | Scene, ViewLayer | Updating Meshes Volume Bounds
Fra:53 Mem:205.76M (Peak 294.93M) | Time:00:01.41 | Mem:7.00M, Peak:7.00M | Scene, ViewLayer | Updating Volume Images
Fra:53 Mem:205.76M (Peak 294.93M) | Time:00:01.41 | Mem:7.00M, Peak:7.00M | Scene, ViewLayer | Updating Mesh | Computing Volume Mesh main_vol
Fra:53 Mem:205.83M (Peak 294.93M) | Time:00:01.46 | Mem:7.00M, Peak:7.00M | Scene, ViewLayer | Updating Mesh | Computing Volume Mesh far_vol
Fra:53 Mem:205.87M (Peak 294.93M) | Time:00:01.47 | Mem:7.00M, Peak:7.00M | Scene, ViewLayer | Updating Mesh | Computing Volume Mesh near_vol
Fra:53 Mem:205.89M (Peak 294.93M) | Time:00:01.51 | Mem:7.00M, Peak:7.00M | Scene, ViewLayer | Updating Objects
Fra:53 Mem:205.89M (Peak 294.93M) | Time:00:01.51 | Mem:7.00M, Peak:7.00M | Scene, ViewLayer | Updating Objects | Copying Transformations to device
Fra:53 Mem:205.89M (Peak 294.93M) | Time:00:01.51 | Mem:7.00M, Peak:7.00M | Scene, ViewLayer | Updating Particle Systems
Fra:53 Mem:205.89M (Peak 294.93M) | Time:00:01.51 | Mem:7.00M, Peak:7.00M | Scene, ViewLayer | Updating Meshes
Fra:53 Mem:204.30M (Peak 294.93M) | Time:00:01.51 | Mem:5.36M, Peak:7.00M | Scene, ViewLayer | Updating Objects | Applying Static Transformations
Fra:53 Mem:204.30M (Peak 294.93M) | Time:00:01.51 | Mem:5.36M, Peak:7.00M | Scene, ViewLayer | Updating Mesh | Computing attributes
Fra:53 Mem:204.58M (Peak 294.93M) | Time:00:01.51 | Mem:5.36M, Peak:7.00M | Scene, ViewLayer | Updating Mesh | Copying Attributes to device
Fra:53 Mem:204.58M (Peak 294.93M) | Time:00:01.51 | Mem:5.64M, Peak:7.00M | Scene, ViewLayer | Updating Geometry BVH t0 5/4 | Building BVH
Fra:53 Mem:204.58M (Peak 294.93M) | Time:00:01.51 | Mem:5.64M, Peak:7.00M | Scene, ViewLayer | Updating Geometry BVH t0 5/4 | Building OptiX acceleration structure
Fra:53 Mem:205.44M (Peak 294.93M) | Time:00:01.53 | Mem:5.64M, Peak:7.00M | Scene, ViewLayer | Updating Geometry BVH main_vol 2/4 | Building BVH
Fra:53 Mem:205.44M (Peak 294.93M) | Time:00:01.53 | Mem:5.64M, Peak:7.00M | Scene, ViewLayer | Updating Geometry BVH far_vol 3/4 | Building BVH
Fra:53 Mem:205.44M (Peak 294.93M) | Time:00:01.56 | Mem:5.64M, Peak:7.00M | Scene, ViewLayer | Updating Geometry BVH near_vol 4/4 | Building BVH
Fra:53 Mem:205.44M (Peak 294.93M) | Time:00:01.58 | Mem:5.64M, Peak:7.00M | Scene, ViewLayer | Updating Geometry BVH near_vol 4/4 | Building OptiX acceleration structure
Fra:53 Mem:204.58M (Peak 294.93M) | Time:00:01.60 | Mem:5.64M, Peak:7.00M | Scene, ViewLayer | Updating Scene BVH | Building
Fra:53 Mem:204.58M (Peak 294.93M) | Time:00:01.60 | Mem:5.64M, Peak:7.00M | Scene, ViewLayer | Updating Scene BVH | Building OptiX acceleration structure
Fra:53 Mem:204.58M (Peak 294.93M) | Time:00:01.60 | Mem:5.64M, Peak:7.00M | Scene, ViewLayer | Updating Scene BVH | Building BVH
Fra:53 Mem:204.58M (Peak 294.93M) | Time:00:01.60 | Mem:5.64M, Peak:7.00M | Scene, ViewLayer | Updating Scene BVH | Building BVH 0%
Fra:53 Mem:204.58M (Peak 294.93M) | Time:00:01.67 | Mem:5.64M, Peak:7.00M | Scene, ViewLayer | Updating Scene BVH | Copying BVH to device
Fra:53 Mem:204.58M (Peak 294.93M) | Time:00:01.67 | Mem:5.64M, Peak:7.00M | Scene, ViewLayer | Updating Mesh | Computing normals
Fra:53 Mem:205.94M (Peak 294.93M) | Time:00:01.67 | Mem:5.64M, Peak:7.00M | Scene, ViewLayer | Updating Mesh | Copying Mesh to device
Fra:53 Mem:205.94M (Peak 294.93M) | Time:00:01.68 | Mem:7.00M, Peak:7.00M | Scene, ViewLayer | Updating Objects Flags
Fra:53 Mem:205.94M (Peak 294.93M) | Time:00:03.30 | Mem:7.00M, Peak:7.00M | Scene, ViewLayer | Updating Primitive Offsets
Fra:53 Mem:205.94M (Peak 294.93M) | Time:00:03.30 | Mem:7.00M, Peak:7.00M | Scene, ViewLayer | Updating Images
Fra:53 Mem:202.83M (Peak 294.93M) | Time:00:03.30 | Mem:7.00M, Peak:7.00M | Scene, ViewLayer | Updating Images | Loading density
Fra:53 Mem:205.95M (Peak 294.93M) | Time:00:03.30 | Mem:7.01M, Peak:7.79M | Scene, ViewLayer | Updating Camera Volume
Fra:53 Mem:205.95M (Peak 294.93M) | Time:00:03.30 | Mem:7.01M, Peak:7.79M | Scene, ViewLayer | Updating Lookup Tables
Fra:53 Mem:205.95M (Peak 294.93M) | Time:00:03.30 | Mem:7.01M, Peak:7.79M | Scene, ViewLayer | Updating Lights
Fra:53 Mem:205.95M (Peak 294.93M) | Time:00:03.31 | Mem:7.01M, Peak:7.79M | Scene, ViewLayer | Updating Lights | Computing tree
Fra:53 Mem:205.95M (Peak 294.93M) | Time:00:03.31 | Mem:7.01M, Peak:7.79M | Scene, ViewLayer | Updating Integrator
Fra:53 Mem:205.95M (Peak 294.93M) | Time:00:03.31 | Mem:7.01M, Peak:7.79M | Scene, ViewLayer | Updating Film
Fra:53 Mem:205.95M (Peak 294.93M) | Time:00:03.31 | Mem:7.01M, Peak:7.79M | Scene, ViewLayer | Updating Lookup Tables
Fra:53 Mem:205.95M (Peak 294.93M) | Time:00:03.31 | Mem:7.01M, Peak:7.79M | Scene, ViewLayer | Updating Baking
Fra:53 Mem:205.95M (Peak 294.93M) | Time:00:03.31 | Mem:7.01M, Peak:7.79M | Scene, ViewLayer | Updating Device | Writing constant memory
Fra:53 Mem:205.95M (Peak 294.93M) | Time:00:03.35 | Mem:7.01M, Peak:7.79M | Scene, ViewLayer | Sample 0/24
Fra:53 Mem:205.95M (Peak 294.93M) | Time:00:06.07 | Remaining:01:02.40 | Mem:7.01M, Peak:7.79M | Scene, ViewLayer | Sample 1/24
Fra:53 Mem:205.95M (Peak 294.93M) | Time:00:09.16 | Remaining:01:03.81 | Mem:7.01M, Peak:91.55M | Scene, ViewLayer | Sample 2/24
Fra:53 Mem:205.95M (Peak 295.29M) | Time:00:10.79 | Remaining:00:52.07 | Mem:7.01M, Peak:91.55M | Scene, ViewLayer | Sample 3/24
Fra:53 Mem:205.95M (Peak 295.29M) | Time:00:13.09 | Remaining:00:48.67 | Mem:7.01M, Peak:91.55M | Scene, ViewLayer | Sample 4/24
Fra:53 Mem:205.95M (Peak 295.29M) | Time:00:14.68 | Remaining:00:43.04 | Mem:7.01M, Peak:91.55M | Scene, ViewLayer | Sample 5/24
Fra:53 Mem:205.95M (Peak 295.29M) | Time:00:15.74 | Remaining:00:37.15 | Mem:7.01M, Peak:91.55M | Scene, ViewLayer | Sample 6/24
Fra:53 Mem:205.95M (Peak 295.29M) | Time:00:17.78 | Remaining:00:35.03 | Mem:7.01M, Peak:91.55M | Scene, ViewLayer | Sample 7/24
Fra:53 Mem:205.95M (Peak 295.29M) | Time:00:18.83 | Remaining:00:30.95 | Mem:7.01M, Peak:91.55M | Scene, ViewLayer | Sample 8/24
Fra:53 Mem:205.95M (Peak 295.29M) | Time:00:20.62 | Remaining:00:28.77 | Mem:7.01M, Peak:91.55M | Scene, ViewLayer | Sample 9/24
Fra:53 Mem:205.95M (Peak 295.29M) | Time:00:21.72 | Remaining:00:25.70 | Mem:7.01M, Peak:91.55M | Scene, ViewLayer | Sample 10/24
Fra:53 Mem:205.95M (Peak 295.29M) | Time:00:23.61 | Remaining:00:23.93 | Mem:7.01M, Peak:91.55M | Scene, ViewLayer | Sample 11/24
Fra:53 Mem:205.95M (Peak 295.29M) | Time:00:24.68 | Remaining:00:21.32 | Mem:7.01M, Peak:91.55M | Scene, ViewLayer | Sample 12/24
Fra:53 Mem:205.95M (Peak 295.29M) | Time:00:25.94 | Remaining:00:19.11 | Mem:7.01M, Peak:91.55M | Scene, ViewLayer | Sample 13/24
Fra:53 Mem:205.95M (Peak 295.29M) | Time:00:27.26 | Remaining:00:17.07 | Mem:7.01M, Peak:91.55M | Scene, ViewLayer | Sample 14/24
Fra:53 Mem:241.55M (Peak 295.29M) | Time:00:37.51 | Mem:7.01M, Peak:91.55M | Scene, ViewLayer | Sample 24/24
Fra:53 Mem:241.55M (Peak 295.29M) | Time:00:37.51 | Mem:7.01M, Peak:91.55M | Scene, ViewLayer | Finished
Saved: 'C:\Work\domin8te-build\daysky\out\a\f0053.png'
Time: 00:37.87 (Saving: 00:00.35)

Fra:54 Mem:205.95M (Peak 295.29M) | Time:00:01.01 | Mem:7.01M, Peak:7.01M | Scene, ViewLayer | Synchronizing object | t0
Fra:54 Mem:205.95M (Peak 295.29M) | Time:00:01.01 | Mem:7.01M, Peak:7.01M | Scene, ViewLayer | Synchronizing object | near_vol
Fra:54 Mem:205.92M (Peak 295.29M) | Time:00:01.01 | Mem:7.01M, Peak:7.01M | Scene, ViewLayer | Synchronizing object | far_vol
Fra:54 Mem:205.87M (Peak 295.29M) | Time:00:01.01 | Mem:7.01M, Peak:7.01M | Scene, ViewLayer | Synchronizing object | main_vol
Fra:54 Mem:205.78M (Peak 295.29M) | Time:00:01.01 | Mem:7.01M, Peak:7.01M | Scene, ViewLayer | Initializing
Fra:54 Mem:205.77M (Peak 295.29M) | Time:00:01.01 | Mem:7.01M, Peak:7.01M | Scene, ViewLayer | Waiting for render to start
Fra:54 Mem:205.77M (Peak 295.29M) | Time:00:01.01 | Mem:7.01M, Peak:7.01M | Scene, ViewLayer | Updating Scene
Fra:54 Mem:205.77M (Peak 295.29M) | Time:00:01.01 | Mem:7.01M, Peak:7.01M | Scene, ViewLayer | Updating Shaders
Fra:54 Mem:205.77M (Peak 295.29M) | Time:00:01.01 | Mem:7.01M, Peak:7.01M | Scene, ViewLayer | Updating Background
Fra:54 Mem:205.77M (Peak 295.29M) | Time:00:01.01 | Mem:7.01M, Peak:7.01M | Scene, ViewLayer | Updating Camera
Fra:54 Mem:205.77M (Peak 295.29M) | Time:00:01.01 | Mem:7.01M, Peak:7.01M | Scene, ViewLayer | Updating Meshes Flags
Fra:54 Mem:205.77M (Peak 295.29M) | Time:00:01.01 | Mem:7.01M, Peak:7.01M | Scene, ViewLayer | Updating Meshes Volume Bounds
Fra:54 Mem:205.77M (Peak 295.29M) | Time:00:01.01 | Mem:7.01M, Peak:7.01M | Scene, ViewLayer | Updating Volume Images
Fra:54 Mem:205.77M (Peak 295.29M) | Time:00:01.01 | Mem:7.01M, Peak:7.01M | Scene, ViewLayer | Updating Mesh | Computing Volume Mesh main_vol
Fra:54 Mem:205.84M (Peak 295.29M) | Time:00:01.05 | Mem:7.01M, Peak:7.01M | Scene, ViewLayer | Updating Mesh | Computing Volume Mesh far_vol
Fra:54 Mem:205.89M (Peak 295.29M) | Time:00:01.06 | Mem:7.01M, Peak:7.01M | Scene, ViewLayer | Updating Mesh | Computing Volume Mesh near_vol
Fra:54 Mem:205.91M (Peak 295.29M) | Time:00:01.07 | Mem:7.01M, Peak:7.01M | Scene, ViewLayer | Updating Objects
Fra:54 Mem:205.91M (Peak 295.29M) | Time:00:01.07 | Mem:7.01M, Peak:7.01M | Scene, ViewLayer | Updating Objects | Copying Transformations to device
Fra:54 Mem:205.91M (Peak 295.29M) | Time:00:01.07 | Mem:7.01M, Peak:7.01M | Scene, ViewLayer | Updating Particle Systems
Fra:54 Mem:205.91M (Peak 295.29M) | Time:00:01.07 | Mem:7.01M, Peak:7.01M | Scene, ViewLayer | Updating Meshes
Fra:54 Mem:204.31M (Peak 295.29M) | Time:00:01.07 | Mem:5.37M, Peak:7.01M | Scene, ViewLayer | Updating Objects | Applying Static Transformations
Fra:54 Mem:204.31M (Peak 295.29M) | Time:00:01.07 | Mem:5.37M, Peak:7.01M | Scene, ViewLayer | Updating Mesh | Computing attributes
Fra:54 Mem:204.60M (Peak 295.29M) | Time:00:01.07 | Mem:5.37M, Peak:7.01M | Scene, ViewLayer | Updating Mesh | Copying Attributes to device
Fra:54 Mem:204.60M (Peak 295.29M) | Time:00:01.07 | Mem:5.66M, Peak:7.01M | Scene, ViewLayer | Updating Geometry BVH t0 5/4 | Building BVH
Fra:54 Mem:204.60M (Peak 295.29M) | Time:00:01.07 | Mem:5.66M, Peak:7.01M | Scene, ViewLayer | Updating Geometry BVH t0 5/4 | Building OptiX acceleration structure
Fra:54 Mem:205.45M (Peak 295.29M) | Time:00:01.08 | Mem:5.66M, Peak:7.01M | Scene, ViewLayer | Updating Geometry BVH main_vol 2/4 | Building BVH
Fra:54 Mem:205.45M (Peak 295.29M) | Time:00:01.08 | Mem:5.66M, Peak:7.01M | Scene, ViewLayer | Updating Geometry BVH far_vol 3/4 | Building BVH
Fra:54 Mem:205.45M (Peak 295.29M) | Time:00:01.09 | Mem:5.66M, Peak:7.01M | Scene, ViewLayer | Updating Geometry BVH near_vol 4/4 | Building BVH
Fra:54 Mem:205.07M (Peak 295.29M) | Time:00:01.09 | Mem:5.66M, Peak:7.01M | Scene, ViewLayer | Updating Geometry BVH near_vol 4/4 | Building OptiX acceleration structure
Fra:54 Mem:204.60M (Peak 295.29M) | Time:00:01.09 | Mem:5.66M, Peak:7.01M | Scene, ViewLayer | Updating Scene BVH | Building
Fra:54 Mem:204.60M (Peak 295.29M) | Time:00:01.09 | Mem:5.66M, Peak:7.01M | Scene, ViewLayer | Updating Scene BVH | Building OptiX acceleration structure
Fra:54 Mem:204.60M (Peak 295.29M) | Time:00:01.10 | Mem:5.66M, Peak:7.01M | Scene, ViewLayer | Updating Scene BVH | Building BVH
Fra:54 Mem:204.60M (Peak 295.29M) | Time:00:01.10 | Mem:5.66M, Peak:7.01M | Scene, ViewLayer | Updating Scene BVH | Building BVH 0%
Fra:54 Mem:204.60M (Peak 295.29M) | Time:00:01.12 | Mem:5.66M, Peak:7.01M | Scene, ViewLayer | Updating Scene BVH | Copying BVH to device
Fra:54 Mem:204.60M (Peak 295.29M) | Time:00:01.12 | Mem:5.66M, Peak:7.01M | Scene, ViewLayer | Updating Mesh | Computing normals
Fra:54 Mem:205.95M (Peak 295.29M) | Time:00:01.12 | Mem:5.66M, Peak:7.01M | Scene, ViewLayer | Updating Mesh | Copying Mesh to device
Fra:54 Mem:205.95M (Peak 295.29M) | Time:00:01.12 | Mem:7.01M, Peak:7.01M | Scene, ViewLayer | Updating Objects Flags
Fra:54 Mem:205.95M (Peak 295.29M) | Time:00:01.38 | Mem:7.01M, Peak:7.01M | Scene, ViewLayer | Updating Primitive Offsets
Fra:54 Mem:205.95M (Peak 295.29M) | Time:00:01.38 | Mem:7.01M, Peak:7.01M | Scene, ViewLayer | Updating Images
Fra:54 Mem:200.67M (Peak 295.29M) | Time:00:01.39 | Mem:1.73M, Peak:7.01M | Scene, ViewLayer | Updating Images | Loading density
Fra:54 Mem:205.96M (Peak 295.29M) | Time:00:01.40 | Mem:7.02M, Peak:7.02M | Scene, ViewLayer | Updating Camera Volume
Fra:54 Mem:205.96M (Peak 295.29M) | Time:00:01.40 | Mem:7.02M, Peak:7.02M | Scene, ViewLayer | Updating Lookup Tables
Fra:54 Mem:205.96M (Peak 295.29M) | Time:00:01.40 | Mem:7.02M, Peak:7.02M | Scene, ViewLayer | Updating Lights
Fra:54 Mem:205.96M (Peak 295.29M) | Time:00:01.40 | Mem:7.02M, Peak:7.02M | Scene, ViewLayer | Updating Lights | Computing tree
Fra:54 Mem:205.96M (Peak 295.29M) | Time:00:01.40 | Mem:7.02M, Peak:7.02M | Scene, ViewLayer | Updating Integrator
Fra:54 Mem:205.96M (Peak 295.29M) | Time:00:01.40 | Mem:7.02M, Peak:7.02M | Scene, ViewLayer | Updating Film
Fra:54 Mem:205.96M (Peak 295.29M) | Time:00:01.40 | Mem:7.02M, Peak:7.02M | Scene, ViewLayer | Updating Lookup Tables
Fra:54 Mem:205.96M (Peak 295.29M) | Time:00:01.40 | Mem:7.02M, Peak:7.02M | Scene, ViewLayer | Updating Baking
Fra:54 Mem:205.96M (Peak 295.29M) | Time:00:01.40 | Mem:7.02M, Peak:7.02M | Scene, ViewLayer | Updating Device | Writing constant memory
Fra:54 Mem:205.96M (Peak 295.29M) | Time:00:01.40 | Mem:7.02M, Peak:7.02M | Scene, ViewLayer | Sample 0/24
Fra:54 Mem:205.96M (Peak 295.29M) | Time:00:02.61 | Remaining:00:27.85 | Mem:7.02M, Peak:7.02M | Scene, ViewLayer | Sample 1/24
Fra:54 Mem:205.96M (Peak 295.29M) | Time:00:03.95 | Remaining:00:28.01 | Mem:7.02M, Peak:7.02M | Scene, ViewLayer | Sample 2/24
Fra:54 Mem:205.96M (Peak 295.29M) | Time:00:20.66 | Remaining:00:06.42 | Mem:7.02M, Peak:7.02M | Scene, ViewLayer | Sample 18/24
Fra:54 Mem:241.56M (Peak 295.29M) | Time:00:26.81 | Mem:7.02M, Peak:91.56M | Scene, ViewLayer | Sample 24/24
Fra:54 Mem:241.56M (Peak 295.29M) | Time:00:26.81 | Mem:7.02M, Peak:91.56M | Scene, ViewLayer | Finished
Saved: 'C:\Work\domin8te-build\daysky\out\a\f0054.png'
Time: 00:27.06 (Saving: 00:00.25)

Fra:55 Mem:205.97M (Peak 295.29M) | Time:00:00.63 | Mem:7.02M, Peak:7.02M | Scene, ViewLayer | Synchronizing object | main_vol
Fra:55 Mem:205.87M (Peak 295.29M) | Time:00:00.63 | Mem:7.02M, Peak:7.02M | Scene, ViewLayer | Synchronizing object | t0
Fra:55 Mem:205.79M (Peak 295.29M) | Time:00:00.64 | Mem:7.02M, Peak:7.02M | Scene, ViewLayer | Initializing
Fra:55 Mem:205.78M (Peak 295.29M) | Time:00:00.64 | Mem:7.02M, Peak:7.02M | Scene, ViewLayer | Waiting for render to start
Fra:55 Mem:205.78M (Peak 295.29M) | Time:00:00.64 | Mem:7.02M, Peak:7.02M | Scene, ViewLayer | Updating Scene
Fra:55 Mem:205.78M (Peak 295.29M) | Time:00:00.64 | Mem:7.02M, Peak:7.02M | Scene, ViewLayer | Updating Shaders
Fra:55 Mem:205.78M (Peak 295.29M) | Time:00:00.64 | Mem:7.02M, Peak:7.02M | Scene, ViewLayer | Updating Background
Fra:55 Mem:205.78M (Peak 295.29M) | Time:00:00.64 | Mem:7.02M, Peak:7.02M | Scene, ViewLayer | Updating Camera
Fra:55 Mem:205.78M (Peak 295.29M) | Time:00:00.64 | Mem:7.02M, Peak:7.02M | Scene, ViewLayer | Updating Meshes Flags
Fra:55 Mem:205.78M (Peak 295.29M) | Time:00:00.64 | Mem:7.02M, Peak:7.02M | Scene, ViewLayer | Updating Meshes Volume Bounds
Fra:55 Mem:205.78M (Peak 295.29M) | Time:00:00.64 | Mem:7.02M, Peak:7.02M | Scene, ViewLayer | Updating Volume Images
Fra:55 Mem:205.78M (Peak 295.29M) | Time:00:00.64 | Mem:7.02M, Peak:7.02M | Scene, ViewLayer | Updating Mesh | Computing Volume Mesh main_vol
Fra:55 Mem:205.85M (Peak 295.29M) | Time:00:00.65 | Mem:7.02M, Peak:7.02M | Scene, ViewLayer | Updating Mesh | Computing Volume Mesh far_vol
Fra:55 Mem:205.90M (Peak 295.29M) | Time:00:00.66 | Mem:7.02M, Peak:7.02M | Scene, ViewLayer | Updating Mesh | Computing Volume Mesh near_vol
Fra:55 Mem:205.92M (Peak 295.29M) | Time:00:00.66 | Mem:7.02M, Peak:7.02M | Scene, ViewLayer | Updating Objects
Fra:55 Mem:205.92M (Peak 295.29M) | Time:00:00.66 | Mem:7.02M, Peak:7.02M | Scene, ViewLayer | Updating Objects | Copying Transformations to device
Fra:55 Mem:205.92M (Peak 295.29M) | Time:00:00.66 | Mem:7.02M, Peak:7.02M | Scene, ViewLayer | Updating Particle Systems
Fra:55 Mem:205.92M (Peak 295.29M) | Time:00:00.66 | Mem:7.02M, Peak:7.02M | Scene, ViewLayer | Updating Meshes
Fra:55 Mem:204.32M (Peak 295.29M) | Time:00:00.66 | Mem:5.38M, Peak:7.02M | Scene, ViewLayer | Updating Objects | Applying Static Transformations
Fra:55 Mem:204.32M (Peak 295.29M) | Time:00:00.66 | Mem:5.38M, Peak:7.02M | Scene, ViewLayer | Updating Mesh | Computing attributes
Fra:55 Mem:204.61M (Peak 295.29M) | Time:00:00.66 | Mem:5.38M, Peak:7.02M | Scene, ViewLayer | Updating Mesh | Copying Attributes to device
Fra:55 Mem:204.61M (Peak 295.29M) | Time:00:00.66 | Mem:5.67M, Peak:7.02M | Scene, ViewLayer | Updating Geometry BVH main_vol 2/4 | Building BVH
Fra:55 Mem:204.61M (Peak 295.29M) | Time:00:00.66 | Mem:5.67M, Peak:7.02M | Scene, ViewLayer | Updating Geometry BVH t0 5/4 | Building BVH
Fra:55 Mem:204.61M (Peak 295.29M) | Time:00:00.66 | Mem:5.67M, Peak:7.02M | Scene, ViewLayer | Updating Geometry BVH t0 5/4 | Building OptiX acceleration structure
Fra:55 Mem:204.61M (Peak 295.29M) | Time:00:00.67 | Mem:5.67M, Peak:7.02M | Scene, ViewLayer | Updating Scene BVH | Building
Fra:55 Mem:204.61M (Peak 295.29M) | Time:00:00.67 | Mem:5.67M, Peak:7.02M | Scene, ViewLayer | Updating Scene BVH | Building OptiX acceleration structure
Fra:55 Mem:204.61M (Peak 295.29M) | Time:00:00.67 | Mem:5.67M, Peak:7.02M | Scene, ViewLayer | Updating Scene BVH | Building BVH
Fra:55 Mem:204.61M (Peak 295.29M) | Time:00:00.67 | Mem:5.67M, Peak:7.02M | Scene, ViewLayer | Updating Scene BVH | Building BVH 0%
Fra:55 Mem:204.61M (Peak 295.29M) | Time:00:00.67 | Mem:5.67M, Peak:7.02M | Scene, ViewLayer | Updating Scene BVH | Copying BVH to device
Fra:55 Mem:204.61M (Peak 295.29M) | Time:00:00.67 | Mem:5.67M, Peak:7.02M | Scene, ViewLayer | Updating Mesh | Computing normals
Fra:55 Mem:205.96M (Peak 295.29M) | Time:00:00.67 | Mem:5.67M, Peak:7.02M | Scene, ViewLayer | Updating Mesh | Copying Mesh to device
Fra:55 Mem:205.96M (Peak 295.29M) | Time:00:00.67 | Mem:7.02M, Peak:7.02M | Scene, ViewLayer | Updating Objects Flags
Fra:55 Mem:205.96M (Peak 295.29M) | Time:00:00.69 | Mem:7.02M, Peak:7.02M | Scene, ViewLayer | Updating Primitive Offsets
Fra:55 Mem:205.96M (Peak 295.29M) | Time:00:00.69 | Mem:7.02M, Peak:7.02M | Scene, ViewLayer | Updating Images
Fra:55 Mem:205.18M (Peak 295.29M) | Time:00:00.69 | Mem:7.02M, Peak:7.02M | Scene, ViewLayer | Updating Images | Loading density
Fra:55 Mem:205.97M (Peak 295.29M) | Time:00:00.70 | Mem:7.03M, Peak:10.15M | Scene, ViewLayer | Updating Camera Volume
Fra:55 Mem:205.97M (Peak 295.29M) | Time:00:00.70 | Mem:7.03M, Peak:10.15M | Scene, ViewLayer | Updating Lookup Tables
Fra:55 Mem:205.97M (Peak 295.29M) | Time:00:00.70 | Mem:7.03M, Peak:10.15M | Scene, ViewLayer | Updating Lights
Fra:55 Mem:205.97M (Peak 295.29M) | Time:00:00.70 | Mem:7.03M, Peak:10.15M | Scene, ViewLayer | Updating Lights | Computing tree
Fra:55 Mem:205.97M (Peak 295.29M) | Time:00:00.70 | Mem:7.03M, Peak:10.15M | Scene, ViewLayer | Updating Integrator
Fra:55 Mem:205.97M (Peak 295.29M) | Time:00:00.70 | Mem:7.03M, Peak:10.15M | Scene, ViewLayer | Updating Film
Fra:55 Mem:205.97M (Peak 295.29M) | Time:00:00.70 | Mem:7.03M, Peak:10.15M | Scene, ViewLayer | Updating Lookup Tables
Fra:55 Mem:205.97M (Peak 295.29M) | Time:00:00.70 | Mem:7.03M, Peak:10.15M | Scene, ViewLayer | Updating Baking
Fra:55 Mem:205.97M (Peak 295.29M) | Time:00:00.70 | Mem:7.03M, Peak:10.15M | Scene, ViewLayer | Updating Device | Writing constant memory
Fra:55 Mem:205.97M (Peak 295.29M) | Time:00:00.70 | Mem:7.03M, Peak:10.15M | Scene, ViewLayer | Sample 0/24
Fra:55 Mem:205.97M (Peak 295.29M) | Time:00:01.69 | Remaining:00:22.89 | Mem:7.03M, Peak:10.15M | Scene, ViewLayer | Sample 1/24
Fra:55 Mem:205.97M (Peak 295.29M) | Time:00:03.29 | Remaining:00:28.45 | Mem:7.03M, Peak:91.57M | Scene, ViewLayer | Sample 2/24
Fra:55 Mem:205.97M (Peak 295.29M) | Time:00:04.38 | Remaining:00:25.73 | Mem:7.03M, Peak:91.57M | Scene, ViewLayer | Sample 3/24
Fra:55 Mem:205.97M (Peak 295.29M) | Time:00:06.18 | Remaining:00:27.39 | Mem:7.03M, Peak:91.57M | Scene, ViewLayer | Sample 4/24
Fra:55 Mem:205.97M (Peak 295.29M) | Time:00:07.31 | Remaining:00:25.14 | Mem:7.03M, Peak:91.57M | Scene, ViewLayer | Sample 5/24
Fra:55 Mem:205.97M (Peak 295.29M) | Time:00:08.50 | Remaining:00:23.39 | Mem:7.03M, Peak:91.57M | Scene, ViewLayer | Sample 6/24
Fra:55 Mem:205.97M (Peak 295.29M) | Time:00:09.88 | Remaining:00:22.30 | Mem:7.03M, Peak:91.57M | Scene, ViewLayer | Sample 7/24
Fra:55 Mem:241.57M (Peak 295.29M) | Time:00:26.87 | Mem:7.03M, Peak:91.57M | Scene, ViewLayer | Sample 24/24
Fra:55 Mem:241.57M (Peak 295.29M) | Time:00:26.87 | Mem:7.03M, Peak:91.57M | Scene, ViewLayer | Finished
Saved: 'C:\Work\domin8te-build\daysky\out\a\f0055.png'
Time: 00:27.07 (Saving: 00:00.19)

Fra:56 Mem:205.97M (Peak 295.29M) | Time:00:00.77 | Mem:7.03M, Peak:7.03M | Scene, ViewLayer | Synchronizing object | t0
Fra:56 Mem:205.97M (Peak 295.29M) | Time:00:00.77 | Mem:7.03M, Peak:7.03M | Scene, ViewLayer | Synchronizing object | near_vol
Fra:56 Mem:205.94M (Peak 295.29M) | Time:00:00.77 | Mem:7.03M, Peak:7.03M | Scene, ViewLayer | Synchronizing object | far_vol
Fra:56 Mem:205.88M (Peak 295.29M) | Time:00:00.77 | Mem:7.03M, Peak:7.03M | Scene, ViewLayer | Synchronizing object | main_vol
Fra:56 Mem:205.79M (Peak 295.29M) | Time:00:00.77 | Mem:7.03M, Peak:7.03M | Scene, ViewLayer | Initializing
Fra:56 Mem:205.79M (Peak 295.29M) | Time:00:00.77 | Mem:7.03M, Peak:7.03M | Scene, ViewLayer | Waiting for render to start
Fra:56 Mem:205.79M (Peak 295.29M) | Time:00:00.77 | Mem:7.03M, Peak:7.03M | Scene, ViewLayer | Updating Scene
Fra:56 Mem:205.79M (Peak 295.29M) | Time:00:00.77 | Mem:7.03M, Peak:7.03M | Scene, ViewLayer | Updating Shaders
Fra:56 Mem:205.79M (Peak 295.29M) | Time:00:00.77 | Mem:7.03M, Peak:7.03M | Scene, ViewLayer | Updating Background
Fra:56 Mem:205.79M (Peak 295.29M) | Time:00:00.77 | Mem:7.03M, Peak:7.03M | Scene, ViewLayer | Updating Camera
Fra:56 Mem:205.79M (Peak 295.29M) | Time:00:00.77 | Mem:7.03M, Peak:7.03M | Scene, ViewLayer | Updating Meshes Flags
Fra:56 Mem:205.79M (Peak 295.29M) | Time:00:00.77 | Mem:7.03M, Peak:7.03M | Scene, ViewLayer | Updating Meshes Volume Bounds
Fra:56 Mem:205.79M (Peak 295.29M) | Time:00:00.77 | Mem:7.03M, Peak:7.03M | Scene, ViewLayer | Updating Volume Images
Fra:56 Mem:205.79M (Peak 295.29M) | Time:00:00.77 | Mem:7.03M, Peak:7.03M | Scene, ViewLayer | Updating Mesh | Computing Volume Mesh main_vol
Fra:56 Mem:205.86M (Peak 295.29M) | Time:00:00.81 | Mem:7.03M, Peak:7.03M | Scene, ViewLayer | Updating Mesh | Computing Volume Mesh far_vol
Fra:56 Mem:205.90M (Peak 295.29M) | Time:00:00.82 | Mem:7.03M, Peak:7.03M | Scene, ViewLayer | Updating Mesh | Computing Volume Mesh near_vol
Fra:56 Mem:205.93M (Peak 295.29M) | Time:00:00.84 | Mem:7.03M, Peak:7.03M | Scene, ViewLayer | Updating Objects
Fra:56 Mem:205.93M (Peak 295.29M) | Time:00:00.84 | Mem:7.03M, Peak:7.03M | Scene, ViewLayer | Updating Objects | Copying Transformations to device
Fra:56 Mem:205.93M (Peak 295.29M) | Time:00:00.84 | Mem:7.03M, Peak:7.03M | Scene, ViewLayer | Updating Particle Systems
Fra:56 Mem:205.93M (Peak 295.29M) | Time:00:00.84 | Mem:7.03M, Peak:7.03M | Scene, ViewLayer | Updating Meshes
Fra:56 Mem:204.33M (Peak 295.29M) | Time:00:00.84 | Mem:5.39M, Peak:7.03M | Scene, ViewLayer | Updating Objects | Applying Static Transformations
Fra:56 Mem:204.33M (Peak 295.29M) | Time:00:00.84 | Mem:5.39M, Peak:7.03M | Scene, ViewLayer | Updating Mesh | Computing attributes
Fra:56 Mem:204.62M (Peak 295.29M) | Time:00:00.84 | Mem:5.39M, Peak:7.03M | Scene, ViewLayer | Updating Mesh | Copying Attributes to device
Fra:56 Mem:204.61M (Peak 295.29M) | Time:00:00.84 | Mem:5.67M, Peak:7.03M | Scene, ViewLayer | Updating Geometry BVH t0 5/4 | Building BVH
Fra:56 Mem:204.61M (Peak 295.29M) | Time:00:00.84 | Mem:5.67M, Peak:7.03M | Scene, ViewLayer | Updating Geometry BVH t0 5/4 | Building OptiX acceleration structure
Fra:56 Mem:205.47M (Peak 295.29M) | Time:00:00.84 | Mem:5.67M, Peak:7.03M | Scene, ViewLayer | Updating Geometry BVH main_vol 2/4 | Building BVH
Fra:56 Mem:205.47M (Peak 295.29M) | Time:00:00.84 | Mem:5.67M, Peak:7.03M | Scene, ViewLayer | Updating Geometry BVH main_vol 2/4 | Building OptiX acceleration structure
Fra:56 Mem:204.67M (Peak 295.29M) | Time:00:00.84 | Mem:5.67M, Peak:7.03M | Scene, ViewLayer | Updating Geometry BVH near_vol 4/4 | Building BVH
Fra:56 Mem:204.67M (Peak 295.29M) | Time:00:00.84 | Mem:5.67M, Peak:7.03M | Scene, ViewLayer | Updating Geometry BVH near_vol 4/4 | Building OptiX acceleration structure
Fra:56 Mem:204.63M (Peak 295.29M) | Time:00:00.85 | Mem:5.67M, Peak:7.03M | Scene, ViewLayer | Updating Geometry BVH far_vol 3/4 | Building BVH
Fra:56 Mem:204.63M (Peak 295.29M) | Time:00:00.85 | Mem:5.67M, Peak:7.03M | Scene, ViewLayer | Updating Geometry BVH far_vol 3/4 | Building OptiX acceleration structure
Fra:56 Mem:204.61M (Peak 295.29M) | Time:00:00.85 | Mem:5.67M, Peak:7.03M | Scene, ViewLayer | Updating Scene BVH | Building
Fra:56 Mem:204.61M (Peak 295.29M) | Time:00:00.85 | Mem:5.67M, Peak:7.03M | Scene, ViewLayer | Updating Scene BVH | Building OptiX acceleration structure
Fra:56 Mem:204.61M (Peak 295.29M) | Time:00:00.85 | Mem:5.67M, Peak:7.03M | Scene, ViewLayer | Updating Scene BVH | Building BVH
Fra:56 Mem:204.61M (Peak 295.29M) | Time:00:00.85 | Mem:5.67M, Peak:7.03M | Scene, ViewLayer | Updating Scene BVH | Building BVH 0%
Fra:56 Mem:204.61M (Peak 295.29M) | Time:00:00.88 | Mem:5.67M, Peak:7.03M | Scene, ViewLayer | Updating Scene BVH | Copying BVH to device
Fra:56 Mem:204.61M (Peak 295.29M) | Time:00:00.88 | Mem:5.67M, Peak:7.03M | Scene, ViewLayer | Updating Mesh | Computing normals
Fra:56 Mem:205.97M (Peak 295.29M) | Time:00:00.88 | Mem:5.67M, Peak:7.03M | Scene, ViewLayer | Updating Mesh | Copying Mesh to device
Fra:56 Mem:205.97M (Peak 295.29M) | Time:00:00.89 | Mem:7.03M, Peak:7.03M | Scene, ViewLayer | Updating Objects Flags
Fra:56 Mem:205.97M (Peak 295.29M) | Time:00:01.23 | Mem:7.03M, Peak:7.03M | Scene, ViewLayer | Updating Primitive Offsets
Fra:56 Mem:205.97M (Peak 295.29M) | Time:00:01.23 | Mem:7.03M, Peak:7.03M | Scene, ViewLayer | Updating Images
Fra:56 Mem:200.67M (Peak 295.29M) | Time:00:01.24 | Mem:1.73M, Peak:7.03M | Scene, ViewLayer | Updating Images | Loading density
Fra:56 Mem:205.97M (Peak 295.29M) | Time:00:01.24 | Mem:7.03M, Peak:7.03M | Scene, ViewLayer | Updating Camera Volume
Fra:56 Mem:205.97M (Peak 295.29M) | Time:00:01.24 | Mem:7.03M, Peak:7.03M | Scene, ViewLayer | Updating Lookup Tables
Fra:56 Mem:205.97M (Peak 295.29M) | Time:00:01.24 | Mem:7.03M, Peak:7.03M | Scene, ViewLayer | Updating Lights
Fra:56 Mem:205.97M (Peak 295.29M) | Time:00:01.24 | Mem:7.03M, Peak:7.03M | Scene, ViewLayer | Updating Lights | Computing tree
Fra:56 Mem:205.97M (Peak 295.29M) | Time:00:01.24 | Mem:7.03M, Peak:7.03M | Scene, ViewLayer | Updating Integrator
Fra:56 Mem:205.97M (Peak 295.29M) | Time:00:01.24 | Mem:7.03M, Peak:7.03M | Scene, ViewLayer | Updating Film
Fra:56 Mem:205.97M (Peak 295.29M) | Time:00:01.24 | Mem:7.03M, Peak:7.03M | Scene, ViewLayer | Updating Lookup Tables
Fra:56 Mem:205.97M (Peak 295.29M) | Time:00:01.24 | Mem:7.03M, Peak:7.03M | Scene, ViewLayer | Updating Baking
Fra:56 Mem:205.97M (Peak 295.29M) | Time:00:01.24 | Mem:7.03M, Peak:7.03M | Scene, ViewLayer | Updating Device | Writing constant memory
Fra:56 Mem:205.97M (Peak 295.29M) | Time:00:01.24 | Mem:7.03M, Peak:7.03M | Scene, ViewLayer | Sample 0/24
Fra:56 Mem:205.97M (Peak 295.29M) | Time:00:02.61 | Remaining:00:31.55 | Mem:7.03M, Peak:7.03M | Scene, ViewLayer | Sample 1/24
Fra:56 Mem:205.97M (Peak 295.29M) | Time:00:03.56 | Remaining:00:25.53 | Mem:7.03M, Peak:7.03M | Scene, ViewLayer | Sample 2/24
Fra:56 Mem:241.57M (Peak 295.29M) | Time:00:25.90 | Mem:7.03M, Peak:7.03M | Scene, ViewLayer | Sample 24/24
Fra:56 Mem:241.57M (Peak 295.29M) | Time:00:25.90 | Mem:7.03M, Peak:7.03M | Scene, ViewLayer | Finished
Saved: 'C:\Work\domin8te-build\daysky\out\a\f0056.png'
Time: 00:26.22 (Saving: 00:00.31)

Fra:57 Mem:205.98M (Peak 295.29M) | Time:00:00.45 | Mem:7.03M, Peak:7.03M | Scene, ViewLayer | Synchronizing object | main_vol
Fra:57 Mem:205.89M (Peak 295.29M) | Time:00:00.45 | Mem:7.03M, Peak:7.03M | Scene, ViewLayer | Synchronizing object | t0
Fra:57 Mem:205.80M (Peak 295.29M) | Time:00:00.45 | Mem:7.03M, Peak:7.03M | Scene, ViewLayer | Initializing
Fra:57 Mem:205.80M (Peak 295.29M) | Time:00:00.45 | Mem:7.03M, Peak:7.03M | Scene, ViewLayer | Waiting for render to start
Fra:57 Mem:205.80M (Peak 295.29M) | Time:00:00.45 | Mem:7.03M, Peak:7.03M | Scene, ViewLayer | Updating Scene
Fra:57 Mem:205.80M (Peak 295.29M) | Time:00:00.45 | Mem:7.03M, Peak:7.03M | Scene, ViewLayer | Updating Shaders
Fra:57 Mem:205.80M (Peak 295.29M) | Time:00:00.45 | Mem:7.03M, Peak:7.03M | Scene, ViewLayer | Updating Background
Fra:57 Mem:205.80M (Peak 295.29M) | Time:00:00.45 | Mem:7.03M, Peak:7.03M | Scene, ViewLayer | Updating Camera
Fra:57 Mem:205.80M (Peak 295.29M) | Time:00:00.45 | Mem:7.03M, Peak:7.03M | Scene, ViewLayer | Updating Meshes Flags
Fra:57 Mem:205.80M (Peak 295.29M) | Time:00:00.45 | Mem:7.03M, Peak:7.03M | Scene, ViewLayer | Updating Meshes Volume Bounds
Fra:57 Mem:205.80M (Peak 295.29M) | Time:00:00.45 | Mem:7.03M, Peak:7.03M | Scene, ViewLayer | Updating Volume Images
Fra:57 Mem:205.80M (Peak 295.29M) | Time:00:00.45 | Mem:7.03M, Peak:7.03M | Scene, ViewLayer | Updating Mesh | Computing Volume Mesh main_vol
Fra:57 Mem:205.87M (Peak 295.29M) | Time:00:00.46 | Mem:7.03M, Peak:7.03M | Scene, ViewLayer | Updating Mesh | Computing Volume Mesh far_vol
Fra:57 Mem:205.91M (Peak 295.29M) | Time:00:00.47 | Mem:7.03M, Peak:7.03M | Scene, ViewLayer | Updating Mesh | Computing Volume Mesh near_vol
Fra:57 Mem:205.93M (Peak 295.29M) | Time:00:00.47 | Mem:7.03M, Peak:7.03M | Scene, ViewLayer | Updating Objects
Fra:57 Mem:205.93M (Peak 295.29M) | Time:00:00.47 | Mem:7.03M, Peak:7.03M | Scene, ViewLayer | Updating Objects | Copying Transformations to device
Fra:57 Mem:205.93M (Peak 295.29M) | Time:00:00.48 | Mem:7.03M, Peak:7.03M | Scene, ViewLayer | Updating Particle Systems
Fra:57 Mem:205.93M (Peak 295.29M) | Time:00:00.48 | Mem:7.03M, Peak:7.03M | Scene, ViewLayer | Updating Meshes
Fra:57 Mem:204.33M (Peak 295.29M) | Time:00:00.48 | Mem:5.39M, Peak:7.03M | Scene, ViewLayer | Updating Objects | Applying Static Transformations
Fra:57 Mem:204.33M (Peak 295.29M) | Time:00:00.48 | Mem:5.39M, Peak:7.03M | Scene, ViewLayer | Updating Mesh | Computing attributes
Fra:57 Mem:204.62M (Peak 295.29M) | Time:00:00.48 | Mem:5.39M, Peak:7.03M | Scene, ViewLayer | Updating Mesh | Copying Attributes to device
Fra:57 Mem:204.62M (Peak 295.29M) | Time:00:00.48 | Mem:5.68M, Peak:7.03M | Scene, ViewLayer | Updating Geometry BVH far_vol 3/4 | Building BVH
Fra:57 Mem:204.62M (Peak 295.29M) | Time:00:00.48 | Mem:5.68M, Peak:7.03M | Scene, ViewLayer | Updating Geometry BVH near_vol 4/4 | Building BVH
Fra:57 Mem:204.62M (Peak 295.29M) | Time:00:00.48 | Mem:5.68M, Peak:7.03M | Scene, ViewLayer | Updating Geometry BVH near_vol 4/4 | Building OptiX acceleration structure
Fra:57 Mem:204.62M (Peak 295.29M) | Time:00:00.48 | Mem:5.68M, Peak:7.03M | Scene, ViewLayer | Updating Scene BVH | Building
Fra:57 Mem:204.62M (Peak 295.29M) | Time:00:00.48 | Mem:5.68M, Peak:7.03M | Scene, ViewLayer | Updating Scene BVH | Building OptiX acceleration structure
Fra:57 Mem:204.62M (Peak 295.29M) | Time:00:00.48 | Mem:5.68M, Peak:7.03M | Scene, ViewLayer | Updating Scene BVH | Building BVH
Fra:57 Mem:204.62M (Peak 295.29M) | Time:00:00.48 | Mem:5.68M, Peak:7.03M | Scene, ViewLayer | Updating Scene BVH | Building BVH 0%
Fra:57 Mem:204.62M (Peak 295.29M) | Time:00:00.49 | Mem:5.68M, Peak:7.03M | Scene, ViewLayer | Updating Scene BVH | Copying BVH to device
Fra:57 Mem:204.62M (Peak 295.29M) | Time:00:00.49 | Mem:5.68M, Peak:7.03M | Scene, ViewLayer | Updating Mesh | Computing normals
Fra:57 Mem:205.97M (Peak 295.29M) | Time:00:00.49 | Mem:5.68M, Peak:7.03M | Scene, ViewLayer | Updating Mesh | Copying Mesh to device
Fra:57 Mem:205.97M (Peak 295.29M) | Time:00:00.49 | Mem:7.03M, Peak:7.03M | Scene, ViewLayer | Updating Objects Flags
Fra:57 Mem:205.97M (Peak 295.29M) | Time:00:00.51 | Mem:7.03M, Peak:7.03M | Scene, ViewLayer | Updating Primitive Offsets
Fra:57 Mem:205.97M (Peak 295.29M) | Time:00:00.51 | Mem:7.03M, Peak:7.03M | Scene, ViewLayer | Updating Images
Fra:57 Mem:205.19M (Peak 295.29M) | Time:00:00.51 | Mem:7.03M, Peak:7.03M | Scene, ViewLayer | Updating Images | Loading density
Fra:57 Mem:205.98M (Peak 295.29M) | Time:00:00.52 | Mem:7.04M, Peak:11.56M | Scene, ViewLayer | Updating Camera Volume
Fra:57 Mem:205.98M (Peak 295.29M) | Time:00:00.52 | Mem:7.04M, Peak:11.56M | Scene, ViewLayer | Updating Lookup Tables
Fra:57 Mem:205.98M (Peak 295.29M) | Time:00:00.52 | Mem:7.04M, Peak:11.56M | Scene, ViewLayer | Updating Lights
Fra:57 Mem:205.98M (Peak 295.29M) | Time:00:00.52 | Mem:7.04M, Peak:11.56M | Scene, ViewLayer | Updating Lights | Computing tree
Fra:57 Mem:205.98M (Peak 295.29M) | Time:00:00.52 | Mem:7.04M, Peak:11.56M | Scene, ViewLayer | Updating Integrator
Fra:57 Mem:205.98M (Peak 295.29M) | Time:00:00.52 | Mem:7.04M, Peak:11.56M | Scene, ViewLayer | Updating Film
Fra:57 Mem:205.98M (Peak 295.29M) | Time:00:00.52 | Mem:7.04M, Peak:11.56M | Scene, ViewLayer | Updating Lookup Tables
Fra:57 Mem:205.98M (Peak 295.29M) | Time:00:00.52 | Mem:7.04M, Peak:11.56M | Scene, ViewLayer | Updating Baking
Fra:57 Mem:205.98M (Peak 295.29M) | Time:00:00.52 | Mem:7.04M, Peak:11.56M | Scene, ViewLayer | Updating Device | Writing constant memory
Fra:57 Mem:205.98M (Peak 295.29M) | Time:00:00.52 | Mem:7.04M, Peak:11.56M | Scene, ViewLayer | Sample 0/24
Fra:57 Mem:205.98M (Peak 295.29M) | Time:00:01.72 | Remaining:00:27.57 | Mem:7.04M, Peak:11.56M | Scene, ViewLayer | Sample 1/24
Fra:57 Mem:205.98M (Peak 295.29M) | Time:00:03.08 | Remaining:00:28.22 | Mem:7.04M, Peak:11.56M | Scene, ViewLayer | Sample 2/24
Fra:57 Mem:205.98M (Peak 295.29M) | Time:00:19.05 | Remaining:00:06.17 | Mem:7.04M, Peak:11.56M | Scene, ViewLayer | Sample 18/24
Fra:57 Mem:241.58M (Peak 295.29M) | Time:00:25.13 | Mem:7.04M, Peak:11.56M | Scene, ViewLayer | Sample 24/24
Fra:57 Mem:241.58M (Peak 295.29M) | Time:00:25.13 | Mem:7.04M, Peak:11.56M | Scene, ViewLayer | Finished
Saved: 'C:\Work\domin8te-build\daysky\out\a\f0057.png'
Time: 00:25.42 (Saving: 00:00.28)

Fra:58 Mem:205.98M (Peak 295.29M) | Time:00:00.99 | Mem:7.04M, Peak:7.04M | Scene, ViewLayer | Synchronizing object | t0
Fra:58 Mem:205.98M (Peak 295.29M) | Time:00:00.99 | Mem:7.04M, Peak:7.04M | Scene, ViewLayer | Synchronizing object | main_vol
Fra:58 Mem:206.94M (Peak 295.29M) | Time:00:00.99 | Mem:7.04M, Peak:7.04M | Scene, ViewLayer | Synchronizing object | far_vol
Fra:58 Mem:206.88M (Peak 295.29M) | Time:00:00.99 | Mem:7.04M, Peak:7.04M | Scene, ViewLayer | Synchronizing object | near_vol
Fra:58 Mem:205.80M (Peak 295.29M) | Time:00:00.99 | Mem:7.04M, Peak:7.04M | Scene, ViewLayer | Initializing
Fra:58 Mem:205.80M (Peak 295.29M) | Time:00:00.99 | Mem:7.04M, Peak:7.04M | Scene, ViewLayer | Waiting for render to start
Fra:58 Mem:205.80M (Peak 295.29M) | Time:00:00.99 | Mem:7.04M, Peak:7.04M | Scene, ViewLayer | Updating Scene
Fra:58 Mem:205.80M (Peak 295.29M) | Time:00:00.99 | Mem:7.04M, Peak:7.04M | Scene, ViewLayer | Updating Shaders
Fra:58 Mem:205.80M (Peak 295.29M) | Time:00:00.99 | Mem:7.04M, Peak:7.04M | Scene, ViewLayer | Updating Background
Fra:58 Mem:205.80M (Peak 295.29M) | Time:00:00.99 | Mem:7.04M, Peak:7.04M | Scene, ViewLayer | Updating Camera
Fra:58 Mem:205.80M (Peak 295.29M) | Time:00:00.99 | Mem:7.04M, Peak:7.04M | Scene, ViewLayer | Updating Meshes Flags
Fra:58 Mem:205.80M (Peak 295.29M) | Time:00:00.99 | Mem:7.04M, Peak:7.04M | Scene, ViewLayer | Updating Meshes Volume Bounds
Fra:58 Mem:205.80M (Peak 295.29M) | Time:00:00.99 | Mem:7.04M, Peak:7.04M | Scene, ViewLayer | Updating Volume Images
Fra:58 Mem:205.80M (Peak 295.29M) | Time:00:00.99 | Mem:7.04M, Peak:7.04M | Scene, ViewLayer | Updating Mesh | Computing Volume Mesh main_vol
Fra:58 Mem:205.87M (Peak 295.29M) | Time:00:01.01 | Mem:7.04M, Peak:7.04M | Scene, ViewLayer | Updating Mesh | Computing Volume Mesh far_vol
Fra:58 Mem:205.91M (Peak 295.29M) | Time:00:01.02 | Mem:7.04M, Peak:7.04M | Scene, ViewLayer | Updating Mesh | Computing Volume Mesh near_vol
Fra:58 Mem:205.94M (Peak 295.29M) | Time:00:01.03 | Mem:7.04M, Peak:7.04M | Scene, ViewLayer | Updating Objects
Fra:58 Mem:205.94M (Peak 295.29M) | Time:00:01.03 | Mem:7.04M, Peak:7.04M | Scene, ViewLayer | Updating Objects | Copying Transformations to device
Fra:58 Mem:205.94M (Peak 295.29M) | Time:00:01.03 | Mem:7.04M, Peak:7.04M | Scene, ViewLayer | Updating Particle Systems
Fra:58 Mem:205.94M (Peak 295.29M) | Time:00:01.03 | Mem:7.04M, Peak:7.04M | Scene, ViewLayer | Updating Meshes
Fra:58 Mem:204.34M (Peak 295.29M) | Time:00:01.03 | Mem:5.40M, Peak:7.04M | Scene, ViewLayer | Updating Objects | Applying Static Transformations
Fra:58 Mem:204.34M (Peak 295.29M) | Time:00:01.03 | Mem:5.40M, Peak:7.04M | Scene, ViewLayer | Updating Mesh | Computing attributes
Fra:58 Mem:204.63M (Peak 295.29M) | Time:00:01.03 | Mem:5.40M, Peak:7.04M | Scene, ViewLayer | Updating Mesh | Copying Attributes to device
Fra:58 Mem:204.62M (Peak 295.29M) | Time:00:01.03 | Mem:5.68M, Peak:7.04M | Scene, ViewLayer | Updating Geometry BVH main_vol 2/4 | Building BVH
Fra:58 Mem:204.62M (Peak 295.29M) | Time:00:01.03 | Mem:5.68M, Peak:7.04M | Scene, ViewLayer | Updating Geometry BVH t0 5/4 | Building BVH
Fra:58 Mem:204.62M (Peak 295.29M) | Time:00:01.03 | Mem:5.68M, Peak:7.04M | Scene, ViewLayer | Updating Geometry BVH t0 5/4 | Building OptiX acceleration structure
Fra:58 Mem:205.53M (Peak 295.29M) | Time:00:01.03 | Mem:5.68M, Peak:7.04M | Scene, ViewLayer | Updating Geometry BVH far_vol 3/4 | Building BVH
Fra:58 Mem:205.53M (Peak 295.29M) | Time:00:01.03 | Mem:5.68M, Peak:7.04M | Scene, ViewLayer | Updating Geometry BVH near_vol 4/4 | Building BVH
Fra:58 Mem:205.53M (Peak 295.29M) | Time:00:01.03 | Mem:5.68M, Peak:7.04M | Scene, ViewLayer | Updating Geometry BVH near_vol 4/4 | Building OptiX acceleration structure
Fra:58 Mem:204.62M (Peak 295.29M) | Time:00:01.03 | Mem:5.68M, Peak:7.04M | Scene, ViewLayer | Updating Scene BVH | Building
Fra:58 Mem:204.62M (Peak 295.29M) | Time:00:01.03 | Mem:5.68M, Peak:7.04M | Scene, ViewLayer | Updating Scene BVH | Building OptiX acceleration structure
Fra:58 Mem:204.62M (Peak 295.29M) | Time:00:01.04 | Mem:5.68M, Peak:7.04M | Scene, ViewLayer | Updating Scene BVH | Building BVH
Fra:58 Mem:204.62M (Peak 295.29M) | Time:00:01.04 | Mem:5.68M, Peak:7.04M | Scene, ViewLayer | Updating Scene BVH | Building BVH 0%
Fra:58 Mem:204.62M (Peak 295.29M) | Time:00:01.04 | Mem:5.68M, Peak:7.04M | Scene, ViewLayer | Updating Scene BVH | Copying BVH to device
Fra:58 Mem:204.62M (Peak 295.29M) | Time:00:01.04 | Mem:5.68M, Peak:7.04M | Scene, ViewLayer | Updating Mesh | Computing normals
Fra:58 Mem:205.98M (Peak 295.29M) | Time:00:01.05 | Mem:5.68M, Peak:7.04M | Scene, ViewLayer | Updating Mesh | Copying Mesh to device
Fra:58 Mem:205.98M (Peak 295.29M) | Time:00:01.05 | Mem:7.04M, Peak:7.04M | Scene, ViewLayer | Updating Objects Flags
Fra:58 Mem:205.98M (Peak 295.29M) | Time:00:01.35 | Mem:7.04M, Peak:7.04M | Scene, ViewLayer | Updating Primitive Offsets
Fra:58 Mem:205.98M (Peak 295.29M) | Time:00:01.35 | Mem:7.04M, Peak:7.04M | Scene, ViewLayer | Updating Images
Fra:58 Mem:200.67M (Peak 295.29M) | Time:00:01.36 | Mem:1.73M, Peak:7.04M | Scene, ViewLayer | Updating Images | Loading density
Fra:58 Mem:205.98M (Peak 295.29M) | Time:00:01.36 | Mem:7.04M, Peak:7.04M | Scene, ViewLayer | Updating Camera Volume
Fra:58 Mem:205.98M (Peak 295.29M) | Time:00:01.36 | Mem:7.04M, Peak:7.04M | Scene, ViewLayer | Updating Lookup Tables
Fra:58 Mem:205.98M (Peak 295.29M) | Time:00:01.36 | Mem:7.04M, Peak:7.04M | Scene, ViewLayer | Updating Lights
Fra:58 Mem:205.98M (Peak 295.29M) | Time:00:01.36 | Mem:7.04M, Peak:7.04M | Scene, ViewLayer | Updating Lights | Computing tree
Fra:58 Mem:205.98M (Peak 295.29M) | Time:00:01.36 | Mem:7.04M, Peak:7.04M | Scene, ViewLayer | Updating Integrator
Fra:58 Mem:205.98M (Peak 295.29M) | Time:00:01.36 | Mem:7.04M, Peak:7.04M | Scene, ViewLayer | Updating Film
Fra:58 Mem:205.98M (Peak 295.29M) | Time:00:01.36 | Mem:7.04M, Peak:7.04M | Scene, ViewLayer | Updating Lookup Tables
Fra:58 Mem:205.98M (Peak 295.29M) | Time:00:01.36 | Mem:7.04M, Peak:7.04M | Scene, ViewLayer | Updating Baking
Fra:58 Mem:205.98M (Peak 295.29M) | Time:00:01.36 | Mem:7.04M, Peak:7.04M | Scene, ViewLayer | Updating Device | Writing constant memory
Fra:58 Mem:205.98M (Peak 295.29M) | Time:00:01.36 | Mem:7.04M, Peak:7.04M | Scene, ViewLayer | Sample 0/24
Fra:58 Mem:205.98M (Peak 295.29M) | Time:00:02.42 | Remaining:00:24.24 | Mem:7.04M, Peak:7.04M | Scene, ViewLayer | Sample 1/24
Fra:58 Mem:205.98M (Peak 295.29M) | Time:00:03.78 | Remaining:00:26.55 | Mem:7.04M, Peak:7.04M | Scene, ViewLayer | Sample 2/24
Fra:58 Mem:241.58M (Peak 295.29M) | Time:00:33.91 | Mem:7.04M, Peak:7.04M | Scene, ViewLayer | Sample 24/24
Fra:58 Mem:241.58M (Peak 295.29M) | Time:00:33.91 | Mem:7.04M, Peak:7.04M | Scene, ViewLayer | Finished
Saved: 'C:\Work\domin8te-build\daysky\out\a\f0058.png'
Time: 00:34.48 (Saving: 00:00.57)

Fra:59 Mem:205.99M (Peak 295.29M) | Time:00:00.76 | Mem:7.04M, Peak:7.04M | Scene, ViewLayer | Synchronizing object | main_vol
Fra:59 Mem:205.90M (Peak 295.29M) | Time:00:00.76 | Mem:7.04M, Peak:7.04M | Scene, ViewLayer | Synchronizing object | near_vol
Fra:59 Mem:205.84M (Peak 295.29M) | Time:00:00.76 | Mem:7.04M, Peak:7.04M | Scene, ViewLayer | Synchronizing object | t0
Fra:59 Mem:205.81M (Peak 295.29M) | Time:00:00.76 | Mem:7.04M, Peak:7.04M | Scene, ViewLayer | Initializing
Fra:59 Mem:205.80M (Peak 295.29M) | Time:00:00.76 | Mem:7.04M, Peak:7.04M | Scene, ViewLayer | Waiting for render to start
Fra:59 Mem:205.80M (Peak 295.29M) | Time:00:00.76 | Mem:7.04M, Peak:7.04M | Scene, ViewLayer | Updating Scene
Fra:59 Mem:205.80M (Peak 295.29M) | Time:00:00.76 | Mem:7.04M, Peak:7.04M | Scene, ViewLayer | Updating Shaders
Fra:59 Mem:205.80M (Peak 295.29M) | Time:00:00.76 | Mem:7.04M, Peak:7.04M | Scene, ViewLayer | Updating Background
Fra:59 Mem:205.80M (Peak 295.29M) | Time:00:00.76 | Mem:7.04M, Peak:7.04M | Scene, ViewLayer | Updating Camera
Fra:59 Mem:205.80M (Peak 295.29M) | Time:00:00.76 | Mem:7.04M, Peak:7.04M | Scene, ViewLayer | Updating Meshes Flags
Fra:59 Mem:205.80M (Peak 295.29M) | Time:00:00.76 | Mem:7.04M, Peak:7.04M | Scene, ViewLayer | Updating Meshes Volume Bounds
Fra:59 Mem:205.80M (Peak 295.29M) | Time:00:00.76 | Mem:7.04M, Peak:7.04M | Scene, ViewLayer | Updating Volume Images
Fra:59 Mem:205.80M (Peak 295.29M) | Time:00:00.76 | Mem:7.04M, Peak:7.04M | Scene, ViewLayer | Updating Mesh | Computing Volume Mesh main_vol
Fra:59 Mem:205.87M (Peak 295.29M) | Time:00:00.78 | Mem:7.04M, Peak:7.04M | Scene, ViewLayer | Updating Mesh | Computing Volume Mesh far_vol
Fra:59 Mem:205.92M (Peak 295.29M) | Time:00:00.79 | Mem:7.04M, Peak:7.04M | Scene, ViewLayer | Updating Mesh | Computing Volume Mesh near_vol
Fra:59 Mem:205.94M (Peak 295.29M) | Time:00:00.79 | Mem:7.04M, Peak:7.04M | Scene, ViewLayer | Updating Objects
Fra:59 Mem:205.94M (Peak 295.29M) | Time:00:00.79 | Mem:7.04M, Peak:7.04M | Scene, ViewLayer | Updating Objects | Copying Transformations to device
Fra:59 Mem:205.94M (Peak 295.29M) | Time:00:00.80 | Mem:7.04M, Peak:7.04M | Scene, ViewLayer | Updating Particle Systems
Fra:59 Mem:205.94M (Peak 295.29M) | Time:00:00.80 | Mem:7.04M, Peak:7.04M | Scene, ViewLayer | Updating Meshes
Fra:59 Mem:204.34M (Peak 295.29M) | Time:00:00.80 | Mem:5.40M, Peak:7.04M | Scene, ViewLayer | Updating Objects | Applying Static Transformations
Fra:59 Mem:204.34M (Peak 295.29M) | Time:00:00.80 | Mem:5.40M, Peak:7.04M | Scene, ViewLayer | Updating Mesh | Computing attributes
Fra:59 Mem:204.63M (Peak 295.29M) | Time:00:00.80 | Mem:5.40M, Peak:7.04M | Scene, ViewLayer | Updating Mesh | Copying Attributes to device
Fra:59 Mem:204.63M (Peak 295.29M) | Time:00:00.80 | Mem:5.69M, Peak:7.04M | Scene, ViewLayer | Updating Geometry BVH main_vol 2/4 | Building BVH
Fra:59 Mem:204.63M (Peak 295.29M) | Time:00:00.80 | Mem:5.69M, Peak:7.04M | Scene, ViewLayer | Updating Geometry BVH t0 5/4 | Building BVH
Fra:59 Mem:204.63M (Peak 295.29M) | Time:00:00.80 | Mem:5.69M, Peak:7.04M | Scene, ViewLayer | Updating Geometry BVH t0 5/4 | Building OptiX acceleration structure
Fra:59 Mem:204.63M (Peak 295.29M) | Time:00:00.81 | Mem:5.69M, Peak:7.04M | Scene, ViewLayer | Updating Scene BVH | Building
Fra:59 Mem:204.63M (Peak 295.29M) | Time:00:00.81 | Mem:5.69M, Peak:7.04M | Scene, ViewLayer | Updating Scene BVH | Building OptiX acceleration structure
Fra:59 Mem:204.63M (Peak 295.29M) | Time:00:00.81 | Mem:5.69M, Peak:7.04M | Scene, ViewLayer | Updating Scene BVH | Building BVH
Fra:59 Mem:204.63M (Peak 295.29M) | Time:00:00.81 | Mem:5.69M, Peak:7.04M | Scene, ViewLayer | Updating Scene BVH | Building BVH 0%
Fra:59 Mem:204.63M (Peak 295.29M) | Time:00:00.82 | Mem:5.69M, Peak:7.04M | Scene, ViewLayer | Updating Scene BVH | Copying BVH to device
Fra:59 Mem:204.63M (Peak 295.29M) | Time:00:00.82 | Mem:5.69M, Peak:7.04M | Scene, ViewLayer | Updating Mesh | Computing normals
Fra:59 Mem:205.98M (Peak 295.29M) | Time:00:00.82 | Mem:5.69M, Peak:7.04M | Scene, ViewLayer | Updating Mesh | Copying Mesh to device
Fra:59 Mem:205.98M (Peak 295.29M) | Time:00:00.82 | Mem:7.04M, Peak:7.04M | Scene, ViewLayer | Updating Objects Flags
Fra:59 Mem:205.98M (Peak 295.29M) | Time:00:00.85 | Mem:7.04M, Peak:7.04M | Scene, ViewLayer | Updating Primitive Offsets
Fra:59 Mem:205.98M (Peak 295.29M) | Time:00:00.85 | Mem:7.04M, Peak:7.04M | Scene, ViewLayer | Updating Images
Fra:59 Mem:202.85M (Peak 295.29M) | Time:00:00.85 | Mem:7.04M, Peak:7.04M | Scene, ViewLayer | Updating Images | Loading density
Fra:59 Mem:205.98M (Peak 295.29M) | Time:00:00.86 | Mem:7.04M, Peak:9.22M | Scene, ViewLayer | Updating Camera Volume
Fra:59 Mem:205.98M (Peak 295.29M) | Time:00:00.86 | Mem:7.04M, Peak:9.22M | Scene, ViewLayer | Updating Lookup Tables
Fra:59 Mem:205.98M (Peak 295.29M) | Time:00:00.86 | Mem:7.04M, Peak:9.22M | Scene, ViewLayer | Updating Lights
Fra:59 Mem:205.98M (Peak 295.29M) | Time:00:00.86 | Mem:7.04M, Peak:9.22M | Scene, ViewLayer | Updating Lights | Computing tree
Fra:59 Mem:205.98M (Peak 295.29M) | Time:00:00.86 | Mem:7.04M, Peak:9.22M | Scene, ViewLayer | Updating Integrator
Fra:59 Mem:205.98M (Peak 295.29M) | Time:00:00.86 | Mem:7.04M, Peak:9.22M | Scene, ViewLayer | Updating Film
Fra:59 Mem:205.98M (Peak 295.29M) | Time:00:00.86 | Mem:7.04M, Peak:9.22M | Scene, ViewLayer | Updating Lookup Tables
Fra:59 Mem:205.98M (Peak 295.29M) | Time:00:00.86 | Mem:7.04M, Peak:9.22M | Scene, ViewLayer | Updating Baking
Fra:59 Mem:205.98M (Peak 295.29M) | Time:00:00.86 | Mem:7.04M, Peak:9.22M | Scene, ViewLayer | Updating Device | Writing constant memory
Fra:59 Mem:205.98M (Peak 295.29M) | Time:00:00.86 | Mem:7.04M, Peak:9.22M | Scene, ViewLayer | Sample 0/24
Fra:59 Mem:205.98M (Peak 295.29M) | Time:00:02.76 | Remaining:00:43.52 | Mem:7.04M, Peak:9.22M | Scene, ViewLayer | Sample 1/24
Fra:59 Mem:205.98M (Peak 295.29M) | Time:00:04.52 | Remaining:00:40.25 | Mem:7.04M, Peak:91.58M | Scene, ViewLayer | Sample 2/24
Fra:59 Mem:205.98M (Peak 295.29M) | Time:00:05.69 | Remaining:00:33.79 | Mem:7.04M, Peak:91.58M | Scene, ViewLayer | Sample 3/24
Fra:59 Mem:205.98M (Peak 295.29M) | Time:00:06.86 | Remaining:00:29.97 | Mem:7.04M, Peak:91.58M | Scene, ViewLayer | Sample 4/24
Fra:59 Mem:205.98M (Peak 295.29M) | Time:00:08.80 | Remaining:00:30.14 | Mem:7.04M, Peak:91.58M | Scene, ViewLayer | Sample 5/24
Fra:59 Mem:205.98M (Peak 295.29M) | Time:00:10.07 | Remaining:00:27.61 | Mem:7.04M, Peak:91.58M | Scene, ViewLayer | Sample 6/24
Fra:59 Mem:205.98M (Peak 295.29M) | Time:00:11.08 | Remaining:00:24.80 | Mem:7.04M, Peak:91.58M | Scene, ViewLayer | Sample 7/24
Fra:59 Mem:205.98M (Peak 295.29M) | Time:00:29.36 | Remaining:00:01.23 | Mem:7.04M, Peak:91.58M | Scene, ViewLayer | Sample 23/24
Fra:59 Mem:241.58M (Peak 295.29M) | Time:00:31.06 | Mem:7.04M, Peak:91.58M | Scene, ViewLayer | Sample 24/24
Fra:59 Mem:241.58M (Peak 295.29M) | Time:00:31.06 | Mem:7.04M, Peak:91.58M | Scene, ViewLayer | Finished
Saved: 'C:\Work\domin8te-build\daysky\out\a\f0059.png'
Time: 00:31.85 (Saving: 00:00.78)

Fra:60 Mem:205.99M (Peak 295.29M) | Time:00:00.77 | Mem:7.04M, Peak:7.04M | Scene, ViewLayer | Synchronizing object | main_vol
Fra:60 Mem:205.90M (Peak 295.29M) | Time:00:00.77 | Mem:7.04M, Peak:7.04M | Scene, ViewLayer | Synchronizing object | t0
Fra:60 Mem:205.81M (Peak 295.29M) | Time:00:00.77 | Mem:7.04M, Peak:7.04M | Scene, ViewLayer | Initializing
Fra:60 Mem:205.80M (Peak 295.29M) | Time:00:00.77 | Mem:7.04M, Peak:7.04M | Scene, ViewLayer | Waiting for render to start
Fra:60 Mem:205.80M (Peak 295.29M) | Time:00:00.77 | Mem:7.04M, Peak:7.04M | Scene, ViewLayer | Updating Scene
Fra:60 Mem:205.80M (Peak 295.29M) | Time:00:00.77 | Mem:7.04M, Peak:7.04M | Scene, ViewLayer | Updating Shaders
Fra:60 Mem:205.80M (Peak 295.29M) | Time:00:00.77 | Mem:7.04M, Peak:7.04M | Scene, ViewLayer | Updating Background
Fra:60 Mem:205.80M (Peak 295.29M) | Time:00:00.77 | Mem:7.04M, Peak:7.04M | Scene, ViewLayer | Updating Camera
Fra:60 Mem:205.80M (Peak 295.29M) | Time:00:00.77 | Mem:7.04M, Peak:7.04M | Scene, ViewLayer | Updating Meshes Flags
Fra:60 Mem:205.80M (Peak 295.29M) | Time:00:00.77 | Mem:7.04M, Peak:7.04M | Scene, ViewLayer | Updating Meshes Volume Bounds
Fra:60 Mem:205.80M (Peak 295.29M) | Time:00:00.77 | Mem:7.04M, Peak:7.04M | Scene, ViewLayer | Updating Volume Images
Fra:60 Mem:205.80M (Peak 295.29M) | Time:00:00.77 | Mem:7.04M, Peak:7.04M | Scene, ViewLayer | Updating Mesh | Computing Volume Mesh main_vol
Fra:60 Mem:205.87M (Peak 295.29M) | Time:00:00.79 | Mem:7.04M, Peak:7.04M | Scene, ViewLayer | Updating Mesh | Computing Volume Mesh far_vol
Fra:60 Mem:205.92M (Peak 295.29M) | Time:00:00.80 | Mem:7.04M, Peak:7.04M | Scene, ViewLayer | Updating Mesh | Computing Volume Mesh near_vol
Fra:60 Mem:205.94M (Peak 295.29M) | Time:00:00.80 | Mem:7.04M, Peak:7.04M | Scene, ViewLayer | Updating Objects
Fra:60 Mem:205.94M (Peak 295.29M) | Time:00:00.80 | Mem:7.04M, Peak:7.04M | Scene, ViewLayer | Updating Objects | Copying Transformations to device
Fra:60 Mem:205.94M (Peak 295.29M) | Time:00:00.80 | Mem:7.04M, Peak:7.04M | Scene, ViewLayer | Updating Particle Systems
Fra:60 Mem:205.94M (Peak 295.29M) | Time:00:00.80 | Mem:7.04M, Peak:7.04M | Scene, ViewLayer | Updating Meshes
Fra:60 Mem:204.34M (Peak 295.29M) | Time:00:00.81 | Mem:5.40M, Peak:7.04M | Scene, ViewLayer | Updating Objects | Applying Static Transformations
Fra:60 Mem:204.34M (Peak 295.29M) | Time:00:00.81 | Mem:5.40M, Peak:7.04M | Scene, ViewLayer | Updating Mesh | Computing attributes
Fra:60 Mem:204.63M (Peak 295.29M) | Time:00:00.81 | Mem:5.40M, Peak:7.04M | Scene, ViewLayer | Updating Mesh | Copying Attributes to device
Fra:60 Mem:204.63M (Peak 295.29M) | Time:00:00.81 | Mem:5.69M, Peak:7.04M | Scene, ViewLayer | Updating Geometry BVH main_vol 2/4 | Building BVH
Fra:60 Mem:204.63M (Peak 295.29M) | Time:00:00.81 | Mem:5.69M, Peak:7.04M | Scene, ViewLayer | Updating Geometry BVH t0 5/4 | Building BVH
Fra:60 Mem:204.63M (Peak 295.29M) | Time:00:00.81 | Mem:5.69M, Peak:7.04M | Scene, ViewLayer | Updating Geometry BVH t0 5/4 | Building OptiX acceleration structure
Fra:60 Mem:204.63M (Peak 295.29M) | Time:00:00.81 | Mem:5.69M, Peak:7.04M | Scene, ViewLayer | Updating Scene BVH | Building
Fra:60 Mem:204.63M (Peak 295.29M) | Time:00:00.81 | Mem:5.69M, Peak:7.04M | Scene, ViewLayer | Updating Scene BVH | Building OptiX acceleration structure
Fra:60 Mem:204.63M (Peak 295.29M) | Time:00:00.81 | Mem:5.69M, Peak:7.04M | Scene, ViewLayer | Updating Scene BVH | Building BVH
Fra:60 Mem:204.63M (Peak 295.29M) | Time:00:00.81 | Mem:5.69M, Peak:7.04M | Scene, ViewLayer | Updating Scene BVH | Building BVH 0%
Fra:60 Mem:204.63M (Peak 295.29M) | Time:00:00.81 | Mem:5.69M, Peak:7.04M | Scene, ViewLayer | Updating Scene BVH | Copying BVH to device
Fra:60 Mem:204.63M (Peak 295.29M) | Time:00:00.81 | Mem:5.69M, Peak:7.04M | Scene, ViewLayer | Updating Mesh | Computing normals
Fra:60 Mem:205.98M (Peak 295.29M) | Time:00:00.82 | Mem:5.69M, Peak:7.04M | Scene, ViewLayer | Updating Mesh | Copying Mesh to device
Fra:60 Mem:205.98M (Peak 295.29M) | Time:00:00.82 | Mem:7.04M, Peak:7.04M | Scene, ViewLayer | Updating Objects Flags
Fra:60 Mem:205.98M (Peak 295.29M) | Time:00:00.85 | Mem:7.04M, Peak:7.04M | Scene, ViewLayer | Updating Primitive Offsets
Fra:60 Mem:205.98M (Peak 295.29M) | Time:00:00.85 | Mem:7.04M, Peak:7.04M | Scene, ViewLayer | Updating Images
Fra:60 Mem:200.67M (Peak 295.29M) | Time:00:00.85 | Mem:1.73M, Peak:7.04M | Scene, ViewLayer | Updating Images | Loading density
Fra:60 Mem:205.98M (Peak 295.29M) | Time:00:00.85 | Mem:7.04M, Peak:7.04M | Scene, ViewLayer | Updating Camera Volume
Fra:60 Mem:205.98M (Peak 295.29M) | Time:00:00.85 | Mem:7.04M, Peak:7.04M | Scene, ViewLayer | Updating Lookup Tables
Fra:60 Mem:205.98M (Peak 295.29M) | Time:00:00.85 | Mem:7.04M, Peak:7.04M | Scene, ViewLayer | Updating Lights
Fra:60 Mem:205.98M (Peak 295.29M) | Time:00:00.85 | Mem:7.04M, Peak:7.04M | Scene, ViewLayer | Updating Lights | Computing tree
Fra:60 Mem:205.98M (Peak 295.29M) | Time:00:00.85 | Mem:7.04M, Peak:7.04M | Scene, ViewLayer | Updating Integrator
Fra:60 Mem:205.98M (Peak 295.29M) | Time:00:00.85 | Mem:7.04M, Peak:7.04M | Scene, ViewLayer | Updating Film
Fra:60 Mem:205.98M (Peak 295.29M) | Time:00:00.85 | Mem:7.04M, Peak:7.04M | Scene, ViewLayer | Updating Lookup Tables
Fra:60 Mem:205.98M (Peak 295.29M) | Time:00:00.85 | Mem:7.04M, Peak:7.04M | Scene, ViewLayer | Updating Baking
Fra:60 Mem:205.98M (Peak 295.29M) | Time:00:00.85 | Mem:7.04M, Peak:7.04M | Scene, ViewLayer | Updating Device | Writing constant memory
Fra:60 Mem:205.98M (Peak 295.29M) | Time:00:00.85 | Mem:7.04M, Peak:7.04M | Scene, ViewLayer | Sample 0/24
Fra:60 Mem:205.98M (Peak 295.29M) | Time:00:01.98 | Remaining:00:25.88 | Mem:7.04M, Peak:7.04M | Scene, ViewLayer | Sample 1/24
Fra:60 Mem:205.98M (Peak 295.29M) | Time:00:03.51 | Remaining:00:29.26 | Mem:7.04M, Peak:91.58M | Scene, ViewLayer | Sample 2/24
Fra:60 Mem:205.98M (Peak 295.29M) | Time:00:04.75 | Remaining:00:27.26 | Mem:7.04M, Peak:91.58M | Scene, ViewLayer | Sample 3/24
Fra:60 Mem:205.98M (Peak 295.29M) | Time:00:05.75 | Remaining:00:24.49 | Mem:7.04M, Peak:91.58M | Scene, ViewLayer | Sample 4/24
Fra:60 Mem:241.58M (Peak 295.29M) | Time:00:27.81 | Mem:7.04M, Peak:91.58M | Scene, ViewLayer | Sample 24/24
Fra:60 Mem:241.58M (Peak 295.29M) | Time:00:27.81 | Mem:7.04M, Peak:91.58M | Scene, ViewLayer | Finished
Saved: 'C:\Work\domin8te-build\daysky\out\a\f0060.png'
Time: 00:28.15 (Saving: 00:00.33)

Fra:61 Mem:205.99M (Peak 295.29M) | Time:00:00.77 | Mem:7.04M, Peak:7.04M | Scene, ViewLayer | Synchronizing object | main_vol
Fra:61 Mem:205.90M (Peak 295.29M) | Time:00:00.77 | Mem:7.04M, Peak:7.04M | Scene, ViewLayer | Synchronizing object | near_vol
Fra:61 Mem:205.81M (Peak 295.29M) | Time:00:00.77 | Mem:7.04M, Peak:7.04M | Scene, ViewLayer | Initializing
Fra:61 Mem:205.80M (Peak 295.29M) | Time:00:00.77 | Mem:7.04M, Peak:7.04M | Scene, ViewLayer | Waiting for render to start
Fra:61 Mem:205.80M (Peak 295.29M) | Time:00:00.77 | Mem:7.04M, Peak:7.04M | Scene, ViewLayer | Updating Scene
Fra:61 Mem:205.80M (Peak 295.29M) | Time:00:00.77 | Mem:7.04M, Peak:7.04M | Scene, ViewLayer | Updating Shaders
Fra:61 Mem:205.80M (Peak 295.29M) | Time:00:00.77 | Mem:7.04M, Peak:7.04M | Scene, ViewLayer | Updating Background
Fra:61 Mem:205.80M (Peak 295.29M) | Time:00:00.77 | Mem:7.04M, Peak:7.04M | Scene, ViewLayer | Updating Camera
Fra:61 Mem:205.80M (Peak 295.29M) | Time:00:00.77 | Mem:7.04M, Peak:7.04M | Scene, ViewLayer | Updating Meshes Flags
Fra:61 Mem:205.80M (Peak 295.29M) | Time:00:00.77 | Mem:7.04M, Peak:7.04M | Scene, ViewLayer | Updating Meshes Volume Bounds
Fra:61 Mem:205.80M (Peak 295.29M) | Time:00:00.77 | Mem:7.04M, Peak:7.04M | Scene, ViewLayer | Updating Volume Images
Fra:61 Mem:205.80M (Peak 295.29M) | Time:00:00.77 | Mem:7.04M, Peak:7.04M | Scene, ViewLayer | Updating Mesh | Computing Volume Mesh main_vol
Fra:61 Mem:205.87M (Peak 295.29M) | Time:00:00.82 | Mem:7.04M, Peak:7.04M | Scene, ViewLayer | Updating Mesh | Computing Volume Mesh far_vol
Fra:61 Mem:205.92M (Peak 295.29M) | Time:00:00.84 | Mem:7.04M, Peak:7.04M | Scene, ViewLayer | Updating Mesh | Computing Volume Mesh near_vol
Fra:61 Mem:205.94M (Peak 295.29M) | Time:00:00.85 | Mem:7.04M, Peak:7.04M | Scene, ViewLayer | Updating Objects
Fra:61 Mem:205.94M (Peak 295.29M) | Time:00:00.85 | Mem:7.04M, Peak:7.04M | Scene, ViewLayer | Updating Objects | Copying Transformations to device
Fra:61 Mem:205.94M (Peak 295.29M) | Time:00:00.85 | Mem:7.04M, Peak:7.04M | Scene, ViewLayer | Updating Particle Systems
Fra:61 Mem:205.94M (Peak 295.29M) | Time:00:00.85 | Mem:7.04M, Peak:7.04M | Scene, ViewLayer | Updating Meshes
Fra:61 Mem:204.34M (Peak 295.29M) | Time:00:00.85 | Mem:5.40M, Peak:7.04M | Scene, ViewLayer | Updating Objects | Applying Static Transformations
Fra:61 Mem:204.34M (Peak 295.29M) | Time:00:00.85 | Mem:5.40M, Peak:7.04M | Scene, ViewLayer | Updating Mesh | Computing attributes
Fra:61 Mem:204.63M (Peak 295.29M) | Time:00:00.85 | Mem:5.40M, Peak:7.04M | Scene, ViewLayer | Updating Mesh | Copying Attributes to device
Fra:61 Mem:204.63M (Peak 295.29M) | Time:00:00.85 | Mem:5.69M, Peak:7.04M | Scene, ViewLayer | Updating Geometry BVH t0 5/4 | Building BVH
Fra:61 Mem:204.63M (Peak 295.29M) | Time:00:00.85 | Mem:5.69M, Peak:7.04M | Scene, ViewLayer | Updating Geometry BVH t0 5/4 | Building OptiX acceleration structure
Fra:61 Mem:205.48M (Peak 295.29M) | Time:00:00.85 | Mem:5.69M, Peak:7.04M | Scene, ViewLayer | Updating Geometry BVH main_vol 2/4 | Building BVH
Fra:61 Mem:205.48M (Peak 295.29M) | Time:00:00.85 | Mem:5.69M, Peak:7.04M | Scene, ViewLayer | Updating Geometry BVH main_vol 2/4 | Building OptiX acceleration structure
Fra:61 Mem:205.48M (Peak 295.29M) | Time:00:00.85 | Mem:5.69M, Peak:7.04M | Scene, ViewLayer | Updating Geometry BVH far_vol 3/4 | Building BVH
Fra:61 Mem:205.48M (Peak 295.29M) | Time:00:00.85 | Mem:5.69M, Peak:7.04M | Scene, ViewLayer | Updating Geometry BVH far_vol 3/4 | Building OptiX acceleration structure
Fra:61 Mem:205.48M (Peak 295.29M) | Time:00:00.86 | Mem:5.69M, Peak:7.04M | Scene, ViewLayer | Updating Geometry BVH near_vol 4/4 | Building BVH
Fra:61 Mem:205.48M (Peak 295.29M) | Time:00:00.86 | Mem:5.69M, Peak:7.04M | Scene, ViewLayer | Updating Geometry BVH near_vol 4/4 | Building OptiX acceleration structure
Fra:61 Mem:204.63M (Peak 295.29M) | Time:00:00.86 | Mem:5.69M, Peak:7.04M | Scene, ViewLayer | Updating Scene BVH | Building
Fra:61 Mem:204.63M (Peak 295.29M) | Time:00:00.86 | Mem:5.69M, Peak:7.04M | Scene, ViewLayer | Updating Scene BVH | Building OptiX acceleration structure
Fra:61 Mem:204.63M (Peak 295.29M) | Time:00:00.87 | Mem:5.69M, Peak:7.04M | Scene, ViewLayer | Updating Scene BVH | Building BVH
Fra:61 Mem:204.63M (Peak 295.29M) | Time:00:00.87 | Mem:5.69M, Peak:7.04M | Scene, ViewLayer | Updating Scene BVH | Building BVH 0%
Fra:61 Mem:204.63M (Peak 295.29M) | Time:00:00.88 | Mem:5.69M, Peak:7.04M | Scene, ViewLayer | Updating Scene BVH | Copying BVH to device
Fra:61 Mem:204.63M (Peak 295.29M) | Time:00:00.88 | Mem:5.69M, Peak:7.04M | Scene, ViewLayer | Updating Mesh | Computing normals
Fra:61 Mem:205.98M (Peak 295.29M) | Time:00:00.88 | Mem:5.69M, Peak:7.04M | Scene, ViewLayer | Updating Mesh | Copying Mesh to device
Fra:61 Mem:205.98M (Peak 295.29M) | Time:00:00.89 | Mem:7.04M, Peak:7.04M | Scene, ViewLayer | Updating Objects Flags
Fra:61 Mem:205.98M (Peak 295.29M) | Time:00:01.00 | Mem:7.04M, Peak:7.04M | Scene, ViewLayer | Updating Primitive Offsets
Fra:61 Mem:205.98M (Peak 295.29M) | Time:00:01.00 | Mem:7.04M, Peak:7.04M | Scene, ViewLayer | Updating Images
Fra:61 Mem:202.85M (Peak 295.29M) | Time:00:01.01 | Mem:7.04M, Peak:7.04M | Scene, ViewLayer | Updating Images | Loading density
Fra:61 Mem:205.98M (Peak 295.29M) | Time:00:01.02 | Mem:7.04M, Peak:9.22M | Scene, ViewLayer | Updating Camera Volume
Fra:61 Mem:205.98M (Peak 295.29M) | Time:00:01.02 | Mem:7.04M, Peak:9.22M | Scene, ViewLayer | Updating Lookup Tables
Fra:61 Mem:205.98M (Peak 295.29M) | Time:00:01.02 | Mem:7.04M, Peak:9.22M | Scene, ViewLayer | Updating Lights
Fra:61 Mem:205.98M (Peak 295.29M) | Time:00:01.02 | Mem:7.04M, Peak:9.22M | Scene, ViewLayer | Updating Lights | Computing tree
Fra:61 Mem:205.98M (Peak 295.29M) | Time:00:01.02 | Mem:7.04M, Peak:9.22M | Scene, ViewLayer | Updating Integrator
Fra:61 Mem:205.98M (Peak 295.29M) | Time:00:01.02 | Mem:7.04M, Peak:9.22M | Scene, ViewLayer | Updating Film
Fra:61 Mem:205.98M (Peak 295.29M) | Time:00:01.02 | Mem:7.04M, Peak:9.22M | Scene, ViewLayer | Updating Lookup Tables
Fra:61 Mem:205.98M (Peak 295.29M) | Time:00:01.02 | Mem:7.04M, Peak:9.22M | Scene, ViewLayer | Updating Baking
Fra:61 Mem:205.98M (Peak 295.29M) | Time:00:01.02 | Mem:7.04M, Peak:9.22M | Scene, ViewLayer | Updating Device | Writing constant memory
Fra:61 Mem:205.98M (Peak 295.29M) | Time:00:01.02 | Mem:7.04M, Peak:9.22M | Scene, ViewLayer | Sample 0/24
Fra:61 Mem:205.98M (Peak 295.29M) | Time:00:02.29 | Remaining:00:29.33 | Mem:7.04M, Peak:9.22M | Scene, ViewLayer | Sample 1/24
Fra:61 Mem:205.98M (Peak 295.29M) | Time:00:03.47 | Remaining:00:27.01 | Mem:7.04M, Peak:91.58M | Scene, ViewLayer | Sample 2/24
Fra:61 Mem:205.98M (Peak 295.29M) | Time:00:04.55 | Remaining:00:24.76 | Mem:7.04M, Peak:91.58M | Scene, ViewLayer | Sample 3/24
Fra:61 Mem:241.58M (Peak 295.29M) | Time:00:24.26 | Mem:7.04M, Peak:91.58M | Scene, ViewLayer | Sample 24/24
Fra:61 Mem:241.58M (Peak 295.29M) | Time:00:24.26 | Mem:7.04M, Peak:91.58M | Scene, ViewLayer | Finished
Saved: 'C:\Work\domin8te-build\daysky\out\a\f0061.png'
Time: 00:24.62 (Saving: 00:00.35)

Fra:62 Mem:205.99M (Peak 295.29M) | Time:00:01.32 | Mem:7.04M, Peak:7.04M | Scene, ViewLayer | Synchronizing object | t0
Fra:62 Mem:207.80M (Peak 295.29M) | Time:00:01.32 | Mem:7.04M, Peak:7.04M | Scene, ViewLayer | Synchronizing object | main_vol
Fra:62 Mem:207.71M (Peak 295.29M) | Time:00:01.32 | Mem:7.04M, Peak:7.04M | Scene, ViewLayer | Synchronizing object | far_vol
Fra:62 Mem:207.65M (Peak 295.29M) | Time:00:01.32 | Mem:7.04M, Peak:7.04M | Scene, ViewLayer | Synchronizing object | near_vol
Fra:62 Mem:205.81M (Peak 295.29M) | Time:00:01.32 | Mem:7.04M, Peak:7.04M | Scene, ViewLayer | Initializing
Fra:62 Mem:205.80M (Peak 295.29M) | Time:00:01.32 | Mem:7.04M, Peak:7.04M | Scene, ViewLayer | Waiting for render to start
Fra:62 Mem:205.80M (Peak 295.29M) | Time:00:01.32 | Mem:7.04M, Peak:7.04M | Scene, ViewLayer | Updating Scene
Fra:62 Mem:205.80M (Peak 295.29M) | Time:00:01.32 | Mem:7.04M, Peak:7.04M | Scene, ViewLayer | Updating Shaders
Fra:62 Mem:205.80M (Peak 295.29M) | Time:00:01.32 | Mem:7.04M, Peak:7.04M | Scene, ViewLayer | Updating Background
Fra:62 Mem:205.80M (Peak 295.29M) | Time:00:01.32 | Mem:7.04M, Peak:7.04M | Scene, ViewLayer | Updating Camera
Fra:62 Mem:205.80M (Peak 295.29M) | Time:00:01.32 | Mem:7.04M, Peak:7.04M | Scene, ViewLayer | Updating Meshes Flags
Fra:62 Mem:205.80M (Peak 295.29M) | Time:00:01.32 | Mem:7.04M, Peak:7.04M | Scene, ViewLayer | Updating Meshes Volume Bounds
Fra:62 Mem:205.80M (Peak 295.29M) | Time:00:01.32 | Mem:7.04M, Peak:7.04M | Scene, ViewLayer | Updating Volume Images
Fra:62 Mem:205.80M (Peak 295.29M) | Time:00:01.32 | Mem:7.04M, Peak:7.04M | Scene, ViewLayer | Updating Mesh | Computing Volume Mesh main_vol
Fra:62 Mem:205.87M (Peak 295.29M) | Time:00:01.36 | Mem:7.04M, Peak:7.04M | Scene, ViewLayer | Updating Mesh | Computing Volume Mesh far_vol
Fra:62 Mem:205.92M (Peak 295.29M) | Time:00:01.37 | Mem:7.04M, Peak:7.04M | Scene, ViewLayer | Updating Mesh | Computing Volume Mesh near_vol
Fra:62 Mem:205.94M (Peak 295.29M) | Time:00:01.38 | Mem:7.04M, Peak:7.04M | Scene, ViewLayer | Updating Objects
Fra:62 Mem:205.94M (Peak 295.29M) | Time:00:01.38 | Mem:7.04M, Peak:7.04M | Scene, ViewLayer | Updating Objects | Copying Transformations to device
Fra:62 Mem:205.94M (Peak 295.29M) | Time:00:01.38 | Mem:7.04M, Peak:7.04M | Scene, ViewLayer | Updating Particle Systems
Fra:62 Mem:205.94M (Peak 295.29M) | Time:00:01.38 | Mem:7.04M, Peak:7.04M | Scene, ViewLayer | Updating Meshes
Fra:62 Mem:204.34M (Peak 295.29M) | Time:00:01.38 | Mem:5.40M, Peak:7.04M | Scene, ViewLayer | Updating Objects | Applying Static Transformations
Fra:62 Mem:204.34M (Peak 295.29M) | Time:00:01.38 | Mem:5.40M, Peak:7.04M | Scene, ViewLayer | Updating Mesh | Computing attributes
Fra:62 Mem:204.63M (Peak 295.29M) | Time:00:01.38 | Mem:5.40M, Peak:7.04M | Scene, ViewLayer | Updating Mesh | Copying Attributes to device
Fra:62 Mem:204.63M (Peak 295.29M) | Time:00:01.38 | Mem:5.69M, Peak:7.04M | Scene, ViewLayer | Updating Geometry BVH t0 5/4 | Building BVH
Fra:62 Mem:204.63M (Peak 295.29M) | Time:00:01.38 | Mem:5.69M, Peak:7.04M | Scene, ViewLayer | Updating Geometry BVH main_vol 2/4 | Building BVH
Fra:62 Mem:204.63M (Peak 295.29M) | Time:00:01.38 | Mem:5.69M, Peak:7.04M | Scene, ViewLayer | Updating Geometry BVH main_vol 2/4 | Building OptiX acceleration structure
Fra:62 Mem:205.54M (Peak 295.29M) | Time:00:01.38 | Mem:5.69M, Peak:7.04M | Scene, ViewLayer | Updating Geometry BVH far_vol 3/4 | Building BVH
Fra:62 Mem:205.54M (Peak 295.29M) | Time:00:01.38 | Mem:5.69M, Peak:7.04M | Scene, ViewLayer | Updating Geometry BVH far_vol 3/4 | Building OptiX acceleration structure
Fra:62 Mem:205.57M (Peak 295.29M) | Time:00:01.38 | Mem:5.69M, Peak:7.04M | Scene, ViewLayer | Updating Geometry BVH near_vol 4/4 | Building BVH
Fra:62 Mem:205.57M (Peak 295.29M) | Time:00:01.38 | Mem:5.69M, Peak:7.04M | Scene, ViewLayer | Updating Geometry BVH near_vol 4/4 | Building OptiX acceleration structure
Fra:62 Mem:204.63M (Peak 295.29M) | Time:00:01.39 | Mem:5.69M, Peak:7.04M | Scene, ViewLayer | Updating Scene BVH | Building
Fra:62 Mem:204.63M (Peak 295.29M) | Time:00:01.39 | Mem:5.69M, Peak:7.04M | Scene, ViewLayer | Updating Scene BVH | Building OptiX acceleration structure
Fra:62 Mem:204.63M (Peak 295.29M) | Time:00:01.39 | Mem:5.69M, Peak:7.04M | Scene, ViewLayer | Updating Scene BVH | Building BVH
Fra:62 Mem:204.63M (Peak 295.29M) | Time:00:01.39 | Mem:5.69M, Peak:7.04M | Scene, ViewLayer | Updating Scene BVH | Building BVH 0%
Fra:62 Mem:204.63M (Peak 295.29M) | Time:00:01.40 | Mem:5.69M, Peak:7.04M | Scene, ViewLayer | Updating Scene BVH | Copying BVH to device
Fra:62 Mem:204.63M (Peak 295.29M) | Time:00:01.40 | Mem:5.69M, Peak:7.04M | Scene, ViewLayer | Updating Mesh | Computing normals
Fra:62 Mem:205.98M (Peak 295.29M) | Time:00:01.40 | Mem:5.69M, Peak:7.04M | Scene, ViewLayer | Updating Mesh | Copying Mesh to device
Fra:62 Mem:205.98M (Peak 295.29M) | Time:00:01.40 | Mem:7.04M, Peak:7.04M | Scene, ViewLayer | Updating Objects Flags
Fra:62 Mem:205.98M (Peak 295.29M) | Time:00:01.48 | Mem:7.04M, Peak:7.04M | Scene, ViewLayer | Updating Primitive Offsets
Fra:62 Mem:205.98M (Peak 295.29M) | Time:00:01.48 | Mem:7.04M, Peak:7.04M | Scene, ViewLayer | Updating Images
Fra:62 Mem:200.67M (Peak 295.29M) | Time:00:01.49 | Mem:1.73M, Peak:7.04M | Scene, ViewLayer | Updating Images | Loading density
Fra:62 Mem:205.98M (Peak 295.29M) | Time:00:01.50 | Mem:7.04M, Peak:7.04M | Scene, ViewLayer | Updating Camera Volume
Fra:62 Mem:205.98M (Peak 295.29M) | Time:00:01.50 | Mem:7.04M, Peak:7.04M | Scene, ViewLayer | Updating Lookup Tables
Fra:62 Mem:205.98M (Peak 295.29M) | Time:00:01.50 | Mem:7.04M, Peak:7.04M | Scene, ViewLayer | Updating Lights
Fra:62 Mem:205.98M (Peak 295.29M) | Time:00:01.50 | Mem:7.04M, Peak:7.04M | Scene, ViewLayer | Updating Lights | Computing tree
Fra:62 Mem:205.98M (Peak 295.29M) | Time:00:01.50 | Mem:7.04M, Peak:7.04M | Scene, ViewLayer | Updating Integrator
Fra:62 Mem:205.98M (Peak 295.29M) | Time:00:01.50 | Mem:7.04M, Peak:7.04M | Scene, ViewLayer | Updating Film
Fra:62 Mem:205.98M (Peak 295.29M) | Time:00:01.50 | Mem:7.04M, Peak:7.04M | Scene, ViewLayer | Updating Lookup Tables
Fra:62 Mem:205.98M (Peak 295.29M) | Time:00:01.50 | Mem:7.04M, Peak:7.04M | Scene, ViewLayer | Updating Baking
Fra:62 Mem:205.98M (Peak 295.29M) | Time:00:01.50 | Mem:7.04M, Peak:7.04M | Scene, ViewLayer | Updating Device | Writing constant memory
Fra:62 Mem:205.98M (Peak 295.29M) | Time:00:01.50 | Mem:7.04M, Peak:7.04M | Scene, ViewLayer | Sample 0/24
Fra:62 Mem:205.98M (Peak 295.29M) | Time:00:02.69 | Remaining:00:27.48 | Mem:7.04M, Peak:7.04M | Scene, ViewLayer | Sample 1/24
Fra:62 Mem:205.98M (Peak 295.29M) | Time:00:04.04 | Remaining:00:28.00 | Mem:7.04M, Peak:91.58M | Scene, ViewLayer | Sample 2/24
Fra:62 Mem:205.98M (Peak 295.29M) | Time:00:05.27 | Remaining:00:26.39 | Mem:7.04M, Peak:91.58M | Scene, ViewLayer | Sample 3/24
Fra:62 Mem:205.98M (Peak 295.29M) | Time:00:06.32 | Remaining:00:24.12 | Mem:7.04M, Peak:91.58M | Scene, ViewLayer | Sample 4/24
Fra:62 Mem:241.58M (Peak 295.29M) | Time:00:24.98 | Mem:7.04M, Peak:91.58M | Scene, ViewLayer | Sample 24/24
Fra:62 Mem:241.58M (Peak 295.29M) | Time:00:24.98 | Mem:7.04M, Peak:91.58M | Scene, ViewLayer | Finished
Saved: 'C:\Work\domin8te-build\daysky\out\a\f0062.png'
Time: 00:25.45 (Saving: 00:00.46)

Fra:63 Mem:205.99M (Peak 295.29M) | Time:00:01.26 | Mem:7.04M, Peak:7.04M | Scene, ViewLayer | Synchronizing object | t0
Fra:63 Mem:205.99M (Peak 295.29M) | Time:00:01.26 | Mem:7.04M, Peak:7.04M | Scene, ViewLayer | Synchronizing object | main_vol
Fra:63 Mem:206.95M (Peak 295.29M) | Time:00:01.26 | Mem:7.04M, Peak:7.04M | Scene, ViewLayer | Synchronizing object | far_vol
Fra:63 Mem:206.89M (Peak 295.29M) | Time:00:01.26 | Mem:7.04M, Peak:7.04M | Scene, ViewLayer | Synchronizing object | near_vol
Fra:63 Mem:205.81M (Peak 295.29M) | Time:00:01.26 | Mem:7.04M, Peak:7.04M | Scene, ViewLayer | Initializing
Fra:63 Mem:205.80M (Peak 295.29M) | Time:00:01.26 | Mem:7.04M, Peak:7.04M | Scene, ViewLayer | Waiting for render to start
Fra:63 Mem:205.80M (Peak 295.29M) | Time:00:01.26 | Mem:7.04M, Peak:7.04M | Scene, ViewLayer | Updating Scene
Fra:63 Mem:205.80M (Peak 295.29M) | Time:00:01.26 | Mem:7.04M, Peak:7.04M | Scene, ViewLayer | Updating Shaders
Fra:63 Mem:205.80M (Peak 295.29M) | Time:00:01.27 | Mem:7.04M, Peak:7.04M | Scene, ViewLayer | Updating Background
Fra:63 Mem:205.80M (Peak 295.29M) | Time:00:01.27 | Mem:7.04M, Peak:7.04M | Scene, ViewLayer | Updating Camera
Fra:63 Mem:205.80M (Peak 295.29M) | Time:00:01.27 | Mem:7.04M, Peak:7.04M | Scene, ViewLayer | Updating Meshes Flags
Fra:63 Mem:205.80M (Peak 295.29M) | Time:00:01.27 | Mem:7.04M, Peak:7.04M | Scene, ViewLayer | Updating Meshes Volume Bounds
Fra:63 Mem:205.80M (Peak 295.29M) | Time:00:01.27 | Mem:7.04M, Peak:7.04M | Scene, ViewLayer | Updating Volume Images
Fra:63 Mem:205.80M (Peak 295.29M) | Time:00:01.27 | Mem:7.04M, Peak:7.04M | Scene, ViewLayer | Updating Mesh | Computing Volume Mesh main_vol
Fra:63 Mem:205.87M (Peak 295.29M) | Time:00:01.31 | Mem:7.04M, Peak:7.04M | Scene, ViewLayer | Updating Mesh | Computing Volume Mesh far_vol
Fra:63 Mem:205.92M (Peak 295.29M) | Time:00:01.33 | Mem:7.04M, Peak:7.04M | Scene, ViewLayer | Updating Mesh | Computing Volume Mesh near_vol
Fra:63 Mem:205.94M (Peak 295.29M) | Time:00:01.33 | Mem:7.04M, Peak:7.04M | Scene, ViewLayer | Updating Objects
Fra:63 Mem:205.94M (Peak 295.29M) | Time:00:01.33 | Mem:7.04M, Peak:7.04M | Scene, ViewLayer | Updating Objects | Copying Transformations to device
Fra:63 Mem:205.94M (Peak 295.29M) | Time:00:01.34 | Mem:7.04M, Peak:7.04M | Scene, ViewLayer | Updating Particle Systems
Fra:63 Mem:205.94M (Peak 295.29M) | Time:00:01.34 | Mem:7.04M, Peak:7.04M | Scene, ViewLayer | Updating Meshes
Fra:63 Mem:204.34M (Peak 295.29M) | Time:00:01.34 | Mem:5.40M, Peak:7.04M | Scene, ViewLayer | Updating Objects | Applying Static Transformations
Fra:63 Mem:204.34M (Peak 295.29M) | Time:00:01.34 | Mem:5.40M, Peak:7.04M | Scene, ViewLayer | Updating Mesh | Computing attributes
Fra:63 Mem:204.63M (Peak 295.29M) | Time:00:01.34 | Mem:5.40M, Peak:7.04M | Scene, ViewLayer | Updating Mesh | Copying Attributes to device
Fra:63 Mem:204.63M (Peak 295.29M) | Time:00:01.34 | Mem:5.69M, Peak:7.04M | Scene, ViewLayer | Updating Geometry BVH main_vol 2/4 | Building BVH
Fra:63 Mem:204.63M (Peak 295.29M) | Time:00:01.34 | Mem:5.69M, Peak:7.04M | Scene, ViewLayer | Updating Geometry BVH t0 5/4 | Building BVH
Fra:63 Mem:204.63M (Peak 295.29M) | Time:00:01.34 | Mem:5.69M, Peak:7.04M | Scene, ViewLayer | Updating Geometry BVH t0 5/4 | Building OptiX acceleration structure
Fra:63 Mem:204.63M (Peak 295.29M) | Time:00:01.35 | Mem:5.69M, Peak:7.04M | Scene, ViewLayer | Updating Scene BVH | Building
Fra:63 Mem:204.63M (Peak 295.29M) | Time:00:01.35 | Mem:5.69M, Peak:7.04M | Scene, ViewLayer | Updating Scene BVH | Building OptiX acceleration structure
Fra:63 Mem:204.63M (Peak 295.29M) | Time:00:01.35 | Mem:5.69M, Peak:7.04M | Scene, ViewLayer | Updating Scene BVH | Building BVH
Fra:63 Mem:204.63M (Peak 295.29M) | Time:00:01.35 | Mem:5.69M, Peak:7.04M | Scene, ViewLayer | Updating Scene BVH | Building BVH 0%
Fra:63 Mem:204.63M (Peak 295.29M) | Time:00:01.37 | Mem:5.69M, Peak:7.04M | Scene, ViewLayer | Updating Scene BVH | Copying BVH to device
Fra:63 Mem:204.63M (Peak 295.29M) | Time:00:01.37 | Mem:5.69M, Peak:7.04M | Scene, ViewLayer | Updating Mesh | Computing normals
Fra:63 Mem:205.98M (Peak 295.29M) | Time:00:01.37 | Mem:5.69M, Peak:7.04M | Scene, ViewLayer | Updating Mesh | Copying Mesh to device
Fra:63 Mem:205.98M (Peak 295.29M) | Time:00:01.37 | Mem:7.04M, Peak:7.04M | Scene, ViewLayer | Updating Objects Flags
Fra:63 Mem:205.98M (Peak 295.29M) | Time:00:01.45 | Mem:7.04M, Peak:7.04M | Scene, ViewLayer | Updating Primitive Offsets
Fra:63 Mem:205.98M (Peak 295.29M) | Time:00:01.45 | Mem:7.04M, Peak:7.04M | Scene, ViewLayer | Updating Images
Fra:63 Mem:202.85M (Peak 295.29M) | Time:00:01.46 | Mem:7.04M, Peak:7.04M | Scene, ViewLayer | Updating Images | Loading density
Fra:63 Mem:205.98M (Peak 295.29M) | Time:00:01.46 | Mem:7.04M, Peak:7.83M | Scene, ViewLayer | Updating Camera Volume
Fra:63 Mem:205.98M (Peak 295.29M) | Time:00:01.46 | Mem:7.04M, Peak:7.83M | Scene, ViewLayer | Updating Lookup Tables
Fra:63 Mem:205.98M (Peak 295.29M) | Time:00:01.46 | Mem:7.04M, Peak:7.83M | Scene, ViewLayer | Updating Lights
Fra:63 Mem:205.98M (Peak 295.29M) | Time:00:01.46 | Mem:7.04M, Peak:7.83M | Scene, ViewLayer | Updating Lights | Computing tree
Fra:63 Mem:205.98M (Peak 295.29M) | Time:00:01.46 | Mem:7.04M, Peak:7.83M | Scene, ViewLayer | Updating Integrator
Fra:63 Mem:205.98M (Peak 295.29M) | Time:00:01.46 | Mem:7.04M, Peak:7.83M | Scene, ViewLayer | Updating Film
Fra:63 Mem:205.98M (Peak 295.29M) | Time:00:01.46 | Mem:7.04M, Peak:7.83M | Scene, ViewLayer | Updating Lookup Tables
Fra:63 Mem:205.98M (Peak 295.29M) | Time:00:01.46 | Mem:7.04M, Peak:7.83M | Scene, ViewLayer | Updating Baking
Fra:63 Mem:205.98M (Peak 295.29M) | Time:00:01.46 | Mem:7.04M, Peak:7.83M | Scene, ViewLayer | Updating Device | Writing constant memory
Fra:63 Mem:205.98M (Peak 295.29M) | Time:00:01.46 | Mem:7.04M, Peak:7.83M | Scene, ViewLayer | Sample 0/24
Fra:63 Mem:205.98M (Peak 295.29M) | Time:00:02.66 | Remaining:00:27.60 | Mem:7.04M, Peak:7.83M | Scene, ViewLayer | Sample 1/24
Fra:63 Mem:205.98M (Peak 295.29M) | Time:00:03.88 | Remaining:00:26.55 | Mem:7.04M, Peak:91.58M | Scene, ViewLayer | Sample 2/24
Fra:63 Mem:205.98M (Peak 295.29M) | Time:00:05.11 | Remaining:00:25.50 | Mem:7.04M, Peak:91.58M | Scene, ViewLayer | Sample 3/24
Fra:63 Mem:241.58M (Peak 295.29M) | Time:00:26.55 | Mem:7.04M, Peak:91.58M | Scene, ViewLayer | Sample 24/24
Fra:63 Mem:241.58M (Peak 295.29M) | Time:00:26.55 | Mem:7.04M, Peak:91.58M | Scene, ViewLayer | Finished
Saved: 'C:\Work\domin8te-build\daysky\out\a\f0063.png'
Time: 00:26.93 (Saving: 00:00.37)

Fra:64 Mem:205.99M (Peak 295.29M) | Time:00:01.32 | Mem:7.04M, Peak:7.04M | Scene, ViewLayer | Synchronizing object | main_vol
Fra:64 Mem:205.90M (Peak 295.29M) | Time:00:01.33 | Mem:7.04M, Peak:7.04M | Scene, ViewLayer | Synchronizing object | far_vol
Fra:64 Mem:205.84M (Peak 295.29M) | Time:00:01.33 | Mem:7.04M, Peak:7.04M | Scene, ViewLayer | Synchronizing object | near_vol
Fra:64 Mem:205.81M (Peak 295.29M) | Time:00:01.33 | Mem:7.04M, Peak:7.04M | Scene, ViewLayer | Initializing
Fra:64 Mem:205.80M (Peak 295.29M) | Time:00:01.33 | Mem:7.04M, Peak:7.04M | Scene, ViewLayer | Waiting for render to start
Fra:64 Mem:205.80M (Peak 295.29M) | Time:00:01.33 | Mem:7.04M, Peak:7.04M | Scene, ViewLayer | Updating Scene
Fra:64 Mem:205.80M (Peak 295.29M) | Time:00:01.33 | Mem:7.04M, Peak:7.04M | Scene, ViewLayer | Updating Shaders
Fra:64 Mem:205.80M (Peak 295.29M) | Time:00:01.33 | Mem:7.04M, Peak:7.04M | Scene, ViewLayer | Updating Background
Fra:64 Mem:205.80M (Peak 295.29M) | Time:00:01.33 | Mem:7.04M, Peak:7.04M | Scene, ViewLayer | Updating Camera
Fra:64 Mem:205.80M (Peak 295.29M) | Time:00:01.33 | Mem:7.04M, Peak:7.04M | Scene, ViewLayer | Updating Meshes Flags
Fra:64 Mem:205.80M (Peak 295.29M) | Time:00:01.33 | Mem:7.04M, Peak:7.04M | Scene, ViewLayer | Updating Meshes Volume Bounds
Fra:64 Mem:205.80M (Peak 295.29M) | Time:00:01.33 | Mem:7.04M, Peak:7.04M | Scene, ViewLayer | Updating Volume Images
Fra:64 Mem:205.80M (Peak 295.29M) | Time:00:01.33 | Mem:7.04M, Peak:7.04M | Scene, ViewLayer | Updating Mesh | Computing Volume Mesh main_vol
Fra:64 Mem:205.87M (Peak 295.29M) | Time:00:01.36 | Mem:7.04M, Peak:7.04M | Scene, ViewLayer | Updating Mesh | Computing Volume Mesh far_vol
Fra:64 Mem:205.92M (Peak 295.29M) | Time:00:01.37 | Mem:7.04M, Peak:7.04M | Scene, ViewLayer | Updating Mesh | Computing Volume Mesh near_vol
Fra:64 Mem:205.94M (Peak 295.29M) | Time:00:01.38 | Mem:7.04M, Peak:7.04M | Scene, ViewLayer | Updating Objects
Fra:64 Mem:205.94M (Peak 295.29M) | Time:00:01.38 | Mem:7.04M, Peak:7.04M | Scene, ViewLayer | Updating Objects | Copying Transformations to device
Fra:64 Mem:205.94M (Peak 295.29M) | Time:00:01.38 | Mem:7.04M, Peak:7.04M | Scene, ViewLayer | Updating Particle Systems
Fra:64 Mem:205.94M (Peak 295.29M) | Time:00:01.38 | Mem:7.04M, Peak:7.04M | Scene, ViewLayer | Updating Meshes
Fra:64 Mem:204.34M (Peak 295.29M) | Time:00:01.38 | Mem:5.40M, Peak:7.04M | Scene, ViewLayer | Updating Objects | Applying Static Transformations
Fra:64 Mem:204.34M (Peak 295.29M) | Time:00:01.38 | Mem:5.40M, Peak:7.04M | Scene, ViewLayer | Updating Mesh | Computing attributes
Fra:64 Mem:204.63M (Peak 295.29M) | Time:00:01.38 | Mem:5.40M, Peak:7.04M | Scene, ViewLayer | Updating Mesh | Copying Attributes to device
Fra:64 Mem:204.63M (Peak 295.29M) | Time:00:01.38 | Mem:5.69M, Peak:7.04M | Scene, ViewLayer | Updating Geometry BVH t0 5/4 | Building BVH
Fra:64 Mem:204.63M (Peak 295.29M) | Time:00:01.38 | Mem:5.69M, Peak:7.04M | Scene, ViewLayer | Updating Geometry BVH t0 5/4 | Building OptiX acceleration structure
Fra:64 Mem:205.48M (Peak 295.29M) | Time:00:01.38 | Mem:5.69M, Peak:7.04M | Scene, ViewLayer | Updating Geometry BVH main_vol 2/4 | Building BVH
Fra:64 Mem:205.48M (Peak 295.29M) | Time:00:01.38 | Mem:5.69M, Peak:7.04M | Scene, ViewLayer | Updating Geometry BVH main_vol 2/4 | Building OptiX acceleration structure
Fra:64 Mem:205.54M (Peak 295.29M) | Time:00:01.38 | Mem:5.69M, Peak:7.04M | Scene, ViewLayer | Updating Geometry BVH far_vol 3/4 | Building BVH
Fra:64 Mem:205.54M (Peak 295.29M) | Time:00:01.39 | Mem:5.69M, Peak:7.04M | Scene, ViewLayer | Updating Geometry BVH near_vol 4/4 | Building BVH
Fra:64 Mem:205.54M (Peak 295.29M) | Time:00:01.39 | Mem:5.69M, Peak:7.04M | Scene, ViewLayer | Updating Geometry BVH near_vol 4/4 | Building OptiX acceleration structure
Fra:64 Mem:204.63M (Peak 295.29M) | Time:00:01.39 | Mem:5.69M, Peak:7.04M | Scene, ViewLayer | Updating Scene BVH | Building
Fra:64 Mem:204.63M (Peak 295.29M) | Time:00:01.39 | Mem:5.69M, Peak:7.04M | Scene, ViewLayer | Updating Scene BVH | Building OptiX acceleration structure
Fra:64 Mem:204.63M (Peak 295.29M) | Time:00:01.39 | Mem:5.69M, Peak:7.04M | Scene, ViewLayer | Updating Scene BVH | Building BVH
Fra:64 Mem:204.63M (Peak 295.29M) | Time:00:01.39 | Mem:5.69M, Peak:7.04M | Scene, ViewLayer | Updating Scene BVH | Building BVH 0%
Fra:64 Mem:204.63M (Peak 295.29M) | Time:00:01.40 | Mem:5.69M, Peak:7.04M | Scene, ViewLayer | Updating Scene BVH | Copying BVH to device
Fra:64 Mem:204.63M (Peak 295.29M) | Time:00:01.40 | Mem:5.69M, Peak:7.04M | Scene, ViewLayer | Updating Mesh | Computing normals
Fra:64 Mem:205.98M (Peak 295.29M) | Time:00:01.41 | Mem:5.69M, Peak:7.04M | Scene, ViewLayer | Updating Mesh | Copying Mesh to device
Fra:64 Mem:205.98M (Peak 295.29M) | Time:00:01.41 | Mem:7.04M, Peak:7.04M | Scene, ViewLayer | Updating Objects Flags
Fra:64 Mem:205.98M (Peak 295.29M) | Time:00:01.49 | Mem:7.04M, Peak:7.04M | Scene, ViewLayer | Updating Primitive Offsets
Fra:64 Mem:205.98M (Peak 295.29M) | Time:00:01.49 | Mem:7.04M, Peak:7.04M | Scene, ViewLayer | Updating Images
Fra:64 Mem:200.67M (Peak 295.29M) | Time:00:01.49 | Mem:1.73M, Peak:7.04M | Scene, ViewLayer | Updating Images | Loading density
Fra:64 Mem:205.98M (Peak 295.29M) | Time:00:01.49 | Mem:7.04M, Peak:7.04M | Scene, ViewLayer | Updating Camera Volume
Fra:64 Mem:205.98M (Peak 295.29M) | Time:00:01.49 | Mem:7.04M, Peak:7.04M | Scene, ViewLayer | Updating Lookup Tables
Fra:64 Mem:205.98M (Peak 295.29M) | Time:00:01.49 | Mem:7.04M, Peak:7.04M | Scene, ViewLayer | Updating Lights
Fra:64 Mem:205.98M (Peak 295.29M) | Time:00:01.49 | Mem:7.04M, Peak:7.04M | Scene, ViewLayer | Updating Lights | Computing tree
Fra:64 Mem:205.98M (Peak 295.29M) | Time:00:01.50 | Mem:7.04M, Peak:7.04M | Scene, ViewLayer | Updating Integrator
Fra:64 Mem:205.98M (Peak 295.29M) | Time:00:01.50 | Mem:7.04M, Peak:7.04M | Scene, ViewLayer | Updating Film
Fra:64 Mem:205.98M (Peak 295.29M) | Time:00:01.50 | Mem:7.04M, Peak:7.04M | Scene, ViewLayer | Updating Lookup Tables
Fra:64 Mem:205.98M (Peak 295.29M) | Time:00:01.50 | Mem:7.04M, Peak:7.04M | Scene, ViewLayer | Updating Baking
Fra:64 Mem:205.98M (Peak 295.29M) | Time:00:01.50 | Mem:7.04M, Peak:7.04M | Scene, ViewLayer | Updating Device | Writing constant memory
Fra:64 Mem:205.98M (Peak 295.29M) | Time:00:01.50 | Mem:7.04M, Peak:7.04M | Scene, ViewLayer | Sample 0/24
Fra:64 Mem:205.98M (Peak 295.29M) | Time:00:02.62 | Remaining:00:25.88 | Mem:7.04M, Peak:7.04M | Scene, ViewLayer | Sample 1/24
Fra:64 Mem:205.98M (Peak 295.29M) | Time:00:03.73 | Remaining:00:24.51 | Mem:7.04M, Peak:7.04M | Scene, ViewLayer | Sample 2/24
Fra:64 Mem:241.58M (Peak 295.29M) | Time:00:25.37 | Mem:7.04M, Peak:7.04M | Scene, ViewLayer | Sample 24/24
Fra:64 Mem:241.58M (Peak 295.29M) | Time:00:25.37 | Mem:7.04M, Peak:7.04M | Scene, ViewLayer | Finished
Saved: 'C:\Work\domin8te-build\daysky\out\a\f0064.png'
Time: 00:25.84 (Saving: 00:00.47)

Fra:65 Mem:205.99M (Peak 295.29M) | Time:00:01.15 | Mem:7.04M, Peak:7.04M | Scene, ViewLayer | Synchronizing object | main_vol
Fra:65 Mem:205.90M (Peak 295.29M) | Time:00:01.15 | Mem:7.04M, Peak:7.04M | Scene, ViewLayer | Synchronizing object | t0
Fra:65 Mem:205.81M (Peak 295.29M) | Time:00:01.15 | Mem:7.04M, Peak:7.04M | Scene, ViewLayer | Initializing
Fra:65 Mem:205.80M (Peak 295.29M) | Time:00:01.15 | Mem:7.04M, Peak:7.04M | Scene, ViewLayer | Waiting for render to start
Fra:65 Mem:205.80M (Peak 295.29M) | Time:00:01.15 | Mem:7.04M, Peak:7.04M | Scene, ViewLayer | Updating Scene
Fra:65 Mem:205.80M (Peak 295.29M) | Time:00:01.15 | Mem:7.04M, Peak:7.04M | Scene, ViewLayer | Updating Shaders
Fra:65 Mem:205.80M (Peak 295.29M) | Time:00:01.15 | Mem:7.04M, Peak:7.04M | Scene, ViewLayer | Updating Background
Fra:65 Mem:205.80M (Peak 295.29M) | Time:00:01.15 | Mem:7.04M, Peak:7.04M | Scene, ViewLayer | Updating Camera
Fra:65 Mem:205.80M (Peak 295.29M) | Time:00:01.15 | Mem:7.04M, Peak:7.04M | Scene, ViewLayer | Updating Meshes Flags
Fra:65 Mem:205.80M (Peak 295.29M) | Time:00:01.15 | Mem:7.04M, Peak:7.04M | Scene, ViewLayer | Updating Meshes Volume Bounds
Fra:65 Mem:205.80M (Peak 295.29M) | Time:00:01.15 | Mem:7.04M, Peak:7.04M | Scene, ViewLayer | Updating Volume Images
Fra:65 Mem:205.80M (Peak 295.29M) | Time:00:01.15 | Mem:7.04M, Peak:7.04M | Scene, ViewLayer | Updating Mesh | Computing Volume Mesh main_vol
Fra:65 Mem:205.87M (Peak 295.29M) | Time:00:01.17 | Mem:7.04M, Peak:7.04M | Scene, ViewLayer | Updating Mesh | Computing Volume Mesh far_vol
Fra:65 Mem:205.92M (Peak 295.29M) | Time:00:01.18 | Mem:7.04M, Peak:7.04M | Scene, ViewLayer | Updating Mesh | Computing Volume Mesh near_vol
Fra:65 Mem:205.94M (Peak 295.29M) | Time:00:01.18 | Mem:7.04M, Peak:7.04M | Scene, ViewLayer | Updating Objects
Fra:65 Mem:205.94M (Peak 295.29M) | Time:00:01.18 | Mem:7.04M, Peak:7.04M | Scene, ViewLayer | Updating Objects | Copying Transformations to device
Fra:65 Mem:205.94M (Peak 295.29M) | Time:00:01.19 | Mem:7.04M, Peak:7.04M | Scene, ViewLayer | Updating Particle Systems
Fra:65 Mem:205.94M (Peak 295.29M) | Time:00:01.19 | Mem:7.04M, Peak:7.04M | Scene, ViewLayer | Updating Meshes
Fra:65 Mem:204.34M (Peak 295.29M) | Time:00:01.19 | Mem:5.40M, Peak:7.04M | Scene, ViewLayer | Updating Objects | Applying Static Transformations
Fra:65 Mem:204.34M (Peak 295.29M) | Time:00:01.19 | Mem:5.40M, Peak:7.04M | Scene, ViewLayer | Updating Mesh | Computing attributes
Fra:65 Mem:204.63M (Peak 295.29M) | Time:00:01.19 | Mem:5.40M, Peak:7.04M | Scene, ViewLayer | Updating Mesh | Copying Attributes to device
Fra:65 Mem:204.63M (Peak 295.29M) | Time:00:01.19 | Mem:5.69M, Peak:7.04M | Scene, ViewLayer | Updating Geometry BVH main_vol 2/4 | Building BVH
Fra:65 Mem:204.63M (Peak 295.29M) | Time:00:01.19 | Mem:5.69M, Peak:7.04M | Scene, ViewLayer | Updating Geometry BVH near_vol 4/4 | Building BVH
Fra:65 Mem:204.63M (Peak 295.29M) | Time:00:01.19 | Mem:5.69M, Peak:7.04M | Scene, ViewLayer | Updating Geometry BVH t0 5/4 | Building OptiX acceleration structure
Fra:65 Mem:204.63M (Peak 295.29M) | Time:00:01.20 | Mem:5.69M, Peak:7.04M | Scene, ViewLayer | Updating Scene BVH | Building
Fra:65 Mem:204.63M (Peak 295.29M) | Time:00:01.20 | Mem:5.69M, Peak:7.04M | Scene, ViewLayer | Updating Scene BVH | Building OptiX acceleration structure
Fra:65 Mem:204.63M (Peak 295.29M) | Time:00:01.20 | Mem:5.69M, Peak:7.04M | Scene, ViewLayer | Updating Scene BVH | Building BVH
Fra:65 Mem:204.63M (Peak 295.29M) | Time:00:01.20 | Mem:5.69M, Peak:7.04M | Scene, ViewLayer | Updating Scene BVH | Building BVH 0%
Fra:65 Mem:204.63M (Peak 295.29M) | Time:00:01.20 | Mem:5.69M, Peak:7.04M | Scene, ViewLayer | Updating Scene BVH | Copying BVH to device
Fra:65 Mem:204.63M (Peak 295.29M) | Time:00:01.20 | Mem:5.69M, Peak:7.04M | Scene, ViewLayer | Updating Mesh | Computing normals
Fra:65 Mem:205.98M (Peak 295.29M) | Time:00:01.20 | Mem:5.69M, Peak:7.04M | Scene, ViewLayer | Updating Mesh | Copying Mesh to device
Fra:65 Mem:205.98M (Peak 295.29M) | Time:00:01.20 | Mem:7.04M, Peak:7.04M | Scene, ViewLayer | Updating Objects Flags
Fra:65 Mem:205.98M (Peak 295.29M) | Time:00:01.23 | Mem:7.04M, Peak:7.04M | Scene, ViewLayer | Updating Primitive Offsets
Fra:65 Mem:205.98M (Peak 295.29M) | Time:00:01.23 | Mem:7.04M, Peak:7.04M | Scene, ViewLayer | Updating Images
Fra:65 Mem:202.85M (Peak 295.29M) | Time:00:01.23 | Mem:7.04M, Peak:7.04M | Scene, ViewLayer | Updating Images | Loading density
Fra:65 Mem:205.98M (Peak 295.29M) | Time:00:01.24 | Mem:7.04M, Peak:9.22M | Scene, ViewLayer | Updating Camera Volume
Fra:65 Mem:205.98M (Peak 295.29M) | Time:00:01.24 | Mem:7.04M, Peak:9.22M | Scene, ViewLayer | Updating Lookup Tables
Fra:65 Mem:205.98M (Peak 295.29M) | Time:00:01.24 | Mem:7.04M, Peak:9.22M | Scene, ViewLayer | Updating Lights
Fra:65 Mem:205.98M (Peak 295.29M) | Time:00:01.24 | Mem:7.04M, Peak:9.22M | Scene, ViewLayer | Updating Lights | Computing tree
Fra:65 Mem:205.98M (Peak 295.29M) | Time:00:01.24 | Mem:7.04M, Peak:9.22M | Scene, ViewLayer | Updating Integrator
Fra:65 Mem:205.98M (Peak 295.29M) | Time:00:01.24 | Mem:7.04M, Peak:9.22M | Scene, ViewLayer | Updating Film
Fra:65 Mem:205.98M (Peak 295.29M) | Time:00:01.24 | Mem:7.04M, Peak:9.22M | Scene, ViewLayer | Updating Lookup Tables
Fra:65 Mem:205.98M (Peak 295.29M) | Time:00:01.24 | Mem:7.04M, Peak:9.22M | Scene, ViewLayer | Updating Baking
Fra:65 Mem:205.98M (Peak 295.29M) | Time:00:01.24 | Mem:7.04M, Peak:9.22M | Scene, ViewLayer | Updating Device | Writing constant memory
Fra:65 Mem:205.98M (Peak 295.29M) | Time:00:01.24 | Mem:7.04M, Peak:9.22M | Scene, ViewLayer | Sample 0/24
Fra:65 Mem:205.98M (Peak 295.29M) | Time:00:02.54 | Remaining:00:29.83 | Mem:7.04M, Peak:9.22M | Scene, ViewLayer | Sample 1/24
Fra:65 Mem:205.98M (Peak 295.29M) | Time:00:03.73 | Remaining:00:27.41 | Mem:7.04M, Peak:9.22M | Scene, ViewLayer | Sample 2/24
Fra:65 Mem:241.58M (Peak 295.29M) | Time:00:25.37 | Mem:7.04M, Peak:9.22M | Scene, ViewLayer | Sample 24/24
Fra:65 Mem:241.58M (Peak 295.29M) | Time:00:25.37 | Mem:7.04M, Peak:9.22M | Scene, ViewLayer | Finished
Saved: 'C:\Work\domin8te-build\daysky\out\a\f0065.png'
Time: 00:25.85 (Saving: 00:00.48)

Fra:66 Mem:205.99M (Peak 295.29M) | Time:00:01.24 | Mem:7.04M, Peak:7.04M | Scene, ViewLayer | Synchronizing object | t0
Fra:66 Mem:205.99M (Peak 295.29M) | Time:00:01.24 | Mem:7.04M, Peak:7.04M | Scene, ViewLayer | Synchronizing object | main_vol
Fra:66 Mem:205.90M (Peak 295.29M) | Time:00:01.24 | Mem:7.04M, Peak:7.04M | Scene, ViewLayer | Synchronizing object | far_vol
Fra:66 Mem:205.84M (Peak 295.29M) | Time:00:01.24 | Mem:7.04M, Peak:7.04M | Scene, ViewLayer | Synchronizing object | near_vol
Fra:66 Mem:205.81M (Peak 295.29M) | Time:00:01.24 | Mem:7.04M, Peak:7.04M | Scene, ViewLayer | Initializing
Fra:66 Mem:205.80M (Peak 295.29M) | Time:00:01.24 | Mem:7.04M, Peak:7.04M | Scene, ViewLayer | Waiting for render to start
Fra:66 Mem:205.80M (Peak 295.29M) | Time:00:01.24 | Mem:7.04M, Peak:7.04M | Scene, ViewLayer | Updating Scene
Fra:66 Mem:205.80M (Peak 295.29M) | Time:00:01.24 | Mem:7.04M, Peak:7.04M | Scene, ViewLayer | Updating Shaders
Fra:66 Mem:205.80M (Peak 295.29M) | Time:00:01.24 | Mem:7.04M, Peak:7.04M | Scene, ViewLayer | Updating Background
Fra:66 Mem:205.80M (Peak 295.29M) | Time:00:01.24 | Mem:7.04M, Peak:7.04M | Scene, ViewLayer | Updating Camera
Fra:66 Mem:205.80M (Peak 295.29M) | Time:00:01.24 | Mem:7.04M, Peak:7.04M | Scene, ViewLayer | Updating Meshes Flags
Fra:66 Mem:205.80M (Peak 295.29M) | Time:00:01.24 | Mem:7.04M, Peak:7.04M | Scene, ViewLayer | Updating Meshes Volume Bounds
Fra:66 Mem:205.80M (Peak 295.29M) | Time:00:01.24 | Mem:7.04M, Peak:7.04M | Scene, ViewLayer | Updating Volume Images
Fra:66 Mem:205.80M (Peak 295.29M) | Time:00:01.24 | Mem:7.04M, Peak:7.04M | Scene, ViewLayer | Updating Mesh | Computing Volume Mesh main_vol
Fra:66 Mem:205.87M (Peak 295.29M) | Time:00:01.28 | Mem:7.04M, Peak:7.04M | Scene, ViewLayer | Updating Mesh | Computing Volume Mesh far_vol
Fra:66 Mem:205.92M (Peak 295.29M) | Time:00:01.30 | Mem:7.04M, Peak:7.04M | Scene, ViewLayer | Updating Mesh | Computing Volume Mesh near_vol
Fra:66 Mem:205.94M (Peak 295.29M) | Time:00:01.31 | Mem:7.04M, Peak:7.04M | Scene, ViewLayer | Updating Objects
Fra:66 Mem:205.94M (Peak 295.29M) | Time:00:01.31 | Mem:7.04M, Peak:7.04M | Scene, ViewLayer | Updating Objects | Copying Transformations to device
Fra:66 Mem:205.94M (Peak 295.29M) | Time:00:01.31 | Mem:7.04M, Peak:7.04M | Scene, ViewLayer | Updating Particle Systems
Fra:66 Mem:205.94M (Peak 295.29M) | Time:00:01.31 | Mem:7.04M, Peak:7.04M | Scene, ViewLayer | Updating Meshes
Fra:66 Mem:204.34M (Peak 295.29M) | Time:00:01.31 | Mem:5.40M, Peak:7.04M | Scene, ViewLayer | Updating Objects | Applying Static Transformations
Fra:66 Mem:204.34M (Peak 295.29M) | Time:00:01.31 | Mem:5.40M, Peak:7.04M | Scene, ViewLayer | Updating Mesh | Computing attributes
Fra:66 Mem:204.63M (Peak 295.29M) | Time:00:01.32 | Mem:5.40M, Peak:7.04M | Scene, ViewLayer | Updating Mesh | Copying Attributes to device
Fra:66 Mem:204.63M (Peak 295.29M) | Time:00:01.32 | Mem:5.69M, Peak:7.04M | Scene, ViewLayer | Updating Geometry BVH t0 5/4 | Building BVH
Fra:66 Mem:204.63M (Peak 295.29M) | Time:00:01.32 | Mem:5.69M, Peak:7.04M | Scene, ViewLayer | Updating Geometry BVH t0 5/4 | Building OptiX acceleration structure
Fra:66 Mem:205.48M (Peak 295.29M) | Time:00:01.32 | Mem:5.69M, Peak:7.04M | Scene, ViewLayer | Updating Geometry BVH main_vol 2/4 | Building BVH
Fra:66 Mem:205.48M (Peak 295.29M) | Time:00:01.32 | Mem:5.69M, Peak:7.04M | Scene, ViewLayer | Updating Geometry BVH main_vol 2/4 | Building OptiX acceleration structure
Fra:66 Mem:205.54M (Peak 295.29M) | Time:00:01.32 | Mem:5.69M, Peak:7.04M | Scene, ViewLayer | Updating Geometry BVH far_vol 3/4 | Building BVH
Fra:66 Mem:205.54M (Peak 295.29M) | Time:00:01.32 | Mem:5.69M, Peak:7.04M | Scene, ViewLayer | Updating Geometry BVH far_vol 3/4 | Building OptiX acceleration structure
Fra:66 Mem:205.57M (Peak 295.29M) | Time:00:01.32 | Mem:5.69M, Peak:7.04M | Scene, ViewLayer | Updating Geometry BVH near_vol 4/4 | Building BVH
Fra:66 Mem:205.57M (Peak 295.29M) | Time:00:01.32 | Mem:5.69M, Peak:7.04M | Scene, ViewLayer | Updating Geometry BVH near_vol 4/4 | Building OptiX acceleration structure
Fra:66 Mem:204.63M (Peak 295.29M) | Time:00:01.32 | Mem:5.69M, Peak:7.04M | Scene, ViewLayer | Updating Scene BVH | Building
Fra:66 Mem:204.63M (Peak 295.29M) | Time:00:01.32 | Mem:5.69M, Peak:7.04M | Scene, ViewLayer | Updating Scene BVH | Building OptiX acceleration structure
Fra:66 Mem:204.63M (Peak 295.29M) | Time:00:01.32 | Mem:5.69M, Peak:7.04M | Scene, ViewLayer | Updating Scene BVH | Building BVH
Fra:66 Mem:204.63M (Peak 295.29M) | Time:00:01.32 | Mem:5.69M, Peak:7.04M | Scene, ViewLayer | Updating Scene BVH | Building BVH 0%
Fra:66 Mem:204.63M (Peak 295.29M) | Time:00:01.34 | Mem:5.69M, Peak:7.04M | Scene, ViewLayer | Updating Scene BVH | Copying BVH to device
Fra:66 Mem:204.63M (Peak 295.29M) | Time:00:01.34 | Mem:5.69M, Peak:7.04M | Scene, ViewLayer | Updating Mesh | Computing normals
Fra:66 Mem:205.98M (Peak 295.29M) | Time:00:01.34 | Mem:5.69M, Peak:7.04M | Scene, ViewLayer | Updating Mesh | Copying Mesh to device
Fra:66 Mem:205.98M (Peak 295.29M) | Time:00:01.34 | Mem:7.04M, Peak:7.04M | Scene, ViewLayer | Updating Objects Flags
Fra:66 Mem:205.98M (Peak 295.29M) | Time:00:01.42 | Mem:7.04M, Peak:7.04M | Scene, ViewLayer | Updating Primitive Offsets
Fra:66 Mem:205.98M (Peak 295.29M) | Time:00:01.42 | Mem:7.04M, Peak:7.04M | Scene, ViewLayer | Updating Images
Fra:66 Mem:200.67M (Peak 295.29M) | Time:00:01.42 | Mem:1.73M, Peak:7.04M | Scene, ViewLayer | Updating Images | Loading density
Fra:66 Mem:205.98M (Peak 295.29M) | Time:00:01.43 | Mem:7.04M, Peak:7.04M | Scene, ViewLayer | Updating Camera Volume
Fra:66 Mem:205.98M (Peak 295.29M) | Time:00:01.43 | Mem:7.04M, Peak:7.04M | Scene, ViewLayer | Updating Lookup Tables
Fra:66 Mem:205.98M (Peak 295.29M) | Time:00:01.43 | Mem:7.04M, Peak:7.04M | Scene, ViewLayer | Updating Lights
Fra:66 Mem:205.98M (Peak 295.29M) | Time:00:01.43 | Mem:7.04M, Peak:7.04M | Scene, ViewLayer | Updating Lights | Computing tree
Fra:66 Mem:205.98M (Peak 295.29M) | Time:00:01.43 | Mem:7.04M, Peak:7.04M | Scene, ViewLayer | Updating Integrator
Fra:66 Mem:205.98M (Peak 295.29M) | Time:00:01.43 | Mem:7.04M, Peak:7.04M | Scene, ViewLayer | Updating Film
Fra:66 Mem:205.98M (Peak 295.29M) | Time:00:01.43 | Mem:7.04M, Peak:7.04M | Scene, ViewLayer | Updating Lookup Tables
Fra:66 Mem:205.98M (Peak 295.29M) | Time:00:01.43 | Mem:7.04M, Peak:7.04M | Scene, ViewLayer | Updating Baking
Fra:66 Mem:205.98M (Peak 295.29M) | Time:00:01.43 | Mem:7.04M, Peak:7.04M | Scene, ViewLayer | Updating Device | Writing constant memory
Fra:66 Mem:205.98M (Peak 295.29M) | Time:00:01.43 | Mem:7.04M, Peak:7.04M | Scene, ViewLayer | Sample 0/24
Fra:66 Mem:205.98M (Peak 295.29M) | Time:00:02.72 | Remaining:00:29.63 | Mem:7.04M, Peak:7.04M | Scene, ViewLayer | Sample 1/24
Fra:66 Mem:205.98M (Peak 295.29M) | Time:00:03.88 | Remaining:00:26.99 | Mem:7.04M, Peak:7.04M | Scene, ViewLayer | Sample 2/24
Fra:66 Mem:241.58M (Peak 295.29M) | Time:00:26.18 | Mem:7.04M, Peak:7.04M | Scene, ViewLayer | Sample 24/24
Fra:66 Mem:241.58M (Peak 295.29M) | Time:00:26.18 | Mem:7.04M, Peak:7.04M | Scene, ViewLayer | Finished
Saved: 'C:\Work\domin8te-build\daysky\out\a\f0066.png'
Time: 00:26.78 (Saving: 00:00.59)

Fra:67 Mem:205.99M (Peak 295.29M) | Time:00:01.57 | Mem:7.04M, Peak:7.04M | Scene, ViewLayer | Synchronizing object | t0
Fra:67 Mem:207.04M (Peak 295.29M) | Time:00:01.57 | Mem:7.04M, Peak:7.04M | Scene, ViewLayer | Synchronizing object | main_vol
Fra:67 Mem:206.95M (Peak 295.29M) | Time:00:01.57 | Mem:7.04M, Peak:7.04M | Scene, ViewLayer | Synchronizing object | far_vol
Fra:67 Mem:206.89M (Peak 295.29M) | Time:00:01.57 | Mem:7.04M, Peak:7.04M | Scene, ViewLayer | Synchronizing object | near_vol
Fra:67 Mem:205.81M (Peak 295.29M) | Time:00:01.57 | Mem:7.04M, Peak:7.04M | Scene, ViewLayer | Initializing
Fra:67 Mem:205.80M (Peak 295.29M) | Time:00:01.57 | Mem:7.04M, Peak:7.04M | Scene, ViewLayer | Waiting for render to start
Fra:67 Mem:205.80M (Peak 295.29M) | Time:00:01.57 | Mem:7.04M, Peak:7.04M | Scene, ViewLayer | Updating Scene
Fra:67 Mem:205.80M (Peak 295.29M) | Time:00:01.57 | Mem:7.04M, Peak:7.04M | Scene, ViewLayer | Updating Shaders
Fra:67 Mem:205.80M (Peak 295.29M) | Time:00:01.57 | Mem:7.04M, Peak:7.04M | Scene, ViewLayer | Updating Background
Fra:67 Mem:205.80M (Peak 295.29M) | Time:00:01.57 | Mem:7.04M, Peak:7.04M | Scene, ViewLayer | Updating Camera
Fra:67 Mem:205.80M (Peak 295.29M) | Time:00:01.57 | Mem:7.04M, Peak:7.04M | Scene, ViewLayer | Updating Meshes Flags
Fra:67 Mem:205.80M (Peak 295.29M) | Time:00:01.57 | Mem:7.04M, Peak:7.04M | Scene, ViewLayer | Updating Meshes Volume Bounds
Fra:67 Mem:205.80M (Peak 295.29M) | Time:00:01.57 | Mem:7.04M, Peak:7.04M | Scene, ViewLayer | Updating Volume Images
Fra:67 Mem:205.80M (Peak 295.29M) | Time:00:01.57 | Mem:7.04M, Peak:7.04M | Scene, ViewLayer | Updating Mesh | Computing Volume Mesh main_vol
Fra:67 Mem:205.87M (Peak 295.29M) | Time:00:01.63 | Mem:7.04M, Peak:7.04M | Scene, ViewLayer | Updating Mesh | Computing Volume Mesh far_vol
Fra:67 Mem:205.92M (Peak 295.29M) | Time:00:01.64 | Mem:7.04M, Peak:7.04M | Scene, ViewLayer | Updating Mesh | Computing Volume Mesh near_vol
Fra:67 Mem:205.94M (Peak 295.29M) | Time:00:01.65 | Mem:7.04M, Peak:7.04M | Scene, ViewLayer | Updating Objects
Fra:67 Mem:205.94M (Peak 295.29M) | Time:00:01.65 | Mem:7.04M, Peak:7.04M | Scene, ViewLayer | Updating Objects | Copying Transformations to device
Fra:67 Mem:205.94M (Peak 295.29M) | Time:00:01.65 | Mem:7.04M, Peak:7.04M | Scene, ViewLayer | Updating Particle Systems
Fra:67 Mem:205.94M (Peak 295.29M) | Time:00:01.65 | Mem:7.04M, Peak:7.04M | Scene, ViewLayer | Updating Meshes
Fra:67 Mem:204.34M (Peak 295.29M) | Time:00:01.66 | Mem:5.40M, Peak:7.04M | Scene, ViewLayer | Updating Objects | Applying Static Transformations
Fra:67 Mem:204.34M (Peak 295.29M) | Time:00:01.66 | Mem:5.40M, Peak:7.04M | Scene, ViewLayer | Updating Mesh | Computing attributes
Fra:67 Mem:204.63M (Peak 295.29M) | Time:00:01.66 | Mem:5.40M, Peak:7.04M | Scene, ViewLayer | Updating Mesh | Copying Attributes to device
Fra:67 Mem:204.63M (Peak 295.29M) | Time:00:01.66 | Mem:5.69M, Peak:7.04M | Scene, ViewLayer | Updating Geometry BVH t0 5/4 | Building BVH
Fra:67 Mem:204.63M (Peak 295.29M) | Time:00:01.66 | Mem:5.69M, Peak:7.04M | Scene, ViewLayer | Updating Geometry BVH t0 5/4 | Building OptiX acceleration structure
Fra:67 Mem:205.48M (Peak 295.29M) | Time:00:01.66 | Mem:5.69M, Peak:7.04M | Scene, ViewLayer | Updating Geometry BVH main_vol 2/4 | Building BVH
Fra:67 Mem:205.48M (Peak 295.29M) | Time:00:01.66 | Mem:5.69M, Peak:7.04M | Scene, ViewLayer | Updating Geometry BVH main_vol 2/4 | Building OptiX acceleration structure
Fra:67 Mem:205.54M (Peak 295.29M) | Time:00:01.66 | Mem:5.69M, Peak:7.04M | Scene, ViewLayer | Updating Geometry BVH far_vol 3/4 | Building BVH
Fra:67 Mem:205.54M (Peak 295.29M) | Time:00:01.66 | Mem:5.69M, Peak:7.04M | Scene, ViewLayer | Updating Geometry BVH far_vol 3/4 | Building OptiX acceleration structure
Fra:67 Mem:205.52M (Peak 295.29M) | Time:00:01.66 | Mem:5.69M, Peak:7.04M | Scene, ViewLayer | Updating Geometry BVH near_vol 4/4 | Building BVH
Fra:67 Mem:205.52M (Peak 295.29M) | Time:00:01.66 | Mem:5.69M, Peak:7.04M | Scene, ViewLayer | Updating Geometry BVH near_vol 4/4 | Building OptiX acceleration structure
Fra:67 Mem:204.63M (Peak 295.29M) | Time:00:01.66 | Mem:5.69M, Peak:7.04M | Scene, ViewLayer | Updating Scene BVH | Building
Fra:67 Mem:204.63M (Peak 295.29M) | Time:00:01.66 | Mem:5.69M, Peak:7.04M | Scene, ViewLayer | Updating Scene BVH | Building OptiX acceleration structure
Fra:67 Mem:204.63M (Peak 295.29M) | Time:00:01.67 | Mem:5.69M, Peak:7.04M | Scene, ViewLayer | Updating Scene BVH | Building BVH
Fra:67 Mem:204.63M (Peak 295.29M) | Time:00:01.67 | Mem:5.69M, Peak:7.04M | Scene, ViewLayer | Updating Scene BVH | Building BVH 0%
Fra:67 Mem:204.63M (Peak 295.29M) | Time:00:01.68 | Mem:5.69M, Peak:7.04M | Scene, ViewLayer | Updating Scene BVH | Copying BVH to device
Fra:67 Mem:204.63M (Peak 295.29M) | Time:00:01.68 | Mem:5.69M, Peak:7.04M | Scene, ViewLayer | Updating Mesh | Computing normals
Fra:67 Mem:205.98M (Peak 295.29M) | Time:00:01.68 | Mem:5.69M, Peak:7.04M | Scene, ViewLayer | Updating Mesh | Copying Mesh to device
Fra:67 Mem:205.98M (Peak 295.29M) | Time:00:01.68 | Mem:7.04M, Peak:7.04M | Scene, ViewLayer | Updating Objects Flags
Fra:67 Mem:205.98M (Peak 295.29M) | Time:00:01.82 | Mem:7.04M, Peak:7.04M | Scene, ViewLayer | Updating Primitive Offsets
Fra:67 Mem:205.98M (Peak 295.29M) | Time:00:01.82 | Mem:7.04M, Peak:7.04M | Scene, ViewLayer | Updating Images
Fra:67 Mem:202.85M (Peak 295.29M) | Time:00:01.82 | Mem:7.04M, Peak:7.04M | Scene, ViewLayer | Updating Images | Loading density
Fra:67 Mem:205.98M (Peak 295.29M) | Time:00:01.82 | Mem:7.04M, Peak:7.83M | Scene, ViewLayer | Updating Camera Volume
Fra:67 Mem:205.98M (Peak 295.29M) | Time:00:01.82 | Mem:7.04M, Peak:7.83M | Scene, ViewLayer | Updating Lookup Tables
Fra:67 Mem:205.98M (Peak 295.29M) | Time:00:01.82 | Mem:7.04M, Peak:7.83M | Scene, ViewLayer | Updating Lights
Fra:67 Mem:205.98M (Peak 295.29M) | Time:00:01.82 | Mem:7.04M, Peak:7.83M | Scene, ViewLayer | Updating Lights | Computing tree
Fra:67 Mem:205.98M (Peak 295.29M) | Time:00:01.83 | Mem:7.04M, Peak:7.83M | Scene, ViewLayer | Updating Integrator
Fra:67 Mem:205.98M (Peak 295.29M) | Time:00:01.83 | Mem:7.04M, Peak:7.83M | Scene, ViewLayer | Updating Film
Fra:67 Mem:205.98M (Peak 295.29M) | Time:00:01.83 | Mem:7.04M, Peak:7.83M | Scene, ViewLayer | Updating Lookup Tables
Fra:67 Mem:205.98M (Peak 295.29M) | Time:00:01.83 | Mem:7.04M, Peak:7.83M | Scene, ViewLayer | Updating Baking
Fra:67 Mem:205.98M (Peak 295.29M) | Time:00:01.83 | Mem:7.04M, Peak:7.83M | Scene, ViewLayer | Updating Device | Writing constant memory
Fra:67 Mem:205.98M (Peak 295.29M) | Time:00:01.83 | Mem:7.04M, Peak:7.83M | Scene, ViewLayer | Sample 0/24
Fra:67 Mem:205.98M (Peak 295.29M) | Time:00:03.18 | Remaining:00:31.18 | Mem:7.04M, Peak:7.83M | Scene, ViewLayer | Sample 1/24
Fra:67 Mem:205.98M (Peak 295.29M) | Time:00:04.32 | Remaining:00:27.42 | Mem:7.04M, Peak:7.83M | Scene, ViewLayer | Sample 2/24
Fra:67 Mem:241.58M (Peak 295.29M) | Time:00:27.93 | Mem:7.04M, Peak:7.83M | Scene, ViewLayer | Sample 24/24
Fra:67 Mem:241.58M (Peak 295.29M) | Time:00:27.93 | Mem:7.04M, Peak:7.83M | Scene, ViewLayer | Finished
Saved: 'C:\Work\domin8te-build\daysky\out\a\f0067.png'
Time: 00:28.35 (Saving: 00:00.41)

Fra:68 Mem:205.99M (Peak 295.29M) | Time:00:00.94 | Mem:7.04M, Peak:7.04M | Scene, ViewLayer | Synchronizing object | t0
Fra:68 Mem:207.04M (Peak 295.29M) | Time:00:00.94 | Mem:7.04M, Peak:7.04M | Scene, ViewLayer | Synchronizing object | main_vol
Fra:68 Mem:206.95M (Peak 295.29M) | Time:00:00.94 | Mem:7.04M, Peak:7.04M | Scene, ViewLayer | Synchronizing object | far_vol
Fra:68 Mem:206.89M (Peak 295.29M) | Time:00:00.94 | Mem:7.04M, Peak:7.04M | Scene, ViewLayer | Synchronizing object | near_vol
Fra:68 Mem:205.81M (Peak 295.29M) | Time:00:00.94 | Mem:7.04M, Peak:7.04M | Scene, ViewLayer | Initializing
Fra:68 Mem:205.80M (Peak 295.29M) | Time:00:00.94 | Mem:7.04M, Peak:7.04M | Scene, ViewLayer | Waiting for render to start
Fra:68 Mem:205.80M (Peak 295.29M) | Time:00:00.94 | Mem:7.04M, Peak:7.04M | Scene, ViewLayer | Updating Scene
Fra:68 Mem:205.80M (Peak 295.29M) | Time:00:00.94 | Mem:7.04M, Peak:7.04M | Scene, ViewLayer | Updating Shaders
Fra:68 Mem:205.80M (Peak 295.29M) | Time:00:00.95 | Mem:7.04M, Peak:7.04M | Scene, ViewLayer | Updating Background
Fra:68 Mem:205.80M (Peak 295.29M) | Time:00:00.95 | Mem:7.04M, Peak:7.04M | Scene, ViewLayer | Updating Camera
Fra:68 Mem:205.80M (Peak 295.29M) | Time:00:00.95 | Mem:7.04M, Peak:7.04M | Scene, ViewLayer | Updating Meshes Flags
Fra:68 Mem:205.80M (Peak 295.29M) | Time:00:00.95 | Mem:7.04M, Peak:7.04M | Scene, ViewLayer | Updating Meshes Volume Bounds
Fra:68 Mem:205.80M (Peak 295.29M) | Time:00:00.95 | Mem:7.04M, Peak:7.04M | Scene, ViewLayer | Updating Volume Images
Fra:68 Mem:205.80M (Peak 295.29M) | Time:00:00.95 | Mem:7.04M, Peak:7.04M | Scene, ViewLayer | Updating Mesh | Computing Volume Mesh main_vol
Fra:68 Mem:205.87M (Peak 295.29M) | Time:00:00.99 | Mem:7.04M, Peak:7.04M | Scene, ViewLayer | Updating Mesh | Computing Volume Mesh far_vol
Fra:68 Mem:205.92M (Peak 295.29M) | Time:00:01.01 | Mem:7.04M, Peak:7.04M | Scene, ViewLayer | Updating Mesh | Computing Volume Mesh near_vol
Fra:68 Mem:205.94M (Peak 295.29M) | Time:00:01.03 | Mem:7.04M, Peak:7.04M | Scene, ViewLayer | Updating Objects
Fra:68 Mem:205.94M (Peak 295.29M) | Time:00:01.03 | Mem:7.04M, Peak:7.04M | Scene, ViewLayer | Updating Objects | Copying Transformations to device
Fra:68 Mem:205.94M (Peak 295.29M) | Time:00:01.03 | Mem:7.04M, Peak:7.04M | Scene, ViewLayer | Updating Particle Systems
Fra:68 Mem:205.94M (Peak 295.29M) | Time:00:01.03 | Mem:7.04M, Peak:7.04M | Scene, ViewLayer | Updating Meshes
Fra:68 Mem:204.34M (Peak 295.29M) | Time:00:01.03 | Mem:5.40M, Peak:7.04M | Scene, ViewLayer | Updating Objects | Applying Static Transformations
Fra:68 Mem:204.34M (Peak 295.29M) | Time:00:01.03 | Mem:5.40M, Peak:7.04M | Scene, ViewLayer | Updating Mesh | Computing attributes
Fra:68 Mem:204.63M (Peak 295.29M) | Time:00:01.03 | Mem:5.40M, Peak:7.04M | Scene, ViewLayer | Updating Mesh | Copying Attributes to device
Fra:68 Mem:204.63M (Peak 295.29M) | Time:00:01.03 | Mem:5.69M, Peak:7.04M | Scene, ViewLayer | Updating Geometry BVH t0 5/4 | Building BVH
Fra:68 Mem:204.63M (Peak 295.29M) | Time:00:01.03 | Mem:5.69M, Peak:7.04M | Scene, ViewLayer | Updating Geometry BVH t0 5/4 | Building OptiX acceleration structure
Fra:68 Mem:205.10M (Peak 295.29M) | Time:00:01.03 | Mem:5.69M, Peak:7.04M | Scene, ViewLayer | Updating Geometry BVH main_vol 2/4 | Building BVH
Fra:68 Mem:205.48M (Peak 295.29M) | Time:00:01.03 | Mem:5.69M, Peak:7.04M | Scene, ViewLayer | Updating Geometry BVH main_vol 2/4 | Building OptiX acceleration structure
Fra:68 Mem:205.48M (Peak 295.29M) | Time:00:01.04 | Mem:5.69M, Peak:7.04M | Scene, ViewLayer | Updating Geometry BVH far_vol 3/4 | Building BVH
Fra:68 Mem:205.48M (Peak 295.29M) | Time:00:01.04 | Mem:5.69M, Peak:7.04M | Scene, ViewLayer | Updating Geometry BVH far_vol 3/4 | Building OptiX acceleration structure
Fra:68 Mem:205.52M (Peak 295.29M) | Time:00:01.04 | Mem:5.69M, Peak:7.04M | Scene, ViewLayer | Updating Geometry BVH near_vol 4/4 | Building BVH
Fra:68 Mem:205.52M (Peak 295.29M) | Time:00:01.04 | Mem:5.69M, Peak:7.04M | Scene, ViewLayer | Updating Geometry BVH near_vol 4/4 | Building OptiX acceleration structure
Fra:68 Mem:204.63M (Peak 295.29M) | Time:00:01.06 | Mem:5.69M, Peak:7.04M | Scene, ViewLayer | Updating Scene BVH | Building
Fra:68 Mem:204.63M (Peak 295.29M) | Time:00:01.06 | Mem:5.69M, Peak:7.04M | Scene, ViewLayer | Updating Scene BVH | Building OptiX acceleration structure
Fra:68 Mem:204.63M (Peak 295.29M) | Time:00:01.06 | Mem:5.69M, Peak:7.04M | Scene, ViewLayer | Updating Scene BVH | Building BVH
Fra:68 Mem:204.63M (Peak 295.29M) | Time:00:01.06 | Mem:5.69M, Peak:7.04M | Scene, ViewLayer | Updating Scene BVH | Building BVH 0%
Fra:68 Mem:204.63M (Peak 295.29M) | Time:00:01.09 | Mem:5.69M, Peak:7.04M | Scene, ViewLayer | Updating Scene BVH | Copying BVH to device
Fra:68 Mem:204.63M (Peak 295.29M) | Time:00:01.09 | Mem:5.69M, Peak:7.04M | Scene, ViewLayer | Updating Mesh | Computing normals
Fra:68 Mem:205.98M (Peak 295.29M) | Time:00:01.09 | Mem:5.69M, Peak:7.04M | Scene, ViewLayer | Updating Mesh | Copying Mesh to device
Fra:68 Mem:205.98M (Peak 295.29M) | Time:00:01.10 | Mem:7.04M, Peak:7.04M | Scene, ViewLayer | Updating Objects Flags
Fra:68 Mem:205.98M (Peak 295.29M) | Time:00:01.22 | Mem:7.04M, Peak:7.04M | Scene, ViewLayer | Updating Primitive Offsets
Fra:68 Mem:205.98M (Peak 295.29M) | Time:00:01.22 | Mem:7.04M, Peak:7.04M | Scene, ViewLayer | Updating Images
Fra:68 Mem:200.67M (Peak 295.29M) | Time:00:01.23 | Mem:1.73M, Peak:7.04M | Scene, ViewLayer | Updating Images | Loading density
Fra:68 Mem:205.98M (Peak 295.29M) | Time:00:01.23 | Mem:7.04M, Peak:7.04M | Scene, ViewLayer | Updating Camera Volume
Fra:68 Mem:205.98M (Peak 295.29M) | Time:00:01.23 | Mem:7.04M, Peak:7.04M | Scene, ViewLayer | Updating Lookup Tables
Fra:68 Mem:205.98M (Peak 295.29M) | Time:00:01.23 | Mem:7.04M, Peak:7.04M | Scene, ViewLayer | Updating Lights
Fra:68 Mem:205.98M (Peak 295.29M) | Time:00:01.24 | Mem:7.04M, Peak:7.04M | Scene, ViewLayer | Updating Lights | Computing tree
Fra:68 Mem:205.98M (Peak 295.29M) | Time:00:01.24 | Mem:7.04M, Peak:7.04M | Scene, ViewLayer | Updating Integrator
Fra:68 Mem:205.98M (Peak 295.29M) | Time:00:01.24 | Mem:7.04M, Peak:7.04M | Scene, ViewLayer | Updating Film
Fra:68 Mem:205.98M (Peak 295.29M) | Time:00:01.24 | Mem:7.04M, Peak:7.04M | Scene, ViewLayer | Updating Lookup Tables
Fra:68 Mem:205.98M (Peak 295.29M) | Time:00:01.24 | Mem:7.04M, Peak:7.04M | Scene, ViewLayer | Updating Baking
Fra:68 Mem:205.98M (Peak 295.29M) | Time:00:01.24 | Mem:7.04M, Peak:7.04M | Scene, ViewLayer | Updating Device | Writing constant memory
Fra:68 Mem:205.98M (Peak 295.29M) | Time:00:01.24 | Mem:7.04M, Peak:7.04M | Scene, ViewLayer | Sample 0/24
Fra:68 Mem:205.98M (Peak 295.29M) | Time:00:02.52 | Remaining:00:29.43 | Mem:7.04M, Peak:7.04M | Scene, ViewLayer | Sample 1/24
Fra:68 Mem:205.98M (Peak 295.29M) | Time:00:03.70 | Remaining:00:27.04 | Mem:7.04M, Peak:7.04M | Scene, ViewLayer | Sample 2/24
Fra:68 Mem:241.58M (Peak 295.29M) | Time:00:25.82 | Mem:7.04M, Peak:7.04M | Scene, ViewLayer | Sample 24/24
Fra:68 Mem:241.58M (Peak 295.29M) | Time:00:25.82 | Mem:7.04M, Peak:7.04M | Scene, ViewLayer | Finished
Saved: 'C:\Work\domin8te-build\daysky\out\a\f0068.png'
Time: 00:26.28 (Saving: 00:00.46)

Fra:69 Mem:205.99M (Peak 295.29M) | Time:00:01.33 | Mem:7.04M, Peak:7.04M | Scene, ViewLayer | Synchronizing object | main_vol
Fra:69 Mem:205.90M (Peak 295.29M) | Time:00:01.33 | Mem:7.04M, Peak:7.04M | Scene, ViewLayer | Synchronizing object | near_vol
Fra:69 Mem:205.81M (Peak 295.29M) | Time:00:01.34 | Mem:7.04M, Peak:7.04M | Scene, ViewLayer | Initializing
Fra:69 Mem:205.80M (Peak 295.29M) | Time:00:01.34 | Mem:7.04M, Peak:7.04M | Scene, ViewLayer | Waiting for render to start
Fra:69 Mem:205.80M (Peak 295.29M) | Time:00:01.34 | Mem:7.04M, Peak:7.04M | Scene, ViewLayer | Updating Scene
Fra:69 Mem:205.80M (Peak 295.29M) | Time:00:01.34 | Mem:7.04M, Peak:7.04M | Scene, ViewLayer | Updating Shaders
Fra:69 Mem:205.80M (Peak 295.29M) | Time:00:01.34 | Mem:7.04M, Peak:7.04M | Scene, ViewLayer | Updating Background
Fra:69 Mem:205.80M (Peak 295.29M) | Time:00:01.34 | Mem:7.04M, Peak:7.04M | Scene, ViewLayer | Updating Camera
Fra:69 Mem:205.80M (Peak 295.29M) | Time:00:01.34 | Mem:7.04M, Peak:7.04M | Scene, ViewLayer | Updating Meshes Flags
Fra:69 Mem:205.80M (Peak 295.29M) | Time:00:01.34 | Mem:7.04M, Peak:7.04M | Scene, ViewLayer | Updating Meshes Volume Bounds
Fra:69 Mem:205.80M (Peak 295.29M) | Time:00:01.34 | Mem:7.04M, Peak:7.04M | Scene, ViewLayer | Updating Volume Images
Fra:69 Mem:205.80M (Peak 295.29M) | Time:00:01.34 | Mem:7.04M, Peak:7.04M | Scene, ViewLayer | Updating Mesh | Computing Volume Mesh main_vol
Fra:69 Mem:205.87M (Peak 295.29M) | Time:00:01.37 | Mem:7.04M, Peak:7.04M | Scene, ViewLayer | Updating Mesh | Computing Volume Mesh far_vol
Fra:69 Mem:205.92M (Peak 295.29M) | Time:00:01.39 | Mem:7.04M, Peak:7.04M | Scene, ViewLayer | Updating Mesh | Computing Volume Mesh near_vol
Fra:69 Mem:205.94M (Peak 295.29M) | Time:00:01.40 | Mem:7.04M, Peak:7.04M | Scene, ViewLayer | Updating Objects
Fra:69 Mem:205.94M (Peak 295.29M) | Time:00:01.40 | Mem:7.04M, Peak:7.04M | Scene, ViewLayer | Updating Objects | Copying Transformations to device
Fra:69 Mem:205.94M (Peak 295.29M) | Time:00:01.40 | Mem:7.04M, Peak:7.04M | Scene, ViewLayer | Updating Particle Systems
Fra:69 Mem:205.94M (Peak 295.29M) | Time:00:01.40 | Mem:7.04M, Peak:7.04M | Scene, ViewLayer | Updating Meshes
Fra:69 Mem:204.34M (Peak 295.29M) | Time:00:01.40 | Mem:5.40M, Peak:7.04M | Scene, ViewLayer | Updating Objects | Applying Static Transformations
Fra:69 Mem:204.34M (Peak 295.29M) | Time:00:01.40 | Mem:5.40M, Peak:7.04M | Scene, ViewLayer | Updating Mesh | Computing attributes
Fra:69 Mem:204.63M (Peak 295.29M) | Time:00:01.40 | Mem:5.40M, Peak:7.04M | Scene, ViewLayer | Updating Mesh | Copying Attributes to device
Fra:69 Mem:204.63M (Peak 295.29M) | Time:00:01.40 | Mem:5.69M, Peak:7.04M | Scene, ViewLayer | Updating Geometry BVH main_vol 2/4 | Building BVH
Fra:69 Mem:204.63M (Peak 295.29M) | Time:00:01.40 | Mem:5.69M, Peak:7.04M | Scene, ViewLayer | Updating Geometry BVH far_vol 3/4 | Building BVH
Fra:69 Mem:204.63M (Peak 295.29M) | Time:00:01.40 | Mem:5.69M, Peak:7.04M | Scene, ViewLayer | Updating Geometry BVH near_vol 4/4 | Building BVH
Fra:69 Mem:204.63M (Peak 295.29M) | Time:00:01.40 | Mem:5.69M, Peak:7.04M | Scene, ViewLayer | Updating Geometry BVH near_vol 4/4 | Building OptiX acceleration structure
Fra:69 Mem:204.63M (Peak 295.29M) | Time:00:01.43 | Mem:5.69M, Peak:7.04M | Scene, ViewLayer | Updating Scene BVH | Building
Fra:69 Mem:204.63M (Peak 295.29M) | Time:00:01.43 | Mem:5.69M, Peak:7.04M | Scene, ViewLayer | Updating Scene BVH | Building OptiX acceleration structure
Fra:69 Mem:204.63M (Peak 295.29M) | Time:00:01.43 | Mem:5.69M, Peak:7.04M | Scene, ViewLayer | Updating Scene BVH | Building BVH
Fra:69 Mem:204.63M (Peak 295.29M) | Time:00:01.43 | Mem:5.69M, Peak:7.04M | Scene, ViewLayer | Updating Scene BVH | Building BVH 0%
Fra:69 Mem:204.63M (Peak 295.29M) | Time:00:01.45 | Mem:5.69M, Peak:7.04M | Scene, ViewLayer | Updating Scene BVH | Copying BVH to device
Fra:69 Mem:204.63M (Peak 295.29M) | Time:00:01.45 | Mem:5.69M, Peak:7.04M | Scene, ViewLayer | Updating Mesh | Computing normals
Fra:69 Mem:205.98M (Peak 295.29M) | Time:00:01.45 | Mem:5.69M, Peak:7.04M | Scene, ViewLayer | Updating Mesh | Copying Mesh to device
Fra:69 Mem:205.98M (Peak 295.29M) | Time:00:01.47 | Mem:7.04M, Peak:7.04M | Scene, ViewLayer | Updating Objects Flags
Fra:69 Mem:205.98M (Peak 295.29M) | Time:00:01.50 | Mem:7.04M, Peak:7.04M | Scene, ViewLayer | Updating Primitive Offsets
Fra:69 Mem:205.98M (Peak 295.29M) | Time:00:01.50 | Mem:7.04M, Peak:7.04M | Scene, ViewLayer | Updating Images
Fra:69 Mem:202.85M (Peak 295.29M) | Time:00:01.50 | Mem:7.04M, Peak:7.04M | Scene, ViewLayer | Updating Images | Loading density
Fra:69 Mem:205.98M (Peak 295.29M) | Time:00:01.51 | Mem:7.04M, Peak:7.83M | Scene, ViewLayer | Updating Camera Volume
Fra:69 Mem:205.98M (Peak 295.29M) | Time:00:01.51 | Mem:7.04M, Peak:7.83M | Scene, ViewLayer | Updating Lookup Tables
Fra:69 Mem:205.98M (Peak 295.29M) | Time:00:01.51 | Mem:7.04M, Peak:7.83M | Scene, ViewLayer | Updating Lights
Fra:69 Mem:205.98M (Peak 295.29M) | Time:00:01.51 | Mem:7.04M, Peak:7.83M | Scene, ViewLayer | Updating Lights | Computing tree
Fra:69 Mem:205.98M (Peak 295.29M) | Time:00:01.51 | Mem:7.04M, Peak:7.83M | Scene, ViewLayer | Updating Integrator
Fra:69 Mem:205.98M (Peak 295.29M) | Time:00:01.51 | Mem:7.04M, Peak:7.83M | Scene, ViewLayer | Updating Film
Fra:69 Mem:205.98M (Peak 295.29M) | Time:00:01.52 | Mem:7.04M, Peak:7.83M | Scene, ViewLayer | Updating Lookup Tables
Fra:69 Mem:205.98M (Peak 295.29M) | Time:00:01.52 | Mem:7.04M, Peak:7.83M | Scene, ViewLayer | Updating Baking
Fra:69 Mem:205.98M (Peak 295.29M) | Time:00:01.52 | Mem:7.04M, Peak:7.83M | Scene, ViewLayer | Updating Device | Writing constant memory
Fra:69 Mem:205.98M (Peak 295.29M) | Time:00:01.52 | Mem:7.04M, Peak:7.83M | Scene, ViewLayer | Sample 0/24
Fra:69 Mem:205.98M (Peak 295.29M) | Time:00:02.88 | Remaining:00:31.46 | Mem:7.04M, Peak:7.83M | Scene, ViewLayer | Sample 1/24
Fra:69 Mem:205.98M (Peak 295.29M) | Time:00:04.35 | Remaining:00:31.17 | Mem:7.04M, Peak:7.83M | Scene, ViewLayer | Sample 2/24
Fra:69 Mem:205.98M (Peak 295.29M) | Time:00:20.49 | Remaining:00:06.32 | Mem:7.04M, Peak:7.83M | Scene, ViewLayer | Sample 18/24
Fra:69 Mem:241.58M (Peak 295.29M) | Time:00:26.62 | Mem:7.04M, Peak:7.83M | Scene, ViewLayer | Sample 24/24
Fra:69 Mem:241.58M (Peak 295.29M) | Time:00:26.62 | Mem:7.04M, Peak:7.83M | Scene, ViewLayer | Finished
Saved: 'C:\Work\domin8te-build\daysky\out\a\f0069.png'
Time: 00:27.08 (Saving: 00:00.46)

Fra:70 Mem:205.99M (Peak 295.29M) | Time:00:01.28 | Mem:7.04M, Peak:7.04M | Scene, ViewLayer | Synchronizing object | t0
Fra:70 Mem:205.99M (Peak 295.29M) | Time:00:01.28 | Mem:7.04M, Peak:7.04M | Scene, ViewLayer | Synchronizing object | main_vol
Fra:70 Mem:206.95M (Peak 295.29M) | Time:00:01.28 | Mem:7.04M, Peak:7.04M | Scene, ViewLayer | Synchronizing object | far_vol
Fra:70 Mem:207.65M (Peak 295.29M) | Time:00:01.28 | Mem:7.04M, Peak:7.04M | Scene, ViewLayer | Synchronizing object | near_vol
Fra:70 Mem:205.81M (Peak 295.29M) | Time:00:01.28 | Mem:7.04M, Peak:7.04M | Scene, ViewLayer | Initializing
Fra:70 Mem:205.80M (Peak 295.29M) | Time:00:01.28 | Mem:7.04M, Peak:7.04M | Scene, ViewLayer | Waiting for render to start
Fra:70 Mem:205.80M (Peak 295.29M) | Time:00:01.28 | Mem:7.04M, Peak:7.04M | Scene, ViewLayer | Updating Scene
Fra:70 Mem:205.80M (Peak 295.29M) | Time:00:01.28 | Mem:7.04M, Peak:7.04M | Scene, ViewLayer | Updating Shaders
Fra:70 Mem:205.80M (Peak 295.29M) | Time:00:01.28 | Mem:7.04M, Peak:7.04M | Scene, ViewLayer | Updating Background
Fra:70 Mem:205.80M (Peak 295.29M) | Time:00:01.28 | Mem:7.04M, Peak:7.04M | Scene, ViewLayer | Updating Camera
Fra:70 Mem:205.80M (Peak 295.29M) | Time:00:01.28 | Mem:7.04M, Peak:7.04M | Scene, ViewLayer | Updating Meshes Flags
Fra:70 Mem:205.80M (Peak 295.29M) | Time:00:01.28 | Mem:7.04M, Peak:7.04M | Scene, ViewLayer | Updating Meshes Volume Bounds
Fra:70 Mem:205.80M (Peak 295.29M) | Time:00:01.28 | Mem:7.04M, Peak:7.04M | Scene, ViewLayer | Updating Volume Images
Fra:70 Mem:205.80M (Peak 295.29M) | Time:00:01.28 | Mem:7.04M, Peak:7.04M | Scene, ViewLayer | Updating Mesh | Computing Volume Mesh main_vol
Fra:70 Mem:205.87M (Peak 295.29M) | Time:00:01.32 | Mem:7.04M, Peak:7.04M | Scene, ViewLayer | Updating Mesh | Computing Volume Mesh far_vol
Fra:70 Mem:205.92M (Peak 295.29M) | Time:00:01.34 | Mem:7.04M, Peak:7.04M | Scene, ViewLayer | Updating Mesh | Computing Volume Mesh near_vol
Fra:70 Mem:205.94M (Peak 295.29M) | Time:00:01.35 | Mem:7.04M, Peak:7.04M | Scene, ViewLayer | Updating Objects
Fra:70 Mem:205.94M (Peak 295.29M) | Time:00:01.35 | Mem:7.04M, Peak:7.04M | Scene, ViewLayer | Updating Objects | Copying Transformations to device
Fra:70 Mem:205.94M (Peak 295.29M) | Time:00:01.35 | Mem:7.04M, Peak:7.04M | Scene, ViewLayer | Updating Particle Systems
Fra:70 Mem:205.94M (Peak 295.29M) | Time:00:01.35 | Mem:7.04M, Peak:7.04M | Scene, ViewLayer | Updating Meshes
Fra:70 Mem:204.34M (Peak 295.29M) | Time:00:01.35 | Mem:5.40M, Peak:7.04M | Scene, ViewLayer | Updating Objects | Applying Static Transformations
Fra:70 Mem:204.34M (Peak 295.29M) | Time:00:01.35 | Mem:5.40M, Peak:7.04M | Scene, ViewLayer | Updating Mesh | Computing attributes
Fra:70 Mem:204.63M (Peak 295.29M) | Time:00:01.35 | Mem:5.40M, Peak:7.04M | Scene, ViewLayer | Updating Mesh | Copying Attributes to device
Fra:70 Mem:204.63M (Peak 295.29M) | Time:00:01.35 | Mem:5.69M, Peak:7.04M | Scene, ViewLayer | Updating Geometry BVH t0 5/4 | Building BVH
Fra:70 Mem:204.63M (Peak 295.29M) | Time:00:01.35 | Mem:5.69M, Peak:7.04M | Scene, ViewLayer | Updating Geometry BVH t0 5/4 | Building OptiX acceleration structure
Fra:70 Mem:205.48M (Peak 295.29M) | Time:00:01.35 | Mem:5.69M, Peak:7.04M | Scene, ViewLayer | Updating Geometry BVH main_vol 2/4 | Building BVH
Fra:70 Mem:205.48M (Peak 295.29M) | Time:00:01.35 | Mem:5.69M, Peak:7.04M | Scene, ViewLayer | Updating Geometry BVH main_vol 2/4 | Building OptiX acceleration structure
Fra:70 Mem:204.68M (Peak 295.29M) | Time:00:01.35 | Mem:5.69M, Peak:7.04M | Scene, ViewLayer | Updating Geometry BVH near_vol 4/4 | Building BVH
Fra:70 Mem:204.68M (Peak 295.29M) | Time:00:01.35 | Mem:5.69M, Peak:7.04M | Scene, ViewLayer | Updating Geometry BVH near_vol 4/4 | Building OptiX acceleration structure
Fra:70 Mem:204.70M (Peak 295.29M) | Time:00:01.36 | Mem:5.69M, Peak:7.04M | Scene, ViewLayer | Updating Geometry BVH far_vol 3/4 | Building BVH
Fra:70 Mem:204.70M (Peak 295.29M) | Time:00:01.36 | Mem:5.69M, Peak:7.04M | Scene, ViewLayer | Updating Geometry BVH far_vol 3/4 | Building OptiX acceleration structure
Fra:70 Mem:204.63M (Peak 295.29M) | Time:00:01.36 | Mem:5.69M, Peak:7.04M | Scene, ViewLayer | Updating Scene BVH | Building
Fra:70 Mem:204.63M (Peak 295.29M) | Time:00:01.36 | Mem:5.69M, Peak:7.04M | Scene, ViewLayer | Updating Scene BVH | Building OptiX acceleration structure
Fra:70 Mem:204.63M (Peak 295.29M) | Time:00:01.36 | Mem:5.69M, Peak:7.04M | Scene, ViewLayer | Updating Scene BVH | Building BVH
Fra:70 Mem:204.63M (Peak 295.29M) | Time:00:01.36 | Mem:5.69M, Peak:7.04M | Scene, ViewLayer | Updating Scene BVH | Building BVH 0%
Fra:70 Mem:204.63M (Peak 295.29M) | Time:00:01.38 | Mem:5.69M, Peak:7.04M | Scene, ViewLayer | Updating Scene BVH | Copying BVH to device
Fra:70 Mem:204.63M (Peak 295.29M) | Time:00:01.38 | Mem:5.69M, Peak:7.04M | Scene, ViewLayer | Updating Mesh | Computing normals
Fra:70 Mem:205.98M (Peak 295.29M) | Time:00:01.38 | Mem:5.69M, Peak:7.04M | Scene, ViewLayer | Updating Mesh | Copying Mesh to device
Fra:70 Mem:205.98M (Peak 295.29M) | Time:00:01.38 | Mem:7.04M, Peak:7.04M | Scene, ViewLayer | Updating Objects Flags
Fra:70 Mem:205.98M (Peak 295.29M) | Time:00:01.46 | Mem:7.04M, Peak:7.04M | Scene, ViewLayer | Updating Primitive Offsets
Fra:70 Mem:205.98M (Peak 295.29M) | Time:00:01.46 | Mem:7.04M, Peak:7.04M | Scene, ViewLayer | Updating Images
Fra:70 Mem:200.67M (Peak 295.29M) | Time:00:01.47 | Mem:1.73M, Peak:7.04M | Scene, ViewLayer | Updating Images | Loading density
Fra:70 Mem:205.98M (Peak 295.29M) | Time:00:01.48 | Mem:7.04M, Peak:7.04M | Scene, ViewLayer | Updating Camera Volume
Fra:70 Mem:205.98M (Peak 295.29M) | Time:00:01.48 | Mem:7.04M, Peak:7.04M | Scene, ViewLayer | Updating Lookup Tables
Fra:70 Mem:205.98M (Peak 295.29M) | Time:00:01.48 | Mem:7.04M, Peak:7.04M | Scene, ViewLayer | Updating Lights
Fra:70 Mem:205.98M (Peak 295.29M) | Time:00:01.48 | Mem:7.04M, Peak:7.04M | Scene, ViewLayer | Updating Lights | Computing tree
Fra:70 Mem:205.98M (Peak 295.29M) | Time:00:01.48 | Mem:7.04M, Peak:7.04M | Scene, ViewLayer | Updating Integrator
Fra:70 Mem:205.98M (Peak 295.29M) | Time:00:01.48 | Mem:7.04M, Peak:7.04M | Scene, ViewLayer | Updating Film
Fra:70 Mem:205.98M (Peak 295.29M) | Time:00:01.48 | Mem:7.04M, Peak:7.04M | Scene, ViewLayer | Updating Lookup Tables
Fra:70 Mem:205.98M (Peak 295.29M) | Time:00:01.48 | Mem:7.04M, Peak:7.04M | Scene, ViewLayer | Updating Baking
Fra:70 Mem:205.98M (Peak 295.29M) | Time:00:01.48 | Mem:7.04M, Peak:7.04M | Scene, ViewLayer | Updating Device | Writing constant memory
Fra:70 Mem:205.98M (Peak 295.29M) | Time:00:01.48 | Mem:7.04M, Peak:7.04M | Scene, ViewLayer | Sample 0/24
Fra:70 Mem:205.98M (Peak 295.29M) | Time:00:02.74 | Remaining:00:28.87 | Mem:7.04M, Peak:7.04M | Scene, ViewLayer | Sample 1/24
Fra:70 Mem:205.98M (Peak 295.29M) | Time:00:03.78 | Remaining:00:25.24 | Mem:7.04M, Peak:7.04M | Scene, ViewLayer | Sample 2/24
Fra:70 Mem:241.58M (Peak 295.29M) | Time:00:25.26 | Mem:7.04M, Peak:7.04M | Scene, ViewLayer | Sample 24/24
Fra:70 Mem:241.58M (Peak 295.29M) | Time:00:25.26 | Mem:7.04M, Peak:7.04M | Scene, ViewLayer | Finished
Saved: 'C:\Work\domin8te-build\daysky\out\a\f0070.png'
Time: 00:25.58 (Saving: 00:00.32)

Fra:71 Mem:205.99M (Peak 295.29M) | Time:00:01.27 | Mem:7.04M, Peak:7.04M | Scene, ViewLayer | Synchronizing object | main_vol
Fra:71 Mem:205.90M (Peak 295.29M) | Time:00:01.27 | Mem:7.04M, Peak:7.04M | Scene, ViewLayer | Synchronizing object | t0
Fra:71 Mem:207.33M (Peak 295.29M) | Time:00:01.27 | Mem:7.04M, Peak:7.04M | Scene, ViewLayer | Synchronizing object | far_vol
Fra:71 Mem:207.27M (Peak 295.29M) | Time:00:01.27 | Mem:7.04M, Peak:7.04M | Scene, ViewLayer | Synchronizing object | near_vol
Fra:71 Mem:205.81M (Peak 295.29M) | Time:00:01.27 | Mem:7.04M, Peak:7.04M | Scene, ViewLayer | Initializing
Fra:71 Mem:205.80M (Peak 295.29M) | Time:00:01.27 | Mem:7.04M, Peak:7.04M | Scene, ViewLayer | Waiting for render to start
Fra:71 Mem:205.80M (Peak 295.29M) | Time:00:01.27 | Mem:7.04M, Peak:7.04M | Scene, ViewLayer | Updating Scene
Fra:71 Mem:205.80M (Peak 295.29M) | Time:00:01.27 | Mem:7.04M, Peak:7.04M | Scene, ViewLayer | Updating Shaders
Fra:71 Mem:205.80M (Peak 295.29M) | Time:00:01.27 | Mem:7.04M, Peak:7.04M | Scene, ViewLayer | Updating Background
Fra:71 Mem:205.80M (Peak 295.29M) | Time:00:01.27 | Mem:7.04M, Peak:7.04M | Scene, ViewLayer | Updating Camera
Fra:71 Mem:205.80M (Peak 295.29M) | Time:00:01.27 | Mem:7.04M, Peak:7.04M | Scene, ViewLayer | Updating Meshes Flags
Fra:71 Mem:205.80M (Peak 295.29M) | Time:00:01.27 | Mem:7.04M, Peak:7.04M | Scene, ViewLayer | Updating Meshes Volume Bounds
Fra:71 Mem:205.80M (Peak 295.29M) | Time:00:01.27 | Mem:7.04M, Peak:7.04M | Scene, ViewLayer | Updating Volume Images
Fra:71 Mem:205.80M (Peak 295.29M) | Time:00:01.27 | Mem:7.04M, Peak:7.04M | Scene, ViewLayer | Updating Mesh | Computing Volume Mesh main_vol
Fra:71 Mem:205.87M (Peak 295.29M) | Time:00:01.32 | Mem:7.04M, Peak:7.04M | Scene, ViewLayer | Updating Mesh | Computing Volume Mesh far_vol
Fra:71 Mem:205.92M (Peak 295.29M) | Time:00:01.34 | Mem:7.04M, Peak:7.04M | Scene, ViewLayer | Updating Mesh | Computing Volume Mesh near_vol
Fra:71 Mem:205.94M (Peak 295.29M) | Time:00:01.36 | Mem:7.04M, Peak:7.04M | Scene, ViewLayer | Updating Objects
Fra:71 Mem:205.94M (Peak 295.29M) | Time:00:01.36 | Mem:7.04M, Peak:7.04M | Scene, ViewLayer | Updating Objects | Copying Transformations to device
Fra:71 Mem:205.94M (Peak 295.29M) | Time:00:01.36 | Mem:7.04M, Peak:7.04M | Scene, ViewLayer | Updating Particle Systems
Fra:71 Mem:205.94M (Peak 295.29M) | Time:00:01.36 | Mem:7.04M, Peak:7.04M | Scene, ViewLayer | Updating Meshes
Fra:71 Mem:204.34M (Peak 295.29M) | Time:00:01.36 | Mem:5.40M, Peak:7.04M | Scene, ViewLayer | Updating Objects | Applying Static Transformations
Fra:71 Mem:204.34M (Peak 295.29M) | Time:00:01.37 | Mem:5.40M, Peak:7.04M | Scene, ViewLayer | Updating Mesh | Computing attributes
Fra:71 Mem:204.63M (Peak 295.29M) | Time:00:01.37 | Mem:5.40M, Peak:7.04M | Scene, ViewLayer | Updating Mesh | Copying Attributes to device
Fra:71 Mem:204.63M (Peak 295.29M) | Time:00:01.37 | Mem:5.69M, Peak:7.04M | Scene, ViewLayer | Updating Geometry BVH t0 5/4 | Building BVH
Fra:71 Mem:204.63M (Peak 295.29M) | Time:00:01.37 | Mem:5.69M, Peak:7.04M | Scene, ViewLayer | Updating Geometry BVH t0 5/4 | Building OptiX acceleration structure
Fra:71 Mem:205.48M (Peak 295.29M) | Time:00:01.37 | Mem:5.69M, Peak:7.04M | Scene, ViewLayer | Updating Geometry BVH main_vol 2/4 | Building BVH
Fra:71 Mem:205.48M (Peak 295.29M) | Time:00:01.37 | Mem:5.69M, Peak:7.04M | Scene, ViewLayer | Updating Geometry BVH main_vol 2/4 | Building OptiX acceleration structure
Fra:71 Mem:205.54M (Peak 295.29M) | Time:00:01.37 | Mem:5.69M, Peak:7.04M | Scene, ViewLayer | Updating Geometry BVH far_vol 3/4 | Building BVH
Fra:71 Mem:205.54M (Peak 295.29M) | Time:00:01.37 | Mem:5.69M, Peak:7.04M | Scene, ViewLayer | Updating Geometry BVH far_vol 3/4 | Building OptiX acceleration structure
Fra:71 Mem:204.72M (Peak 295.29M) | Time:00:01.37 | Mem:5.69M, Peak:7.04M | Scene, ViewLayer | Updating Geometry BVH near_vol 4/4 | Building BVH
Fra:71 Mem:204.72M (Peak 295.29M) | Time:00:01.37 | Mem:5.69M, Peak:7.04M | Scene, ViewLayer | Updating Geometry BVH near_vol 4/4 | Building OptiX acceleration structure
Fra:71 Mem:204.63M (Peak 295.29M) | Time:00:01.37 | Mem:5.69M, Peak:7.04M | Scene, ViewLayer | Updating Scene BVH | Building
Fra:71 Mem:204.63M (Peak 295.29M) | Time:00:01.37 | Mem:5.69M, Peak:7.04M | Scene, ViewLayer | Updating Scene BVH | Building OptiX acceleration structure
Fra:71 Mem:204.63M (Peak 295.29M) | Time:00:01.38 | Mem:5.69M, Peak:7.04M | Scene, ViewLayer | Updating Scene BVH | Building BVH
Fra:71 Mem:204.63M (Peak 295.29M) | Time:00:01.38 | Mem:5.69M, Peak:7.04M | Scene, ViewLayer | Updating Scene BVH | Building BVH 0%
Fra:71 Mem:204.63M (Peak 295.29M) | Time:00:01.39 | Mem:5.69M, Peak:7.04M | Scene, ViewLayer | Updating Scene BVH | Copying BVH to device
Fra:71 Mem:204.63M (Peak 295.29M) | Time:00:01.39 | Mem:5.69M, Peak:7.04M | Scene, ViewLayer | Updating Mesh | Computing normals
Fra:71 Mem:205.98M (Peak 295.29M) | Time:00:01.40 | Mem:5.69M, Peak:7.04M | Scene, ViewLayer | Updating Mesh | Copying Mesh to device
Fra:71 Mem:205.98M (Peak 295.29M) | Time:00:01.41 | Mem:7.04M, Peak:7.04M | Scene, ViewLayer | Updating Objects Flags
Fra:71 Mem:205.98M (Peak 295.29M) | Time:00:01.50 | Mem:7.04M, Peak:7.04M | Scene, ViewLayer | Updating Primitive Offsets
Fra:71 Mem:205.98M (Peak 295.29M) | Time:00:01.50 | Mem:7.04M, Peak:7.04M | Scene, ViewLayer | Updating Images
Fra:71 Mem:202.85M (Peak 295.29M) | Time:00:01.50 | Mem:7.04M, Peak:7.04M | Scene, ViewLayer | Updating Images | Loading density
Fra:71 Mem:205.98M (Peak 295.29M) | Time:00:01.51 | Mem:7.04M, Peak:9.22M | Scene, ViewLayer | Updating Camera Volume
Fra:71 Mem:205.98M (Peak 295.29M) | Time:00:01.51 | Mem:7.04M, Peak:9.22M | Scene, ViewLayer | Updating Lookup Tables
Fra:71 Mem:205.98M (Peak 295.29M) | Time:00:01.51 | Mem:7.04M, Peak:9.22M | Scene, ViewLayer | Updating Lights
Fra:71 Mem:205.98M (Peak 295.29M) | Time:00:01.51 | Mem:7.04M, Peak:9.22M | Scene, ViewLayer | Updating Lights | Computing tree
Fra:71 Mem:205.98M (Peak 295.29M) | Time:00:01.51 | Mem:7.04M, Peak:9.22M | Scene, ViewLayer | Updating Integrator
Fra:71 Mem:205.98M (Peak 295.29M) | Time:00:01.51 | Mem:7.04M, Peak:9.22M | Scene, ViewLayer | Updating Film
Fra:71 Mem:205.98M (Peak 295.29M) | Time:00:01.51 | Mem:7.04M, Peak:9.22M | Scene, ViewLayer | Updating Lookup Tables
Fra:71 Mem:205.98M (Peak 295.29M) | Time:00:01.51 | Mem:7.04M, Peak:9.22M | Scene, ViewLayer | Updating Baking
Fra:71 Mem:205.98M (Peak 295.29M) | Time:00:01.51 | Mem:7.04M, Peak:9.22M | Scene, ViewLayer | Updating Device | Writing constant memory
Fra:71 Mem:205.98M (Peak 295.29M) | Time:00:01.51 | Mem:7.04M, Peak:9.22M | Scene, ViewLayer | Sample 0/24
Fra:71 Mem:205.98M (Peak 295.29M) | Time:00:02.83 | Remaining:00:30.38 | Mem:7.04M, Peak:9.22M | Scene, ViewLayer | Sample 1/24
Fra:71 Mem:205.98M (Peak 295.29M) | Time:00:04.04 | Remaining:00:27.76 | Mem:7.04M, Peak:9.22M | Scene, ViewLayer | Sample 2/24
Fra:71 Mem:205.98M (Peak 295.29M) | Time:00:19.11 | Remaining:00:05.86 | Mem:7.04M, Peak:9.22M | Scene, ViewLayer | Sample 18/24
Fra:71 Mem:241.58M (Peak 295.29M) | Time:00:24.92 | Mem:7.04M, Peak:9.22M | Scene, ViewLayer | Sample 24/24
Fra:71 Mem:241.58M (Peak 295.29M) | Time:00:24.92 | Mem:7.04M, Peak:9.22M | Scene, ViewLayer | Finished
Saved: 'C:\Work\domin8te-build\daysky\out\a\f0071.png'
Time: 00:25.38 (Saving: 00:00.46)

Fra:72 Mem:205.99M (Peak 295.29M) | Time:00:01.26 | Mem:7.04M, Peak:7.04M | Scene, ViewLayer | Synchronizing object | t0
Fra:72 Mem:207.80M (Peak 295.29M) | Time:00:01.26 | Mem:7.04M, Peak:7.04M | Scene, ViewLayer | Synchronizing object | main_vol
Fra:72 Mem:207.71M (Peak 295.29M) | Time:00:01.26 | Mem:7.04M, Peak:7.04M | Scene, ViewLayer | Synchronizing object | far_vol
Fra:72 Mem:207.65M (Peak 295.29M) | Time:00:01.26 | Mem:7.04M, Peak:7.04M | Scene, ViewLayer | Synchronizing object | near_vol
Fra:72 Mem:205.81M (Peak 295.29M) | Time:00:01.26 | Mem:7.04M, Peak:7.04M | Scene, ViewLayer | Initializing
Fra:72 Mem:205.80M (Peak 295.29M) | Time:00:01.26 | Mem:7.04M, Peak:7.04M | Scene, ViewLayer | Waiting for render to start
Fra:72 Mem:205.80M (Peak 295.29M) | Time:00:01.26 | Mem:7.04M, Peak:7.04M | Scene, ViewLayer | Updating Scene
Fra:72 Mem:205.80M (Peak 295.29M) | Time:00:01.26 | Mem:7.04M, Peak:7.04M | Scene, ViewLayer | Updating Shaders
Fra:72 Mem:205.80M (Peak 295.29M) | Time:00:01.26 | Mem:7.04M, Peak:7.04M | Scene, ViewLayer | Updating Background
Fra:72 Mem:205.80M (Peak 295.29M) | Time:00:01.26 | Mem:7.04M, Peak:7.04M | Scene, ViewLayer | Updating Camera
Fra:72 Mem:205.80M (Peak 295.29M) | Time:00:01.26 | Mem:7.04M, Peak:7.04M | Scene, ViewLayer | Updating Meshes Flags
Fra:72 Mem:205.80M (Peak 295.29M) | Time:00:01.26 | Mem:7.04M, Peak:7.04M | Scene, ViewLayer | Updating Meshes Volume Bounds
Fra:72 Mem:205.80M (Peak 295.29M) | Time:00:01.26 | Mem:7.04M, Peak:7.04M | Scene, ViewLayer | Updating Volume Images
Fra:72 Mem:205.80M (Peak 295.29M) | Time:00:01.26 | Mem:7.04M, Peak:7.04M | Scene, ViewLayer | Updating Mesh | Computing Volume Mesh main_vol
Fra:72 Mem:205.87M (Peak 295.29M) | Time:00:01.30 | Mem:7.04M, Peak:7.04M | Scene, ViewLayer | Updating Mesh | Computing Volume Mesh far_vol
Fra:72 Mem:205.92M (Peak 295.29M) | Time:00:01.32 | Mem:7.04M, Peak:7.04M | Scene, ViewLayer | Updating Mesh | Computing Volume Mesh near_vol
Fra:72 Mem:205.94M (Peak 295.29M) | Time:00:01.33 | Mem:7.04M, Peak:7.04M | Scene, ViewLayer | Updating Objects
Fra:72 Mem:205.94M (Peak 295.29M) | Time:00:01.33 | Mem:7.04M, Peak:7.04M | Scene, ViewLayer | Updating Objects | Copying Transformations to device
Fra:72 Mem:205.94M (Peak 295.29M) | Time:00:01.33 | Mem:7.04M, Peak:7.04M | Scene, ViewLayer | Updating Particle Systems
Fra:72 Mem:205.94M (Peak 295.29M) | Time:00:01.33 | Mem:7.04M, Peak:7.04M | Scene, ViewLayer | Updating Meshes
Fra:72 Mem:204.34M (Peak 295.29M) | Time:00:01.33 | Mem:5.40M, Peak:7.04M | Scene, ViewLayer | Updating Objects | Applying Static Transformations
Fra:72 Mem:204.34M (Peak 295.29M) | Time:00:01.33 | Mem:5.40M, Peak:7.04M | Scene, ViewLayer | Updating Mesh | Computing attributes
Fra:72 Mem:204.63M (Peak 295.29M) | Time:00:01.33 | Mem:5.40M, Peak:7.04M | Scene, ViewLayer | Updating Mesh | Copying Attributes to device
Fra:72 Mem:204.63M (Peak 295.29M) | Time:00:01.33 | Mem:5.69M, Peak:7.04M | Scene, ViewLayer | Updating Geometry BVH main_vol 2/4 | Building BVH
Fra:72 Mem:204.63M (Peak 295.29M) | Time:00:01.33 | Mem:5.69M, Peak:7.04M | Scene, ViewLayer | Updating Geometry BVH t0 5/4 | Building BVH
Fra:72 Mem:204.63M (Peak 295.29M) | Time:00:01.33 | Mem:5.69M, Peak:7.04M | Scene, ViewLayer | Updating Geometry BVH t0 5/4 | Building OptiX acceleration structure
Fra:72 Mem:204.63M (Peak 295.29M) | Time:00:01.34 | Mem:5.69M, Peak:7.04M | Scene, ViewLayer | Updating Scene BVH | Building
Fra:72 Mem:204.63M (Peak 295.29M) | Time:00:01.34 | Mem:5.69M, Peak:7.04M | Scene, ViewLayer | Updating Scene BVH | Building OptiX acceleration structure
Fra:72 Mem:204.63M (Peak 295.29M) | Time:00:01.35 | Mem:5.69M, Peak:7.04M | Scene, ViewLayer | Updating Scene BVH | Building BVH
Fra:72 Mem:204.63M (Peak 295.29M) | Time:00:01.35 | Mem:5.69M, Peak:7.04M | Scene, ViewLayer | Updating Scene BVH | Building BVH 0%
Fra:72 Mem:204.63M (Peak 295.29M) | Time:00:01.36 | Mem:5.69M, Peak:7.04M | Scene, ViewLayer | Updating Scene BVH | Copying BVH to device
Fra:72 Mem:204.63M (Peak 295.29M) | Time:00:01.36 | Mem:5.69M, Peak:7.04M | Scene, ViewLayer | Updating Mesh | Computing normals
Fra:72 Mem:205.98M (Peak 295.29M) | Time:00:01.36 | Mem:5.69M, Peak:7.04M | Scene, ViewLayer | Updating Mesh | Copying Mesh to device
Fra:72 Mem:205.98M (Peak 295.29M) | Time:00:01.36 | Mem:7.04M, Peak:7.04M | Scene, ViewLayer | Updating Objects Flags
Fra:72 Mem:205.98M (Peak 295.29M) | Time:00:01.43 | Mem:7.04M, Peak:7.04M | Scene, ViewLayer | Updating Primitive Offsets
Fra:72 Mem:205.98M (Peak 295.29M) | Time:00:01.43 | Mem:7.04M, Peak:7.04M | Scene, ViewLayer | Updating Images
Fra:72 Mem:200.67M (Peak 295.29M) | Time:00:01.44 | Mem:1.73M, Peak:7.04M | Scene, ViewLayer | Updating Images | Loading density
Fra:72 Mem:205.98M (Peak 295.29M) | Time:00:01.44 | Mem:7.04M, Peak:7.04M | Scene, ViewLayer | Updating Camera Volume
Fra:72 Mem:205.98M (Peak 295.29M) | Time:00:01.44 | Mem:7.04M, Peak:7.04M | Scene, ViewLayer | Updating Lookup Tables
Fra:72 Mem:205.98M (Peak 295.29M) | Time:00:01.44 | Mem:7.04M, Peak:7.04M | Scene, ViewLayer | Updating Lights
Fra:72 Mem:205.98M (Peak 295.29M) | Time:00:01.44 | Mem:7.04M, Peak:7.04M | Scene, ViewLayer | Updating Lights | Computing tree
Fra:72 Mem:205.98M (Peak 295.29M) | Time:00:01.44 | Mem:7.04M, Peak:7.04M | Scene, ViewLayer | Updating Integrator
Fra:72 Mem:205.98M (Peak 295.29M) | Time:00:01.44 | Mem:7.04M, Peak:7.04M | Scene, ViewLayer | Updating Film
Fra:72 Mem:205.98M (Peak 295.29M) | Time:00:01.44 | Mem:7.04M, Peak:7.04M | Scene, ViewLayer | Updating Lookup Tables
Fra:72 Mem:205.98M (Peak 295.29M) | Time:00:01.44 | Mem:7.04M, Peak:7.04M | Scene, ViewLayer | Updating Baking
Fra:72 Mem:205.98M (Peak 295.29M) | Time:00:01.44 | Mem:7.04M, Peak:7.04M | Scene, ViewLayer | Updating Device | Writing constant memory
Fra:72 Mem:205.98M (Peak 295.29M) | Time:00:01.44 | Mem:7.04M, Peak:7.04M | Scene, ViewLayer | Sample 0/24
Fra:72 Mem:205.98M (Peak 295.29M) | Time:00:02.69 | Remaining:00:28.67 | Mem:7.04M, Peak:7.04M | Scene, ViewLayer | Sample 1/24
Fra:72 Mem:205.98M (Peak 295.29M) | Time:00:03.90 | Remaining:00:27.03 | Mem:7.04M, Peak:7.04M | Scene, ViewLayer | Sample 2/24
Fra:72 Mem:241.58M (Peak 295.29M) | Time:00:24.92 | Mem:7.04M, Peak:7.04M | Scene, ViewLayer | Sample 24/24
Fra:72 Mem:241.58M (Peak 295.29M) | Time:00:24.92 | Mem:7.04M, Peak:7.04M | Scene, ViewLayer | Finished
Saved: 'C:\Work\domin8te-build\daysky\out\a\f0072.png'
Time: 00:25.22 (Saving: 00:00.30)

Fra:73 Mem:205.99M (Peak 295.29M) | Time:00:01.28 | Mem:7.04M, Peak:7.04M | Scene, ViewLayer | Synchronizing object | main_vol
Fra:73 Mem:205.90M (Peak 295.29M) | Time:00:01.28 | Mem:7.04M, Peak:7.04M | Scene, ViewLayer | Synchronizing object | t0
Fra:73 Mem:205.84M (Peak 295.29M) | Time:00:01.28 | Mem:7.04M, Peak:7.04M | Scene, ViewLayer | Synchronizing object | near_vol
Fra:73 Mem:205.81M (Peak 295.29M) | Time:00:01.28 | Mem:7.04M, Peak:7.04M | Scene, ViewLayer | Initializing
Fra:73 Mem:205.80M (Peak 295.29M) | Time:00:01.28 | Mem:7.04M, Peak:7.04M | Scene, ViewLayer | Waiting for render to start
Fra:73 Mem:205.80M (Peak 295.29M) | Time:00:01.28 | Mem:7.04M, Peak:7.04M | Scene, ViewLayer | Updating Scene
Fra:73 Mem:205.80M (Peak 295.29M) | Time:00:01.28 | Mem:7.04M, Peak:7.04M | Scene, ViewLayer | Updating Shaders
Fra:73 Mem:205.80M (Peak 295.29M) | Time:00:01.29 | Mem:7.04M, Peak:7.04M | Scene, ViewLayer | Updating Background
Fra:73 Mem:205.80M (Peak 295.29M) | Time:00:01.29 | Mem:7.04M, Peak:7.04M | Scene, ViewLayer | Updating Camera
Fra:73 Mem:205.80M (Peak 295.29M) | Time:00:01.29 | Mem:7.04M, Peak:7.04M | Scene, ViewLayer | Updating Meshes Flags
Fra:73 Mem:205.80M (Peak 295.29M) | Time:00:01.29 | Mem:7.04M, Peak:7.04M | Scene, ViewLayer | Updating Meshes Volume Bounds
Fra:73 Mem:205.80M (Peak 295.29M) | Time:00:01.29 | Mem:7.04M, Peak:7.04M | Scene, ViewLayer | Updating Volume Images
Fra:73 Mem:205.80M (Peak 295.29M) | Time:00:01.29 | Mem:7.04M, Peak:7.04M | Scene, ViewLayer | Updating Mesh | Computing Volume Mesh main_vol
Fra:73 Mem:205.87M (Peak 295.29M) | Time:00:01.33 | Mem:7.04M, Peak:7.04M | Scene, ViewLayer | Updating Mesh | Computing Volume Mesh far_vol
Fra:73 Mem:205.92M (Peak 295.29M) | Time:00:01.35 | Mem:7.04M, Peak:7.04M | Scene, ViewLayer | Updating Mesh | Computing Volume Mesh near_vol
Fra:73 Mem:205.94M (Peak 295.29M) | Time:00:01.36 | Mem:7.04M, Peak:7.04M | Scene, ViewLayer | Updating Objects
Fra:73 Mem:205.94M (Peak 295.29M) | Time:00:01.36 | Mem:7.04M, Peak:7.04M | Scene, ViewLayer | Updating Objects | Copying Transformations to device
Fra:73 Mem:205.94M (Peak 295.29M) | Time:00:01.36 | Mem:7.04M, Peak:7.04M | Scene, ViewLayer | Updating Particle Systems
Fra:73 Mem:205.94M (Peak 295.29M) | Time:00:01.36 | Mem:7.04M, Peak:7.04M | Scene, ViewLayer | Updating Meshes
Fra:73 Mem:204.34M (Peak 295.29M) | Time:00:01.36 | Mem:5.40M, Peak:7.04M | Scene, ViewLayer | Updating Objects | Applying Static Transformations
Fra:73 Mem:204.34M (Peak 295.29M) | Time:00:01.36 | Mem:5.40M, Peak:7.04M | Scene, ViewLayer | Updating Mesh | Computing attributes
Fra:73 Mem:204.63M (Peak 295.29M) | Time:00:01.36 | Mem:5.40M, Peak:7.04M | Scene, ViewLayer | Updating Mesh | Copying Attributes to device
Fra:73 Mem:204.63M (Peak 295.29M) | Time:00:01.37 | Mem:5.69M, Peak:7.04M | Scene, ViewLayer | Updating Geometry BVH far_vol 3/4 | Building BVH
Fra:73 Mem:204.63M (Peak 295.29M) | Time:00:01.37 | Mem:5.69M, Peak:7.04M | Scene, ViewLayer | Updating Geometry BVH t0 5/4 | Building BVH
Fra:73 Mem:204.63M (Peak 295.29M) | Time:00:01.37 | Mem:5.69M, Peak:7.04M | Scene, ViewLayer | Updating Geometry BVH t0 5/4 | Building OptiX acceleration structure
Fra:73 Mem:204.63M (Peak 295.29M) | Time:00:01.40 | Mem:5.69M, Peak:7.04M | Scene, ViewLayer | Updating Scene BVH | Building
Fra:73 Mem:204.63M (Peak 295.29M) | Time:00:01.40 | Mem:5.69M, Peak:7.04M | Scene, ViewLayer | Updating Scene BVH | Building OptiX acceleration structure
Fra:73 Mem:204.63M (Peak 295.29M) | Time:00:01.40 | Mem:5.69M, Peak:7.04M | Scene, ViewLayer | Updating Scene BVH | Building BVH
Fra:73 Mem:204.63M (Peak 295.29M) | Time:00:01.40 | Mem:5.69M, Peak:7.04M | Scene, ViewLayer | Updating Scene BVH | Building BVH 0%
Fra:73 Mem:204.63M (Peak 295.29M) | Time:00:01.42 | Mem:5.69M, Peak:7.04M | Scene, ViewLayer | Updating Scene BVH | Copying BVH to device
Fra:73 Mem:204.63M (Peak 295.29M) | Time:00:01.42 | Mem:5.69M, Peak:7.04M | Scene, ViewLayer | Updating Mesh | Computing normals
Fra:73 Mem:205.98M (Peak 295.29M) | Time:00:01.42 | Mem:5.69M, Peak:7.04M | Scene, ViewLayer | Updating Mesh | Copying Mesh to device
Fra:73 Mem:205.98M (Peak 295.29M) | Time:00:01.43 | Mem:7.04M, Peak:7.04M | Scene, ViewLayer | Updating Objects Flags
Fra:73 Mem:205.98M (Peak 295.29M) | Time:00:01.52 | Mem:7.04M, Peak:7.04M | Scene, ViewLayer | Updating Primitive Offsets
Fra:73 Mem:205.98M (Peak 295.29M) | Time:00:01.52 | Mem:7.04M, Peak:7.04M | Scene, ViewLayer | Updating Images
Fra:73 Mem:202.85M (Peak 295.29M) | Time:00:01.52 | Mem:7.04M, Peak:7.04M | Scene, ViewLayer | Updating Images | Loading density
Fra:73 Mem:205.98M (Peak 295.29M) | Time:00:01.52 | Mem:7.04M, Peak:9.22M | Scene, ViewLayer | Updating Camera Volume
Fra:73 Mem:205.98M (Peak 295.29M) | Time:00:01.52 | Mem:7.04M, Peak:9.22M | Scene, ViewLayer | Updating Lookup Tables
Fra:73 Mem:205.98M (Peak 295.29M) | Time:00:01.52 | Mem:7.04M, Peak:9.22M | Scene, ViewLayer | Updating Lights
Fra:73 Mem:205.98M (Peak 295.29M) | Time:00:01.52 | Mem:7.04M, Peak:9.22M | Scene, ViewLayer | Updating Lights | Computing tree
Fra:73 Mem:205.98M (Peak 295.29M) | Time:00:01.53 | Mem:7.04M, Peak:9.22M | Scene, ViewLayer | Updating Integrator
Fra:73 Mem:205.98M (Peak 295.29M) | Time:00:01.53 | Mem:7.04M, Peak:9.22M | Scene, ViewLayer | Updating Film
Fra:73 Mem:205.98M (Peak 295.29M) | Time:00:01.53 | Mem:7.04M, Peak:9.22M | Scene, ViewLayer | Updating Lookup Tables
Fra:73 Mem:205.98M (Peak 295.29M) | Time:00:01.53 | Mem:7.04M, Peak:9.22M | Scene, ViewLayer | Updating Baking
Fra:73 Mem:205.98M (Peak 295.29M) | Time:00:01.53 | Mem:7.04M, Peak:9.22M | Scene, ViewLayer | Updating Device | Writing constant memory
Fra:73 Mem:205.98M (Peak 295.29M) | Time:00:01.53 | Mem:7.04M, Peak:9.22M | Scene, ViewLayer | Sample 0/24
Fra:73 Mem:205.98M (Peak 295.29M) | Time:00:03.12 | Remaining:00:36.62 | Mem:7.04M, Peak:9.22M | Scene, ViewLayer | Sample 1/24
Fra:73 Mem:205.98M (Peak 295.29M) | Time:00:04.47 | Remaining:00:32.31 | Mem:7.04M, Peak:9.22M | Scene, ViewLayer | Sample 2/24
Fra:73 Mem:205.98M (Peak 295.29M) | Time:00:20.51 | Remaining:00:06.32 | Mem:7.04M, Peak:9.22M | Scene, ViewLayer | Sample 18/24
Fra:73 Mem:241.58M (Peak 295.29M) | Time:00:26.49 | Mem:7.04M, Peak:9.22M | Scene, ViewLayer | Sample 24/24
Fra:73 Mem:241.58M (Peak 295.29M) | Time:00:26.49 | Mem:7.04M, Peak:9.22M | Scene, ViewLayer | Finished
Saved: 'C:\Work\domin8te-build\daysky\out\a\f0073.png'
Time: 00:26.82 (Saving: 00:00.32)

Fra:74 Mem:205.99M (Peak 295.29M) | Time:00:01.14 | Mem:7.04M, Peak:7.04M | Scene, ViewLayer | Synchronizing object | t0
Fra:74 Mem:207.04M (Peak 295.29M) | Time:00:01.14 | Mem:7.04M, Peak:7.04M | Scene, ViewLayer | Synchronizing object | main_vol
Fra:74 Mem:207.33M (Peak 295.29M) | Time:00:01.14 | Mem:7.04M, Peak:7.04M | Scene, ViewLayer | Synchronizing object | far_vol
Fra:74 Mem:207.27M (Peak 295.29M) | Time:00:01.14 | Mem:7.04M, Peak:7.04M | Scene, ViewLayer | Synchronizing object | near_vol
Fra:74 Mem:205.81M (Peak 295.29M) | Time:00:01.14 | Mem:7.04M, Peak:7.04M | Scene, ViewLayer | Initializing
Fra:74 Mem:205.80M (Peak 295.29M) | Time:00:01.14 | Mem:7.04M, Peak:7.04M | Scene, ViewLayer | Waiting for render to start
Fra:74 Mem:205.80M (Peak 295.29M) | Time:00:01.14 | Mem:7.04M, Peak:7.04M | Scene, ViewLayer | Updating Scene
Fra:74 Mem:205.80M (Peak 295.29M) | Time:00:01.14 | Mem:7.04M, Peak:7.04M | Scene, ViewLayer | Updating Shaders
Fra:74 Mem:205.80M (Peak 295.29M) | Time:00:01.14 | Mem:7.04M, Peak:7.04M | Scene, ViewLayer | Updating Background
Fra:74 Mem:205.80M (Peak 295.29M) | Time:00:01.14 | Mem:7.04M, Peak:7.04M | Scene, ViewLayer | Updating Camera
Fra:74 Mem:205.80M (Peak 295.29M) | Time:00:01.14 | Mem:7.04M, Peak:7.04M | Scene, ViewLayer | Updating Meshes Flags
Fra:74 Mem:205.80M (Peak 295.29M) | Time:00:01.14 | Mem:7.04M, Peak:7.04M | Scene, ViewLayer | Updating Meshes Volume Bounds
Fra:74 Mem:205.80M (Peak 295.29M) | Time:00:01.14 | Mem:7.04M, Peak:7.04M | Scene, ViewLayer | Updating Volume Images
Fra:74 Mem:205.80M (Peak 295.29M) | Time:00:01.14 | Mem:7.04M, Peak:7.04M | Scene, ViewLayer | Updating Mesh | Computing Volume Mesh main_vol
Fra:74 Mem:205.87M (Peak 295.29M) | Time:00:01.18 | Mem:7.04M, Peak:7.04M | Scene, ViewLayer | Updating Mesh | Computing Volume Mesh far_vol
Fra:74 Mem:205.92M (Peak 295.29M) | Time:00:01.21 | Mem:7.04M, Peak:7.04M | Scene, ViewLayer | Updating Mesh | Computing Volume Mesh near_vol
Fra:74 Mem:205.94M (Peak 295.29M) | Time:00:01.22 | Mem:7.04M, Peak:7.04M | Scene, ViewLayer | Updating Objects
Fra:74 Mem:205.94M (Peak 295.29M) | Time:00:01.22 | Mem:7.04M, Peak:7.04M | Scene, ViewLayer | Updating Objects | Copying Transformations to device
Fra:74 Mem:205.94M (Peak 295.29M) | Time:00:01.22 | Mem:7.04M, Peak:7.04M | Scene, ViewLayer | Updating Particle Systems
Fra:74 Mem:205.94M (Peak 295.29M) | Time:00:01.22 | Mem:7.04M, Peak:7.04M | Scene, ViewLayer | Updating Meshes
Fra:74 Mem:204.34M (Peak 295.29M) | Time:00:01.22 | Mem:5.40M, Peak:7.04M | Scene, ViewLayer | Updating Objects | Applying Static Transformations
Fra:74 Mem:204.34M (Peak 295.29M) | Time:00:01.22 | Mem:5.40M, Peak:7.04M | Scene, ViewLayer | Updating Mesh | Computing attributes
Fra:74 Mem:204.63M (Peak 295.29M) | Time:00:01.22 | Mem:5.40M, Peak:7.04M | Scene, ViewLayer | Updating Mesh | Copying Attributes to device
Fra:74 Mem:204.63M (Peak 295.29M) | Time:00:01.22 | Mem:5.69M, Peak:7.04M | Scene, ViewLayer | Updating Geometry BVH t0 5/4 | Building BVH
Fra:74 Mem:204.63M (Peak 295.29M) | Time:00:01.22 | Mem:5.69M, Peak:7.04M | Scene, ViewLayer | Updating Geometry BVH t0 5/4 | Building OptiX acceleration structure
Fra:74 Mem:205.48M (Peak 295.29M) | Time:00:01.22 | Mem:5.69M, Peak:7.04M | Scene, ViewLayer | Updating Geometry BVH main_vol 2/4 | Building BVH
Fra:74 Mem:205.48M (Peak 295.29M) | Time:00:01.22 | Mem:5.69M, Peak:7.04M | Scene, ViewLayer | Updating Geometry BVH far_vol 3/4 | Building BVH
Fra:74 Mem:205.48M (Peak 295.29M) | Time:00:01.22 | Mem:5.69M, Peak:7.04M | Scene, ViewLayer | Updating Geometry BVH near_vol 4/4 | Building BVH
Fra:74 Mem:205.48M (Peak 295.29M) | Time:00:01.22 | Mem:5.69M, Peak:7.04M | Scene, ViewLayer | Updating Geometry BVH near_vol 4/4 | Building OptiX acceleration structure
Fra:74 Mem:204.63M (Peak 295.29M) | Time:00:01.23 | Mem:5.69M, Peak:7.04M | Scene, ViewLayer | Updating Scene BVH | Building
Fra:74 Mem:204.63M (Peak 295.29M) | Time:00:01.23 | Mem:5.69M, Peak:7.04M | Scene, ViewLayer | Updating Scene BVH | Building OptiX acceleration structure
Fra:74 Mem:204.63M (Peak 295.29M) | Time:00:01.23 | Mem:5.69M, Peak:7.04M | Scene, ViewLayer | Updating Scene BVH | Building BVH
Fra:74 Mem:204.63M (Peak 295.29M) | Time:00:01.23 | Mem:5.69M, Peak:7.04M | Scene, ViewLayer | Updating Scene BVH | Building BVH 0%
Fra:74 Mem:204.63M (Peak 295.29M) | Time:00:01.25 | Mem:5.69M, Peak:7.04M | Scene, ViewLayer | Updating Scene BVH | Copying BVH to device
Fra:74 Mem:204.63M (Peak 295.29M) | Time:00:01.25 | Mem:5.69M, Peak:7.04M | Scene, ViewLayer | Updating Mesh | Computing normals
Fra:74 Mem:205.98M (Peak 295.29M) | Time:00:01.25 | Mem:5.69M, Peak:7.04M | Scene, ViewLayer | Updating Mesh | Copying Mesh to device
Fra:74 Mem:205.98M (Peak 295.29M) | Time:00:01.25 | Mem:7.04M, Peak:7.04M | Scene, ViewLayer | Updating Objects Flags
Fra:74 Mem:205.98M (Peak 295.29M) | Time:00:01.34 | Mem:7.04M, Peak:7.04M | Scene, ViewLayer | Updating Primitive Offsets
Fra:74 Mem:205.98M (Peak 295.29M) | Time:00:01.34 | Mem:7.04M, Peak:7.04M | Scene, ViewLayer | Updating Images
Fra:74 Mem:200.67M (Peak 295.29M) | Time:00:01.35 | Mem:1.73M, Peak:7.04M | Scene, ViewLayer | Updating Images | Loading density
Fra:74 Mem:205.98M (Peak 295.29M) | Time:00:01.35 | Mem:7.04M, Peak:7.04M | Scene, ViewLayer | Updating Camera Volume
Fra:74 Mem:205.98M (Peak 295.29M) | Time:00:01.35 | Mem:7.04M, Peak:7.04M | Scene, ViewLayer | Updating Lookup Tables
Fra:74 Mem:205.98M (Peak 295.29M) | Time:00:01.35 | Mem:7.04M, Peak:7.04M | Scene, ViewLayer | Updating Lights
Fra:74 Mem:205.98M (Peak 295.29M) | Time:00:01.35 | Mem:7.04M, Peak:7.04M | Scene, ViewLayer | Updating Lights | Computing tree
Fra:74 Mem:205.98M (Peak 295.29M) | Time:00:01.35 | Mem:7.04M, Peak:7.04M | Scene, ViewLayer | Updating Integrator
Fra:74 Mem:205.98M (Peak 295.29M) | Time:00:01.36 | Mem:7.04M, Peak:7.04M | Scene, ViewLayer | Updating Film
Fra:74 Mem:205.98M (Peak 295.29M) | Time:00:01.36 | Mem:7.04M, Peak:7.04M | Scene, ViewLayer | Updating Lookup Tables
Fra:74 Mem:205.98M (Peak 295.29M) | Time:00:01.36 | Mem:7.04M, Peak:7.04M | Scene, ViewLayer | Updating Baking
Fra:74 Mem:205.98M (Peak 295.29M) | Time:00:01.36 | Mem:7.04M, Peak:7.04M | Scene, ViewLayer | Updating Device | Writing constant memory
Fra:74 Mem:205.98M (Peak 295.29M) | Time:00:01.36 | Mem:7.04M, Peak:7.04M | Scene, ViewLayer | Sample 0/24
Fra:74 Mem:205.98M (Peak 295.29M) | Time:00:02.53 | Remaining:00:26.92 | Mem:7.04M, Peak:7.04M | Scene, ViewLayer | Sample 1/24
Fra:74 Mem:205.98M (Peak 295.29M) | Time:00:03.72 | Remaining:00:26.05 | Mem:7.04M, Peak:7.04M | Scene, ViewLayer | Sample 2/24
Fra:74 Mem:241.58M (Peak 295.29M) | Time:00:24.22 | Mem:7.04M, Peak:7.04M | Scene, ViewLayer | Sample 24/24
Fra:74 Mem:241.58M (Peak 295.29M) | Time:00:24.22 | Mem:7.04M, Peak:7.04M | Scene, ViewLayer | Finished
Saved: 'C:\Work\domin8te-build\daysky\out\a\f0074.png'
Time: 00:24.67 (Saving: 00:00.44)

Fra:75 Mem:205.99M (Peak 295.29M) | Time:00:01.28 | Mem:7.04M, Peak:7.04M | Scene, ViewLayer | Synchronizing object | t0
Fra:75 Mem:207.04M (Peak 295.29M) | Time:00:01.28 | Mem:7.04M, Peak:7.04M | Scene, ViewLayer | Synchronizing object | main_vol
Fra:75 Mem:206.95M (Peak 295.29M) | Time:00:01.28 | Mem:7.04M, Peak:7.04M | Scene, ViewLayer | Synchronizing object | far_vol
Fra:75 Mem:206.89M (Peak 295.29M) | Time:00:01.28 | Mem:7.04M, Peak:7.04M | Scene, ViewLayer | Synchronizing object | near_vol
Fra:75 Mem:205.81M (Peak 295.29M) | Time:00:01.29 | Mem:7.04M, Peak:7.04M | Scene, ViewLayer | Initializing
Fra:75 Mem:205.80M (Peak 295.29M) | Time:00:01.29 | Mem:7.04M, Peak:7.04M | Scene, ViewLayer | Waiting for render to start
Fra:75 Mem:205.80M (Peak 295.29M) | Time:00:01.29 | Mem:7.04M, Peak:7.04M | Scene, ViewLayer | Updating Scene
Fra:75 Mem:205.80M (Peak 295.29M) | Time:00:01.29 | Mem:7.04M, Peak:7.04M | Scene, ViewLayer | Updating Shaders
Fra:75 Mem:205.80M (Peak 295.29M) | Time:00:01.29 | Mem:7.04M, Peak:7.04M | Scene, ViewLayer | Updating Background
Fra:75 Mem:205.80M (Peak 295.29M) | Time:00:01.29 | Mem:7.04M, Peak:7.04M | Scene, ViewLayer | Updating Camera
Fra:75 Mem:205.80M (Peak 295.29M) | Time:00:01.29 | Mem:7.04M, Peak:7.04M | Scene, ViewLayer | Updating Meshes Flags
Fra:75 Mem:205.80M (Peak 295.29M) | Time:00:01.29 | Mem:7.04M, Peak:7.04M | Scene, ViewLayer | Updating Meshes Volume Bounds
Fra:75 Mem:205.80M (Peak 295.29M) | Time:00:01.29 | Mem:7.04M, Peak:7.04M | Scene, ViewLayer | Updating Volume Images
Fra:75 Mem:205.80M (Peak 295.29M) | Time:00:01.29 | Mem:7.04M, Peak:7.04M | Scene, ViewLayer | Updating Mesh | Computing Volume Mesh main_vol
Fra:75 Mem:205.87M (Peak 295.29M) | Time:00:01.32 | Mem:7.04M, Peak:7.04M | Scene, ViewLayer | Updating Mesh | Computing Volume Mesh far_vol
Fra:75 Mem:205.92M (Peak 295.29M) | Time:00:01.34 | Mem:7.04M, Peak:7.04M | Scene, ViewLayer | Updating Mesh | Computing Volume Mesh near_vol
Fra:75 Mem:205.94M (Peak 295.29M) | Time:00:01.35 | Mem:7.04M, Peak:7.04M | Scene, ViewLayer | Updating Objects
Fra:75 Mem:205.94M (Peak 295.29M) | Time:00:01.35 | Mem:7.04M, Peak:7.04M | Scene, ViewLayer | Updating Objects | Copying Transformations to device
Fra:75 Mem:205.94M (Peak 295.29M) | Time:00:01.35 | Mem:7.04M, Peak:7.04M | Scene, ViewLayer | Updating Particle Systems
Fra:75 Mem:205.94M (Peak 295.29M) | Time:00:01.35 | Mem:7.04M, Peak:7.04M | Scene, ViewLayer | Updating Meshes
Fra:75 Mem:204.34M (Peak 295.29M) | Time:00:01.35 | Mem:5.40M, Peak:7.04M | Scene, ViewLayer | Updating Objects | Applying Static Transformations
Fra:75 Mem:204.34M (Peak 295.29M) | Time:00:01.35 | Mem:5.40M, Peak:7.04M | Scene, ViewLayer | Updating Mesh | Computing attributes
Fra:75 Mem:204.63M (Peak 295.29M) | Time:00:01.35 | Mem:5.40M, Peak:7.04M | Scene, ViewLayer | Updating Mesh | Copying Attributes to device
Fra:75 Mem:204.63M (Peak 295.29M) | Time:00:01.35 | Mem:5.69M, Peak:7.04M | Scene, ViewLayer | Updating Geometry BVH t0 5/4 | Building BVH
Fra:75 Mem:204.63M (Peak 295.29M) | Time:00:01.36 | Mem:5.69M, Peak:7.04M | Scene, ViewLayer | Updating Geometry BVH t0 5/4 | Building OptiX acceleration structure
Fra:75 Mem:205.48M (Peak 295.29M) | Time:00:01.36 | Mem:5.69M, Peak:7.04M | Scene, ViewLayer | Updating Geometry BVH main_vol 2/4 | Building BVH
Fra:75 Mem:205.48M (Peak 295.29M) | Time:00:01.36 | Mem:5.69M, Peak:7.04M | Scene, ViewLayer | Updating Geometry BVH far_vol 3/4 | Building BVH
Fra:75 Mem:205.48M (Peak 295.29M) | Time:00:01.36 | Mem:5.69M, Peak:7.04M | Scene, ViewLayer | Updating Geometry BVH far_vol 3/4 | Building OptiX acceleration structure
Fra:75 Mem:205.57M (Peak 295.29M) | Time:00:01.36 | Mem:5.69M, Peak:7.04M | Scene, ViewLayer | Updating Geometry BVH near_vol 4/4 | Building BVH
Fra:75 Mem:205.19M (Peak 295.29M) | Time:00:01.36 | Mem:5.69M, Peak:7.04M | Scene, ViewLayer | Updating Geometry BVH near_vol 4/4 | Building OptiX acceleration structure
Fra:75 Mem:204.63M (Peak 295.29M) | Time:00:01.36 | Mem:5.69M, Peak:7.04M | Scene, ViewLayer | Updating Scene BVH | Building
Fra:75 Mem:204.63M (Peak 295.29M) | Time:00:01.36 | Mem:5.69M, Peak:7.04M | Scene, ViewLayer | Updating Scene BVH | Building OptiX acceleration structure
Fra:75 Mem:204.63M (Peak 295.29M) | Time:00:01.36 | Mem:5.69M, Peak:7.04M | Scene, ViewLayer | Updating Scene BVH | Building BVH
Fra:75 Mem:204.63M (Peak 295.29M) | Time:00:01.36 | Mem:5.69M, Peak:7.04M | Scene, ViewLayer | Updating Scene BVH | Building BVH 0%
Fra:75 Mem:204.63M (Peak 295.29M) | Time:00:01.38 | Mem:5.69M, Peak:7.04M | Scene, ViewLayer | Updating Scene BVH | Copying BVH to device
Fra:75 Mem:204.63M (Peak 295.29M) | Time:00:01.38 | Mem:5.69M, Peak:7.04M | Scene, ViewLayer | Updating Mesh | Computing normals
Fra:75 Mem:205.98M (Peak 295.29M) | Time:00:01.38 | Mem:5.69M, Peak:7.04M | Scene, ViewLayer | Updating Mesh | Copying Mesh to device
Fra:75 Mem:205.98M (Peak 295.29M) | Time:00:01.38 | Mem:7.04M, Peak:7.04M | Scene, ViewLayer | Updating Objects Flags
Fra:75 Mem:205.98M (Peak 295.29M) | Time:00:01.45 | Mem:7.04M, Peak:7.04M | Scene, ViewLayer | Updating Primitive Offsets
Fra:75 Mem:205.98M (Peak 295.29M) | Time:00:01.45 | Mem:7.04M, Peak:7.04M | Scene, ViewLayer | Updating Images
Fra:75 Mem:202.85M (Peak 295.29M) | Time:00:01.45 | Mem:7.04M, Peak:7.04M | Scene, ViewLayer | Updating Images | Loading density
Fra:75 Mem:205.98M (Peak 295.29M) | Time:00:01.46 | Mem:7.04M, Peak:8.44M | Scene, ViewLayer | Updating Camera Volume
Fra:75 Mem:205.98M (Peak 295.29M) | Time:00:01.46 | Mem:7.04M, Peak:8.44M | Scene, ViewLayer | Updating Lookup Tables
Fra:75 Mem:205.98M (Peak 295.29M) | Time:00:01.46 | Mem:7.04M, Peak:8.44M | Scene, ViewLayer | Updating Lights
Fra:75 Mem:205.98M (Peak 295.29M) | Time:00:01.46 | Mem:7.04M, Peak:8.44M | Scene, ViewLayer | Updating Lights | Computing tree
Fra:75 Mem:205.98M (Peak 295.29M) | Time:00:01.46 | Mem:7.04M, Peak:8.44M | Scene, ViewLayer | Updating Integrator
Fra:75 Mem:205.98M (Peak 295.29M) | Time:00:01.46 | Mem:7.04M, Peak:8.44M | Scene, ViewLayer | Updating Film
Fra:75 Mem:205.98M (Peak 295.29M) | Time:00:01.46 | Mem:7.04M, Peak:8.44M | Scene, ViewLayer | Updating Lookup Tables
Fra:75 Mem:205.98M (Peak 295.29M) | Time:00:01.46 | Mem:7.04M, Peak:8.44M | Scene, ViewLayer | Updating Baking
Fra:75 Mem:205.98M (Peak 295.29M) | Time:00:01.46 | Mem:7.04M, Peak:8.44M | Scene, ViewLayer | Updating Device | Writing constant memory
Fra:75 Mem:205.98M (Peak 295.29M) | Time:00:01.46 | Mem:7.04M, Peak:8.44M | Scene, ViewLayer | Sample 0/24
Fra:75 Mem:205.98M (Peak 295.29M) | Time:00:02.71 | Remaining:00:28.64 | Mem:7.04M, Peak:8.44M | Scene, ViewLayer | Sample 1/24
Fra:75 Mem:205.98M (Peak 295.29M) | Time:00:03.71 | Remaining:00:24.68 | Mem:7.04M, Peak:8.44M | Scene, ViewLayer | Sample 2/24
Fra:75 Mem:241.58M (Peak 295.29M) | Time:00:25.07 | Mem:7.04M, Peak:8.44M | Scene, ViewLayer | Sample 24/24
Fra:75 Mem:241.58M (Peak 295.29M) | Time:00:25.07 | Mem:7.04M, Peak:8.44M | Scene, ViewLayer | Finished
Saved: 'C:\Work\domin8te-build\daysky\out\a\f0075.png'
Time: 00:25.38 (Saving: 00:00.31)

Fra:76 Mem:205.99M (Peak 295.29M) | Time:00:01.09 | Mem:7.04M, Peak:7.04M | Scene, ViewLayer | Synchronizing object | t0
Fra:76 Mem:205.99M (Peak 295.29M) | Time:00:01.09 | Mem:7.04M, Peak:7.04M | Scene, ViewLayer | Synchronizing object | near_vol
Fra:76 Mem:205.96M (Peak 295.29M) | Time:00:01.09 | Mem:7.04M, Peak:7.04M | Scene, ViewLayer | Synchronizing object | far_vol
Fra:76 Mem:205.90M (Peak 295.29M) | Time:00:01.09 | Mem:7.04M, Peak:7.04M | Scene, ViewLayer | Synchronizing object | main_vol
Fra:76 Mem:205.81M (Peak 295.29M) | Time:00:01.09 | Mem:7.04M, Peak:7.04M | Scene, ViewLayer | Initializing
Fra:76 Mem:205.80M (Peak 295.29M) | Time:00:01.09 | Mem:7.04M, Peak:7.04M | Scene, ViewLayer | Waiting for render to start
Fra:76 Mem:205.80M (Peak 295.29M) | Time:00:01.09 | Mem:7.04M, Peak:7.04M | Scene, ViewLayer | Updating Scene
Fra:76 Mem:205.80M (Peak 295.29M) | Time:00:01.09 | Mem:7.04M, Peak:7.04M | Scene, ViewLayer | Updating Shaders
Fra:76 Mem:205.80M (Peak 295.29M) | Time:00:01.09 | Mem:7.04M, Peak:7.04M | Scene, ViewLayer | Updating Background
Fra:76 Mem:205.80M (Peak 295.29M) | Time:00:01.09 | Mem:7.04M, Peak:7.04M | Scene, ViewLayer | Updating Camera
Fra:76 Mem:205.80M (Peak 295.29M) | Time:00:01.09 | Mem:7.04M, Peak:7.04M | Scene, ViewLayer | Updating Meshes Flags
Fra:76 Mem:205.80M (Peak 295.29M) | Time:00:01.09 | Mem:7.04M, Peak:7.04M | Scene, ViewLayer | Updating Meshes Volume Bounds
Fra:76 Mem:205.80M (Peak 295.29M) | Time:00:01.09 | Mem:7.04M, Peak:7.04M | Scene, ViewLayer | Updating Volume Images
Fra:76 Mem:205.80M (Peak 295.29M) | Time:00:01.09 | Mem:7.04M, Peak:7.04M | Scene, ViewLayer | Updating Mesh | Computing Volume Mesh main_vol
Fra:76 Mem:205.87M (Peak 295.29M) | Time:00:01.13 | Mem:7.04M, Peak:7.04M | Scene, ViewLayer | Updating Mesh | Computing Volume Mesh far_vol
Fra:76 Mem:205.92M (Peak 295.29M) | Time:00:01.14 | Mem:7.04M, Peak:7.04M | Scene, ViewLayer | Updating Mesh | Computing Volume Mesh near_vol
Fra:76 Mem:205.94M (Peak 295.29M) | Time:00:01.15 | Mem:7.04M, Peak:7.04M | Scene, ViewLayer | Updating Objects
Fra:76 Mem:205.94M (Peak 295.29M) | Time:00:01.15 | Mem:7.04M, Peak:7.04M | Scene, ViewLayer | Updating Objects | Copying Transformations to device
Fra:76 Mem:205.94M (Peak 295.29M) | Time:00:01.15 | Mem:7.04M, Peak:7.04M | Scene, ViewLayer | Updating Particle Systems
Fra:76 Mem:205.94M (Peak 295.29M) | Time:00:01.15 | Mem:7.04M, Peak:7.04M | Scene, ViewLayer | Updating Meshes
Fra:76 Mem:204.34M (Peak 295.29M) | Time:00:01.15 | Mem:5.40M, Peak:7.04M | Scene, ViewLayer | Updating Objects | Applying Static Transformations
Fra:76 Mem:204.34M (Peak 295.29M) | Time:00:01.16 | Mem:5.40M, Peak:7.04M | Scene, ViewLayer | Updating Mesh | Computing attributes
Fra:76 Mem:204.63M (Peak 295.29M) | Time:00:01.16 | Mem:5.40M, Peak:7.04M | Scene, ViewLayer | Updating Mesh | Copying Attributes to device
Fra:76 Mem:204.63M (Peak 295.29M) | Time:00:01.16 | Mem:5.69M, Peak:7.04M | Scene, ViewLayer | Updating Geometry BVH t0 5/4 | Building BVH
Fra:76 Mem:204.63M (Peak 295.29M) | Time:00:01.16 | Mem:5.69M, Peak:7.04M | Scene, ViewLayer | Updating Geometry BVH t0 5/4 | Building OptiX acceleration structure
Fra:76 Mem:205.48M (Peak 295.29M) | Time:00:01.16 | Mem:5.69M, Peak:7.04M | Scene, ViewLayer | Updating Geometry BVH main_vol 2/4 | Building BVH
Fra:76 Mem:205.48M (Peak 295.29M) | Time:00:01.16 | Mem:5.69M, Peak:7.04M | Scene, ViewLayer | Updating Geometry BVH far_vol 3/4 | Building BVH
Fra:76 Mem:205.48M (Peak 295.29M) | Time:00:01.16 | Mem:5.69M, Peak:7.04M | Scene, ViewLayer | Updating Geometry BVH near_vol 4/4 | Building OptiX acceleration structure
Fra:76 Mem:204.63M (Peak 295.29M) | Time:00:01.16 | Mem:5.69M, Peak:7.04M | Scene, ViewLayer | Updating Scene BVH | Building
Fra:76 Mem:204.63M (Peak 295.29M) | Time:00:01.16 | Mem:5.69M, Peak:7.04M | Scene, ViewLayer | Updating Scene BVH | Building OptiX acceleration structure
Fra:76 Mem:204.63M (Peak 295.29M) | Time:00:01.16 | Mem:5.69M, Peak:7.04M | Scene, ViewLayer | Updating Scene BVH | Building BVH
Fra:76 Mem:204.63M (Peak 295.29M) | Time:00:01.16 | Mem:5.69M, Peak:7.04M | Scene, ViewLayer | Updating Scene BVH | Building BVH 0%
Fra:76 Mem:204.63M (Peak 295.29M) | Time:00:01.18 | Mem:5.69M, Peak:7.04M | Scene, ViewLayer | Updating Scene BVH | Copying BVH to device
Fra:76 Mem:204.63M (Peak 295.29M) | Time:00:01.18 | Mem:5.69M, Peak:7.04M | Scene, ViewLayer | Updating Mesh | Computing normals
Fra:76 Mem:205.98M (Peak 295.29M) | Time:00:01.18 | Mem:5.69M, Peak:7.04M | Scene, ViewLayer | Updating Mesh | Copying Mesh to device
Fra:76 Mem:205.98M (Peak 295.29M) | Time:00:01.19 | Mem:7.04M, Peak:7.04M | Scene, ViewLayer | Updating Objects Flags
Fra:76 Mem:205.98M (Peak 295.29M) | Time:00:01.27 | Mem:7.04M, Peak:7.04M | Scene, ViewLayer | Updating Primitive Offsets
Fra:76 Mem:205.98M (Peak 295.29M) | Time:00:01.27 | Mem:7.04M, Peak:7.04M | Scene, ViewLayer | Updating Images
Fra:76 Mem:200.67M (Peak 295.29M) | Time:00:01.27 | Mem:1.73M, Peak:7.04M | Scene, ViewLayer | Updating Images | Loading density
Fra:76 Mem:205.98M (Peak 295.29M) | Time:00:01.28 | Mem:7.04M, Peak:7.04M | Scene, ViewLayer | Updating Camera Volume
Fra:76 Mem:205.98M (Peak 295.29M) | Time:00:01.28 | Mem:7.04M, Peak:7.04M | Scene, ViewLayer | Updating Lookup Tables
Fra:76 Mem:205.98M (Peak 295.29M) | Time:00:01.28 | Mem:7.04M, Peak:7.04M | Scene, ViewLayer | Updating Lights
Fra:76 Mem:205.98M (Peak 295.29M) | Time:00:01.28 | Mem:7.04M, Peak:7.04M | Scene, ViewLayer | Updating Lights | Computing tree
Fra:76 Mem:205.98M (Peak 295.29M) | Time:00:01.28 | Mem:7.04M, Peak:7.04M | Scene, ViewLayer | Updating Integrator
Fra:76 Mem:205.98M (Peak 295.29M) | Time:00:01.28 | Mem:7.04M, Peak:7.04M | Scene, ViewLayer | Updating Film
Fra:76 Mem:205.98M (Peak 295.29M) | Time:00:01.28 | Mem:7.04M, Peak:7.04M | Scene, ViewLayer | Updating Lookup Tables
Fra:76 Mem:205.98M (Peak 295.29M) | Time:00:01.28 | Mem:7.04M, Peak:7.04M | Scene, ViewLayer | Updating Baking
Fra:76 Mem:205.98M (Peak 295.29M) | Time:00:01.28 | Mem:7.04M, Peak:7.04M | Scene, ViewLayer | Updating Device | Writing constant memory
Fra:76 Mem:205.98M (Peak 295.29M) | Time:00:01.28 | Mem:7.04M, Peak:7.04M | Scene, ViewLayer | Sample 0/24
Fra:76 Mem:205.98M (Peak 295.29M) | Time:00:02.40 | Remaining:00:25.74 | Mem:7.04M, Peak:7.04M | Scene, ViewLayer | Sample 1/24
Fra:76 Mem:205.98M (Peak 295.29M) | Time:00:03.44 | Remaining:00:23.76 | Mem:7.04M, Peak:7.04M | Scene, ViewLayer | Sample 2/24
Fra:76 Mem:241.58M (Peak 295.29M) | Time:00:23.92 | Mem:7.04M, Peak:7.04M | Scene, ViewLayer | Sample 24/24
Fra:76 Mem:241.58M (Peak 295.29M) | Time:00:23.92 | Mem:7.04M, Peak:7.04M | Scene, ViewLayer | Finished
Saved: 'C:\Work\domin8te-build\daysky\out\a\f0076.png'
Time: 00:24.37 (Saving: 00:00.45)

Fra:77 Mem:205.99M (Peak 295.29M) | Time:00:01.21 | Mem:7.04M, Peak:7.04M | Scene, ViewLayer | Synchronizing object | main_vol
Fra:77 Mem:205.90M (Peak 295.29M) | Time:00:01.21 | Mem:7.04M, Peak:7.04M | Scene, ViewLayer | Synchronizing object | far_vol
Fra:77 Mem:205.84M (Peak 295.29M) | Time:00:01.21 | Mem:7.04M, Peak:7.04M | Scene, ViewLayer | Synchronizing object | near_vol
Fra:77 Mem:205.81M (Peak 295.29M) | Time:00:01.21 | Mem:7.04M, Peak:7.04M | Scene, ViewLayer | Initializing
Fra:77 Mem:205.80M (Peak 295.29M) | Time:00:01.21 | Mem:7.04M, Peak:7.04M | Scene, ViewLayer | Waiting for render to start
Fra:77 Mem:205.80M (Peak 295.29M) | Time:00:01.21 | Mem:7.04M, Peak:7.04M | Scene, ViewLayer | Updating Scene
Fra:77 Mem:205.80M (Peak 295.29M) | Time:00:01.21 | Mem:7.04M, Peak:7.04M | Scene, ViewLayer | Updating Shaders
Fra:77 Mem:205.80M (Peak 295.29M) | Time:00:01.21 | Mem:7.04M, Peak:7.04M | Scene, ViewLayer | Updating Background
Fra:77 Mem:205.80M (Peak 295.29M) | Time:00:01.21 | Mem:7.04M, Peak:7.04M | Scene, ViewLayer | Updating Camera
Fra:77 Mem:205.80M (Peak 295.29M) | Time:00:01.21 | Mem:7.04M, Peak:7.04M | Scene, ViewLayer | Updating Meshes Flags
Fra:77 Mem:205.80M (Peak 295.29M) | Time:00:01.21 | Mem:7.04M, Peak:7.04M | Scene, ViewLayer | Updating Meshes Volume Bounds
Fra:77 Mem:205.80M (Peak 295.29M) | Time:00:01.21 | Mem:7.04M, Peak:7.04M | Scene, ViewLayer | Updating Volume Images
Fra:77 Mem:205.80M (Peak 295.29M) | Time:00:01.21 | Mem:7.04M, Peak:7.04M | Scene, ViewLayer | Updating Mesh | Computing Volume Mesh main_vol
Fra:77 Mem:205.87M (Peak 295.29M) | Time:00:01.24 | Mem:7.04M, Peak:7.04M | Scene, ViewLayer | Updating Mesh | Computing Volume Mesh far_vol
Fra:77 Mem:205.92M (Peak 295.29M) | Time:00:01.26 | Mem:7.04M, Peak:7.04M | Scene, ViewLayer | Updating Mesh | Computing Volume Mesh near_vol
Fra:77 Mem:205.94M (Peak 295.29M) | Time:00:01.26 | Mem:7.04M, Peak:7.04M | Scene, ViewLayer | Updating Objects
Fra:77 Mem:205.94M (Peak 295.29M) | Time:00:01.26 | Mem:7.04M, Peak:7.04M | Scene, ViewLayer | Updating Objects | Copying Transformations to device
Fra:77 Mem:205.94M (Peak 295.29M) | Time:00:01.26 | Mem:7.04M, Peak:7.04M | Scene, ViewLayer | Updating Particle Systems
Fra:77 Mem:205.94M (Peak 295.29M) | Time:00:01.26 | Mem:7.04M, Peak:7.04M | Scene, ViewLayer | Updating Meshes
Fra:77 Mem:204.34M (Peak 295.29M) | Time:00:01.26 | Mem:5.40M, Peak:7.04M | Scene, ViewLayer | Updating Objects | Applying Static Transformations
Fra:77 Mem:204.34M (Peak 295.29M) | Time:00:01.26 | Mem:5.40M, Peak:7.04M | Scene, ViewLayer | Updating Mesh | Computing attributes
Fra:77 Mem:204.63M (Peak 295.29M) | Time:00:01.26 | Mem:5.40M, Peak:7.04M | Scene, ViewLayer | Updating Mesh | Copying Attributes to device
Fra:77 Mem:204.63M (Peak 295.29M) | Time:00:01.26 | Mem:5.69M, Peak:7.04M | Scene, ViewLayer | Updating Geometry BVH t0 5/4 | Building BVH
Fra:77 Mem:204.63M (Peak 295.29M) | Time:00:01.26 | Mem:5.69M, Peak:7.04M | Scene, ViewLayer | Updating Geometry BVH t0 5/4 | Building OptiX acceleration structure
Fra:77 Mem:205.48M (Peak 295.29M) | Time:00:01.26 | Mem:5.69M, Peak:7.04M | Scene, ViewLayer | Updating Geometry BVH main_vol 2/4 | Building BVH
Fra:77 Mem:205.48M (Peak 295.29M) | Time:00:01.27 | Mem:5.69M, Peak:7.04M | Scene, ViewLayer | Updating Geometry BVH far_vol 3/4 | Building BVH
Fra:77 Mem:205.48M (Peak 295.29M) | Time:00:01.27 | Mem:5.69M, Peak:7.04M | Scene, ViewLayer | Updating Geometry BVH far_vol 3/4 | Building OptiX acceleration structure
Fra:77 Mem:205.57M (Peak 295.29M) | Time:00:01.27 | Mem:5.69M, Peak:7.04M | Scene, ViewLayer | Updating Geometry BVH near_vol 4/4 | Building BVH
Fra:77 Mem:205.57M (Peak 295.29M) | Time:00:01.27 | Mem:5.69M, Peak:7.04M | Scene, ViewLayer | Updating Geometry BVH near_vol 4/4 | Building OptiX acceleration structure
Fra:77 Mem:204.63M (Peak 295.29M) | Time:00:01.27 | Mem:5.69M, Peak:7.04M | Scene, ViewLayer | Updating Scene BVH | Building
Fra:77 Mem:204.63M (Peak 295.29M) | Time:00:01.27 | Mem:5.69M, Peak:7.04M | Scene, ViewLayer | Updating Scene BVH | Building OptiX acceleration structure
Fra:77 Mem:204.63M (Peak 295.29M) | Time:00:01.27 | Mem:5.69M, Peak:7.04M | Scene, ViewLayer | Updating Scene BVH | Building BVH
Fra:77 Mem:204.63M (Peak 295.29M) | Time:00:01.27 | Mem:5.69M, Peak:7.04M | Scene, ViewLayer | Updating Scene BVH | Building BVH 0%
Fra:77 Mem:204.63M (Peak 295.29M) | Time:00:01.29 | Mem:5.69M, Peak:7.04M | Scene, ViewLayer | Updating Scene BVH | Copying BVH to device
Fra:77 Mem:204.63M (Peak 295.29M) | Time:00:01.29 | Mem:5.69M, Peak:7.04M | Scene, ViewLayer | Updating Mesh | Computing normals
Fra:77 Mem:205.98M (Peak 295.29M) | Time:00:01.29 | Mem:5.69M, Peak:7.04M | Scene, ViewLayer | Updating Mesh | Copying Mesh to device
Fra:77 Mem:205.98M (Peak 295.29M) | Time:00:01.29 | Mem:7.04M, Peak:7.04M | Scene, ViewLayer | Updating Objects Flags
Fra:77 Mem:205.98M (Peak 295.29M) | Time:00:01.37 | Mem:7.04M, Peak:7.04M | Scene, ViewLayer | Updating Primitive Offsets
Fra:77 Mem:205.98M (Peak 295.29M) | Time:00:01.37 | Mem:7.04M, Peak:7.04M | Scene, ViewLayer | Updating Images
Fra:77 Mem:200.67M (Peak 295.29M) | Time:00:01.37 | Mem:4.86M, Peak:7.04M | Scene, ViewLayer | Updating Images | Loading density
Fra:77 Mem:205.98M (Peak 295.29M) | Time:00:01.37 | Mem:7.04M, Peak:7.04M | Scene, ViewLayer | Updating Camera Volume
Fra:77 Mem:205.98M (Peak 295.29M) | Time:00:01.37 | Mem:7.04M, Peak:7.04M | Scene, ViewLayer | Updating Lookup Tables
Fra:77 Mem:205.98M (Peak 295.29M) | Time:00:01.37 | Mem:7.04M, Peak:7.04M | Scene, ViewLayer | Updating Lights
Fra:77 Mem:205.98M (Peak 295.29M) | Time:00:01.37 | Mem:7.04M, Peak:7.04M | Scene, ViewLayer | Updating Lights | Computing tree
Fra:77 Mem:205.98M (Peak 295.29M) | Time:00:01.37 | Mem:7.04M, Peak:7.04M | Scene, ViewLayer | Updating Integrator
Fra:77 Mem:205.98M (Peak 295.29M) | Time:00:01.37 | Mem:7.04M, Peak:7.04M | Scene, ViewLayer | Updating Film
Fra:77 Mem:205.98M (Peak 295.29M) | Time:00:01.37 | Mem:7.04M, Peak:7.04M | Scene, ViewLayer | Updating Lookup Tables
Fra:77 Mem:205.98M (Peak 295.29M) | Time:00:01.38 | Mem:7.04M, Peak:7.04M | Scene, ViewLayer | Updating Baking
Fra:77 Mem:205.98M (Peak 295.29M) | Time:00:01.38 | Mem:7.04M, Peak:7.04M | Scene, ViewLayer | Updating Device | Writing constant memory
Fra:77 Mem:205.98M (Peak 295.29M) | Time:00:01.38 | Mem:7.04M, Peak:7.04M | Scene, ViewLayer | Sample 0/24
Fra:77 Mem:205.98M (Peak 295.29M) | Time:00:02.61 | Remaining:00:28.41 | Mem:7.04M, Peak:7.04M | Scene, ViewLayer | Sample 1/24
Fra:77 Mem:205.98M (Peak 295.29M) | Time:00:03.57 | Remaining:00:24.11 | Mem:7.04M, Peak:7.04M | Scene, ViewLayer | Sample 2/24
Fra:77 Mem:241.58M (Peak 295.29M) | Time:00:24.83 | Mem:7.04M, Peak:7.04M | Scene, ViewLayer | Sample 24/24
Fra:77 Mem:241.58M (Peak 295.29M) | Time:00:24.83 | Mem:7.04M, Peak:7.04M | Scene, ViewLayer | Finished
Saved: 'C:\Work\domin8te-build\daysky\out\a\f0077.png'
Time: 00:25.27 (Saving: 00:00.44)

Fra:78 Mem:205.99M (Peak 295.29M) | Time:00:01.23 | Mem:7.04M, Peak:7.04M | Scene, ViewLayer | Synchronizing object | t0
Fra:78 Mem:207.04M (Peak 295.29M) | Time:00:01.23 | Mem:7.04M, Peak:7.04M | Scene, ViewLayer | Synchronizing object | main_vol
Fra:78 Mem:206.95M (Peak 295.29M) | Time:00:01.23 | Mem:7.04M, Peak:7.04M | Scene, ViewLayer | Synchronizing object | far_vol
Fra:78 Mem:206.89M (Peak 295.29M) | Time:00:01.24 | Mem:7.04M, Peak:7.04M | Scene, ViewLayer | Synchronizing object | near_vol
Fra:78 Mem:205.81M (Peak 295.29M) | Time:00:01.24 | Mem:7.04M, Peak:7.04M | Scene, ViewLayer | Initializing
Fra:78 Mem:205.80M (Peak 295.29M) | Time:00:01.24 | Mem:7.04M, Peak:7.04M | Scene, ViewLayer | Waiting for render to start
Fra:78 Mem:205.80M (Peak 295.29M) | Time:00:01.24 | Mem:7.04M, Peak:7.04M | Scene, ViewLayer | Updating Scene
Fra:78 Mem:205.80M (Peak 295.29M) | Time:00:01.24 | Mem:7.04M, Peak:7.04M | Scene, ViewLayer | Updating Shaders
Fra:78 Mem:205.80M (Peak 295.29M) | Time:00:01.24 | Mem:7.04M, Peak:7.04M | Scene, ViewLayer | Updating Background
Fra:78 Mem:205.80M (Peak 295.29M) | Time:00:01.24 | Mem:7.04M, Peak:7.04M | Scene, ViewLayer | Updating Camera
Fra:78 Mem:205.80M (Peak 295.29M) | Time:00:01.24 | Mem:7.04M, Peak:7.04M | Scene, ViewLayer | Updating Meshes Flags
Fra:78 Mem:205.80M (Peak 295.29M) | Time:00:01.24 | Mem:7.04M, Peak:7.04M | Scene, ViewLayer | Updating Meshes Volume Bounds
Fra:78 Mem:205.80M (Peak 295.29M) | Time:00:01.24 | Mem:7.04M, Peak:7.04M | Scene, ViewLayer | Updating Volume Images
Fra:78 Mem:205.80M (Peak 295.29M) | Time:00:01.24 | Mem:7.04M, Peak:7.04M | Scene, ViewLayer | Updating Mesh | Computing Volume Mesh main_vol
Fra:78 Mem:205.87M (Peak 295.29M) | Time:00:01.27 | Mem:7.04M, Peak:7.04M | Scene, ViewLayer | Updating Mesh | Computing Volume Mesh far_vol
Fra:78 Mem:205.92M (Peak 295.29M) | Time:00:01.28 | Mem:7.04M, Peak:7.04M | Scene, ViewLayer | Updating Mesh | Computing Volume Mesh near_vol
Fra:78 Mem:205.94M (Peak 295.29M) | Time:00:01.29 | Mem:7.04M, Peak:7.04M | Scene, ViewLayer | Updating Objects
Fra:78 Mem:205.94M (Peak 295.29M) | Time:00:01.29 | Mem:7.04M, Peak:7.04M | Scene, ViewLayer | Updating Objects | Copying Transformations to device
Fra:78 Mem:205.94M (Peak 295.29M) | Time:00:01.29 | Mem:7.04M, Peak:7.04M | Scene, ViewLayer | Updating Particle Systems
Fra:78 Mem:205.94M (Peak 295.29M) | Time:00:01.29 | Mem:7.04M, Peak:7.04M | Scene, ViewLayer | Updating Meshes
Fra:78 Mem:204.34M (Peak 295.29M) | Time:00:01.29 | Mem:5.40M, Peak:7.04M | Scene, ViewLayer | Updating Objects | Applying Static Transformations
Fra:78 Mem:204.34M (Peak 295.29M) | Time:00:01.29 | Mem:5.40M, Peak:7.04M | Scene, ViewLayer | Updating Mesh | Computing attributes
Fra:78 Mem:204.63M (Peak 295.29M) | Time:00:01.29 | Mem:5.40M, Peak:7.04M | Scene, ViewLayer | Updating Mesh | Copying Attributes to device
Fra:78 Mem:204.63M (Peak 295.29M) | Time:00:01.29 | Mem:5.69M, Peak:7.04M | Scene, ViewLayer | Updating Geometry BVH t0 5/4 | Building BVH
Fra:78 Mem:204.63M (Peak 295.29M) | Time:00:01.29 | Mem:5.69M, Peak:7.04M | Scene, ViewLayer | Updating Geometry BVH t0 5/4 | Building OptiX acceleration structure
Fra:78 Mem:205.48M (Peak 295.29M) | Time:00:01.30 | Mem:5.69M, Peak:7.04M | Scene, ViewLayer | Updating Geometry BVH main_vol 2/4 | Building BVH
Fra:78 Mem:205.48M (Peak 295.29M) | Time:00:01.30 | Mem:5.69M, Peak:7.04M | Scene, ViewLayer | Updating Geometry BVH far_vol 3/4 | Building BVH
Fra:78 Mem:205.48M (Peak 295.29M) | Time:00:01.30 | Mem:5.69M, Peak:7.04M | Scene, ViewLayer | Updating Geometry BVH near_vol 4/4 | Building BVH
Fra:78 Mem:204.68M (Peak 295.29M) | Time:00:01.30 | Mem:5.69M, Peak:7.04M | Scene, ViewLayer | Updating Geometry BVH near_vol 4/4 | Building OptiX acceleration structure
Fra:78 Mem:204.63M (Peak 295.29M) | Time:00:01.30 | Mem:5.69M, Peak:7.04M | Scene, ViewLayer | Updating Scene BVH | Building
Fra:78 Mem:204.63M (Peak 295.29M) | Time:00:01.30 | Mem:5.69M, Peak:7.04M | Scene, ViewLayer | Updating Scene BVH | Building OptiX acceleration structure
Fra:78 Mem:204.63M (Peak 295.29M) | Time:00:01.30 | Mem:5.69M, Peak:7.04M | Scene, ViewLayer | Updating Scene BVH | Building BVH
Fra:78 Mem:204.63M (Peak 295.29M) | Time:00:01.30 | Mem:5.69M, Peak:7.04M | Scene, ViewLayer | Updating Scene BVH | Building BVH 0%
Fra:78 Mem:204.63M (Peak 295.29M) | Time:00:01.31 | Mem:5.69M, Peak:7.04M | Scene, ViewLayer | Updating Scene BVH | Copying BVH to device
Fra:78 Mem:204.63M (Peak 295.29M) | Time:00:01.31 | Mem:5.69M, Peak:7.04M | Scene, ViewLayer | Updating Mesh | Computing normals
Fra:78 Mem:205.98M (Peak 295.29M) | Time:00:01.31 | Mem:5.69M, Peak:7.04M | Scene, ViewLayer | Updating Mesh | Copying Mesh to device
Fra:78 Mem:205.98M (Peak 295.29M) | Time:00:01.31 | Mem:7.04M, Peak:7.04M | Scene, ViewLayer | Updating Objects Flags
Fra:78 Mem:205.98M (Peak 295.29M) | Time:00:01.38 | Mem:7.04M, Peak:7.04M | Scene, ViewLayer | Updating Primitive Offsets
Fra:78 Mem:205.98M (Peak 295.29M) | Time:00:01.38 | Mem:7.04M, Peak:7.04M | Scene, ViewLayer | Updating Images
Fra:78 Mem:200.67M (Peak 295.29M) | Time:00:01.39 | Mem:1.73M, Peak:7.04M | Scene, ViewLayer | Updating Images | Loading density
Fra:78 Mem:205.98M (Peak 295.29M) | Time:00:01.40 | Mem:7.04M, Peak:7.04M | Scene, ViewLayer | Updating Camera Volume
Fra:78 Mem:205.98M (Peak 295.29M) | Time:00:01.40 | Mem:7.04M, Peak:7.04M | Scene, ViewLayer | Updating Lookup Tables
Fra:78 Mem:205.98M (Peak 295.29M) | Time:00:01.40 | Mem:7.04M, Peak:7.04M | Scene, ViewLayer | Updating Lights
Fra:78 Mem:205.98M (Peak 295.29M) | Time:00:01.40 | Mem:7.04M, Peak:7.04M | Scene, ViewLayer | Updating Lights | Computing tree
Fra:78 Mem:205.98M (Peak 295.29M) | Time:00:01.40 | Mem:7.04M, Peak:7.04M | Scene, ViewLayer | Updating Integrator
Fra:78 Mem:205.98M (Peak 295.29M) | Time:00:01.40 | Mem:7.04M, Peak:7.04M | Scene, ViewLayer | Updating Film
Fra:78 Mem:205.98M (Peak 295.29M) | Time:00:01.40 | Mem:7.04M, Peak:7.04M | Scene, ViewLayer | Updating Lookup Tables
Fra:78 Mem:205.98M (Peak 295.29M) | Time:00:01.40 | Mem:7.04M, Peak:7.04M | Scene, ViewLayer | Updating Baking
Fra:78 Mem:205.98M (Peak 295.29M) | Time:00:01.40 | Mem:7.04M, Peak:7.04M | Scene, ViewLayer | Updating Device | Writing constant memory
Fra:78 Mem:205.98M (Peak 295.29M) | Time:00:01.40 | Mem:7.04M, Peak:7.04M | Scene, ViewLayer | Sample 0/24
Fra:78 Mem:205.98M (Peak 295.29M) | Time:00:02.71 | Remaining:00:30.16 | Mem:7.04M, Peak:7.04M | Scene, ViewLayer | Sample 1/24
Fra:78 Mem:205.98M (Peak 295.29M) | Time:00:03.80 | Remaining:00:26.47 | Mem:7.04M, Peak:7.04M | Scene, ViewLayer | Sample 2/24
Fra:78 Mem:241.58M (Peak 295.29M) | Time:00:23.63 | Mem:7.04M, Peak:7.04M | Scene, ViewLayer | Sample 24/24
Fra:78 Mem:241.58M (Peak 295.29M) | Time:00:23.63 | Mem:7.04M, Peak:7.04M | Scene, ViewLayer | Finished
Saved: 'C:\Work\domin8te-build\daysky\out\a\f0078.png'
Time: 00:24.17 (Saving: 00:00.53)

Fra:79 Mem:205.99M (Peak 295.29M) | Time:00:01.23 | Mem:7.04M, Peak:7.04M | Scene, ViewLayer | Synchronizing object | main_vol
Fra:79 Mem:205.90M (Peak 295.29M) | Time:00:01.23 | Mem:7.04M, Peak:7.04M | Scene, ViewLayer | Synchronizing object | t0
Fra:79 Mem:205.90M (Peak 295.29M) | Time:00:01.23 | Mem:7.04M, Peak:7.04M | Scene, ViewLayer | Synchronizing object | far_vol
Fra:79 Mem:205.84M (Peak 295.29M) | Time:00:01.23 | Mem:7.04M, Peak:7.04M | Scene, ViewLayer | Synchronizing object | near_vol
Fra:79 Mem:205.81M (Peak 295.29M) | Time:00:01.23 | Mem:7.04M, Peak:7.04M | Scene, ViewLayer | Initializing
Fra:79 Mem:205.80M (Peak 295.29M) | Time:00:01.23 | Mem:7.04M, Peak:7.04M | Scene, ViewLayer | Waiting for render to start
Fra:79 Mem:205.80M (Peak 295.29M) | Time:00:01.23 | Mem:7.04M, Peak:7.04M | Scene, ViewLayer | Updating Scene
Fra:79 Mem:205.80M (Peak 295.29M) | Time:00:01.23 | Mem:7.04M, Peak:7.04M | Scene, ViewLayer | Updating Shaders
Fra:79 Mem:205.80M (Peak 295.29M) | Time:00:01.23 | Mem:7.04M, Peak:7.04M | Scene, ViewLayer | Updating Background
Fra:79 Mem:205.80M (Peak 295.29M) | Time:00:01.23 | Mem:7.04M, Peak:7.04M | Scene, ViewLayer | Updating Camera
Fra:79 Mem:205.80M (Peak 295.29M) | Time:00:01.24 | Mem:7.04M, Peak:7.04M | Scene, ViewLayer | Updating Meshes Flags
Fra:79 Mem:205.80M (Peak 295.29M) | Time:00:01.24 | Mem:7.04M, Peak:7.04M | Scene, ViewLayer | Updating Meshes Volume Bounds
Fra:79 Mem:205.80M (Peak 295.29M) | Time:00:01.24 | Mem:7.04M, Peak:7.04M | Scene, ViewLayer | Updating Volume Images
Fra:79 Mem:205.80M (Peak 295.29M) | Time:00:01.24 | Mem:7.04M, Peak:7.04M | Scene, ViewLayer | Updating Mesh | Computing Volume Mesh main_vol
Fra:79 Mem:205.87M (Peak 295.29M) | Time:00:01.27 | Mem:7.04M, Peak:7.04M | Scene, ViewLayer | Updating Mesh | Computing Volume Mesh far_vol
Fra:79 Mem:205.92M (Peak 295.29M) | Time:00:01.29 | Mem:7.04M, Peak:7.04M | Scene, ViewLayer | Updating Mesh | Computing Volume Mesh near_vol
Fra:79 Mem:205.94M (Peak 295.29M) | Time:00:01.30 | Mem:7.04M, Peak:7.04M | Scene, ViewLayer | Updating Objects
Fra:79 Mem:205.94M (Peak 295.29M) | Time:00:01.30 | Mem:7.04M, Peak:7.04M | Scene, ViewLayer | Updating Objects | Copying Transformations to device
Fra:79 Mem:205.94M (Peak 295.29M) | Time:00:01.30 | Mem:7.04M, Peak:7.04M | Scene, ViewLayer | Updating Particle Systems
Fra:79 Mem:205.94M (Peak 295.29M) | Time:00:01.30 | Mem:7.04M, Peak:7.04M | Scene, ViewLayer | Updating Meshes
Fra:79 Mem:204.34M (Peak 295.29M) | Time:00:01.30 | Mem:5.40M, Peak:7.04M | Scene, ViewLayer | Updating Objects | Applying Static Transformations
Fra:79 Mem:204.34M (Peak 295.29M) | Time:00:01.30 | Mem:5.40M, Peak:7.04M | Scene, ViewLayer | Updating Mesh | Computing attributes
Fra:79 Mem:204.63M (Peak 295.29M) | Time:00:01.30 | Mem:5.40M, Peak:7.04M | Scene, ViewLayer | Updating Mesh | Copying Attributes to device
Fra:79 Mem:204.63M (Peak 295.29M) | Time:00:01.30 | Mem:5.69M, Peak:7.04M | Scene, ViewLayer | Updating Geometry BVH main_vol 2/1 | Building BVH
Fra:79 Mem:204.63M (Peak 295.29M) | Time:00:01.30 | Mem:5.69M, Peak:7.04M | Scene, ViewLayer | Updating Geometry BVH main_vol 2/1 | Building OptiX acceleration structure
Fra:79 Mem:204.68M (Peak 295.29M) | Time:00:01.30 | Mem:5.69M, Peak:7.04M | Scene, ViewLayer | Updating Geometry BVH t0 5/4 | Building BVH
Fra:79 Mem:204.68M (Peak 295.29M) | Time:00:01.30 | Mem:5.69M, Peak:7.04M | Scene, ViewLayer | Updating Geometry BVH far_vol 3/4 | Building BVH
Fra:79 Mem:204.68M (Peak 295.29M) | Time:00:01.30 | Mem:5.69M, Peak:7.04M | Scene, ViewLayer | Updating Geometry BVH near_vol 4/4 | Building BVH
Fra:79 Mem:204.68M (Peak 295.29M) | Time:00:01.30 | Mem:5.69M, Peak:7.04M | Scene, ViewLayer | Updating Geometry BVH near_vol 4/4 | Building OptiX acceleration structure
Fra:79 Mem:204.63M (Peak 295.29M) | Time:00:01.31 | Mem:5.69M, Peak:7.04M | Scene, ViewLayer | Updating Scene BVH | Building
Fra:79 Mem:204.63M (Peak 295.29M) | Time:00:01.31 | Mem:5.69M, Peak:7.04M | Scene, ViewLayer | Updating Scene BVH | Building OptiX acceleration structure
Fra:79 Mem:204.63M (Peak 295.29M) | Time:00:01.31 | Mem:5.69M, Peak:7.04M | Scene, ViewLayer | Updating Scene BVH | Building BVH
Fra:79 Mem:204.63M (Peak 295.29M) | Time:00:01.31 | Mem:5.69M, Peak:7.04M | Scene, ViewLayer | Updating Scene BVH | Building BVH 0%
Fra:79 Mem:204.63M (Peak 295.29M) | Time:00:01.33 | Mem:5.69M, Peak:7.04M | Scene, ViewLayer | Updating Scene BVH | Copying BVH to device
Fra:79 Mem:204.63M (Peak 295.29M) | Time:00:01.33 | Mem:5.69M, Peak:7.04M | Scene, ViewLayer | Updating Mesh | Computing normals
Fra:79 Mem:205.98M (Peak 295.29M) | Time:00:01.33 | Mem:5.69M, Peak:7.04M | Scene, ViewLayer | Updating Mesh | Copying Mesh to device
Fra:79 Mem:205.98M (Peak 295.29M) | Time:00:01.33 | Mem:7.04M, Peak:7.04M | Scene, ViewLayer | Updating Objects Flags
Fra:79 Mem:205.98M (Peak 295.29M) | Time:00:01.41 | Mem:7.04M, Peak:7.04M | Scene, ViewLayer | Updating Primitive Offsets
Fra:79 Mem:205.98M (Peak 295.29M) | Time:00:01.41 | Mem:7.04M, Peak:7.04M | Scene, ViewLayer | Updating Images
Fra:79 Mem:202.85M (Peak 295.29M) | Time:00:01.41 | Mem:7.04M, Peak:7.04M | Scene, ViewLayer | Updating Images | Loading density
Fra:79 Mem:205.98M (Peak 295.29M) | Time:00:01.41 | Mem:7.04M, Peak:7.83M | Scene, ViewLayer | Updating Camera Volume
Fra:79 Mem:205.98M (Peak 295.29M) | Time:00:01.41 | Mem:7.04M, Peak:7.83M | Scene, ViewLayer | Updating Lookup Tables
Fra:79 Mem:205.98M (Peak 295.29M) | Time:00:01.41 | Mem:7.04M, Peak:7.83M | Scene, ViewLayer | Updating Lights
Fra:79 Mem:205.98M (Peak 295.29M) | Time:00:01.41 | Mem:7.04M, Peak:7.83M | Scene, ViewLayer | Updating Lights | Computing tree
Fra:79 Mem:205.98M (Peak 295.29M) | Time:00:01.41 | Mem:7.04M, Peak:7.83M | Scene, ViewLayer | Updating Integrator
Fra:79 Mem:205.98M (Peak 295.29M) | Time:00:01.41 | Mem:7.04M, Peak:7.83M | Scene, ViewLayer | Updating Film
Fra:79 Mem:205.98M (Peak 295.29M) | Time:00:01.41 | Mem:7.04M, Peak:7.83M | Scene, ViewLayer | Updating Lookup Tables
Fra:79 Mem:205.98M (Peak 295.29M) | Time:00:01.41 | Mem:7.04M, Peak:7.83M | Scene, ViewLayer | Updating Baking
Fra:79 Mem:205.98M (Peak 295.29M) | Time:00:01.41 | Mem:7.04M, Peak:7.83M | Scene, ViewLayer | Updating Device | Writing constant memory
Fra:79 Mem:205.98M (Peak 295.29M) | Time:00:01.41 | Mem:7.04M, Peak:7.83M | Scene, ViewLayer | Sample 0/24
Fra:79 Mem:205.98M (Peak 295.29M) | Time:00:02.63 | Remaining:00:27.90 | Mem:7.04M, Peak:7.83M | Scene, ViewLayer | Sample 1/24
Fra:79 Mem:205.98M (Peak 295.29M) | Time:00:03.76 | Remaining:00:25.76 | Mem:7.04M, Peak:7.83M | Scene, ViewLayer | Sample 2/24
Fra:79 Mem:241.58M (Peak 295.29M) | Time:00:24.74 | Mem:7.04M, Peak:7.83M | Scene, ViewLayer | Sample 24/24
Fra:79 Mem:241.58M (Peak 295.29M) | Time:00:24.74 | Mem:7.04M, Peak:7.83M | Scene, ViewLayer | Finished
Saved: 'C:\Work\domin8te-build\daysky\out\a\f0079.png'
Time: 00:25.01 (Saving: 00:00.27)

Fra:80 Mem:205.99M (Peak 295.29M) | Time:00:01.05 | Mem:7.04M, Peak:7.04M | Scene, ViewLayer | Synchronizing object | t0
Fra:80 Mem:207.04M (Peak 295.29M) | Time:00:01.05 | Mem:7.04M, Peak:7.04M | Scene, ViewLayer | Synchronizing object | main_vol
Fra:80 Mem:207.33M (Peak 295.29M) | Time:00:01.05 | Mem:7.04M, Peak:7.04M | Scene, ViewLayer | Synchronizing object | far_vol
Fra:80 Mem:207.27M (Peak 295.29M) | Time:00:01.05 | Mem:7.04M, Peak:7.04M | Scene, ViewLayer | Synchronizing object | near_vol
Fra:80 Mem:205.81M (Peak 295.29M) | Time:00:01.05 | Mem:7.04M, Peak:7.04M | Scene, ViewLayer | Initializing
Fra:80 Mem:205.80M (Peak 295.29M) | Time:00:01.05 | Mem:7.04M, Peak:7.04M | Scene, ViewLayer | Waiting for render to start
Fra:80 Mem:205.80M (Peak 295.29M) | Time:00:01.05 | Mem:7.04M, Peak:7.04M | Scene, ViewLayer | Updating Scene
Fra:80 Mem:205.80M (Peak 295.29M) | Time:00:01.05 | Mem:7.04M, Peak:7.04M | Scene, ViewLayer | Updating Shaders
Fra:80 Mem:205.80M (Peak 295.29M) | Time:00:01.05 | Mem:7.04M, Peak:7.04M | Scene, ViewLayer | Updating Background
Fra:80 Mem:205.80M (Peak 295.29M) | Time:00:01.05 | Mem:7.04M, Peak:7.04M | Scene, ViewLayer | Updating Camera
Fra:80 Mem:205.80M (Peak 295.29M) | Time:00:01.05 | Mem:7.04M, Peak:7.04M | Scene, ViewLayer | Updating Meshes Flags
Fra:80 Mem:205.80M (Peak 295.29M) | Time:00:01.05 | Mem:7.04M, Peak:7.04M | Scene, ViewLayer | Updating Meshes Volume Bounds
Fra:80 Mem:205.80M (Peak 295.29M) | Time:00:01.05 | Mem:7.04M, Peak:7.04M | Scene, ViewLayer | Updating Volume Images
Fra:80 Mem:205.80M (Peak 295.29M) | Time:00:01.05 | Mem:7.04M, Peak:7.04M | Scene, ViewLayer | Updating Mesh | Computing Volume Mesh main_vol
Fra:80 Mem:205.87M (Peak 295.29M) | Time:00:01.11 | Mem:7.04M, Peak:7.04M | Scene, ViewLayer | Updating Mesh | Computing Volume Mesh far_vol
Fra:80 Mem:205.92M (Peak 295.29M) | Time:00:01.13 | Mem:7.04M, Peak:7.04M | Scene, ViewLayer | Updating Mesh | Computing Volume Mesh near_vol
Fra:80 Mem:205.94M (Peak 295.29M) | Time:00:01.14 | Mem:7.04M, Peak:7.04M | Scene, ViewLayer | Updating Objects
Fra:80 Mem:205.94M (Peak 295.29M) | Time:00:01.14 | Mem:7.04M, Peak:7.04M | Scene, ViewLayer | Updating Objects | Copying Transformations to device
Fra:80 Mem:205.94M (Peak 295.29M) | Time:00:01.14 | Mem:7.04M, Peak:7.04M | Scene, ViewLayer | Updating Particle Systems
Fra:80 Mem:205.94M (Peak 295.29M) | Time:00:01.14 | Mem:7.04M, Peak:7.04M | Scene, ViewLayer | Updating Meshes
Fra:80 Mem:204.34M (Peak 295.29M) | Time:00:01.14 | Mem:5.40M, Peak:7.04M | Scene, ViewLayer | Updating Objects | Applying Static Transformations
Fra:80 Mem:204.34M (Peak 295.29M) | Time:00:01.14 | Mem:5.40M, Peak:7.04M | Scene, ViewLayer | Updating Mesh | Computing attributes
Fra:80 Mem:204.63M (Peak 295.29M) | Time:00:01.14 | Mem:5.40M, Peak:7.04M | Scene, ViewLayer | Updating Mesh | Copying Attributes to device
Fra:80 Mem:204.63M (Peak 295.29M) | Time:00:01.14 | Mem:5.69M, Peak:7.04M | Scene, ViewLayer | Updating Geometry BVH t0 5/4 | Building BVH
Fra:80 Mem:204.63M (Peak 295.29M) | Time:00:01.14 | Mem:5.69M, Peak:7.04M | Scene, ViewLayer | Updating Geometry BVH t0 5/4 | Building OptiX acceleration structure
Fra:80 Mem:205.10M (Peak 295.29M) | Time:00:01.14 | Mem:5.69M, Peak:7.04M | Scene, ViewLayer | Updating Geometry BVH main_vol 2/4 | Building BVH
Fra:80 Mem:205.48M (Peak 295.29M) | Time:00:01.14 | Mem:5.69M, Peak:7.04M | Scene, ViewLayer | Updating Geometry BVH main_vol 2/4 | Building OptiX acceleration structure
Fra:80 Mem:205.54M (Peak 295.29M) | Time:00:01.14 | Mem:5.69M, Peak:7.04M | Scene, ViewLayer | Updating Geometry BVH far_vol 3/4 | Building BVH
Fra:80 Mem:205.54M (Peak 295.29M) | Time:00:01.14 | Mem:5.69M, Peak:7.04M | Scene, ViewLayer | Updating Geometry BVH near_vol 4/4 | Building BVH
Fra:80 Mem:205.54M (Peak 295.29M) | Time:00:01.14 | Mem:5.69M, Peak:7.04M | Scene, ViewLayer | Updating Geometry BVH near_vol 4/4 | Building OptiX acceleration structure
Fra:80 Mem:204.63M (Peak 295.29M) | Time:00:01.14 | Mem:5.69M, Peak:7.04M | Scene, ViewLayer | Updating Scene BVH | Building
Fra:80 Mem:204.63M (Peak 295.29M) | Time:00:01.14 | Mem:5.69M, Peak:7.04M | Scene, ViewLayer | Updating Scene BVH | Building OptiX acceleration structure
Fra:80 Mem:204.63M (Peak 295.29M) | Time:00:01.15 | Mem:5.69M, Peak:7.04M | Scene, ViewLayer | Updating Scene BVH | Building BVH
Fra:80 Mem:204.63M (Peak 295.29M) | Time:00:01.15 | Mem:5.69M, Peak:7.04M | Scene, ViewLayer | Updating Scene BVH | Building BVH 0%
Fra:80 Mem:204.63M (Peak 295.29M) | Time:00:01.16 | Mem:5.69M, Peak:7.04M | Scene, ViewLayer | Updating Scene BVH | Copying BVH to device
Fra:80 Mem:204.63M (Peak 295.29M) | Time:00:01.16 | Mem:5.69M, Peak:7.04M | Scene, ViewLayer | Updating Mesh | Computing normals
Fra:80 Mem:205.98M (Peak 295.29M) | Time:00:01.16 | Mem:5.69M, Peak:7.04M | Scene, ViewLayer | Updating Mesh | Copying Mesh to device
Fra:80 Mem:205.98M (Peak 295.29M) | Time:00:01.16 | Mem:7.04M, Peak:7.04M | Scene, ViewLayer | Updating Objects Flags
Fra:80 Mem:205.98M (Peak 295.29M) | Time:00:01.25 | Mem:7.04M, Peak:7.04M | Scene, ViewLayer | Updating Primitive Offsets
Fra:80 Mem:205.98M (Peak 295.29M) | Time:00:01.25 | Mem:7.04M, Peak:7.04M | Scene, ViewLayer | Updating Images
Fra:80 Mem:200.67M (Peak 295.29M) | Time:00:01.25 | Mem:1.73M, Peak:7.04M | Scene, ViewLayer | Updating Images | Loading density
Fra:80 Mem:205.98M (Peak 295.29M) | Time:00:01.26 | Mem:7.04M, Peak:7.04M | Scene, ViewLayer | Updating Camera Volume
Fra:80 Mem:205.98M (Peak 295.29M) | Time:00:01.26 | Mem:7.04M, Peak:7.04M | Scene, ViewLayer | Updating Lookup Tables
Fra:80 Mem:205.98M (Peak 295.29M) | Time:00:01.26 | Mem:7.04M, Peak:7.04M | Scene, ViewLayer | Updating Lights
Fra:80 Mem:205.98M (Peak 295.29M) | Time:00:01.26 | Mem:7.04M, Peak:7.04M | Scene, ViewLayer | Updating Lights | Computing tree
Fra:80 Mem:205.98M (Peak 295.29M) | Time:00:01.26 | Mem:7.04M, Peak:7.04M | Scene, ViewLayer | Updating Integrator
Fra:80 Mem:205.98M (Peak 295.29M) | Time:00:01.26 | Mem:7.04M, Peak:7.04M | Scene, ViewLayer | Updating Film
Fra:80 Mem:205.98M (Peak 295.29M) | Time:00:01.26 | Mem:7.04M, Peak:7.04M | Scene, ViewLayer | Updating Lookup Tables
Fra:80 Mem:205.98M (Peak 295.29M) | Time:00:01.26 | Mem:7.04M, Peak:7.04M | Scene, ViewLayer | Updating Baking
Fra:80 Mem:205.98M (Peak 295.29M) | Time:00:01.26 | Mem:7.04M, Peak:7.04M | Scene, ViewLayer | Updating Device | Writing constant memory
Fra:80 Mem:205.98M (Peak 295.29M) | Time:00:01.26 | Mem:7.04M, Peak:7.04M | Scene, ViewLayer | Sample 0/24
Fra:80 Mem:205.98M (Peak 295.29M) | Time:00:02.38 | Remaining:00:25.82 | Mem:7.04M, Peak:7.04M | Scene, ViewLayer | Sample 1/24
Fra:80 Mem:205.98M (Peak 295.29M) | Time:00:03.42 | Remaining:00:23.76 | Mem:7.04M, Peak:7.04M | Scene, ViewLayer | Sample 2/24
Fra:80 Mem:241.58M (Peak 295.29M) | Time:00:23.13 | Mem:7.04M, Peak:7.04M | Scene, ViewLayer | Sample 24/24
Fra:80 Mem:241.58M (Peak 295.29M) | Time:00:23.13 | Mem:7.04M, Peak:7.04M | Scene, ViewLayer | Finished
Saved: 'C:\Work\domin8te-build\daysky\out\a\f0080.png'
Time: 00:23.52 (Saving: 00:00.39)

Fra:81 Mem:205.99M (Peak 295.29M) | Time:00:01.24 | Mem:7.04M, Peak:7.04M | Scene, ViewLayer | Synchronizing object | t0
Fra:81 Mem:205.99M (Peak 295.29M) | Time:00:01.24 | Mem:7.04M, Peak:7.04M | Scene, ViewLayer | Synchronizing object | main_vol
Fra:81 Mem:206.95M (Peak 295.29M) | Time:00:01.24 | Mem:7.04M, Peak:7.04M | Scene, ViewLayer | Synchronizing object | far_vol
Fra:81 Mem:206.89M (Peak 295.29M) | Time:00:01.24 | Mem:7.04M, Peak:7.04M | Scene, ViewLayer | Synchronizing object | near_vol
Fra:81 Mem:205.81M (Peak 295.29M) | Time:00:01.24 | Mem:7.04M, Peak:7.04M | Scene, ViewLayer | Initializing
Fra:81 Mem:205.80M (Peak 295.29M) | Time:00:01.24 | Mem:7.04M, Peak:7.04M | Scene, ViewLayer | Waiting for render to start
Fra:81 Mem:205.80M (Peak 295.29M) | Time:00:01.24 | Mem:7.04M, Peak:7.04M | Scene, ViewLayer | Updating Scene
Fra:81 Mem:205.80M (Peak 295.29M) | Time:00:01.24 | Mem:7.04M, Peak:7.04M | Scene, ViewLayer | Updating Shaders
Fra:81 Mem:205.80M (Peak 295.29M) | Time:00:01.24 | Mem:7.04M, Peak:7.04M | Scene, ViewLayer | Updating Background
Fra:81 Mem:205.80M (Peak 295.29M) | Time:00:01.24 | Mem:7.04M, Peak:7.04M | Scene, ViewLayer | Updating Camera
Fra:81 Mem:205.80M (Peak 295.29M) | Time:00:01.24 | Mem:7.04M, Peak:7.04M | Scene, ViewLayer | Updating Meshes Flags
Fra:81 Mem:205.80M (Peak 295.29M) | Time:00:01.24 | Mem:7.04M, Peak:7.04M | Scene, ViewLayer | Updating Meshes Volume Bounds
Fra:81 Mem:205.80M (Peak 295.29M) | Time:00:01.24 | Mem:7.04M, Peak:7.04M | Scene, ViewLayer | Updating Volume Images
Fra:81 Mem:205.80M (Peak 295.29M) | Time:00:01.24 | Mem:7.04M, Peak:7.04M | Scene, ViewLayer | Updating Mesh | Computing Volume Mesh main_vol
Fra:81 Mem:205.87M (Peak 295.29M) | Time:00:01.27 | Mem:7.04M, Peak:7.04M | Scene, ViewLayer | Updating Mesh | Computing Volume Mesh far_vol
Fra:81 Mem:205.92M (Peak 295.29M) | Time:00:01.28 | Mem:7.04M, Peak:7.04M | Scene, ViewLayer | Updating Mesh | Computing Volume Mesh near_vol
Fra:81 Mem:205.94M (Peak 295.29M) | Time:00:01.29 | Mem:7.04M, Peak:7.04M | Scene, ViewLayer | Updating Objects
Fra:81 Mem:205.94M (Peak 295.29M) | Time:00:01.29 | Mem:7.04M, Peak:7.04M | Scene, ViewLayer | Updating Objects | Copying Transformations to device
Fra:81 Mem:205.94M (Peak 295.29M) | Time:00:01.29 | Mem:7.04M, Peak:7.04M | Scene, ViewLayer | Updating Particle Systems
Fra:81 Mem:205.94M (Peak 295.29M) | Time:00:01.29 | Mem:7.04M, Peak:7.04M | Scene, ViewLayer | Updating Meshes
Fra:81 Mem:204.34M (Peak 295.29M) | Time:00:01.29 | Mem:5.40M, Peak:7.04M | Scene, ViewLayer | Updating Objects | Applying Static Transformations
Fra:81 Mem:204.34M (Peak 295.29M) | Time:00:01.29 | Mem:5.40M, Peak:7.04M | Scene, ViewLayer | Updating Mesh | Computing attributes
Fra:81 Mem:204.63M (Peak 295.29M) | Time:00:01.29 | Mem:5.40M, Peak:7.04M | Scene, ViewLayer | Updating Mesh | Copying Attributes to device
Fra:81 Mem:204.63M (Peak 295.29M) | Time:00:01.29 | Mem:5.69M, Peak:7.04M | Scene, ViewLayer | Updating Geometry BVH t0 5/4 | Building BVH
Fra:81 Mem:204.63M (Peak 295.29M) | Time:00:01.29 | Mem:5.69M, Peak:7.04M | Scene, ViewLayer | Updating Geometry BVH t0 5/4 | Building OptiX acceleration structure
Fra:81 Mem:205.48M (Peak 295.29M) | Time:00:01.29 | Mem:5.69M, Peak:7.04M | Scene, ViewLayer | Updating Geometry BVH main_vol 2/4 | Building BVH
Fra:81 Mem:205.48M (Peak 295.29M) | Time:00:01.30 | Mem:5.69M, Peak:7.04M | Scene, ViewLayer | Updating Geometry BVH main_vol 2/4 | Building OptiX acceleration structure
Fra:81 Mem:205.54M (Peak 295.29M) | Time:00:01.30 | Mem:5.69M, Peak:7.04M | Scene, ViewLayer | Updating Geometry BVH far_vol 3/4 | Building BVH
Fra:81 Mem:205.54M (Peak 295.29M) | Time:00:01.30 | Mem:5.69M, Peak:7.04M | Scene, ViewLayer | Updating Geometry BVH near_vol 4/4 | Building BVH
Fra:81 Mem:205.54M (Peak 295.29M) | Time:00:01.30 | Mem:5.69M, Peak:7.04M | Scene, ViewLayer | Updating Geometry BVH near_vol 4/4 | Building OptiX acceleration structure
Fra:81 Mem:204.63M (Peak 295.29M) | Time:00:01.30 | Mem:5.69M, Peak:7.04M | Scene, ViewLayer | Updating Scene BVH | Building
Fra:81 Mem:204.63M (Peak 295.29M) | Time:00:01.30 | Mem:5.69M, Peak:7.04M | Scene, ViewLayer | Updating Scene BVH | Building OptiX acceleration structure
Fra:81 Mem:204.63M (Peak 295.29M) | Time:00:01.30 | Mem:5.69M, Peak:7.04M | Scene, ViewLayer | Updating Scene BVH | Building BVH
Fra:81 Mem:204.63M (Peak 295.29M) | Time:00:01.30 | Mem:5.69M, Peak:7.04M | Scene, ViewLayer | Updating Scene BVH | Building BVH 0%
Fra:81 Mem:204.63M (Peak 295.29M) | Time:00:01.32 | Mem:5.69M, Peak:7.04M | Scene, ViewLayer | Updating Scene BVH | Copying BVH to device
Fra:81 Mem:204.63M (Peak 295.29M) | Time:00:01.32 | Mem:5.69M, Peak:7.04M | Scene, ViewLayer | Updating Mesh | Computing normals
Fra:81 Mem:205.98M (Peak 295.29M) | Time:00:01.32 | Mem:5.69M, Peak:7.04M | Scene, ViewLayer | Updating Mesh | Copying Mesh to device
Fra:81 Mem:205.98M (Peak 295.29M) | Time:00:01.32 | Mem:7.04M, Peak:7.04M | Scene, ViewLayer | Updating Objects Flags
Fra:81 Mem:205.98M (Peak 295.29M) | Time:00:01.40 | Mem:7.04M, Peak:7.04M | Scene, ViewLayer | Updating Primitive Offsets
Fra:81 Mem:205.98M (Peak 295.29M) | Time:00:01.40 | Mem:7.04M, Peak:7.04M | Scene, ViewLayer | Updating Images
Fra:81 Mem:202.85M (Peak 295.29M) | Time:00:01.40 | Mem:7.04M, Peak:7.04M | Scene, ViewLayer | Updating Images | Loading density
Fra:81 Mem:205.98M (Peak 295.29M) | Time:00:01.40 | Mem:7.04M, Peak:7.83M | Scene, ViewLayer | Updating Camera Volume
Fra:81 Mem:205.98M (Peak 295.29M) | Time:00:01.40 | Mem:7.04M, Peak:7.83M | Scene, ViewLayer | Updating Lookup Tables
Fra:81 Mem:205.98M (Peak 295.29M) | Time:00:01.40 | Mem:7.04M, Peak:7.83M | Scene, ViewLayer | Updating Lights
Fra:81 Mem:205.98M (Peak 295.29M) | Time:00:01.41 | Mem:7.04M, Peak:7.83M | Scene, ViewLayer | Updating Lights | Computing tree
Fra:81 Mem:205.98M (Peak 295.29M) | Time:00:01.41 | Mem:7.04M, Peak:7.83M | Scene, ViewLayer | Updating Integrator
Fra:81 Mem:205.98M (Peak 295.29M) | Time:00:01.41 | Mem:7.04M, Peak:7.83M | Scene, ViewLayer | Updating Film
Fra:81 Mem:205.98M (Peak 295.29M) | Time:00:01.41 | Mem:7.04M, Peak:7.83M | Scene, ViewLayer | Updating Lookup Tables
Fra:81 Mem:205.98M (Peak 295.29M) | Time:00:01.41 | Mem:7.04M, Peak:7.83M | Scene, ViewLayer | Updating Baking
Fra:81 Mem:205.98M (Peak 295.29M) | Time:00:01.41 | Mem:7.04M, Peak:7.83M | Scene, ViewLayer | Updating Device | Writing constant memory
Fra:81 Mem:205.98M (Peak 295.29M) | Time:00:01.41 | Mem:7.04M, Peak:7.83M | Scene, ViewLayer | Sample 0/24
Fra:81 Mem:205.98M (Peak 295.29M) | Time:00:02.60 | Remaining:00:27.48 | Mem:7.04M, Peak:7.83M | Scene, ViewLayer | Sample 1/24
Fra:81 Mem:205.98M (Peak 295.29M) | Time:00:03.57 | Remaining:00:23.75 | Mem:7.04M, Peak:7.83M | Scene, ViewLayer | Sample 2/24
Fra:81 Mem:241.58M (Peak 295.29M) | Time:00:23.41 | Mem:7.04M, Peak:7.83M | Scene, ViewLayer | Sample 24/24
Fra:81 Mem:241.58M (Peak 295.29M) | Time:00:23.41 | Mem:7.04M, Peak:7.83M | Scene, ViewLayer | Finished
Saved: 'C:\Work\domin8te-build\daysky\out\a\f0081.png'
Time: 00:23.78 (Saving: 00:00.36)

Fra:82 Mem:205.99M (Peak 295.29M) | Time:00:01.27 | Mem:7.04M, Peak:7.04M | Scene, ViewLayer | Synchronizing object | t0
Fra:82 Mem:207.04M (Peak 295.29M) | Time:00:01.27 | Mem:7.04M, Peak:7.04M | Scene, ViewLayer | Synchronizing object | main_vol
Fra:82 Mem:206.95M (Peak 295.29M) | Time:00:01.27 | Mem:7.04M, Peak:7.04M | Scene, ViewLayer | Synchronizing object | far_vol
Fra:82 Mem:206.89M (Peak 295.29M) | Time:00:01.27 | Mem:7.04M, Peak:7.04M | Scene, ViewLayer | Synchronizing object | near_vol
Fra:82 Mem:205.81M (Peak 295.29M) | Time:00:01.28 | Mem:7.04M, Peak:7.04M | Scene, ViewLayer | Initializing
Fra:82 Mem:205.80M (Peak 295.29M) | Time:00:01.28 | Mem:7.04M, Peak:7.04M | Scene, ViewLayer | Waiting for render to start
Fra:82 Mem:205.80M (Peak 295.29M) | Time:00:01.28 | Mem:7.04M, Peak:7.04M | Scene, ViewLayer | Updating Scene
Fra:82 Mem:205.80M (Peak 295.29M) | Time:00:01.28 | Mem:7.04M, Peak:7.04M | Scene, ViewLayer | Updating Shaders
Fra:82 Mem:205.80M (Peak 295.29M) | Time:00:01.28 | Mem:7.04M, Peak:7.04M | Scene, ViewLayer | Updating Background
Fra:82 Mem:205.80M (Peak 295.29M) | Time:00:01.28 | Mem:7.04M, Peak:7.04M | Scene, ViewLayer | Updating Camera
Fra:82 Mem:205.80M (Peak 295.29M) | Time:00:01.28 | Mem:7.04M, Peak:7.04M | Scene, ViewLayer | Updating Meshes Flags
Fra:82 Mem:205.80M (Peak 295.29M) | Time:00:01.28 | Mem:7.04M, Peak:7.04M | Scene, ViewLayer | Updating Meshes Volume Bounds
Fra:82 Mem:205.80M (Peak 295.29M) | Time:00:01.28 | Mem:7.04M, Peak:7.04M | Scene, ViewLayer | Updating Volume Images
Fra:82 Mem:205.80M (Peak 295.29M) | Time:00:01.28 | Mem:7.04M, Peak:7.04M | Scene, ViewLayer | Updating Mesh | Computing Volume Mesh main_vol
Fra:82 Mem:205.87M (Peak 295.29M) | Time:00:01.31 | Mem:7.04M, Peak:7.04M | Scene, ViewLayer | Updating Mesh | Computing Volume Mesh far_vol
Fra:82 Mem:205.92M (Peak 295.29M) | Time:00:01.33 | Mem:7.04M, Peak:7.04M | Scene, ViewLayer | Updating Mesh | Computing Volume Mesh near_vol
Fra:82 Mem:205.94M (Peak 295.29M) | Time:00:01.34 | Mem:7.04M, Peak:7.04M | Scene, ViewLayer | Updating Objects
Fra:82 Mem:205.94M (Peak 295.29M) | Time:00:01.34 | Mem:7.04M, Peak:7.04M | Scene, ViewLayer | Updating Objects | Copying Transformations to device
Fra:82 Mem:205.94M (Peak 295.29M) | Time:00:01.34 | Mem:7.04M, Peak:7.04M | Scene, ViewLayer | Updating Particle Systems
Fra:82 Mem:205.94M (Peak 295.29M) | Time:00:01.34 | Mem:7.04M, Peak:7.04M | Scene, ViewLayer | Updating Meshes
Fra:82 Mem:204.34M (Peak 295.29M) | Time:00:01.34 | Mem:5.40M, Peak:7.04M | Scene, ViewLayer | Updating Objects | Applying Static Transformations
Fra:82 Mem:204.34M (Peak 295.29M) | Time:00:01.34 | Mem:5.40M, Peak:7.04M | Scene, ViewLayer | Updating Mesh | Computing attributes
Fra:82 Mem:204.63M (Peak 295.29M) | Time:00:01.34 | Mem:5.40M, Peak:7.04M | Scene, ViewLayer | Updating Mesh | Copying Attributes to device
Fra:82 Mem:204.63M (Peak 295.29M) | Time:00:01.34 | Mem:5.69M, Peak:7.04M | Scene, ViewLayer | Updating Geometry BVH t0 5/4 | Building BVH
Fra:82 Mem:204.63M (Peak 295.29M) | Time:00:01.34 | Mem:5.69M, Peak:7.04M | Scene, ViewLayer | Updating Geometry BVH t0 5/4 | Building OptiX acceleration structure
Fra:82 Mem:205.48M (Peak 295.29M) | Time:00:01.34 | Mem:5.69M, Peak:7.04M | Scene, ViewLayer | Updating Geometry BVH main_vol 2/4 | Building BVH
Fra:82 Mem:205.48M (Peak 295.29M) | Time:00:01.34 | Mem:5.69M, Peak:7.04M | Scene, ViewLayer | Updating Geometry BVH far_vol 3/4 | Building BVH
Fra:82 Mem:205.48M (Peak 295.29M) | Time:00:01.34 | Mem:5.69M, Peak:7.04M | Scene, ViewLayer | Updating Geometry BVH near_vol 4/4 | Building BVH
Fra:82 Mem:205.48M (Peak 295.29M) | Time:00:01.34 | Mem:5.69M, Peak:7.04M | Scene, ViewLayer | Updating Geometry BVH near_vol 4/4 | Building OptiX acceleration structure
Fra:82 Mem:204.63M (Peak 295.29M) | Time:00:01.36 | Mem:5.69M, Peak:7.04M | Scene, ViewLayer | Updating Scene BVH | Building
Fra:82 Mem:204.63M (Peak 295.29M) | Time:00:01.36 | Mem:5.69M, Peak:7.04M | Scene, ViewLayer | Updating Scene BVH | Building OptiX acceleration structure
Fra:82 Mem:204.63M (Peak 295.29M) | Time:00:01.36 | Mem:5.69M, Peak:7.04M | Scene, ViewLayer | Updating Scene BVH | Building BVH
Fra:82 Mem:204.63M (Peak 295.29M) | Time:00:01.36 | Mem:5.69M, Peak:7.04M | Scene, ViewLayer | Updating Scene BVH | Building BVH 0%
Fra:82 Mem:204.63M (Peak 295.29M) | Time:00:01.37 | Mem:5.69M, Peak:7.04M | Scene, ViewLayer | Updating Scene BVH | Copying BVH to device
Fra:82 Mem:204.63M (Peak 295.29M) | Time:00:01.37 | Mem:5.69M, Peak:7.04M | Scene, ViewLayer | Updating Mesh | Computing normals
Fra:82 Mem:205.98M (Peak 295.29M) | Time:00:01.37 | Mem:5.69M, Peak:7.04M | Scene, ViewLayer | Updating Mesh | Copying Mesh to device
Fra:82 Mem:205.98M (Peak 295.29M) | Time:00:01.38 | Mem:7.04M, Peak:7.04M | Scene, ViewLayer | Updating Objects Flags
Fra:82 Mem:205.98M (Peak 295.29M) | Time:00:01.46 | Mem:7.04M, Peak:7.04M | Scene, ViewLayer | Updating Primitive Offsets
Fra:82 Mem:205.98M (Peak 295.29M) | Time:00:01.46 | Mem:7.04M, Peak:7.04M | Scene, ViewLayer | Updating Images
Fra:82 Mem:200.67M (Peak 295.29M) | Time:00:01.46 | Mem:1.73M, Peak:7.04M | Scene, ViewLayer | Updating Images | Loading density
Fra:82 Mem:205.98M (Peak 295.29M) | Time:00:01.46 | Mem:7.04M, Peak:7.04M | Scene, ViewLayer | Updating Camera Volume
Fra:82 Mem:205.98M (Peak 295.29M) | Time:00:01.46 | Mem:7.04M, Peak:7.04M | Scene, ViewLayer | Updating Lookup Tables
Fra:82 Mem:205.98M (Peak 295.29M) | Time:00:01.46 | Mem:7.04M, Peak:7.04M | Scene, ViewLayer | Updating Lights
Fra:82 Mem:205.98M (Peak 295.29M) | Time:00:01.47 | Mem:7.04M, Peak:7.04M | Scene, ViewLayer | Updating Lights | Computing tree
Fra:82 Mem:205.98M (Peak 295.29M) | Time:00:01.47 | Mem:7.04M, Peak:7.04M | Scene, ViewLayer | Updating Integrator
Fra:82 Mem:205.98M (Peak 295.29M) | Time:00:01.47 | Mem:7.04M, Peak:7.04M | Scene, ViewLayer | Updating Film
Fra:82 Mem:205.98M (Peak 295.29M) | Time:00:01.47 | Mem:7.04M, Peak:7.04M | Scene, ViewLayer | Updating Lookup Tables
Fra:82 Mem:205.98M (Peak 295.29M) | Time:00:01.47 | Mem:7.04M, Peak:7.04M | Scene, ViewLayer | Updating Baking
Fra:82 Mem:205.98M (Peak 295.29M) | Time:00:01.47 | Mem:7.04M, Peak:7.04M | Scene, ViewLayer | Updating Device | Writing constant memory
Fra:82 Mem:205.98M (Peak 295.29M) | Time:00:01.47 | Mem:7.04M, Peak:7.04M | Scene, ViewLayer | Sample 0/24
Fra:82 Mem:205.98M (Peak 295.29M) | Time:00:02.71 | Remaining:00:28.55 | Mem:7.04M, Peak:7.04M | Scene, ViewLayer | Sample 1/24
Fra:82 Mem:205.98M (Peak 295.29M) | Time:00:03.79 | Remaining:00:25.55 | Mem:7.04M, Peak:7.04M | Scene, ViewLayer | Sample 2/24
Fra:82 Mem:241.58M (Peak 295.29M) | Time:00:24.25 | Mem:7.04M, Peak:7.04M | Scene, ViewLayer | Sample 24/24
Fra:82 Mem:241.58M (Peak 295.29M) | Time:00:24.25 | Mem:7.04M, Peak:7.04M | Scene, ViewLayer | Finished
Saved: 'C:\Work\domin8te-build\daysky\out\a\f0082.png'
Time: 00:24.57 (Saving: 00:00.31)

Fra:83 Mem:205.99M (Peak 295.29M) | Time:00:01.25 | Mem:7.04M, Peak:7.04M | Scene, ViewLayer | Synchronizing object | t0
Fra:83 Mem:207.80M (Peak 295.29M) | Time:00:01.25 | Mem:7.04M, Peak:7.04M | Scene, ViewLayer | Synchronizing object | main_vol
Fra:83 Mem:207.71M (Peak 295.29M) | Time:00:01.25 | Mem:7.04M, Peak:7.04M | Scene, ViewLayer | Synchronizing object | far_vol
Fra:83 Mem:207.65M (Peak 295.29M) | Time:00:01.25 | Mem:7.04M, Peak:7.04M | Scene, ViewLayer | Synchronizing object | near_vol
Fra:83 Mem:205.81M (Peak 295.29M) | Time:00:01.25 | Mem:7.04M, Peak:7.04M | Scene, ViewLayer | Initializing
Fra:83 Mem:205.80M (Peak 295.29M) | Time:00:01.25 | Mem:7.04M, Peak:7.04M | Scene, ViewLayer | Waiting for render to start
Fra:83 Mem:205.80M (Peak 295.29M) | Time:00:01.25 | Mem:7.04M, Peak:7.04M | Scene, ViewLayer | Updating Scene
Fra:83 Mem:205.80M (Peak 295.29M) | Time:00:01.25 | Mem:7.04M, Peak:7.04M | Scene, ViewLayer | Updating Shaders
Fra:83 Mem:205.80M (Peak 295.29M) | Time:00:01.25 | Mem:7.04M, Peak:7.04M | Scene, ViewLayer | Updating Background
Fra:83 Mem:205.80M (Peak 295.29M) | Time:00:01.25 | Mem:7.04M, Peak:7.04M | Scene, ViewLayer | Updating Camera
Fra:83 Mem:205.80M (Peak 295.29M) | Time:00:01.25 | Mem:7.04M, Peak:7.04M | Scene, ViewLayer | Updating Meshes Flags
Fra:83 Mem:205.80M (Peak 295.29M) | Time:00:01.25 | Mem:7.04M, Peak:7.04M | Scene, ViewLayer | Updating Meshes Volume Bounds
Fra:83 Mem:205.80M (Peak 295.29M) | Time:00:01.25 | Mem:7.04M, Peak:7.04M | Scene, ViewLayer | Updating Volume Images
Fra:83 Mem:205.80M (Peak 295.29M) | Time:00:01.25 | Mem:7.04M, Peak:7.04M | Scene, ViewLayer | Updating Mesh | Computing Volume Mesh main_vol
Fra:83 Mem:205.87M (Peak 295.29M) | Time:00:01.28 | Mem:7.04M, Peak:7.04M | Scene, ViewLayer | Updating Mesh | Computing Volume Mesh far_vol
Fra:83 Mem:205.92M (Peak 295.29M) | Time:00:01.29 | Mem:7.04M, Peak:7.04M | Scene, ViewLayer | Updating Mesh | Computing Volume Mesh near_vol
Fra:83 Mem:205.94M (Peak 295.29M) | Time:00:01.30 | Mem:7.04M, Peak:7.04M | Scene, ViewLayer | Updating Objects
Fra:83 Mem:205.94M (Peak 295.29M) | Time:00:01.30 | Mem:7.04M, Peak:7.04M | Scene, ViewLayer | Updating Objects | Copying Transformations to device
Fra:83 Mem:205.94M (Peak 295.29M) | Time:00:01.30 | Mem:7.04M, Peak:7.04M | Scene, ViewLayer | Updating Particle Systems
Fra:83 Mem:205.94M (Peak 295.29M) | Time:00:01.30 | Mem:7.04M, Peak:7.04M | Scene, ViewLayer | Updating Meshes
Fra:83 Mem:204.34M (Peak 295.29M) | Time:00:01.30 | Mem:5.40M, Peak:7.04M | Scene, ViewLayer | Updating Objects | Applying Static Transformations
Fra:83 Mem:204.34M (Peak 295.29M) | Time:00:01.30 | Mem:5.40M, Peak:7.04M | Scene, ViewLayer | Updating Mesh | Computing attributes
Fra:83 Mem:204.63M (Peak 295.29M) | Time:00:01.30 | Mem:5.40M, Peak:7.04M | Scene, ViewLayer | Updating Mesh | Copying Attributes to device
Fra:83 Mem:204.63M (Peak 295.29M) | Time:00:01.30 | Mem:5.69M, Peak:7.04M | Scene, ViewLayer | Updating Geometry BVH t0 5/4 | Building BVH
Fra:83 Mem:204.63M (Peak 295.29M) | Time:00:01.30 | Mem:5.69M, Peak:7.04M | Scene, ViewLayer | Updating Geometry BVH t0 5/4 | Building OptiX acceleration structure
Fra:83 Mem:205.48M (Peak 295.29M) | Time:00:01.30 | Mem:5.69M, Peak:7.04M | Scene, ViewLayer | Updating Geometry BVH main_vol 2/4 | Building BVH
Fra:83 Mem:205.48M (Peak 295.29M) | Time:00:01.31 | Mem:5.69M, Peak:7.04M | Scene, ViewLayer | Updating Geometry BVH far_vol 3/4 | Building BVH
Fra:83 Mem:205.48M (Peak 295.29M) | Time:00:01.31 | Mem:5.69M, Peak:7.04M | Scene, ViewLayer | Updating Geometry BVH near_vol 4/4 | Building BVH
Fra:83 Mem:205.48M (Peak 295.29M) | Time:00:01.31 | Mem:5.69M, Peak:7.04M | Scene, ViewLayer | Updating Geometry BVH near_vol 4/4 | Building OptiX acceleration structure
Fra:83 Mem:204.63M (Peak 295.29M) | Time:00:01.31 | Mem:5.69M, Peak:7.04M | Scene, ViewLayer | Updating Scene BVH | Building
Fra:83 Mem:204.63M (Peak 295.29M) | Time:00:01.31 | Mem:5.69M, Peak:7.04M | Scene, ViewLayer | Updating Scene BVH | Building OptiX acceleration structure
Fra:83 Mem:204.63M (Peak 295.29M) | Time:00:01.31 | Mem:5.69M, Peak:7.04M | Scene, ViewLayer | Updating Scene BVH | Building BVH
Fra:83 Mem:204.63M (Peak 295.29M) | Time:00:01.31 | Mem:5.69M, Peak:7.04M | Scene, ViewLayer | Updating Scene BVH | Building BVH 0%
Fra:83 Mem:204.63M (Peak 295.29M) | Time:00:01.32 | Mem:5.69M, Peak:7.04M | Scene, ViewLayer | Updating Scene BVH | Copying BVH to device
Fra:83 Mem:204.63M (Peak 295.29M) | Time:00:01.32 | Mem:5.69M, Peak:7.04M | Scene, ViewLayer | Updating Mesh | Computing normals
Fra:83 Mem:205.98M (Peak 295.29M) | Time:00:01.33 | Mem:5.69M, Peak:7.04M | Scene, ViewLayer | Updating Mesh | Copying Mesh to device
Fra:83 Mem:205.98M (Peak 295.29M) | Time:00:01.33 | Mem:7.04M, Peak:7.04M | Scene, ViewLayer | Updating Objects Flags
Fra:83 Mem:205.98M (Peak 295.29M) | Time:00:01.40 | Mem:7.04M, Peak:7.04M | Scene, ViewLayer | Updating Primitive Offsets
Fra:83 Mem:205.98M (Peak 295.29M) | Time:00:01.40 | Mem:7.04M, Peak:7.04M | Scene, ViewLayer | Updating Images
Fra:83 Mem:202.85M (Peak 295.29M) | Time:00:01.40 | Mem:7.04M, Peak:7.04M | Scene, ViewLayer | Updating Images | Loading density
Fra:83 Mem:205.98M (Peak 295.29M) | Time:00:01.40 | Mem:7.04M, Peak:7.83M | Scene, ViewLayer | Updating Camera Volume
Fra:83 Mem:205.98M (Peak 295.29M) | Time:00:01.40 | Mem:7.04M, Peak:7.83M | Scene, ViewLayer | Updating Lookup Tables
Fra:83 Mem:205.98M (Peak 295.29M) | Time:00:01.40 | Mem:7.04M, Peak:7.83M | Scene, ViewLayer | Updating Lights
Fra:83 Mem:205.98M (Peak 295.29M) | Time:00:01.40 | Mem:7.04M, Peak:7.83M | Scene, ViewLayer | Updating Lights | Computing tree
Fra:83 Mem:205.98M (Peak 295.29M) | Time:00:01.41 | Mem:7.04M, Peak:7.83M | Scene, ViewLayer | Updating Integrator
Fra:83 Mem:205.98M (Peak 295.29M) | Time:00:01.41 | Mem:7.04M, Peak:7.83M | Scene, ViewLayer | Updating Film
Fra:83 Mem:205.98M (Peak 295.29M) | Time:00:01.41 | Mem:7.04M, Peak:7.83M | Scene, ViewLayer | Updating Lookup Tables
Fra:83 Mem:205.98M (Peak 295.29M) | Time:00:01.41 | Mem:7.04M, Peak:7.83M | Scene, ViewLayer | Updating Baking
Fra:83 Mem:205.98M (Peak 295.29M) | Time:00:01.41 | Mem:7.04M, Peak:7.83M | Scene, ViewLayer | Updating Device | Writing constant memory
Fra:83 Mem:205.98M (Peak 295.29M) | Time:00:01.41 | Mem:7.04M, Peak:7.83M | Scene, ViewLayer | Sample 0/24
Fra:83 Mem:205.98M (Peak 295.29M) | Time:00:02.61 | Remaining:00:27.54 | Mem:7.04M, Peak:7.83M | Scene, ViewLayer | Sample 1/24
Fra:83 Mem:205.98M (Peak 295.29M) | Time:00:03.73 | Remaining:00:25.55 | Mem:7.04M, Peak:7.83M | Scene, ViewLayer | Sample 2/24
Fra:83 Mem:241.58M (Peak 295.29M) | Time:00:23.46 | Mem:7.04M, Peak:7.83M | Scene, ViewLayer | Sample 24/24
Fra:83 Mem:241.58M (Peak 295.29M) | Time:00:23.46 | Mem:7.04M, Peak:7.83M | Scene, ViewLayer | Finished
Saved: 'C:\Work\domin8te-build\daysky\out\a\f0083.png'
Time: 00:23.92 (Saving: 00:00.46)

Fra:84 Mem:205.99M (Peak 295.29M) | Time:00:00.89 | Mem:7.04M, Peak:7.04M | Scene, ViewLayer | Synchronizing object | main_vol
Fra:84 Mem:205.90M (Peak 295.29M) | Time:00:00.89 | Mem:7.04M, Peak:7.04M | Scene, ViewLayer | Synchronizing object | t0
Fra:84 Mem:205.81M (Peak 295.29M) | Time:00:00.89 | Mem:7.04M, Peak:7.04M | Scene, ViewLayer | Initializing
Fra:84 Mem:205.80M (Peak 295.29M) | Time:00:00.89 | Mem:7.04M, Peak:7.04M | Scene, ViewLayer | Waiting for render to start
Fra:84 Mem:205.80M (Peak 295.29M) | Time:00:00.89 | Mem:7.04M, Peak:7.04M | Scene, ViewLayer | Updating Scene
Fra:84 Mem:205.80M (Peak 295.29M) | Time:00:00.89 | Mem:7.04M, Peak:7.04M | Scene, ViewLayer | Updating Shaders
Fra:84 Mem:205.80M (Peak 295.29M) | Time:00:00.89 | Mem:7.04M, Peak:7.04M | Scene, ViewLayer | Updating Background
Fra:84 Mem:205.80M (Peak 295.29M) | Time:00:00.89 | Mem:7.04M, Peak:7.04M | Scene, ViewLayer | Updating Camera
Fra:84 Mem:205.80M (Peak 295.29M) | Time:00:00.89 | Mem:7.04M, Peak:7.04M | Scene, ViewLayer | Updating Meshes Flags
Fra:84 Mem:205.80M (Peak 295.29M) | Time:00:00.89 | Mem:7.04M, Peak:7.04M | Scene, ViewLayer | Updating Meshes Volume Bounds
Fra:84 Mem:205.80M (Peak 295.29M) | Time:00:00.89 | Mem:7.04M, Peak:7.04M | Scene, ViewLayer | Updating Volume Images
Fra:84 Mem:205.80M (Peak 295.29M) | Time:00:00.89 | Mem:7.04M, Peak:7.04M | Scene, ViewLayer | Updating Mesh | Computing Volume Mesh main_vol
Fra:84 Mem:205.87M (Peak 295.29M) | Time:00:00.94 | Mem:7.04M, Peak:7.04M | Scene, ViewLayer | Updating Mesh | Computing Volume Mesh far_vol
Fra:84 Mem:205.92M (Peak 295.29M) | Time:00:00.95 | Mem:7.04M, Peak:7.04M | Scene, ViewLayer | Updating Mesh | Computing Volume Mesh near_vol
Fra:84 Mem:205.94M (Peak 295.29M) | Time:00:00.96 | Mem:7.04M, Peak:7.04M | Scene, ViewLayer | Updating Objects
Fra:84 Mem:205.94M (Peak 295.29M) | Time:00:00.96 | Mem:7.04M, Peak:7.04M | Scene, ViewLayer | Updating Objects | Copying Transformations to device
Fra:84 Mem:205.94M (Peak 295.29M) | Time:00:00.96 | Mem:7.04M, Peak:7.04M | Scene, ViewLayer | Updating Particle Systems
Fra:84 Mem:205.94M (Peak 295.29M) | Time:00:00.96 | Mem:7.04M, Peak:7.04M | Scene, ViewLayer | Updating Meshes
Fra:84 Mem:204.34M (Peak 295.29M) | Time:00:00.96 | Mem:5.40M, Peak:7.04M | Scene, ViewLayer | Updating Objects | Applying Static Transformations
Fra:84 Mem:204.34M (Peak 295.29M) | Time:00:00.96 | Mem:5.40M, Peak:7.04M | Scene, ViewLayer | Updating Mesh | Computing attributes
Fra:84 Mem:204.63M (Peak 295.29M) | Time:00:00.96 | Mem:5.40M, Peak:7.04M | Scene, ViewLayer | Updating Mesh | Copying Attributes to device
Fra:84 Mem:204.63M (Peak 295.29M) | Time:00:00.96 | Mem:5.69M, Peak:7.04M | Scene, ViewLayer | Updating Geometry BVH main_vol 2/4 | Building BVH
Fra:84 Mem:204.63M (Peak 295.29M) | Time:00:00.96 | Mem:5.69M, Peak:7.04M | Scene, ViewLayer | Updating Geometry BVH t0 5/4 | Building BVH
Fra:84 Mem:204.63M (Peak 295.29M) | Time:00:00.96 | Mem:5.69M, Peak:7.04M | Scene, ViewLayer | Updating Geometry BVH t0 5/4 | Building OptiX acceleration structure
Fra:84 Mem:204.66M (Peak 295.29M) | Time:00:00.97 | Mem:5.69M, Peak:7.04M | Scene, ViewLayer | Updating Geometry BVH far_vol 3/4 | Building BVH
Fra:84 Mem:205.54M (Peak 295.29M) | Time:00:00.97 | Mem:5.69M, Peak:7.04M | Scene, ViewLayer | Updating Geometry BVH far_vol 3/4 | Building OptiX acceleration structure
Fra:84 Mem:205.57M (Peak 295.29M) | Time:00:00.97 | Mem:5.69M, Peak:7.04M | Scene, ViewLayer | Updating Geometry BVH near_vol 4/4 | Building BVH
Fra:84 Mem:205.57M (Peak 295.29M) | Time:00:00.97 | Mem:5.69M, Peak:7.04M | Scene, ViewLayer | Updating Geometry BVH near_vol 4/4 | Building OptiX acceleration structure
Fra:84 Mem:204.63M (Peak 295.29M) | Time:00:00.97 | Mem:5.69M, Peak:7.04M | Scene, ViewLayer | Updating Scene BVH | Building
Fra:84 Mem:204.63M (Peak 295.29M) | Time:00:00.97 | Mem:5.69M, Peak:7.04M | Scene, ViewLayer | Updating Scene BVH | Building OptiX acceleration structure
Fra:84 Mem:204.63M (Peak 295.29M) | Time:00:00.97 | Mem:5.69M, Peak:7.04M | Scene, ViewLayer | Updating Scene BVH | Building BVH
Fra:84 Mem:204.63M (Peak 295.29M) | Time:00:00.97 | Mem:5.69M, Peak:7.04M | Scene, ViewLayer | Updating Scene BVH | Building BVH 0%
Fra:84 Mem:204.63M (Peak 295.29M) | Time:00:00.98 | Mem:5.69M, Peak:7.04M | Scene, ViewLayer | Updating Scene BVH | Copying BVH to device
Fra:84 Mem:204.63M (Peak 295.29M) | Time:00:00.98 | Mem:5.69M, Peak:7.04M | Scene, ViewLayer | Updating Mesh | Computing normals
Fra:84 Mem:205.98M (Peak 295.29M) | Time:00:00.98 | Mem:5.69M, Peak:7.04M | Scene, ViewLayer | Updating Mesh | Copying Mesh to device
Fra:84 Mem:205.98M (Peak 295.29M) | Time:00:00.99 | Mem:7.04M, Peak:7.04M | Scene, ViewLayer | Updating Objects Flags
Fra:84 Mem:205.98M (Peak 295.29M) | Time:00:01.08 | Mem:7.04M, Peak:7.04M | Scene, ViewLayer | Updating Primitive Offsets
Fra:84 Mem:205.98M (Peak 295.29M) | Time:00:01.08 | Mem:7.04M, Peak:7.04M | Scene, ViewLayer | Updating Images
Fra:84 Mem:200.67M (Peak 295.29M) | Time:00:01.08 | Mem:1.73M, Peak:7.04M | Scene, ViewLayer | Updating Images | Loading density
Fra:84 Mem:205.98M (Peak 295.29M) | Time:00:01.08 | Mem:7.04M, Peak:7.04M | Scene, ViewLayer | Updating Camera Volume
Fra:84 Mem:205.98M (Peak 295.29M) | Time:00:01.08 | Mem:7.04M, Peak:7.04M | Scene, ViewLayer | Updating Lookup Tables
Fra:84 Mem:205.98M (Peak 295.29M) | Time:00:01.08 | Mem:7.04M, Peak:7.04M | Scene, ViewLayer | Updating Lights
Fra:84 Mem:205.98M (Peak 295.29M) | Time:00:01.08 | Mem:7.04M, Peak:7.04M | Scene, ViewLayer | Updating Lights | Computing tree
Fra:84 Mem:205.98M (Peak 295.29M) | Time:00:01.08 | Mem:7.04M, Peak:7.04M | Scene, ViewLayer | Updating Integrator
Fra:84 Mem:205.98M (Peak 295.29M) | Time:00:01.08 | Mem:7.04M, Peak:7.04M | Scene, ViewLayer | Updating Film
Fra:84 Mem:205.98M (Peak 295.29M) | Time:00:01.08 | Mem:7.04M, Peak:7.04M | Scene, ViewLayer | Updating Lookup Tables
Fra:84 Mem:205.98M (Peak 295.29M) | Time:00:01.08 | Mem:7.04M, Peak:7.04M | Scene, ViewLayer | Updating Baking
Fra:84 Mem:205.98M (Peak 295.29M) | Time:00:01.08 | Mem:7.04M, Peak:7.04M | Scene, ViewLayer | Updating Device | Writing constant memory
Fra:84 Mem:205.98M (Peak 295.29M) | Time:00:01.08 | Mem:7.04M, Peak:7.04M | Scene, ViewLayer | Sample 0/24
Fra:84 Mem:205.98M (Peak 295.29M) | Time:00:02.20 | Remaining:00:25.72 | Mem:7.04M, Peak:7.04M | Scene, ViewLayer | Sample 1/24
Fra:84 Mem:205.98M (Peak 295.29M) | Time:00:03.28 | Remaining:00:24.15 | Mem:7.04M, Peak:7.04M | Scene, ViewLayer | Sample 2/24
Fra:84 Mem:241.58M (Peak 295.29M) | Time:00:24.26 | Mem:7.04M, Peak:7.04M | Scene, ViewLayer | Sample 24/24
Fra:84 Mem:241.58M (Peak 295.29M) | Time:00:24.26 | Mem:7.04M, Peak:7.04M | Scene, ViewLayer | Finished
Saved: 'C:\Work\domin8te-build\daysky\out\a\f0084.png'
Time: 00:24.61 (Saving: 00:00.34)

Fra:85 Mem:205.99M (Peak 295.29M) | Time:00:01.31 | Mem:7.04M, Peak:7.04M | Scene, ViewLayer | Synchronizing object | main_vol
Fra:85 Mem:205.90M (Peak 295.29M) | Time:00:01.31 | Mem:7.04M, Peak:7.04M | Scene, ViewLayer | Synchronizing object | t0
Fra:85 Mem:205.90M (Peak 295.29M) | Time:00:01.31 | Mem:7.04M, Peak:7.04M | Scene, ViewLayer | Synchronizing object | far_vol
Fra:85 Mem:205.84M (Peak 295.29M) | Time:00:01.31 | Mem:7.04M, Peak:7.04M | Scene, ViewLayer | Synchronizing object | near_vol
Fra:85 Mem:205.81M (Peak 295.29M) | Time:00:01.31 | Mem:7.04M, Peak:7.04M | Scene, ViewLayer | Initializing
Fra:85 Mem:205.80M (Peak 295.29M) | Time:00:01.31 | Mem:7.04M, Peak:7.04M | Scene, ViewLayer | Waiting for render to start
Fra:85 Mem:205.80M (Peak 295.29M) | Time:00:01.31 | Mem:7.04M, Peak:7.04M | Scene, ViewLayer | Updating Scene
Fra:85 Mem:205.80M (Peak 295.29M) | Time:00:01.31 | Mem:7.04M, Peak:7.04M | Scene, ViewLayer | Updating Shaders
Fra:85 Mem:205.80M (Peak 295.29M) | Time:00:01.31 | Mem:7.04M, Peak:7.04M | Scene, ViewLayer | Updating Background
Fra:85 Mem:205.80M (Peak 295.29M) | Time:00:01.31 | Mem:7.04M, Peak:7.04M | Scene, ViewLayer | Updating Camera
Fra:85 Mem:205.80M (Peak 295.29M) | Time:00:01.31 | Mem:7.04M, Peak:7.04M | Scene, ViewLayer | Updating Meshes Flags
Fra:85 Mem:205.80M (Peak 295.29M) | Time:00:01.31 | Mem:7.04M, Peak:7.04M | Scene, ViewLayer | Updating Meshes Volume Bounds
Fra:85 Mem:205.80M (Peak 295.29M) | Time:00:01.31 | Mem:7.04M, Peak:7.04M | Scene, ViewLayer | Updating Volume Images
Fra:85 Mem:205.80M (Peak 295.29M) | Time:00:01.31 | Mem:7.04M, Peak:7.04M | Scene, ViewLayer | Updating Mesh | Computing Volume Mesh main_vol
Fra:85 Mem:205.87M (Peak 295.29M) | Time:00:01.35 | Mem:7.04M, Peak:7.04M | Scene, ViewLayer | Updating Mesh | Computing Volume Mesh far_vol
Fra:85 Mem:205.92M (Peak 295.29M) | Time:00:01.36 | Mem:7.04M, Peak:7.04M | Scene, ViewLayer | Updating Mesh | Computing Volume Mesh near_vol
Fra:85 Mem:205.94M (Peak 295.29M) | Time:00:01.37 | Mem:7.04M, Peak:7.04M | Scene, ViewLayer | Updating Objects
Fra:85 Mem:205.94M (Peak 295.29M) | Time:00:01.37 | Mem:7.04M, Peak:7.04M | Scene, ViewLayer | Updating Objects | Copying Transformations to device
Fra:85 Mem:205.94M (Peak 295.29M) | Time:00:01.37 | Mem:7.04M, Peak:7.04M | Scene, ViewLayer | Updating Particle Systems
Fra:85 Mem:205.94M (Peak 295.29M) | Time:00:01.37 | Mem:7.04M, Peak:7.04M | Scene, ViewLayer | Updating Meshes
Fra:85 Mem:204.34M (Peak 295.29M) | Time:00:01.37 | Mem:5.40M, Peak:7.04M | Scene, ViewLayer | Updating Objects | Applying Static Transformations
Fra:85 Mem:204.34M (Peak 295.29M) | Time:00:01.37 | Mem:5.40M, Peak:7.04M | Scene, ViewLayer | Updating Mesh | Computing attributes
Fra:85 Mem:204.63M (Peak 295.29M) | Time:00:01.37 | Mem:5.40M, Peak:7.04M | Scene, ViewLayer | Updating Mesh | Copying Attributes to device
Fra:85 Mem:204.63M (Peak 295.29M) | Time:00:01.37 | Mem:5.69M, Peak:7.04M | Scene, ViewLayer | Updating Geometry BVH main_vol 2/4 | Building BVH
Fra:85 Mem:204.63M (Peak 295.29M) | Time:00:01.37 | Mem:5.69M, Peak:7.04M | Scene, ViewLayer | Updating Geometry BVH near_vol 4/4 | Building BVH
Fra:85 Mem:204.63M (Peak 295.29M) | Time:00:01.37 | Mem:5.69M, Peak:7.04M | Scene, ViewLayer | Updating Geometry BVH t0 5/4 | Building OptiX acceleration structure
Fra:85 Mem:204.63M (Peak 295.29M) | Time:00:01.37 | Mem:5.69M, Peak:7.04M | Scene, ViewLayer | Updating Scene BVH | Building
Fra:85 Mem:204.63M (Peak 295.29M) | Time:00:01.37 | Mem:5.69M, Peak:7.04M | Scene, ViewLayer | Updating Scene BVH | Building OptiX acceleration structure
Fra:85 Mem:204.63M (Peak 295.29M) | Time:00:01.37 | Mem:5.69M, Peak:7.04M | Scene, ViewLayer | Updating Scene BVH | Building BVH
Fra:85 Mem:204.63M (Peak 295.29M) | Time:00:01.37 | Mem:5.69M, Peak:7.04M | Scene, ViewLayer | Updating Scene BVH | Building BVH 0%
Fra:85 Mem:204.63M (Peak 295.29M) | Time:00:01.38 | Mem:5.69M, Peak:7.04M | Scene, ViewLayer | Updating Scene BVH | Copying BVH to device
Fra:85 Mem:204.63M (Peak 295.29M) | Time:00:01.38 | Mem:5.69M, Peak:7.04M | Scene, ViewLayer | Updating Mesh | Computing normals
Fra:85 Mem:205.98M (Peak 295.29M) | Time:00:01.38 | Mem:5.69M, Peak:7.04M | Scene, ViewLayer | Updating Mesh | Copying Mesh to device
Fra:85 Mem:205.98M (Peak 295.29M) | Time:00:01.38 | Mem:7.04M, Peak:7.04M | Scene, ViewLayer | Updating Objects Flags
Fra:85 Mem:205.98M (Peak 295.29M) | Time:00:01.41 | Mem:7.04M, Peak:7.04M | Scene, ViewLayer | Updating Primitive Offsets
Fra:85 Mem:205.98M (Peak 295.29M) | Time:00:01.41 | Mem:7.04M, Peak:7.04M | Scene, ViewLayer | Updating Images
Fra:85 Mem:202.85M (Peak 295.29M) | Time:00:01.41 | Mem:7.04M, Peak:7.04M | Scene, ViewLayer | Updating Images | Loading density
Fra:85 Mem:205.98M (Peak 295.29M) | Time:00:01.42 | Mem:7.04M, Peak:9.22M | Scene, ViewLayer | Updating Camera Volume
Fra:85 Mem:205.98M (Peak 295.29M) | Time:00:01.42 | Mem:7.04M, Peak:9.22M | Scene, ViewLayer | Updating Lookup Tables
Fra:85 Mem:205.98M (Peak 295.29M) | Time:00:01.42 | Mem:7.04M, Peak:9.22M | Scene, ViewLayer | Updating Lights
Fra:85 Mem:205.98M (Peak 295.29M) | Time:00:01.42 | Mem:7.04M, Peak:9.22M | Scene, ViewLayer | Updating Lights | Computing tree
Fra:85 Mem:205.98M (Peak 295.29M) | Time:00:01.42 | Mem:7.04M, Peak:9.22M | Scene, ViewLayer | Updating Integrator
Fra:85 Mem:205.98M (Peak 295.29M) | Time:00:01.42 | Mem:7.04M, Peak:9.22M | Scene, ViewLayer | Updating Film
Fra:85 Mem:205.98M (Peak 295.29M) | Time:00:01.42 | Mem:7.04M, Peak:9.22M | Scene, ViewLayer | Updating Lookup Tables
Fra:85 Mem:205.98M (Peak 295.29M) | Time:00:01.42 | Mem:7.04M, Peak:9.22M | Scene, ViewLayer | Updating Baking
Fra:85 Mem:205.98M (Peak 295.29M) | Time:00:01.42 | Mem:7.04M, Peak:9.22M | Scene, ViewLayer | Updating Device | Writing constant memory
Fra:85 Mem:205.98M (Peak 295.29M) | Time:00:01.42 | Mem:7.04M, Peak:9.22M | Scene, ViewLayer | Sample 0/24
Fra:85 Mem:205.98M (Peak 295.29M) | Time:00:02.63 | Remaining:00:27.86 | Mem:7.04M, Peak:9.22M | Scene, ViewLayer | Sample 1/24
Fra:85 Mem:205.98M (Peak 295.29M) | Time:00:03.71 | Remaining:00:25.22 | Mem:7.04M, Peak:9.22M | Scene, ViewLayer | Sample 2/24
Fra:85 Mem:241.58M (Peak 295.29M) | Time:00:24.39 | Mem:7.04M, Peak:9.22M | Scene, ViewLayer | Sample 24/24
Fra:85 Mem:241.58M (Peak 295.29M) | Time:00:24.39 | Mem:7.04M, Peak:9.22M | Scene, ViewLayer | Finished
Saved: 'C:\Work\domin8te-build\daysky\out\a\f0085.png'
Time: 00:24.71 (Saving: 00:00.31)

Fra:86 Mem:205.99M (Peak 295.29M) | Time:00:00.58 | Mem:7.04M, Peak:7.04M | Scene, ViewLayer | Synchronizing object | main_vol
Fra:86 Mem:205.92M (Peak 295.29M) | Time:00:00.58 | Mem:7.04M, Peak:7.04M | Scene, ViewLayer | Synchronizing object | t0
Fra:86 Mem:205.81M (Peak 295.29M) | Time:00:00.58 | Mem:7.04M, Peak:7.04M | Scene, ViewLayer | Initializing
Fra:86 Mem:205.80M (Peak 295.29M) | Time:00:00.58 | Mem:7.04M, Peak:7.04M | Scene, ViewLayer | Waiting for render to start
Fra:86 Mem:205.80M (Peak 295.29M) | Time:00:00.58 | Mem:7.04M, Peak:7.04M | Scene, ViewLayer | Updating Scene
Fra:86 Mem:205.80M (Peak 295.29M) | Time:00:00.58 | Mem:7.04M, Peak:7.04M | Scene, ViewLayer | Updating Shaders
Fra:86 Mem:205.80M (Peak 295.29M) | Time:00:00.58 | Mem:7.04M, Peak:7.04M | Scene, ViewLayer | Updating Background
Fra:86 Mem:205.80M (Peak 295.29M) | Time:00:00.58 | Mem:7.04M, Peak:7.04M | Scene, ViewLayer | Updating Camera
Fra:86 Mem:205.80M (Peak 295.29M) | Time:00:00.58 | Mem:7.04M, Peak:7.04M | Scene, ViewLayer | Updating Meshes Flags
Fra:86 Mem:205.80M (Peak 295.29M) | Time:00:00.58 | Mem:7.04M, Peak:7.04M | Scene, ViewLayer | Updating Meshes Volume Bounds
Fra:86 Mem:205.80M (Peak 295.29M) | Time:00:00.58 | Mem:7.04M, Peak:7.04M | Scene, ViewLayer | Updating Volume Images
Fra:86 Mem:205.80M (Peak 295.29M) | Time:00:00.58 | Mem:7.04M, Peak:7.04M | Scene, ViewLayer | Updating Mesh | Computing Volume Mesh main_vol
Fra:86 Mem:205.87M (Peak 295.29M) | Time:00:00.63 | Mem:7.04M, Peak:7.04M | Scene, ViewLayer | Updating Mesh | Computing Volume Mesh far_vol
Fra:86 Mem:205.92M (Peak 295.29M) | Time:00:00.63 | Mem:7.04M, Peak:7.04M | Scene, ViewLayer | Updating Mesh | Computing Volume Mesh near_vol
Fra:86 Mem:205.94M (Peak 295.29M) | Time:00:00.64 | Mem:7.04M, Peak:7.04M | Scene, ViewLayer | Updating Objects
Fra:86 Mem:205.94M (Peak 295.29M) | Time:00:00.64 | Mem:7.04M, Peak:7.04M | Scene, ViewLayer | Updating Objects | Copying Transformations to device
Fra:86 Mem:205.94M (Peak 295.29M) | Time:00:00.64 | Mem:7.04M, Peak:7.04M | Scene, ViewLayer | Updating Particle Systems
Fra:86 Mem:205.94M (Peak 295.29M) | Time:00:00.64 | Mem:7.04M, Peak:7.04M | Scene, ViewLayer | Updating Meshes
Fra:86 Mem:204.34M (Peak 295.29M) | Time:00:00.64 | Mem:5.40M, Peak:7.04M | Scene, ViewLayer | Updating Objects | Applying Static Transformations
Fra:86 Mem:204.34M (Peak 295.29M) | Time:00:00.64 | Mem:5.40M, Peak:7.04M | Scene, ViewLayer | Updating Mesh | Computing attributes
Fra:86 Mem:204.63M (Peak 295.29M) | Time:00:00.64 | Mem:5.40M, Peak:7.04M | Scene, ViewLayer | Updating Mesh | Copying Attributes to device
Fra:86 Mem:204.63M (Peak 295.29M) | Time:00:00.64 | Mem:5.69M, Peak:7.04M | Scene, ViewLayer | Updating Geometry BVH t0 5/4 | Building BVH
Fra:86 Mem:204.63M (Peak 295.29M) | Time:00:00.64 | Mem:5.69M, Peak:7.04M | Scene, ViewLayer | Updating Geometry BVH t0 5/4 | Building OptiX acceleration structure
Fra:86 Mem:205.48M (Peak 295.29M) | Time:00:00.65 | Mem:5.69M, Peak:7.04M | Scene, ViewLayer | Updating Geometry BVH main_vol 2/4 | Building BVH
Fra:86 Mem:205.48M (Peak 295.29M) | Time:00:00.65 | Mem:5.69M, Peak:7.04M | Scene, ViewLayer | Updating Geometry BVH far_vol 3/4 | Building BVH
Fra:86 Mem:205.48M (Peak 295.29M) | Time:00:00.65 | Mem:5.69M, Peak:7.04M | Scene, ViewLayer | Updating Geometry BVH near_vol 4/4 | Building BVH
Fra:86 Mem:204.63M (Peak 295.29M) | Time:00:00.65 | Mem:5.69M, Peak:7.04M | Scene, ViewLayer | Updating Geometry BVH near_vol 4/4 | Building OptiX acceleration structure
Fra:86 Mem:204.63M (Peak 295.29M) | Time:00:00.66 | Mem:5.69M, Peak:7.04M | Scene, ViewLayer | Updating Scene BVH | Building
Fra:86 Mem:204.63M (Peak 295.29M) | Time:00:00.66 | Mem:5.69M, Peak:7.04M | Scene, ViewLayer | Updating Scene BVH | Building OptiX acceleration structure
Fra:86 Mem:204.63M (Peak 295.29M) | Time:00:00.66 | Mem:5.69M, Peak:7.04M | Scene, ViewLayer | Updating Scene BVH | Building BVH
Fra:86 Mem:204.63M (Peak 295.29M) | Time:00:00.66 | Mem:5.69M, Peak:7.04M | Scene, ViewLayer | Updating Scene BVH | Building BVH 0%
Fra:86 Mem:204.63M (Peak 295.29M) | Time:00:00.68 | Mem:5.69M, Peak:7.04M | Scene, ViewLayer | Updating Scene BVH | Copying BVH to device
Fra:86 Mem:204.63M (Peak 295.29M) | Time:00:00.68 | Mem:5.69M, Peak:7.04M | Scene, ViewLayer | Updating Mesh | Computing normals
Fra:86 Mem:205.98M (Peak 295.29M) | Time:00:00.68 | Mem:5.69M, Peak:7.04M | Scene, ViewLayer | Updating Mesh | Copying Mesh to device
Fra:86 Mem:205.98M (Peak 295.29M) | Time:00:00.68 | Mem:7.04M, Peak:7.04M | Scene, ViewLayer | Updating Objects Flags
Fra:86 Mem:205.98M (Peak 295.29M) | Time:00:01.42 | Mem:7.04M, Peak:7.04M | Scene, ViewLayer | Updating Primitive Offsets
Fra:86 Mem:205.98M (Peak 295.29M) | Time:00:01.42 | Mem:7.04M, Peak:7.04M | Scene, ViewLayer | Updating Images
Fra:86 Mem:200.67M (Peak 295.29M) | Time:00:01.42 | Mem:1.73M, Peak:7.04M | Scene, ViewLayer | Updating Images | Loading density
Fra:86 Mem:205.98M (Peak 295.29M) | Time:00:01.45 | Mem:7.04M, Peak:7.04M | Scene, ViewLayer | Updating Camera Volume
Fra:86 Mem:205.98M (Peak 295.29M) | Time:00:01.45 | Mem:7.04M, Peak:7.04M | Scene, ViewLayer | Updating Lookup Tables
Fra:86 Mem:205.98M (Peak 295.29M) | Time:00:01.45 | Mem:7.04M, Peak:7.04M | Scene, ViewLayer | Updating Lights
Fra:86 Mem:205.98M (Peak 295.29M) | Time:00:01.45 | Mem:7.04M, Peak:7.04M | Scene, ViewLayer | Updating Lights | Computing tree
Fra:86 Mem:205.98M (Peak 295.29M) | Time:00:01.46 | Mem:7.04M, Peak:7.04M | Scene, ViewLayer | Updating Integrator
Fra:86 Mem:205.98M (Peak 295.29M) | Time:00:01.46 | Mem:7.04M, Peak:7.04M | Scene, ViewLayer | Updating Film
Fra:86 Mem:205.98M (Peak 295.29M) | Time:00:01.46 | Mem:7.04M, Peak:7.04M | Scene, ViewLayer | Updating Lookup Tables
Fra:86 Mem:205.98M (Peak 295.29M) | Time:00:01.46 | Mem:7.04M, Peak:7.04M | Scene, ViewLayer | Updating Baking
Fra:86 Mem:205.98M (Peak 295.29M) | Time:00:01.46 | Mem:7.04M, Peak:7.04M | Scene, ViewLayer | Updating Device | Writing constant memory
Fra:86 Mem:205.98M (Peak 295.29M) | Time:00:01.46 | Mem:7.04M, Peak:7.04M | Scene, ViewLayer | Sample 0/24
Fra:86 Mem:205.98M (Peak 295.29M) | Time:00:02.68 | Remaining:00:28.16 | Mem:7.04M, Peak:7.04M | Scene, ViewLayer | Sample 1/24
Fra:86 Mem:205.98M (Peak 295.29M) | Time:00:03.64 | Remaining:00:24.01 | Mem:7.04M, Peak:7.04M | Scene, ViewLayer | Sample 2/24
Fra:86 Mem:241.58M (Peak 295.29M) | Time:00:22.82 | Mem:7.04M, Peak:7.04M | Scene, ViewLayer | Sample 24/24
Fra:86 Mem:241.58M (Peak 295.29M) | Time:00:22.82 | Mem:7.04M, Peak:7.04M | Scene, ViewLayer | Finished
Saved: 'C:\Work\domin8te-build\daysky\out\a\f0086.png'
Time: 00:23.16 (Saving: 00:00.33)

Fra:87 Mem:205.99M (Peak 295.29M) | Time:00:01.17 | Mem:7.04M, Peak:7.04M | Scene, ViewLayer | Synchronizing object | t0
Fra:87 Mem:205.99M (Peak 295.29M) | Time:00:01.17 | Mem:7.04M, Peak:7.04M | Scene, ViewLayer | Synchronizing object | near_vol
Fra:87 Mem:205.96M (Peak 295.29M) | Time:00:01.17 | Mem:7.04M, Peak:7.04M | Scene, ViewLayer | Synchronizing object | far_vol
Fra:87 Mem:205.90M (Peak 295.29M) | Time:00:01.17 | Mem:7.04M, Peak:7.04M | Scene, ViewLayer | Synchronizing object | main_vol
Fra:87 Mem:205.81M (Peak 295.29M) | Time:00:01.17 | Mem:7.04M, Peak:7.04M | Scene, ViewLayer | Initializing
Fra:87 Mem:205.80M (Peak 295.29M) | Time:00:01.17 | Mem:7.04M, Peak:7.04M | Scene, ViewLayer | Waiting for render to start
Fra:87 Mem:205.80M (Peak 295.29M) | Time:00:01.17 | Mem:7.04M, Peak:7.04M | Scene, ViewLayer | Updating Scene
Fra:87 Mem:205.80M (Peak 295.29M) | Time:00:01.17 | Mem:7.04M, Peak:7.04M | Scene, ViewLayer | Updating Shaders
Fra:87 Mem:205.80M (Peak 295.29M) | Time:00:01.17 | Mem:7.04M, Peak:7.04M | Scene, ViewLayer | Updating Background
Fra:87 Mem:205.80M (Peak 295.29M) | Time:00:01.17 | Mem:7.04M, Peak:7.04M | Scene, ViewLayer | Updating Camera
Fra:87 Mem:205.80M (Peak 295.29M) | Time:00:01.17 | Mem:7.04M, Peak:7.04M | Scene, ViewLayer | Updating Meshes Flags
Fra:87 Mem:205.80M (Peak 295.29M) | Time:00:01.17 | Mem:7.04M, Peak:7.04M | Scene, ViewLayer | Updating Meshes Volume Bounds
Fra:87 Mem:205.80M (Peak 295.29M) | Time:00:01.17 | Mem:7.04M, Peak:7.04M | Scene, ViewLayer | Updating Volume Images
Fra:87 Mem:205.80M (Peak 295.29M) | Time:00:01.17 | Mem:7.04M, Peak:7.04M | Scene, ViewLayer | Updating Mesh | Computing Volume Mesh main_vol
Fra:87 Mem:205.87M (Peak 295.29M) | Time:00:01.19 | Mem:7.04M, Peak:7.04M | Scene, ViewLayer | Updating Mesh | Computing Volume Mesh far_vol
Fra:87 Mem:205.92M (Peak 295.29M) | Time:00:01.21 | Mem:7.04M, Peak:7.04M | Scene, ViewLayer | Updating Mesh | Computing Volume Mesh near_vol
Fra:87 Mem:205.94M (Peak 295.29M) | Time:00:01.22 | Mem:7.04M, Peak:7.04M | Scene, ViewLayer | Updating Objects
Fra:87 Mem:205.94M (Peak 295.29M) | Time:00:01.22 | Mem:7.04M, Peak:7.04M | Scene, ViewLayer | Updating Objects | Copying Transformations to device
Fra:87 Mem:205.94M (Peak 295.29M) | Time:00:01.22 | Mem:7.04M, Peak:7.04M | Scene, ViewLayer | Updating Particle Systems
Fra:87 Mem:205.94M (Peak 295.29M) | Time:00:01.22 | Mem:7.04M, Peak:7.04M | Scene, ViewLayer | Updating Meshes
Fra:87 Mem:204.34M (Peak 295.29M) | Time:00:01.22 | Mem:5.40M, Peak:7.04M | Scene, ViewLayer | Updating Objects | Applying Static Transformations
Fra:87 Mem:204.34M (Peak 295.29M) | Time:00:01.22 | Mem:5.40M, Peak:7.04M | Scene, ViewLayer | Updating Mesh | Computing attributes
Fra:87 Mem:204.63M (Peak 295.29M) | Time:00:01.22 | Mem:5.40M, Peak:7.04M | Scene, ViewLayer | Updating Mesh | Copying Attributes to device
Fra:87 Mem:204.63M (Peak 295.29M) | Time:00:01.23 | Mem:5.69M, Peak:7.04M | Scene, ViewLayer | Updating Geometry BVH t0 5/4 | Building BVH
Fra:87 Mem:204.63M (Peak 295.29M) | Time:00:01.23 | Mem:5.69M, Peak:7.04M | Scene, ViewLayer | Updating Geometry BVH t0 5/4 | Building OptiX acceleration structure
Fra:87 Mem:205.48M (Peak 295.29M) | Time:00:01.23 | Mem:5.69M, Peak:7.04M | Scene, ViewLayer | Updating Geometry BVH main_vol 2/4 | Building BVH
Fra:87 Mem:205.48M (Peak 295.29M) | Time:00:01.25 | Mem:5.69M, Peak:7.04M | Scene, ViewLayer | Updating Geometry BVH far_vol 3/4 | Building BVH
Fra:87 Mem:205.48M (Peak 295.29M) | Time:00:01.26 | Mem:5.69M, Peak:7.04M | Scene, ViewLayer | Updating Geometry BVH near_vol 4/4 | Building BVH
Fra:87 Mem:204.63M (Peak 295.29M) | Time:00:01.27 | Mem:5.69M, Peak:7.04M | Scene, ViewLayer | Updating Geometry BVH near_vol 4/4 | Building OptiX acceleration structure
Fra:87 Mem:204.63M (Peak 295.29M) | Time:00:01.27 | Mem:5.69M, Peak:7.04M | Scene, ViewLayer | Updating Scene BVH | Building
Fra:87 Mem:204.63M (Peak 295.29M) | Time:00:01.27 | Mem:5.69M, Peak:7.04M | Scene, ViewLayer | Updating Scene BVH | Building OptiX acceleration structure
Fra:87 Mem:204.63M (Peak 295.29M) | Time:00:01.27 | Mem:5.69M, Peak:7.04M | Scene, ViewLayer | Updating Scene BVH | Building BVH
Fra:87 Mem:204.63M (Peak 295.29M) | Time:00:01.27 | Mem:5.69M, Peak:7.04M | Scene, ViewLayer | Updating Scene BVH | Building BVH 0%
Fra:87 Mem:204.63M (Peak 295.29M) | Time:00:01.30 | Mem:5.69M, Peak:7.04M | Scene, ViewLayer | Updating Scene BVH | Copying BVH to device
Fra:87 Mem:204.63M (Peak 295.29M) | Time:00:01.30 | Mem:5.69M, Peak:7.04M | Scene, ViewLayer | Updating Mesh | Computing normals
Fra:87 Mem:205.98M (Peak 295.29M) | Time:00:01.31 | Mem:5.69M, Peak:7.04M | Scene, ViewLayer | Updating Mesh | Copying Mesh to device
Fra:87 Mem:205.98M (Peak 295.29M) | Time:00:01.31 | Mem:7.04M, Peak:7.04M | Scene, ViewLayer | Updating Objects Flags
Fra:87 Mem:205.98M (Peak 295.29M) | Time:00:01.43 | Mem:7.04M, Peak:7.04M | Scene, ViewLayer | Updating Primitive Offsets
Fra:87 Mem:205.98M (Peak 295.29M) | Time:00:01.43 | Mem:7.04M, Peak:7.04M | Scene, ViewLayer | Updating Images
Fra:87 Mem:202.85M (Peak 295.29M) | Time:00:01.43 | Mem:7.04M, Peak:7.04M | Scene, ViewLayer | Updating Images | Loading density
Fra:87 Mem:205.98M (Peak 295.29M) | Time:00:01.44 | Mem:7.04M, Peak:7.04M | Scene, ViewLayer | Updating Camera Volume
Fra:87 Mem:205.98M (Peak 295.29M) | Time:00:01.44 | Mem:7.04M, Peak:7.04M | Scene, ViewLayer | Updating Lookup Tables
Fra:87 Mem:205.98M (Peak 295.29M) | Time:00:01.44 | Mem:7.04M, Peak:7.04M | Scene, ViewLayer | Updating Lights
Fra:87 Mem:205.98M (Peak 295.29M) | Time:00:01.44 | Mem:7.04M, Peak:7.04M | Scene, ViewLayer | Updating Lights | Computing tree
Fra:87 Mem:205.98M (Peak 295.29M) | Time:00:01.44 | Mem:7.04M, Peak:7.04M | Scene, ViewLayer | Updating Integrator
Fra:87 Mem:205.98M (Peak 295.29M) | Time:00:01.44 | Mem:7.04M, Peak:7.04M | Scene, ViewLayer | Updating Film
Fra:87 Mem:205.98M (Peak 295.29M) | Time:00:01.44 | Mem:7.04M, Peak:7.04M | Scene, ViewLayer | Updating Lookup Tables
Fra:87 Mem:205.98M (Peak 295.29M) | Time:00:01.44 | Mem:7.04M, Peak:7.04M | Scene, ViewLayer | Updating Baking
Fra:87 Mem:205.98M (Peak 295.29M) | Time:00:01.44 | Mem:7.04M, Peak:7.04M | Scene, ViewLayer | Updating Device | Writing constant memory
Fra:87 Mem:205.98M (Peak 295.29M) | Time:00:01.44 | Mem:7.04M, Peak:7.04M | Scene, ViewLayer | Sample 0/24
Fra:87 Mem:205.98M (Peak 295.29M) | Time:00:02.64 | Remaining:00:27.60 | Mem:7.04M, Peak:7.04M | Scene, ViewLayer | Sample 1/24
Fra:87 Mem:205.98M (Peak 295.29M) | Time:00:03.84 | Remaining:00:26.39 | Mem:7.04M, Peak:7.04M | Scene, ViewLayer | Sample 2/24
Fra:87 Mem:241.58M (Peak 295.29M) | Time:00:23.48 | Mem:7.04M, Peak:7.04M | Scene, ViewLayer | Sample 24/24
Fra:87 Mem:241.58M (Peak 295.29M) | Time:00:23.48 | Mem:7.04M, Peak:7.04M | Scene, ViewLayer | Finished
Saved: 'C:\Work\domin8te-build\daysky\out\a\f0087.png'
Time: 00:23.75 (Saving: 00:00.27)

Fra:88 Mem:205.99M (Peak 295.29M) | Time:00:00.66 | Mem:7.04M, Peak:7.04M | Scene, ViewLayer | Synchronizing object | t0
Fra:88 Mem:207.42M (Peak 295.29M) | Time:00:00.66 | Mem:7.04M, Peak:7.04M | Scene, ViewLayer | Synchronizing object | main_vol
Fra:88 Mem:207.33M (Peak 295.29M) | Time:00:00.66 | Mem:7.04M, Peak:7.04M | Scene, ViewLayer | Synchronizing object | far_vol
Fra:88 Mem:207.27M (Peak 295.29M) | Time:00:00.66 | Mem:7.04M, Peak:7.04M | Scene, ViewLayer | Synchronizing object | near_vol
Fra:88 Mem:205.81M (Peak 295.29M) | Time:00:00.66 | Mem:7.04M, Peak:7.04M | Scene, ViewLayer | Initializing
Fra:88 Mem:205.80M (Peak 295.29M) | Time:00:00.66 | Mem:7.04M, Peak:7.04M | Scene, ViewLayer | Waiting for render to start
Fra:88 Mem:205.80M (Peak 295.29M) | Time:00:00.66 | Mem:7.04M, Peak:7.04M | Scene, ViewLayer | Updating Scene
Fra:88 Mem:205.80M (Peak 295.29M) | Time:00:00.66 | Mem:7.04M, Peak:7.04M | Scene, ViewLayer | Updating Shaders
Fra:88 Mem:205.80M (Peak 295.29M) | Time:00:00.66 | Mem:7.04M, Peak:7.04M | Scene, ViewLayer | Updating Background
Fra:88 Mem:205.80M (Peak 295.29M) | Time:00:00.66 | Mem:7.04M, Peak:7.04M | Scene, ViewLayer | Updating Camera
Fra:88 Mem:205.80M (Peak 295.29M) | Time:00:00.66 | Mem:7.04M, Peak:7.04M | Scene, ViewLayer | Updating Meshes Flags
Fra:88 Mem:205.80M (Peak 295.29M) | Time:00:00.66 | Mem:7.04M, Peak:7.04M | Scene, ViewLayer | Updating Meshes Volume Bounds
Fra:88 Mem:205.80M (Peak 295.29M) | Time:00:00.66 | Mem:7.04M, Peak:7.04M | Scene, ViewLayer | Updating Volume Images
Fra:88 Mem:205.80M (Peak 295.29M) | Time:00:00.66 | Mem:7.04M, Peak:7.04M | Scene, ViewLayer | Updating Mesh | Computing Volume Mesh main_vol
Fra:88 Mem:205.87M (Peak 295.29M) | Time:00:00.69 | Mem:7.04M, Peak:7.04M | Scene, ViewLayer | Updating Mesh | Computing Volume Mesh far_vol
Fra:88 Mem:205.92M (Peak 295.29M) | Time:00:00.70 | Mem:7.04M, Peak:7.04M | Scene, ViewLayer | Updating Mesh | Computing Volume Mesh near_vol
Fra:88 Mem:205.94M (Peak 295.29M) | Time:00:00.70 | Mem:7.04M, Peak:7.04M | Scene, ViewLayer | Updating Objects
Fra:88 Mem:205.94M (Peak 295.29M) | Time:00:00.70 | Mem:7.04M, Peak:7.04M | Scene, ViewLayer | Updating Objects | Copying Transformations to device
Fra:88 Mem:205.94M (Peak 295.29M) | Time:00:00.70 | Mem:7.04M, Peak:7.04M | Scene, ViewLayer | Updating Particle Systems
Fra:88 Mem:205.94M (Peak 295.29M) | Time:00:00.70 | Mem:7.04M, Peak:7.04M | Scene, ViewLayer | Updating Meshes
Fra:88 Mem:204.34M (Peak 295.29M) | Time:00:00.70 | Mem:5.40M, Peak:7.04M | Scene, ViewLayer | Updating Objects | Applying Static Transformations
Fra:88 Mem:204.34M (Peak 295.29M) | Time:00:00.70 | Mem:5.40M, Peak:7.04M | Scene, ViewLayer | Updating Mesh | Computing attributes
Fra:88 Mem:204.63M (Peak 295.29M) | Time:00:00.70 | Mem:5.40M, Peak:7.04M | Scene, ViewLayer | Updating Mesh | Copying Attributes to device
Fra:88 Mem:204.63M (Peak 295.29M) | Time:00:00.70 | Mem:5.69M, Peak:7.04M | Scene, ViewLayer | Updating Geometry BVH t0 5/4 | Building BVH
Fra:88 Mem:204.63M (Peak 295.29M) | Time:00:00.70 | Mem:5.69M, Peak:7.04M | Scene, ViewLayer | Updating Geometry BVH t0 5/4 | Building OptiX acceleration structure
Fra:88 Mem:204.63M (Peak 295.29M) | Time:00:00.71 | Mem:5.69M, Peak:7.04M | Scene, ViewLayer | Updating Geometry BVH near_vol 4/4 | Building BVH
Fra:88 Mem:204.63M (Peak 295.29M) | Time:00:00.71 | Mem:5.69M, Peak:7.04M | Scene, ViewLayer | Updating Geometry BVH near_vol 4/4 | Building OptiX acceleration structure
Fra:88 Mem:204.63M (Peak 295.29M) | Time:00:00.71 | Mem:5.69M, Peak:7.04M | Scene, ViewLayer | Updating Geometry BVH far_vol 3/4 | Building BVH
Fra:88 Mem:204.63M (Peak 295.29M) | Time:00:00.71 | Mem:5.69M, Peak:7.04M | Scene, ViewLayer | Updating Geometry BVH far_vol 3/4 | Building OptiX acceleration structure
Fra:88 Mem:204.63M (Peak 295.29M) | Time:00:00.71 | Mem:5.69M, Peak:7.04M | Scene, ViewLayer | Updating Geometry BVH main_vol 2/4 | Building BVH
Fra:88 Mem:204.63M (Peak 295.29M) | Time:00:00.71 | Mem:5.69M, Peak:7.04M | Scene, ViewLayer | Updating Geometry BVH main_vol 2/4 | Building OptiX acceleration structure
Fra:88 Mem:204.63M (Peak 295.29M) | Time:00:00.71 | Mem:5.69M, Peak:7.04M | Scene, ViewLayer | Updating Scene BVH | Building
Fra:88 Mem:204.63M (Peak 295.29M) | Time:00:00.71 | Mem:5.69M, Peak:7.04M | Scene, ViewLayer | Updating Scene BVH | Building OptiX acceleration structure
Fra:88 Mem:204.63M (Peak 295.29M) | Time:00:00.71 | Mem:5.69M, Peak:7.04M | Scene, ViewLayer | Updating Scene BVH | Building BVH
Fra:88 Mem:204.63M (Peak 295.29M) | Time:00:00.71 | Mem:5.69M, Peak:7.04M | Scene, ViewLayer | Updating Scene BVH | Building BVH 0%
Fra:88 Mem:204.63M (Peak 295.29M) | Time:00:00.72 | Mem:5.69M, Peak:7.04M | Scene, ViewLayer | Updating Scene BVH | Copying BVH to device
Fra:88 Mem:204.63M (Peak 295.29M) | Time:00:00.72 | Mem:5.69M, Peak:7.04M | Scene, ViewLayer | Updating Mesh | Computing normals
Fra:88 Mem:205.98M (Peak 295.29M) | Time:00:00.72 | Mem:5.69M, Peak:7.04M | Scene, ViewLayer | Updating Mesh | Copying Mesh to device
Fra:88 Mem:205.98M (Peak 295.29M) | Time:00:00.72 | Mem:7.04M, Peak:7.04M | Scene, ViewLayer | Updating Objects Flags
Fra:88 Mem:205.98M (Peak 295.29M) | Time:00:01.14 | Mem:7.04M, Peak:7.04M | Scene, ViewLayer | Updating Primitive Offsets
Fra:88 Mem:205.98M (Peak 295.29M) | Time:00:01.14 | Mem:7.04M, Peak:7.04M | Scene, ViewLayer | Updating Images
Fra:88 Mem:200.67M (Peak 295.29M) | Time:00:01.14 | Mem:1.73M, Peak:7.04M | Scene, ViewLayer | Updating Images | Loading density
Fra:88 Mem:205.98M (Peak 295.29M) | Time:00:01.14 | Mem:7.04M, Peak:7.04M | Scene, ViewLayer | Updating Camera Volume
Fra:88 Mem:205.98M (Peak 295.29M) | Time:00:01.14 | Mem:7.04M, Peak:7.04M | Scene, ViewLayer | Updating Lookup Tables
Fra:88 Mem:205.98M (Peak 295.29M) | Time:00:01.14 | Mem:7.04M, Peak:7.04M | Scene, ViewLayer | Updating Lights
Fra:88 Mem:205.98M (Peak 295.29M) | Time:00:01.14 | Mem:7.04M, Peak:7.04M | Scene, ViewLayer | Updating Lights | Computing tree
Fra:88 Mem:205.98M (Peak 295.29M) | Time:00:01.14 | Mem:7.04M, Peak:7.04M | Scene, ViewLayer | Updating Integrator
Fra:88 Mem:205.98M (Peak 295.29M) | Time:00:01.14 | Mem:7.04M, Peak:7.04M | Scene, ViewLayer | Updating Film
Fra:88 Mem:205.98M (Peak 295.29M) | Time:00:01.14 | Mem:7.04M, Peak:7.04M | Scene, ViewLayer | Updating Lookup Tables
Fra:88 Mem:205.98M (Peak 295.29M) | Time:00:01.14 | Mem:7.04M, Peak:7.04M | Scene, ViewLayer | Updating Baking
Fra:88 Mem:205.98M (Peak 295.29M) | Time:00:01.14 | Mem:7.04M, Peak:7.04M | Scene, ViewLayer | Updating Device | Writing constant memory
Fra:88 Mem:205.98M (Peak 295.29M) | Time:00:01.14 | Mem:7.04M, Peak:7.04M | Scene, ViewLayer | Sample 0/24
Fra:88 Mem:205.98M (Peak 295.29M) | Time:00:02.18 | Remaining:00:24.04 | Mem:7.04M, Peak:7.04M | Scene, ViewLayer | Sample 1/24
Fra:88 Mem:205.98M (Peak 295.29M) | Time:00:03.17 | Remaining:00:22.29 | Mem:7.04M, Peak:7.04M | Scene, ViewLayer | Sample 2/24
Fra:88 Mem:241.58M (Peak 295.29M) | Time:00:21.97 | Mem:7.04M, Peak:7.04M | Scene, ViewLayer | Sample 24/24
Fra:88 Mem:241.58M (Peak 295.29M) | Time:00:21.97 | Mem:7.04M, Peak:7.04M | Scene, ViewLayer | Finished
Saved: 'C:\Work\domin8te-build\daysky\out\a\f0088.png'
Time: 00:22.25 (Saving: 00:00.28)

Fra:89 Mem:205.99M (Peak 295.29M) | Time:00:00.43 | Mem:7.04M, Peak:7.04M | Scene, ViewLayer | Synchronizing object | main_vol
Fra:89 Mem:205.90M (Peak 295.29M) | Time:00:00.43 | Mem:7.04M, Peak:7.04M | Scene, ViewLayer | Synchronizing object | t0
Fra:89 Mem:205.90M (Peak 295.29M) | Time:00:00.43 | Mem:7.04M, Peak:7.04M | Scene, ViewLayer | Synchronizing object | near_vol
Fra:89 Mem:205.81M (Peak 295.29M) | Time:00:00.43 | Mem:7.04M, Peak:7.04M | Scene, ViewLayer | Initializing
Fra:89 Mem:205.80M (Peak 295.29M) | Time:00:00.44 | Mem:7.04M, Peak:7.04M | Scene, ViewLayer | Waiting for render to start
Fra:89 Mem:205.80M (Peak 295.29M) | Time:00:00.44 | Mem:7.04M, Peak:7.04M | Scene, ViewLayer | Updating Scene
Fra:89 Mem:205.80M (Peak 295.29M) | Time:00:00.44 | Mem:7.04M, Peak:7.04M | Scene, ViewLayer | Updating Shaders
Fra:89 Mem:205.80M (Peak 295.29M) | Time:00:00.44 | Mem:7.04M, Peak:7.04M | Scene, ViewLayer | Updating Background
Fra:89 Mem:205.80M (Peak 295.29M) | Time:00:00.44 | Mem:7.04M, Peak:7.04M | Scene, ViewLayer | Updating Camera
Fra:89 Mem:205.80M (Peak 295.29M) | Time:00:00.44 | Mem:7.04M, Peak:7.04M | Scene, ViewLayer | Updating Meshes Flags
Fra:89 Mem:205.80M (Peak 295.29M) | Time:00:00.44 | Mem:7.04M, Peak:7.04M | Scene, ViewLayer | Updating Meshes Volume Bounds
Fra:89 Mem:205.80M (Peak 295.29M) | Time:00:00.44 | Mem:7.04M, Peak:7.04M | Scene, ViewLayer | Updating Volume Images
Fra:89 Mem:205.80M (Peak 295.29M) | Time:00:00.44 | Mem:7.04M, Peak:7.04M | Scene, ViewLayer | Updating Mesh | Computing Volume Mesh main_vol
Fra:89 Mem:205.87M (Peak 295.29M) | Time:00:00.45 | Mem:7.04M, Peak:7.04M | Scene, ViewLayer | Updating Mesh | Computing Volume Mesh far_vol
Fra:89 Mem:205.92M (Peak 295.29M) | Time:00:00.47 | Mem:7.04M, Peak:7.04M | Scene, ViewLayer | Updating Mesh | Computing Volume Mesh near_vol
Fra:89 Mem:205.94M (Peak 295.29M) | Time:00:00.48 | Mem:7.04M, Peak:7.04M | Scene, ViewLayer | Updating Objects
Fra:89 Mem:205.94M (Peak 295.29M) | Time:00:00.48 | Mem:7.04M, Peak:7.04M | Scene, ViewLayer | Updating Objects | Copying Transformations to device
Fra:89 Mem:205.94M (Peak 295.29M) | Time:00:00.48 | Mem:7.04M, Peak:7.04M | Scene, ViewLayer | Updating Particle Systems
Fra:89 Mem:205.94M (Peak 295.29M) | Time:00:00.48 | Mem:7.04M, Peak:7.04M | Scene, ViewLayer | Updating Meshes
Fra:89 Mem:204.34M (Peak 295.29M) | Time:00:00.48 | Mem:5.40M, Peak:7.04M | Scene, ViewLayer | Updating Objects | Applying Static Transformations
Fra:89 Mem:204.34M (Peak 295.29M) | Time:00:00.48 | Mem:5.40M, Peak:7.04M | Scene, ViewLayer | Updating Mesh | Computing attributes
Fra:89 Mem:204.63M (Peak 295.29M) | Time:00:00.48 | Mem:5.40M, Peak:7.04M | Scene, ViewLayer | Updating Mesh | Copying Attributes to device
Fra:89 Mem:204.63M (Peak 295.29M) | Time:00:00.48 | Mem:5.69M, Peak:7.04M | Scene, ViewLayer | Updating Geometry BVH t0 5/4 | Building BVH
Fra:89 Mem:204.63M (Peak 295.29M) | Time:00:00.48 | Mem:5.69M, Peak:7.04M | Scene, ViewLayer | Updating Geometry BVH t0 5/4 | Building OptiX acceleration structure
Fra:89 Mem:205.48M (Peak 295.29M) | Time:00:00.48 | Mem:5.69M, Peak:7.04M | Scene, ViewLayer | Updating Geometry BVH main_vol 2/4 | Building BVH
Fra:89 Mem:205.48M (Peak 295.29M) | Time:00:00.48 | Mem:5.69M, Peak:7.04M | Scene, ViewLayer | Updating Geometry BVH near_vol 4/4 | Building BVH
Fra:89 Mem:205.48M (Peak 295.29M) | Time:00:00.48 | Mem:5.69M, Peak:7.04M | Scene, ViewLayer | Updating Geometry BVH near_vol 4/4 | Building OptiX acceleration structure
Fra:89 Mem:204.63M (Peak 295.29M) | Time:00:00.48 | Mem:5.69M, Peak:7.04M | Scene, ViewLayer | Updating Scene BVH | Building
Fra:89 Mem:204.63M (Peak 295.29M) | Time:00:00.48 | Mem:5.69M, Peak:7.04M | Scene, ViewLayer | Updating Scene BVH | Building OptiX acceleration structure
Fra:89 Mem:204.63M (Peak 295.29M) | Time:00:00.49 | Mem:5.69M, Peak:7.04M | Scene, ViewLayer | Updating Scene BVH | Building BVH
Fra:89 Mem:204.63M (Peak 295.29M) | Time:00:00.49 | Mem:5.69M, Peak:7.04M | Scene, ViewLayer | Updating Scene BVH | Building BVH 0%
Fra:89 Mem:204.63M (Peak 295.29M) | Time:00:00.56 | Mem:5.69M, Peak:7.04M | Scene, ViewLayer | Updating Scene BVH | Copying BVH to device
Fra:89 Mem:204.63M (Peak 295.29M) | Time:00:00.56 | Mem:5.69M, Peak:7.04M | Scene, ViewLayer | Updating Mesh | Computing normals
Fra:89 Mem:205.98M (Peak 295.29M) | Time:00:00.56 | Mem:5.69M, Peak:7.04M | Scene, ViewLayer | Updating Mesh | Copying Mesh to device
Fra:89 Mem:205.98M (Peak 295.29M) | Time:00:00.56 | Mem:7.04M, Peak:7.04M | Scene, ViewLayer | Updating Objects Flags
Fra:89 Mem:205.98M (Peak 295.29M) | Time:00:01.12 | Mem:7.04M, Peak:7.04M | Scene, ViewLayer | Updating Primitive Offsets
Fra:89 Mem:205.98M (Peak 295.29M) | Time:00:01.12 | Mem:7.04M, Peak:7.04M | Scene, ViewLayer | Updating Images
Fra:89 Mem:200.67M (Peak 295.29M) | Time:00:01.14 | Mem:1.73M, Peak:7.04M | Scene, ViewLayer | Updating Images | Loading density
Fra:89 Mem:205.98M (Peak 295.29M) | Time:00:01.15 | Mem:7.04M, Peak:7.04M | Scene, ViewLayer | Updating Camera Volume
Fra:89 Mem:205.98M (Peak 295.29M) | Time:00:01.15 | Mem:7.04M, Peak:7.04M | Scene, ViewLayer | Updating Lookup Tables
Fra:89 Mem:205.98M (Peak 295.29M) | Time:00:01.15 | Mem:7.04M, Peak:7.04M | Scene, ViewLayer | Updating Lights
Fra:89 Mem:205.98M (Peak 295.29M) | Time:00:01.17 | Mem:7.04M, Peak:7.04M | Scene, ViewLayer | Updating Lights | Computing tree
Fra:89 Mem:205.98M (Peak 295.29M) | Time:00:01.17 | Mem:7.04M, Peak:7.04M | Scene, ViewLayer | Updating Integrator
Fra:89 Mem:205.98M (Peak 295.29M) | Time:00:01.17 | Mem:7.04M, Peak:7.04M | Scene, ViewLayer | Updating Film
Fra:89 Mem:205.98M (Peak 295.29M) | Time:00:01.17 | Mem:7.04M, Peak:7.04M | Scene, ViewLayer | Updating Lookup Tables
Fra:89 Mem:205.98M (Peak 295.29M) | Time:00:01.17 | Mem:7.04M, Peak:7.04M | Scene, ViewLayer | Updating Baking
Fra:89 Mem:205.98M (Peak 295.29M) | Time:00:01.17 | Mem:7.04M, Peak:7.04M | Scene, ViewLayer | Updating Device | Writing constant memory
Fra:89 Mem:205.98M (Peak 295.29M) | Time:00:01.17 | Mem:7.04M, Peak:7.04M | Scene, ViewLayer | Sample 0/24
Fra:89 Mem:205.98M (Peak 295.29M) | Time:00:02.27 | Remaining:00:25.24 | Mem:7.04M, Peak:7.04M | Scene, ViewLayer | Sample 1/24
Fra:89 Mem:205.98M (Peak 295.29M) | Time:00:03.28 | Remaining:00:23.21 | Mem:7.04M, Peak:7.04M | Scene, ViewLayer | Sample 2/24
Fra:89 Mem:241.58M (Peak 295.29M) | Time:00:22.61 | Mem:7.04M, Peak:7.04M | Scene, ViewLayer | Sample 24/24
Fra:89 Mem:241.58M (Peak 295.29M) | Time:00:22.61 | Mem:7.04M, Peak:7.04M | Scene, ViewLayer | Finished
Saved: 'C:\Work\domin8te-build\daysky\out\a\f0089.png'
Time: 00:22.83 (Saving: 00:00.21)

Fra:90 Mem:205.99M (Peak 295.29M) | Time:00:01.02 | Mem:7.04M, Peak:7.04M | Scene, ViewLayer | Synchronizing object | t0
Fra:90 Mem:205.99M (Peak 295.29M) | Time:00:01.03 | Mem:7.04M, Peak:7.04M | Scene, ViewLayer | Synchronizing object | near_vol
Fra:90 Mem:205.96M (Peak 295.29M) | Time:00:01.03 | Mem:7.04M, Peak:7.04M | Scene, ViewLayer | Synchronizing object | far_vol
Fra:90 Mem:205.90M (Peak 295.29M) | Time:00:01.03 | Mem:7.04M, Peak:7.04M | Scene, ViewLayer | Synchronizing object | main_vol
Fra:90 Mem:205.81M (Peak 295.29M) | Time:00:01.03 | Mem:7.04M, Peak:7.04M | Scene, ViewLayer | Initializing
Fra:90 Mem:205.80M (Peak 295.29M) | Time:00:01.03 | Mem:7.04M, Peak:7.04M | Scene, ViewLayer | Waiting for render to start
Fra:90 Mem:205.80M (Peak 295.29M) | Time:00:01.03 | Mem:7.04M, Peak:7.04M | Scene, ViewLayer | Updating Scene
Fra:90 Mem:205.80M (Peak 295.29M) | Time:00:01.03 | Mem:7.04M, Peak:7.04M | Scene, ViewLayer | Updating Shaders
Fra:90 Mem:205.80M (Peak 295.29M) | Time:00:01.03 | Mem:7.04M, Peak:7.04M | Scene, ViewLayer | Updating Background
Fra:90 Mem:205.80M (Peak 295.29M) | Time:00:01.03 | Mem:7.04M, Peak:7.04M | Scene, ViewLayer | Updating Camera
Fra:90 Mem:205.80M (Peak 295.29M) | Time:00:01.03 | Mem:7.04M, Peak:7.04M | Scene, ViewLayer | Updating Meshes Flags
Fra:90 Mem:205.80M (Peak 295.29M) | Time:00:01.03 | Mem:7.04M, Peak:7.04M | Scene, ViewLayer | Updating Meshes Volume Bounds
Fra:90 Mem:205.80M (Peak 295.29M) | Time:00:01.03 | Mem:7.04M, Peak:7.04M | Scene, ViewLayer | Updating Volume Images
Fra:90 Mem:205.80M (Peak 295.29M) | Time:00:01.03 | Mem:7.04M, Peak:7.04M | Scene, ViewLayer | Updating Mesh | Computing Volume Mesh main_vol
Fra:90 Mem:205.87M (Peak 295.29M) | Time:00:01.05 | Mem:7.04M, Peak:7.04M | Scene, ViewLayer | Updating Mesh | Computing Volume Mesh far_vol
Fra:90 Mem:205.92M (Peak 295.29M) | Time:00:01.06 | Mem:7.04M, Peak:7.04M | Scene, ViewLayer | Updating Mesh | Computing Volume Mesh near_vol
Fra:90 Mem:205.94M (Peak 295.29M) | Time:00:01.07 | Mem:7.04M, Peak:7.04M | Scene, ViewLayer | Updating Objects
Fra:90 Mem:205.94M (Peak 295.29M) | Time:00:01.07 | Mem:7.04M, Peak:7.04M | Scene, ViewLayer | Updating Objects | Copying Transformations to device
Fra:90 Mem:205.94M (Peak 295.29M) | Time:00:01.07 | Mem:7.04M, Peak:7.04M | Scene, ViewLayer | Updating Particle Systems
Fra:90 Mem:205.94M (Peak 295.29M) | Time:00:01.07 | Mem:7.04M, Peak:7.04M | Scene, ViewLayer | Updating Meshes
Fra:90 Mem:204.34M (Peak 295.29M) | Time:00:01.07 | Mem:5.40M, Peak:7.04M | Scene, ViewLayer | Updating Objects | Applying Static Transformations
Fra:90 Mem:204.34M (Peak 295.29M) | Time:00:01.07 | Mem:5.40M, Peak:7.04M | Scene, ViewLayer | Updating Mesh | Computing attributes
Fra:90 Mem:204.63M (Peak 295.29M) | Time:00:01.07 | Mem:5.40M, Peak:7.04M | Scene, ViewLayer | Updating Mesh | Copying Attributes to device
Fra:90 Mem:204.63M (Peak 295.29M) | Time:00:01.07 | Mem:5.69M, Peak:7.04M | Scene, ViewLayer | Updating Geometry BVH t0 5/4 | Building BVH
Fra:90 Mem:204.63M (Peak 295.29M) | Time:00:01.07 | Mem:5.69M, Peak:7.04M | Scene, ViewLayer | Updating Geometry BVH t0 5/4 | Building OptiX acceleration structure
Fra:90 Mem:205.48M (Peak 295.29M) | Time:00:01.07 | Mem:5.69M, Peak:7.04M | Scene, ViewLayer | Updating Geometry BVH main_vol 2/4 | Building BVH
Fra:90 Mem:205.48M (Peak 295.29M) | Time:00:01.09 | Mem:5.69M, Peak:7.04M | Scene, ViewLayer | Updating Geometry BVH main_vol 2/4 | Building OptiX acceleration structure
Fra:90 Mem:204.68M (Peak 295.29M) | Time:00:01.09 | Mem:5.69M, Peak:7.04M | Scene, ViewLayer | Updating Geometry BVH near_vol 4/4 | Building BVH
Fra:90 Mem:204.68M (Peak 295.29M) | Time:00:01.09 | Mem:5.69M, Peak:7.04M | Scene, ViewLayer | Updating Geometry BVH near_vol 4/4 | Building OptiX acceleration structure
Fra:90 Mem:204.65M (Peak 295.29M) | Time:00:01.09 | Mem:5.69M, Peak:7.04M | Scene, ViewLayer | Updating Geometry BVH far_vol 3/4 | Building BVH
Fra:90 Mem:204.65M (Peak 295.29M) | Time:00:01.09 | Mem:5.69M, Peak:7.04M | Scene, ViewLayer | Updating Geometry BVH far_vol 3/4 | Building OptiX acceleration structure
Fra:90 Mem:204.63M (Peak 295.29M) | Time:00:01.11 | Mem:5.69M, Peak:7.04M | Scene, ViewLayer | Updating Scene BVH | Building
Fra:90 Mem:204.63M (Peak 295.29M) | Time:00:01.11 | Mem:5.69M, Peak:7.04M | Scene, ViewLayer | Updating Scene BVH | Building OptiX acceleration structure
Fra:90 Mem:204.63M (Peak 295.29M) | Time:00:01.11 | Mem:5.69M, Peak:7.04M | Scene, ViewLayer | Updating Scene BVH | Building BVH
Fra:90 Mem:204.63M (Peak 295.29M) | Time:00:01.11 | Mem:5.69M, Peak:7.04M | Scene, ViewLayer | Updating Scene BVH | Building BVH 0%
Fra:90 Mem:204.63M (Peak 295.29M) | Time:00:01.12 | Mem:5.69M, Peak:7.04M | Scene, ViewLayer | Updating Scene BVH | Copying BVH to device
Fra:90 Mem:204.63M (Peak 295.29M) | Time:00:01.12 | Mem:5.69M, Peak:7.04M | Scene, ViewLayer | Updating Mesh | Computing normals
Fra:90 Mem:205.98M (Peak 295.29M) | Time:00:01.12 | Mem:5.69M, Peak:7.04M | Scene, ViewLayer | Updating Mesh | Copying Mesh to device
Fra:90 Mem:205.98M (Peak 295.29M) | Time:00:01.13 | Mem:7.04M, Peak:7.04M | Scene, ViewLayer | Updating Objects Flags
Fra:90 Mem:205.98M (Peak 295.29M) | Time:00:01.56 | Mem:7.04M, Peak:7.04M | Scene, ViewLayer | Updating Primitive Offsets
Fra:90 Mem:205.98M (Peak 295.29M) | Time:00:01.56 | Mem:7.04M, Peak:7.04M | Scene, ViewLayer | Updating Images
Fra:90 Mem:200.67M (Peak 295.29M) | Time:00:01.56 | Mem:1.73M, Peak:7.04M | Scene, ViewLayer | Updating Images | Loading density
Fra:90 Mem:205.98M (Peak 295.29M) | Time:00:01.57 | Mem:7.04M, Peak:7.04M | Scene, ViewLayer | Updating Camera Volume
Fra:90 Mem:205.98M (Peak 295.29M) | Time:00:01.57 | Mem:7.04M, Peak:7.04M | Scene, ViewLayer | Updating Lookup Tables
Fra:90 Mem:205.98M (Peak 295.29M) | Time:00:01.57 | Mem:7.04M, Peak:7.04M | Scene, ViewLayer | Updating Lights
Fra:90 Mem:205.98M (Peak 295.29M) | Time:00:01.57 | Mem:7.04M, Peak:7.04M | Scene, ViewLayer | Updating Lights | Computing tree
Fra:90 Mem:205.98M (Peak 295.29M) | Time:00:01.57 | Mem:7.04M, Peak:7.04M | Scene, ViewLayer | Updating Integrator
Fra:90 Mem:205.98M (Peak 295.29M) | Time:00:01.57 | Mem:7.04M, Peak:7.04M | Scene, ViewLayer | Updating Film
Fra:90 Mem:205.98M (Peak 295.29M) | Time:00:01.57 | Mem:7.04M, Peak:7.04M | Scene, ViewLayer | Updating Lookup Tables
Fra:90 Mem:205.98M (Peak 295.29M) | Time:00:01.57 | Mem:7.04M, Peak:7.04M | Scene, ViewLayer | Updating Baking
Fra:90 Mem:205.98M (Peak 295.29M) | Time:00:01.57 | Mem:7.04M, Peak:7.04M | Scene, ViewLayer | Updating Device | Writing constant memory
Fra:90 Mem:205.98M (Peak 295.29M) | Time:00:01.57 | Mem:7.04M, Peak:7.04M | Scene, ViewLayer | Sample 0/24
Fra:90 Mem:205.98M (Peak 295.29M) | Time:00:02.83 | Remaining:00:28.97 | Mem:7.04M, Peak:7.04M | Scene, ViewLayer | Sample 1/24
Fra:90 Mem:205.98M (Peak 295.29M) | Time:00:03.91 | Remaining:00:25.70 | Mem:7.04M, Peak:7.04M | Scene, ViewLayer | Sample 2/24
Fra:90 Mem:241.58M (Peak 295.29M) | Time:00:22.97 | Mem:7.04M, Peak:7.04M | Scene, ViewLayer | Sample 24/24
Fra:90 Mem:241.58M (Peak 295.29M) | Time:00:22.97 | Mem:7.04M, Peak:7.04M | Scene, ViewLayer | Finished
Saved: 'C:\Work\domin8te-build\daysky\out\a\f0090.png'
Time: 00:23.18 (Saving: 00:00.21)

Fra:91 Mem:205.99M (Peak 295.29M) | Time:00:00.64 | Mem:7.04M, Peak:7.04M | Scene, ViewLayer | Synchronizing object | main_vol
Fra:91 Mem:205.90M (Peak 295.29M) | Time:00:00.64 | Mem:7.04M, Peak:7.04M | Scene, ViewLayer | Synchronizing object | t0
Fra:91 Mem:205.81M (Peak 295.29M) | Time:00:00.64 | Mem:7.04M, Peak:7.04M | Scene, ViewLayer | Initializing
Fra:91 Mem:205.80M (Peak 295.29M) | Time:00:00.64 | Mem:7.04M, Peak:7.04M | Scene, ViewLayer | Waiting for render to start
Fra:91 Mem:205.80M (Peak 295.29M) | Time:00:00.64 | Mem:7.04M, Peak:7.04M | Scene, ViewLayer | Updating Scene
Fra:91 Mem:205.80M (Peak 295.29M) | Time:00:00.64 | Mem:7.04M, Peak:7.04M | Scene, ViewLayer | Updating Shaders
Fra:91 Mem:205.80M (Peak 295.29M) | Time:00:00.64 | Mem:7.04M, Peak:7.04M | Scene, ViewLayer | Updating Background
Fra:91 Mem:205.80M (Peak 295.29M) | Time:00:00.64 | Mem:7.04M, Peak:7.04M | Scene, ViewLayer | Updating Camera
Fra:91 Mem:205.80M (Peak 295.29M) | Time:00:00.64 | Mem:7.04M, Peak:7.04M | Scene, ViewLayer | Updating Meshes Flags
Fra:91 Mem:205.80M (Peak 295.29M) | Time:00:00.64 | Mem:7.04M, Peak:7.04M | Scene, ViewLayer | Updating Meshes Volume Bounds
Fra:91 Mem:205.80M (Peak 295.29M) | Time:00:00.64 | Mem:7.04M, Peak:7.04M | Scene, ViewLayer | Updating Volume Images
Fra:91 Mem:205.80M (Peak 295.29M) | Time:00:00.64 | Mem:7.04M, Peak:7.04M | Scene, ViewLayer | Updating Mesh | Computing Volume Mesh main_vol
Fra:91 Mem:205.87M (Peak 295.29M) | Time:00:00.66 | Mem:7.04M, Peak:7.04M | Scene, ViewLayer | Updating Mesh | Computing Volume Mesh far_vol
Fra:91 Mem:205.92M (Peak 295.29M) | Time:00:00.66 | Mem:7.04M, Peak:7.04M | Scene, ViewLayer | Updating Mesh | Computing Volume Mesh near_vol
Fra:91 Mem:205.94M (Peak 295.29M) | Time:00:00.66 | Mem:7.04M, Peak:7.04M | Scene, ViewLayer | Updating Objects
Fra:91 Mem:205.94M (Peak 295.29M) | Time:00:00.66 | Mem:7.04M, Peak:7.04M | Scene, ViewLayer | Updating Objects | Copying Transformations to device
Fra:91 Mem:205.94M (Peak 295.29M) | Time:00:00.66 | Mem:7.04M, Peak:7.04M | Scene, ViewLayer | Updating Particle Systems
Fra:91 Mem:205.94M (Peak 295.29M) | Time:00:00.66 | Mem:7.04M, Peak:7.04M | Scene, ViewLayer | Updating Meshes
Fra:91 Mem:204.34M (Peak 295.29M) | Time:00:00.66 | Mem:5.40M, Peak:7.04M | Scene, ViewLayer | Updating Objects | Applying Static Transformations
Fra:91 Mem:204.34M (Peak 295.29M) | Time:00:00.66 | Mem:5.40M, Peak:7.04M | Scene, ViewLayer | Updating Mesh | Computing attributes
Fra:91 Mem:204.63M (Peak 295.29M) | Time:00:00.67 | Mem:5.40M, Peak:7.04M | Scene, ViewLayer | Updating Mesh | Copying Attributes to device
Fra:91 Mem:204.63M (Peak 295.29M) | Time:00:00.67 | Mem:5.69M, Peak:7.04M | Scene, ViewLayer | Updating Geometry BVH main_vol 2/4 | Building BVH
Fra:91 Mem:204.63M (Peak 295.29M) | Time:00:00.67 | Mem:5.69M, Peak:7.04M | Scene, ViewLayer | Updating Geometry BVH near_vol 4/4 | Building BVH
Fra:91 Mem:204.63M (Peak 295.29M) | Time:00:00.67 | Mem:5.69M, Peak:7.04M | Scene, ViewLayer | Updating Geometry BVH t0 5/4 | Building OptiX acceleration structure
Fra:91 Mem:204.63M (Peak 295.29M) | Time:00:00.67 | Mem:5.69M, Peak:7.04M | Scene, ViewLayer | Updating Scene BVH | Building
Fra:91 Mem:204.63M (Peak 295.29M) | Time:00:00.67 | Mem:5.69M, Peak:7.04M | Scene, ViewLayer | Updating Scene BVH | Building OptiX acceleration structure
Fra:91 Mem:204.63M (Peak 295.29M) | Time:00:00.67 | Mem:5.69M, Peak:7.04M | Scene, ViewLayer | Updating Scene BVH | Building BVH
Fra:91 Mem:204.63M (Peak 295.29M) | Time:00:00.67 | Mem:5.69M, Peak:7.04M | Scene, ViewLayer | Updating Scene BVH | Building BVH 0%
Fra:91 Mem:204.63M (Peak 295.29M) | Time:00:00.67 | Mem:5.69M, Peak:7.04M | Scene, ViewLayer | Updating Scene BVH | Copying BVH to device
Fra:91 Mem:204.63M (Peak 295.29M) | Time:00:00.67 | Mem:5.69M, Peak:7.04M | Scene, ViewLayer | Updating Mesh | Computing normals
Fra:91 Mem:205.98M (Peak 295.29M) | Time:00:00.67 | Mem:5.69M, Peak:7.04M | Scene, ViewLayer | Updating Mesh | Copying Mesh to device
Fra:91 Mem:205.98M (Peak 295.29M) | Time:00:00.67 | Mem:7.04M, Peak:7.04M | Scene, ViewLayer | Updating Objects Flags
Fra:91 Mem:205.98M (Peak 295.29M) | Time:00:00.69 | Mem:7.04M, Peak:7.04M | Scene, ViewLayer | Updating Primitive Offsets
Fra:91 Mem:205.98M (Peak 295.29M) | Time:00:00.69 | Mem:7.04M, Peak:7.04M | Scene, ViewLayer | Updating Images
Fra:91 Mem:205.20M (Peak 295.29M) | Time:00:00.69 | Mem:7.04M, Peak:7.04M | Scene, ViewLayer | Updating Images | Loading density
Fra:91 Mem:205.98M (Peak 295.29M) | Time:00:00.69 | Mem:7.04M, Peak:11.57M | Scene, ViewLayer | Updating Camera Volume
Fra:91 Mem:205.98M (Peak 295.29M) | Time:00:00.69 | Mem:7.04M, Peak:11.57M | Scene, ViewLayer | Updating Lookup Tables
Fra:91 Mem:205.98M (Peak 295.29M) | Time:00:00.69 | Mem:7.04M, Peak:11.57M | Scene, ViewLayer | Updating Lights
Fra:91 Mem:205.98M (Peak 295.29M) | Time:00:00.69 | Mem:7.04M, Peak:11.57M | Scene, ViewLayer | Updating Lights | Computing tree
Fra:91 Mem:205.98M (Peak 295.29M) | Time:00:00.70 | Mem:7.04M, Peak:11.57M | Scene, ViewLayer | Updating Integrator
Fra:91 Mem:205.98M (Peak 295.29M) | Time:00:00.70 | Mem:7.04M, Peak:11.57M | Scene, ViewLayer | Updating Film
Fra:91 Mem:205.98M (Peak 295.29M) | Time:00:00.70 | Mem:7.04M, Peak:11.57M | Scene, ViewLayer | Updating Lookup Tables
Fra:91 Mem:205.98M (Peak 295.29M) | Time:00:00.70 | Mem:7.04M, Peak:11.57M | Scene, ViewLayer | Updating Baking
Fra:91 Mem:205.98M (Peak 295.29M) | Time:00:00.70 | Mem:7.04M, Peak:11.57M | Scene, ViewLayer | Updating Device | Writing constant memory
Fra:91 Mem:205.98M (Peak 295.29M) | Time:00:00.70 | Mem:7.04M, Peak:11.57M | Scene, ViewLayer | Sample 0/24
Fra:91 Mem:205.98M (Peak 295.29M) | Time:00:01.67 | Remaining:00:22.41 | Mem:7.04M, Peak:11.57M | Scene, ViewLayer | Sample 1/24
Fra:91 Mem:205.98M (Peak 295.29M) | Time:00:02.71 | Remaining:00:22.17 | Mem:7.04M, Peak:11.57M | Scene, ViewLayer | Sample 2/24
Fra:91 Mem:241.58M (Peak 295.29M) | Time:00:21.68 | Mem:7.04M, Peak:11.57M | Scene, ViewLayer | Sample 24/24
Fra:91 Mem:241.58M (Peak 295.29M) | Time:00:21.68 | Mem:7.04M, Peak:11.57M | Scene, ViewLayer | Finished
Saved: 'C:\Work\domin8te-build\daysky\out\a\f0091.png'
Time: 00:21.92 (Saving: 00:00.24)

Fra:92 Mem:205.99M (Peak 295.29M) | Time:00:01.03 | Mem:7.04M, Peak:7.04M | Scene, ViewLayer | Synchronizing object | main_vol
Fra:92 Mem:205.90M (Peak 295.29M) | Time:00:01.03 | Mem:7.04M, Peak:7.04M | Scene, ViewLayer | Synchronizing object | t0
Fra:92 Mem:205.81M (Peak 295.29M) | Time:00:01.03 | Mem:7.04M, Peak:7.04M | Scene, ViewLayer | Initializing
Fra:92 Mem:205.80M (Peak 295.29M) | Time:00:01.03 | Mem:7.04M, Peak:7.04M | Scene, ViewLayer | Waiting for render to start
Fra:92 Mem:205.80M (Peak 295.29M) | Time:00:01.03 | Mem:7.04M, Peak:7.04M | Scene, ViewLayer | Updating Scene
Fra:92 Mem:205.80M (Peak 295.29M) | Time:00:01.03 | Mem:7.04M, Peak:7.04M | Scene, ViewLayer | Updating Shaders
Fra:92 Mem:205.80M (Peak 295.29M) | Time:00:01.04 | Mem:7.04M, Peak:7.04M | Scene, ViewLayer | Updating Background
Fra:92 Mem:205.80M (Peak 295.29M) | Time:00:01.05 | Mem:7.04M, Peak:7.04M | Scene, ViewLayer | Updating Camera
Fra:92 Mem:205.80M (Peak 295.29M) | Time:00:01.05 | Mem:7.04M, Peak:7.04M | Scene, ViewLayer | Updating Meshes Flags
Fra:92 Mem:205.80M (Peak 295.29M) | Time:00:01.05 | Mem:7.04M, Peak:7.04M | Scene, ViewLayer | Updating Meshes Volume Bounds
Fra:92 Mem:205.80M (Peak 295.29M) | Time:00:01.05 | Mem:7.04M, Peak:7.04M | Scene, ViewLayer | Updating Volume Images
Fra:92 Mem:205.80M (Peak 295.29M) | Time:00:01.05 | Mem:7.04M, Peak:7.04M | Scene, ViewLayer | Updating Mesh | Computing Volume Mesh main_vol
Fra:92 Mem:205.87M (Peak 295.29M) | Time:00:01.07 | Mem:7.04M, Peak:7.04M | Scene, ViewLayer | Updating Mesh | Computing Volume Mesh far_vol
Fra:92 Mem:205.92M (Peak 295.29M) | Time:00:01.08 | Mem:7.04M, Peak:7.04M | Scene, ViewLayer | Updating Mesh | Computing Volume Mesh near_vol
Fra:92 Mem:205.94M (Peak 295.29M) | Time:00:01.09 | Mem:7.04M, Peak:7.04M | Scene, ViewLayer | Updating Objects
Fra:92 Mem:205.94M (Peak 295.29M) | Time:00:01.09 | Mem:7.04M, Peak:7.04M | Scene, ViewLayer | Updating Objects | Copying Transformations to device
Fra:92 Mem:205.94M (Peak 295.29M) | Time:00:01.09 | Mem:7.04M, Peak:7.04M | Scene, ViewLayer | Updating Particle Systems
Fra:92 Mem:205.94M (Peak 295.29M) | Time:00:01.09 | Mem:7.04M, Peak:7.04M | Scene, ViewLayer | Updating Meshes
Fra:92 Mem:204.34M (Peak 295.29M) | Time:00:01.09 | Mem:5.40M, Peak:7.04M | Scene, ViewLayer | Updating Objects | Applying Static Transformations
Fra:92 Mem:204.34M (Peak 295.29M) | Time:00:01.09 | Mem:5.40M, Peak:7.04M | Scene, ViewLayer | Updating Mesh | Computing attributes
Fra:92 Mem:204.63M (Peak 295.29M) | Time:00:01.09 | Mem:5.40M, Peak:7.04M | Scene, ViewLayer | Updating Mesh | Copying Attributes to device
Fra:92 Mem:204.63M (Peak 295.29M) | Time:00:01.09 | Mem:5.69M, Peak:7.04M | Scene, ViewLayer | Updating Geometry BVH near_vol 4/4 | Building BVH
Fra:92 Mem:204.63M (Peak 295.29M) | Time:00:01.09 | Mem:5.69M, Peak:7.04M | Scene, ViewLayer | Updating Geometry BVH far_vol 3/4 | Building BVH
Fra:92 Mem:204.63M (Peak 295.29M) | Time:00:01.09 | Mem:5.69M, Peak:7.04M | Scene, ViewLayer | Updating Geometry BVH t0 5/4 | Building OptiX acceleration structure
Fra:92 Mem:204.63M (Peak 295.29M) | Time:00:01.09 | Mem:5.69M, Peak:7.04M | Scene, ViewLayer | Updating Scene BVH | Building
Fra:92 Mem:204.63M (Peak 295.29M) | Time:00:01.09 | Mem:5.69M, Peak:7.04M | Scene, ViewLayer | Updating Scene BVH | Building OptiX acceleration structure
Fra:92 Mem:204.63M (Peak 295.29M) | Time:00:01.09 | Mem:5.69M, Peak:7.04M | Scene, ViewLayer | Updating Scene BVH | Building BVH
Fra:92 Mem:204.63M (Peak 295.29M) | Time:00:01.09 | Mem:5.69M, Peak:7.04M | Scene, ViewLayer | Updating Scene BVH | Building BVH 0%
Fra:92 Mem:204.63M (Peak 295.29M) | Time:00:01.09 | Mem:5.69M, Peak:7.04M | Scene, ViewLayer | Updating Scene BVH | Copying BVH to device
Fra:92 Mem:204.63M (Peak 295.29M) | Time:00:01.09 | Mem:5.69M, Peak:7.04M | Scene, ViewLayer | Updating Mesh | Computing normals
Fra:92 Mem:205.98M (Peak 295.29M) | Time:00:01.10 | Mem:5.69M, Peak:7.04M | Scene, ViewLayer | Updating Mesh | Copying Mesh to device
Fra:92 Mem:205.98M (Peak 295.29M) | Time:00:01.10 | Mem:7.04M, Peak:7.04M | Scene, ViewLayer | Updating Objects Flags
Fra:92 Mem:205.98M (Peak 295.29M) | Time:00:01.12 | Mem:7.04M, Peak:7.04M | Scene, ViewLayer | Updating Primitive Offsets
Fra:92 Mem:205.98M (Peak 295.29M) | Time:00:01.12 | Mem:7.04M, Peak:7.04M | Scene, ViewLayer | Updating Images
Fra:92 Mem:200.67M (Peak 295.29M) | Time:00:01.12 | Mem:1.73M, Peak:7.04M | Scene, ViewLayer | Updating Images | Loading density
Fra:92 Mem:205.98M (Peak 295.29M) | Time:00:01.12 | Mem:7.04M, Peak:7.04M | Scene, ViewLayer | Updating Camera Volume
Fra:92 Mem:205.98M (Peak 295.29M) | Time:00:01.12 | Mem:7.04M, Peak:7.04M | Scene, ViewLayer | Updating Lookup Tables
Fra:92 Mem:205.98M (Peak 295.29M) | Time:00:01.12 | Mem:7.04M, Peak:7.04M | Scene, ViewLayer | Updating Lights
Fra:92 Mem:205.98M (Peak 295.29M) | Time:00:01.12 | Mem:7.04M, Peak:7.04M | Scene, ViewLayer | Updating Lights | Computing tree
Fra:92 Mem:205.98M (Peak 295.29M) | Time:00:01.12 | Mem:7.04M, Peak:7.04M | Scene, ViewLayer | Updating Integrator
Fra:92 Mem:205.98M (Peak 295.29M) | Time:00:01.12 | Mem:7.04M, Peak:7.04M | Scene, ViewLayer | Updating Film
Fra:92 Mem:205.98M (Peak 295.29M) | Time:00:01.12 | Mem:7.04M, Peak:7.04M | Scene, ViewLayer | Updating Lookup Tables
Fra:92 Mem:205.98M (Peak 295.29M) | Time:00:01.12 | Mem:7.04M, Peak:7.04M | Scene, ViewLayer | Updating Baking
Fra:92 Mem:205.98M (Peak 295.29M) | Time:00:01.12 | Mem:7.04M, Peak:7.04M | Scene, ViewLayer | Updating Device | Writing constant memory
Fra:92 Mem:205.98M (Peak 295.29M) | Time:00:01.12 | Mem:7.04M, Peak:7.04M | Scene, ViewLayer | Sample 0/24
Fra:92 Mem:205.98M (Peak 295.29M) | Time:00:02.09 | Remaining:00:22.24 | Mem:7.04M, Peak:7.04M | Scene, ViewLayer | Sample 1/24
Fra:92 Mem:205.98M (Peak 295.29M) | Time:00:03.05 | Remaining:00:21.25 | Mem:7.04M, Peak:7.04M | Scene, ViewLayer | Sample 2/24
Fra:92 Mem:241.58M (Peak 295.29M) | Time:00:21.93 | Mem:7.04M, Peak:7.04M | Scene, ViewLayer | Sample 24/24
Fra:92 Mem:241.58M (Peak 295.29M) | Time:00:21.93 | Mem:7.04M, Peak:7.04M | Scene, ViewLayer | Finished
Saved: 'C:\Work\domin8te-build\daysky\out\a\f0092.png'
Time: 00:22.18 (Saving: 00:00.25)

Fra:93 Mem:205.99M (Peak 295.29M) | Time:00:01.22 | Mem:7.04M, Peak:7.04M | Scene, ViewLayer | Synchronizing object | t0
Fra:93 Mem:205.99M (Peak 295.29M) | Time:00:01.22 | Mem:7.04M, Peak:7.04M | Scene, ViewLayer | Synchronizing object | near_vol
Fra:93 Mem:205.96M (Peak 295.29M) | Time:00:01.22 | Mem:7.04M, Peak:7.04M | Scene, ViewLayer | Synchronizing object | far_vol
Fra:93 Mem:205.90M (Peak 295.29M) | Time:00:01.22 | Mem:7.04M, Peak:7.04M | Scene, ViewLayer | Synchronizing object | main_vol
Fra:93 Mem:205.81M (Peak 295.29M) | Time:00:01.22 | Mem:7.04M, Peak:7.04M | Scene, ViewLayer | Initializing
Fra:93 Mem:205.80M (Peak 295.29M) | Time:00:01.22 | Mem:7.04M, Peak:7.04M | Scene, ViewLayer | Waiting for render to start
Fra:93 Mem:205.80M (Peak 295.29M) | Time:00:01.22 | Mem:7.04M, Peak:7.04M | Scene, ViewLayer | Updating Scene
Fra:93 Mem:205.80M (Peak 295.29M) | Time:00:01.22 | Mem:7.04M, Peak:7.04M | Scene, ViewLayer | Updating Shaders
Fra:93 Mem:205.80M (Peak 295.29M) | Time:00:01.22 | Mem:7.04M, Peak:7.04M | Scene, ViewLayer | Updating Background
Fra:93 Mem:205.80M (Peak 295.29M) | Time:00:01.22 | Mem:7.04M, Peak:7.04M | Scene, ViewLayer | Updating Camera
Fra:93 Mem:205.80M (Peak 295.29M) | Time:00:01.22 | Mem:7.04M, Peak:7.04M | Scene, ViewLayer | Updating Meshes Flags
Fra:93 Mem:205.80M (Peak 295.29M) | Time:00:01.22 | Mem:7.04M, Peak:7.04M | Scene, ViewLayer | Updating Meshes Volume Bounds
Fra:93 Mem:205.80M (Peak 295.29M) | Time:00:01.22 | Mem:7.04M, Peak:7.04M | Scene, ViewLayer | Updating Volume Images
Fra:93 Mem:205.80M (Peak 295.29M) | Time:00:01.22 | Mem:7.04M, Peak:7.04M | Scene, ViewLayer | Updating Mesh | Computing Volume Mesh main_vol
Fra:93 Mem:205.87M (Peak 295.29M) | Time:00:01.24 | Mem:7.04M, Peak:7.04M | Scene, ViewLayer | Updating Mesh | Computing Volume Mesh far_vol
Fra:93 Mem:205.92M (Peak 295.29M) | Time:00:01.25 | Mem:7.04M, Peak:7.04M | Scene, ViewLayer | Updating Mesh | Computing Volume Mesh near_vol
Fra:93 Mem:205.94M (Peak 295.29M) | Time:00:01.25 | Mem:7.04M, Peak:7.04M | Scene, ViewLayer | Updating Objects
Fra:93 Mem:205.94M (Peak 295.29M) | Time:00:01.25 | Mem:7.04M, Peak:7.04M | Scene, ViewLayer | Updating Objects | Copying Transformations to device
Fra:93 Mem:205.94M (Peak 295.29M) | Time:00:01.25 | Mem:7.04M, Peak:7.04M | Scene, ViewLayer | Updating Particle Systems
Fra:93 Mem:205.94M (Peak 295.29M) | Time:00:01.25 | Mem:7.04M, Peak:7.04M | Scene, ViewLayer | Updating Meshes
Fra:93 Mem:204.34M (Peak 295.29M) | Time:00:01.25 | Mem:5.40M, Peak:7.04M | Scene, ViewLayer | Updating Objects | Applying Static Transformations
Fra:93 Mem:204.34M (Peak 295.29M) | Time:00:01.25 | Mem:5.40M, Peak:7.04M | Scene, ViewLayer | Updating Mesh | Computing attributes
Fra:93 Mem:204.63M (Peak 295.29M) | Time:00:01.25 | Mem:5.40M, Peak:7.04M | Scene, ViewLayer | Updating Mesh | Copying Attributes to device
Fra:93 Mem:204.63M (Peak 295.29M) | Time:00:01.25 | Mem:5.69M, Peak:7.04M | Scene, ViewLayer | Updating Geometry BVH far_vol 3/4 | Building BVH
Fra:93 Mem:204.63M (Peak 295.29M) | Time:00:01.25 | Mem:5.69M, Peak:7.04M | Scene, ViewLayer | Updating Geometry BVH t0 5/4 | Building BVH
Fra:93 Mem:204.63M (Peak 295.29M) | Time:00:01.25 | Mem:5.69M, Peak:7.04M | Scene, ViewLayer | Updating Geometry BVH t0 5/4 | Building OptiX acceleration structure
Fra:93 Mem:204.63M (Peak 295.29M) | Time:00:01.27 | Mem:5.69M, Peak:7.04M | Scene, ViewLayer | Updating Scene BVH | Building
Fra:93 Mem:204.63M (Peak 295.29M) | Time:00:01.27 | Mem:5.69M, Peak:7.04M | Scene, ViewLayer | Updating Scene BVH | Building OptiX acceleration structure
Fra:93 Mem:204.63M (Peak 295.29M) | Time:00:01.27 | Mem:5.69M, Peak:7.04M | Scene, ViewLayer | Updating Scene BVH | Building BVH
Fra:93 Mem:204.63M (Peak 295.29M) | Time:00:01.27 | Mem:5.69M, Peak:7.04M | Scene, ViewLayer | Updating Scene BVH | Building BVH 0%
Fra:93 Mem:204.63M (Peak 295.29M) | Time:00:01.29 | Mem:5.69M, Peak:7.04M | Scene, ViewLayer | Updating Scene BVH | Copying BVH to device
Fra:93 Mem:204.63M (Peak 295.29M) | Time:00:01.29 | Mem:5.69M, Peak:7.04M | Scene, ViewLayer | Updating Mesh | Computing normals
Fra:93 Mem:205.98M (Peak 295.29M) | Time:00:01.29 | Mem:5.69M, Peak:7.04M | Scene, ViewLayer | Updating Mesh | Copying Mesh to device
Fra:93 Mem:205.98M (Peak 295.29M) | Time:00:01.29 | Mem:7.04M, Peak:7.04M | Scene, ViewLayer | Updating Objects Flags
Fra:93 Mem:205.98M (Peak 295.29M) | Time:00:01.33 | Mem:7.04M, Peak:7.04M | Scene, ViewLayer | Updating Primitive Offsets
Fra:93 Mem:205.98M (Peak 295.29M) | Time:00:01.33 | Mem:7.04M, Peak:7.04M | Scene, ViewLayer | Updating Images
Fra:93 Mem:202.85M (Peak 295.29M) | Time:00:01.33 | Mem:7.04M, Peak:7.04M | Scene, ViewLayer | Updating Images | Loading density
Fra:93 Mem:205.98M (Peak 295.29M) | Time:00:01.33 | Mem:7.04M, Peak:8.44M | Scene, ViewLayer | Updating Camera Volume
Fra:93 Mem:205.98M (Peak 295.29M) | Time:00:01.33 | Mem:7.04M, Peak:8.44M | Scene, ViewLayer | Updating Lookup Tables
Fra:93 Mem:205.98M (Peak 295.29M) | Time:00:01.33 | Mem:7.04M, Peak:8.44M | Scene, ViewLayer | Updating Lights
Fra:93 Mem:205.98M (Peak 295.29M) | Time:00:01.33 | Mem:7.04M, Peak:8.44M | Scene, ViewLayer | Updating Lights | Computing tree
Fra:93 Mem:205.98M (Peak 295.29M) | Time:00:01.33 | Mem:7.04M, Peak:8.44M | Scene, ViewLayer | Updating Integrator
Fra:93 Mem:205.98M (Peak 295.29M) | Time:00:01.33 | Mem:7.04M, Peak:8.44M | Scene, ViewLayer | Updating Film
Fra:93 Mem:205.98M (Peak 295.29M) | Time:00:01.33 | Mem:7.04M, Peak:8.44M | Scene, ViewLayer | Updating Lookup Tables
Fra:93 Mem:205.98M (Peak 295.29M) | Time:00:01.33 | Mem:7.04M, Peak:8.44M | Scene, ViewLayer | Updating Baking
Fra:93 Mem:205.98M (Peak 295.29M) | Time:00:01.33 | Mem:7.04M, Peak:8.44M | Scene, ViewLayer | Updating Device | Writing constant memory
Fra:93 Mem:205.98M (Peak 295.29M) | Time:00:01.33 | Mem:7.04M, Peak:8.44M | Scene, ViewLayer | Sample 0/24
Fra:93 Mem:205.98M (Peak 295.29M) | Time:00:02.33 | Remaining:00:23.06 | Mem:7.04M, Peak:8.44M | Scene, ViewLayer | Sample 1/24
Fra:93 Mem:205.98M (Peak 295.29M) | Time:00:03.34 | Remaining:00:22.13 | Mem:7.04M, Peak:8.44M | Scene, ViewLayer | Sample 2/24
Fra:93 Mem:241.58M (Peak 295.29M) | Time:00:22.20 | Mem:7.04M, Peak:8.44M | Scene, ViewLayer | Sample 24/24
Fra:93 Mem:241.58M (Peak 295.29M) | Time:00:22.20 | Mem:7.04M, Peak:8.44M | Scene, ViewLayer | Finished
Saved: 'C:\Work\domin8te-build\daysky\out\a\f0093.png'
Time: 00:22.47 (Saving: 00:00.26)

Fra:94 Mem:205.99M (Peak 295.29M) | Time:00:00.97 | Mem:7.04M, Peak:7.04M | Scene, ViewLayer | Synchronizing object | t0
Fra:94 Mem:205.99M (Peak 295.29M) | Time:00:00.97 | Mem:7.04M, Peak:7.04M | Scene, ViewLayer | Synchronizing object | near_vol
Fra:94 Mem:205.96M (Peak 295.29M) | Time:00:00.97 | Mem:7.04M, Peak:7.04M | Scene, ViewLayer | Synchronizing object | far_vol
Fra:94 Mem:205.90M (Peak 295.29M) | Time:00:00.97 | Mem:7.04M, Peak:7.04M | Scene, ViewLayer | Synchronizing object | main_vol
Fra:94 Mem:205.81M (Peak 295.29M) | Time:00:00.97 | Mem:7.04M, Peak:7.04M | Scene, ViewLayer | Initializing
Fra:94 Mem:205.80M (Peak 295.29M) | Time:00:00.97 | Mem:7.04M, Peak:7.04M | Scene, ViewLayer | Waiting for render to start
Fra:94 Mem:205.80M (Peak 295.29M) | Time:00:00.97 | Mem:7.04M, Peak:7.04M | Scene, ViewLayer | Updating Scene
Fra:94 Mem:205.80M (Peak 295.29M) | Time:00:00.97 | Mem:7.04M, Peak:7.04M | Scene, ViewLayer | Updating Shaders
Fra:94 Mem:205.80M (Peak 295.29M) | Time:00:00.97 | Mem:7.04M, Peak:7.04M | Scene, ViewLayer | Updating Background
Fra:94 Mem:205.80M (Peak 295.29M) | Time:00:00.97 | Mem:7.04M, Peak:7.04M | Scene, ViewLayer | Updating Camera
Fra:94 Mem:205.80M (Peak 295.29M) | Time:00:00.97 | Mem:7.04M, Peak:7.04M | Scene, ViewLayer | Updating Meshes Flags
Fra:94 Mem:205.80M (Peak 295.29M) | Time:00:00.97 | Mem:7.04M, Peak:7.04M | Scene, ViewLayer | Updating Meshes Volume Bounds
Fra:94 Mem:205.80M (Peak 295.29M) | Time:00:00.97 | Mem:7.04M, Peak:7.04M | Scene, ViewLayer | Updating Volume Images
Fra:94 Mem:205.80M (Peak 295.29M) | Time:00:00.97 | Mem:7.04M, Peak:7.04M | Scene, ViewLayer | Updating Mesh | Computing Volume Mesh main_vol
Fra:94 Mem:205.87M (Peak 295.29M) | Time:00:00.99 | Mem:7.04M, Peak:7.04M | Scene, ViewLayer | Updating Mesh | Computing Volume Mesh far_vol
Fra:94 Mem:205.92M (Peak 295.29M) | Time:00:01.00 | Mem:7.04M, Peak:7.04M | Scene, ViewLayer | Updating Mesh | Computing Volume Mesh near_vol
Fra:94 Mem:205.94M (Peak 295.29M) | Time:00:01.02 | Mem:7.04M, Peak:7.04M | Scene, ViewLayer | Updating Objects
Fra:94 Mem:205.94M (Peak 295.29M) | Time:00:01.02 | Mem:7.04M, Peak:7.04M | Scene, ViewLayer | Updating Objects | Copying Transformations to device
Fra:94 Mem:205.94M (Peak 295.29M) | Time:00:01.02 | Mem:7.04M, Peak:7.04M | Scene, ViewLayer | Updating Particle Systems
Fra:94 Mem:205.94M (Peak 295.29M) | Time:00:01.02 | Mem:7.04M, Peak:7.04M | Scene, ViewLayer | Updating Meshes
Fra:94 Mem:204.34M (Peak 295.29M) | Time:00:01.02 | Mem:5.40M, Peak:7.04M | Scene, ViewLayer | Updating Objects | Applying Static Transformations
Fra:94 Mem:204.34M (Peak 295.29M) | Time:00:01.02 | Mem:5.40M, Peak:7.04M | Scene, ViewLayer | Updating Mesh | Computing attributes
Fra:94 Mem:204.63M (Peak 295.29M) | Time:00:01.02 | Mem:5.40M, Peak:7.04M | Scene, ViewLayer | Updating Mesh | Copying Attributes to device
Fra:94 Mem:204.63M (Peak 295.29M) | Time:00:01.02 | Mem:5.69M, Peak:7.04M | Scene, ViewLayer | Updating Geometry BVH far_vol 3/4 | Building BVH
Fra:94 Mem:204.63M (Peak 295.29M) | Time:00:01.02 | Mem:5.69M, Peak:7.04M | Scene, ViewLayer | Updating Geometry BVH near_vol 4/4 | Building BVH
Fra:94 Mem:204.63M (Peak 295.29M) | Time:00:01.02 | Mem:5.69M, Peak:7.04M | Scene, ViewLayer | Updating Geometry BVH t0 5/4 | Building OptiX acceleration structure
Fra:94 Mem:204.63M (Peak 295.29M) | Time:00:01.03 | Mem:5.69M, Peak:7.04M | Scene, ViewLayer | Updating Scene BVH | Building
Fra:94 Mem:204.63M (Peak 295.29M) | Time:00:01.03 | Mem:5.69M, Peak:7.04M | Scene, ViewLayer | Updating Scene BVH | Building OptiX acceleration structure
Fra:94 Mem:204.63M (Peak 295.29M) | Time:00:01.03 | Mem:5.69M, Peak:7.04M | Scene, ViewLayer | Updating Scene BVH | Building BVH
Fra:94 Mem:204.63M (Peak 295.29M) | Time:00:01.03 | Mem:5.69M, Peak:7.04M | Scene, ViewLayer | Updating Scene BVH | Building BVH 0%
Fra:94 Mem:204.63M (Peak 295.29M) | Time:00:01.03 | Mem:5.69M, Peak:7.04M | Scene, ViewLayer | Updating Scene BVH | Copying BVH to device
Fra:94 Mem:204.63M (Peak 295.29M) | Time:00:01.03 | Mem:5.69M, Peak:7.04M | Scene, ViewLayer | Updating Mesh | Computing normals
Fra:94 Mem:205.98M (Peak 295.29M) | Time:00:01.03 | Mem:5.69M, Peak:7.04M | Scene, ViewLayer | Updating Mesh | Copying Mesh to device
Fra:94 Mem:205.98M (Peak 295.29M) | Time:00:01.03 | Mem:7.04M, Peak:7.04M | Scene, ViewLayer | Updating Objects Flags
Fra:94 Mem:205.98M (Peak 295.29M) | Time:00:01.11 | Mem:7.04M, Peak:7.04M | Scene, ViewLayer | Updating Primitive Offsets
Fra:94 Mem:205.98M (Peak 295.29M) | Time:00:01.11 | Mem:7.04M, Peak:7.04M | Scene, ViewLayer | Updating Images
Fra:94 Mem:200.67M (Peak 295.29M) | Time:00:01.11 | Mem:1.73M, Peak:7.04M | Scene, ViewLayer | Updating Images | Loading density
Fra:94 Mem:205.98M (Peak 295.29M) | Time:00:01.11 | Mem:7.04M, Peak:7.04M | Scene, ViewLayer | Updating Camera Volume
Fra:94 Mem:205.98M (Peak 295.29M) | Time:00:01.11 | Mem:7.04M, Peak:7.04M | Scene, ViewLayer | Updating Lookup Tables
Fra:94 Mem:205.98M (Peak 295.29M) | Time:00:01.11 | Mem:7.04M, Peak:7.04M | Scene, ViewLayer | Updating Lights
Fra:94 Mem:205.98M (Peak 295.29M) | Time:00:01.11 | Mem:7.04M, Peak:7.04M | Scene, ViewLayer | Updating Lights | Computing tree
Fra:94 Mem:205.98M (Peak 295.29M) | Time:00:01.11 | Mem:7.04M, Peak:7.04M | Scene, ViewLayer | Updating Integrator
Fra:94 Mem:205.98M (Peak 295.29M) | Time:00:01.11 | Mem:7.04M, Peak:7.04M | Scene, ViewLayer | Updating Film
Fra:94 Mem:205.98M (Peak 295.29M) | Time:00:01.11 | Mem:7.04M, Peak:7.04M | Scene, ViewLayer | Updating Lookup Tables
Fra:94 Mem:205.98M (Peak 295.29M) | Time:00:01.11 | Mem:7.04M, Peak:7.04M | Scene, ViewLayer | Updating Baking
Fra:94 Mem:205.98M (Peak 295.29M) | Time:00:01.11 | Mem:7.04M, Peak:7.04M | Scene, ViewLayer | Updating Device | Writing constant memory
Fra:94 Mem:205.98M (Peak 295.29M) | Time:00:01.11 | Mem:7.04M, Peak:7.04M | Scene, ViewLayer | Sample 0/24
Fra:94 Mem:205.98M (Peak 295.29M) | Time:00:02.07 | Remaining:00:22.02 | Mem:7.04M, Peak:7.04M | Scene, ViewLayer | Sample 1/24
Fra:94 Mem:205.98M (Peak 295.29M) | Time:00:03.24 | Remaining:00:23.43 | Mem:7.04M, Peak:7.04M | Scene, ViewLayer | Sample 2/24
Fra:94 Mem:241.58M (Peak 295.29M) | Time:00:22.36 | Mem:7.04M, Peak:7.04M | Scene, ViewLayer | Sample 24/24
Fra:94 Mem:241.58M (Peak 295.29M) | Time:00:22.36 | Mem:7.04M, Peak:7.04M | Scene, ViewLayer | Finished
Saved: 'C:\Work\domin8te-build\daysky\out\a\f0094.png'
Time: 00:22.62 (Saving: 00:00.26)

Fra:95 Mem:205.99M (Peak 295.29M) | Time:00:00.63 | Mem:7.04M, Peak:7.04M | Scene, ViewLayer | Synchronizing object | main_vol
Fra:95 Mem:205.90M (Peak 295.29M) | Time:00:00.63 | Mem:7.04M, Peak:7.04M | Scene, ViewLayer | Synchronizing object | t0
Fra:95 Mem:205.81M (Peak 295.29M) | Time:00:00.63 | Mem:7.04M, Peak:7.04M | Scene, ViewLayer | Initializing
Fra:95 Mem:205.80M (Peak 295.29M) | Time:00:00.63 | Mem:7.04M, Peak:7.04M | Scene, ViewLayer | Waiting for render to start
Fra:95 Mem:205.80M (Peak 295.29M) | Time:00:00.63 | Mem:7.04M, Peak:7.04M | Scene, ViewLayer | Updating Scene
Fra:95 Mem:205.80M (Peak 295.29M) | Time:00:00.63 | Mem:7.04M, Peak:7.04M | Scene, ViewLayer | Updating Shaders
Fra:95 Mem:205.80M (Peak 295.29M) | Time:00:00.63 | Mem:7.04M, Peak:7.04M | Scene, ViewLayer | Updating Background
Fra:95 Mem:205.80M (Peak 295.29M) | Time:00:00.63 | Mem:7.04M, Peak:7.04M | Scene, ViewLayer | Updating Camera
Fra:95 Mem:205.80M (Peak 295.29M) | Time:00:00.63 | Mem:7.04M, Peak:7.04M | Scene, ViewLayer | Updating Meshes Flags
Fra:95 Mem:205.80M (Peak 295.29M) | Time:00:00.63 | Mem:7.04M, Peak:7.04M | Scene, ViewLayer | Updating Meshes Volume Bounds
Fra:95 Mem:205.80M (Peak 295.29M) | Time:00:00.63 | Mem:7.04M, Peak:7.04M | Scene, ViewLayer | Updating Volume Images
Fra:95 Mem:205.80M (Peak 295.29M) | Time:00:00.63 | Mem:7.04M, Peak:7.04M | Scene, ViewLayer | Updating Mesh | Computing Volume Mesh main_vol
Fra:95 Mem:205.87M (Peak 295.29M) | Time:00:00.64 | Mem:7.04M, Peak:7.04M | Scene, ViewLayer | Updating Mesh | Computing Volume Mesh far_vol
Fra:95 Mem:205.92M (Peak 295.29M) | Time:00:00.64 | Mem:7.04M, Peak:7.04M | Scene, ViewLayer | Updating Mesh | Computing Volume Mesh near_vol
Fra:95 Mem:205.94M (Peak 295.29M) | Time:00:00.65 | Mem:7.04M, Peak:7.04M | Scene, ViewLayer | Updating Objects
Fra:95 Mem:205.94M (Peak 295.29M) | Time:00:00.65 | Mem:7.04M, Peak:7.04M | Scene, ViewLayer | Updating Objects | Copying Transformations to device
Fra:95 Mem:205.94M (Peak 295.29M) | Time:00:00.65 | Mem:7.04M, Peak:7.04M | Scene, ViewLayer | Updating Particle Systems
Fra:95 Mem:205.94M (Peak 295.29M) | Time:00:00.65 | Mem:7.04M, Peak:7.04M | Scene, ViewLayer | Updating Meshes
Fra:95 Mem:204.34M (Peak 295.29M) | Time:00:00.65 | Mem:5.40M, Peak:7.04M | Scene, ViewLayer | Updating Objects | Applying Static Transformations
Fra:95 Mem:204.34M (Peak 295.29M) | Time:00:00.65 | Mem:5.40M, Peak:7.04M | Scene, ViewLayer | Updating Mesh | Computing attributes
Fra:95 Mem:204.63M (Peak 295.29M) | Time:00:00.65 | Mem:5.40M, Peak:7.04M | Scene, ViewLayer | Updating Mesh | Copying Attributes to device
Fra:95 Mem:204.63M (Peak 295.29M) | Time:00:00.65 | Mem:5.69M, Peak:7.04M | Scene, ViewLayer | Updating Geometry BVH far_vol 3/4 | Building BVH
Fra:95 Mem:204.63M (Peak 295.29M) | Time:00:00.65 | Mem:5.69M, Peak:7.04M | Scene, ViewLayer | Updating Geometry BVH t0 5/4 | Building BVH
Fra:95 Mem:204.63M (Peak 295.29M) | Time:00:00.65 | Mem:5.69M, Peak:7.04M | Scene, ViewLayer | Updating Geometry BVH t0 5/4 | Building OptiX acceleration structure
Fra:95 Mem:204.63M (Peak 295.29M) | Time:00:00.65 | Mem:5.69M, Peak:7.04M | Scene, ViewLayer | Updating Scene BVH | Building
Fra:95 Mem:204.63M (Peak 295.29M) | Time:00:00.65 | Mem:5.69M, Peak:7.04M | Scene, ViewLayer | Updating Scene BVH | Building OptiX acceleration structure
Fra:95 Mem:204.63M (Peak 295.29M) | Time:00:00.65 | Mem:5.69M, Peak:7.04M | Scene, ViewLayer | Updating Scene BVH | Building BVH
Fra:95 Mem:204.63M (Peak 295.29M) | Time:00:00.65 | Mem:5.69M, Peak:7.04M | Scene, ViewLayer | Updating Scene BVH | Building BVH 0%
Fra:95 Mem:204.63M (Peak 295.29M) | Time:00:00.65 | Mem:5.69M, Peak:7.04M | Scene, ViewLayer | Updating Scene BVH | Copying BVH to device
Fra:95 Mem:204.63M (Peak 295.29M) | Time:00:00.65 | Mem:5.69M, Peak:7.04M | Scene, ViewLayer | Updating Mesh | Computing normals
Fra:95 Mem:205.98M (Peak 295.29M) | Time:00:00.66 | Mem:5.69M, Peak:7.04M | Scene, ViewLayer | Updating Mesh | Copying Mesh to device
Fra:95 Mem:205.98M (Peak 295.29M) | Time:00:00.66 | Mem:7.04M, Peak:7.04M | Scene, ViewLayer | Updating Objects Flags
Fra:95 Mem:205.98M (Peak 295.29M) | Time:00:00.67 | Mem:7.04M, Peak:7.04M | Scene, ViewLayer | Updating Primitive Offsets
Fra:95 Mem:205.98M (Peak 295.29M) | Time:00:00.67 | Mem:7.04M, Peak:7.04M | Scene, ViewLayer | Updating Images
Fra:95 Mem:205.20M (Peak 295.29M) | Time:00:00.67 | Mem:7.04M, Peak:7.04M | Scene, ViewLayer | Updating Images | Loading density
Fra:95 Mem:205.98M (Peak 295.29M) | Time:00:00.68 | Mem:7.04M, Peak:11.57M | Scene, ViewLayer | Updating Camera Volume
Fra:95 Mem:205.98M (Peak 295.29M) | Time:00:00.68 | Mem:7.04M, Peak:11.57M | Scene, ViewLayer | Updating Lookup Tables
Fra:95 Mem:205.98M (Peak 295.29M) | Time:00:00.68 | Mem:7.04M, Peak:11.57M | Scene, ViewLayer | Updating Lights
Fra:95 Mem:205.98M (Peak 295.29M) | Time:00:00.68 | Mem:7.04M, Peak:11.57M | Scene, ViewLayer | Updating Lights | Computing tree
Fra:95 Mem:205.98M (Peak 295.29M) | Time:00:00.68 | Mem:7.04M, Peak:11.57M | Scene, ViewLayer | Updating Integrator
Fra:95 Mem:205.98M (Peak 295.29M) | Time:00:00.68 | Mem:7.04M, Peak:11.57M | Scene, ViewLayer | Updating Film
Fra:95 Mem:205.98M (Peak 295.29M) | Time:00:00.68 | Mem:7.04M, Peak:11.57M | Scene, ViewLayer | Updating Lookup Tables
Fra:95 Mem:205.98M (Peak 295.29M) | Time:00:00.68 | Mem:7.04M, Peak:11.57M | Scene, ViewLayer | Updating Baking
Fra:95 Mem:205.98M (Peak 295.29M) | Time:00:00.68 | Mem:7.04M, Peak:11.57M | Scene, ViewLayer | Updating Device | Writing constant memory
Fra:95 Mem:205.98M (Peak 295.29M) | Time:00:00.68 | Mem:7.04M, Peak:11.57M | Scene, ViewLayer | Sample 0/24
Fra:95 Mem:205.98M (Peak 295.29M) | Time:00:01.68 | Remaining:00:23.04 | Mem:7.04M, Peak:11.57M | Scene, ViewLayer | Sample 1/24
Fra:95 Mem:205.98M (Peak 295.29M) | Time:00:02.86 | Remaining:00:24.04 | Mem:7.04M, Peak:91.58M | Scene, ViewLayer | Sample 2/24
Fra:95 Mem:205.98M (Peak 295.29M) | Time:00:03.85 | Remaining:00:22.20 | Mem:7.04M, Peak:91.58M | Scene, ViewLayer | Sample 3/24
Fra:95 Mem:205.98M (Peak 295.29M) | Time:00:05.46 | Remaining:00:23.92 | Mem:7.04M, Peak:91.58M | Scene, ViewLayer | Sample 4/24
Fra:95 Mem:205.98M (Peak 295.29M) | Time:00:06.60 | Remaining:00:22.49 | Mem:7.04M, Peak:91.58M | Scene, ViewLayer | Sample 5/24
Fra:95 Mem:205.98M (Peak 295.29M) | Time:00:08.31 | Remaining:00:22.89 | Mem:7.04M, Peak:91.58M | Scene, ViewLayer | Sample 6/24
Fra:95 Mem:205.98M (Peak 295.29M) | Time:00:09.25 | Remaining:00:20.83 | Mem:7.04M, Peak:91.58M | Scene, ViewLayer | Sample 7/24
Fra:95 Mem:205.98M (Peak 295.29M) | Time:00:10.99 | Remaining:00:20.62 | Mem:7.04M, Peak:91.58M | Scene, ViewLayer | Sample 8/24
Fra:95 Mem:205.98M (Peak 295.29M) | Time:00:12.03 | Remaining:00:18.91 | Mem:7.04M, Peak:91.58M | Scene, ViewLayer | Sample 9/24
Fra:95 Mem:205.98M (Peak 295.29M) | Time:00:13.69 | Remaining:00:18.21 | Mem:7.04M, Peak:91.58M | Scene, ViewLayer | Sample 10/24
Fra:95 Mem:205.98M (Peak 295.29M) | Time:00:14.68 | Remaining:00:16.54 | Mem:7.04M, Peak:91.58M | Scene, ViewLayer | Sample 11/24
Fra:95 Mem:205.98M (Peak 295.29M) | Time:00:16.49 | Remaining:00:15.81 | Mem:7.04M, Peak:91.58M | Scene, ViewLayer | Sample 12/24
Fra:95 Mem:205.98M (Peak 295.29M) | Time:00:17.55 | Remaining:00:14.28 | Mem:7.04M, Peak:91.58M | Scene, ViewLayer | Sample 13/24
Fra:95 Mem:205.98M (Peak 295.29M) | Time:00:19.36 | Remaining:00:13.34 | Mem:7.04M, Peak:91.58M | Scene, ViewLayer | Sample 14/24
Fra:95 Mem:205.98M (Peak 295.29M) | Time:00:20.38 | Remaining:00:11.82 | Mem:7.04M, Peak:91.58M | Scene, ViewLayer | Sample 15/24
Fra:95 Mem:205.98M (Peak 295.29M) | Time:00:22.26 | Remaining:00:10.78 | Mem:7.04M, Peak:91.58M | Scene, ViewLayer | Sample 16/24
Fra:95 Mem:205.98M (Peak 295.29M) | Time:00:23.38 | Remaining:00:09.34 | Mem:7.04M, Peak:91.58M | Scene, ViewLayer | Sample 17/24
Fra:95 Mem:205.98M (Peak 295.29M) | Time:00:25.10 | Remaining:00:08.14 | Mem:7.04M, Peak:91.58M | Scene, ViewLayer | Sample 18/24
Fra:95 Mem:205.98M (Peak 295.29M) | Time:00:26.12 | Remaining:00:06.69 | Mem:7.04M, Peak:91.58M | Scene, ViewLayer | Sample 19/24
Fra:95 Mem:205.98M (Peak 295.29M) | Time:00:27.87 | Remaining:00:05.43 | Mem:7.04M, Peak:91.58M | Scene, ViewLayer | Sample 20/24
Fra:95 Mem:205.98M (Peak 295.29M) | Time:00:28.96 | Remaining:00:04.04 | Mem:7.04M, Peak:91.58M | Scene, ViewLayer | Sample 21/24
Fra:95 Mem:205.98M (Peak 295.29M) | Time:00:30.74 | Remaining:00:02.73 | Mem:7.04M, Peak:91.58M | Scene, ViewLayer | Sample 22/24
Fra:95 Mem:205.98M (Peak 295.29M) | Time:00:31.93 | Remaining:00:01.35 | Mem:7.04M, Peak:91.58M | Scene, ViewLayer | Sample 23/24
Fra:95 Mem:241.58M (Peak 295.29M) | Time:00:33.94 | Mem:7.04M, Peak:91.58M | Scene, ViewLayer | Sample 24/24
Fra:95 Mem:241.58M (Peak 295.29M) | Time:00:33.94 | Mem:7.04M, Peak:91.58M | Scene, ViewLayer | Finished
Saved: 'C:\Work\domin8te-build\daysky\out\a\f0095.png'
Time: 00:34.14 (Saving: 00:00.19)

ANIM a 0 95 1798s

Blender quit
